solid OpenSCAD_Model
  facet normal -0.815169 0.579223 0
    outer loop
      vertex -16.2358 20.5355 0.4
      vertex -15.844 21.0869 3.19188
      vertex -15.844 21.0869 0.4
    endloop
  endfacet
  facet normal -0.815169 0.579223 0
    outer loop
      vertex -15.844 21.0869 3.19188
      vertex -16.2358 20.5355 0.4
      vertex -16.2358 20.5355 3.19188
    endloop
  endfacet
  facet normal -0.815169 0.579223 0
    outer loop
      vertex -16.2358 20.5355 12.51
      vertex -15.844 21.0869 6.19188
      vertex -16.2358 20.5355 6.19188
    endloop
  endfacet
  facet normal -0.815169 0.579223 0
    outer loop
      vertex -15.844 21.0869 6.19188
      vertex -16.2358 20.5355 12.51
      vertex -15.844 21.0869 12.7362
    endloop
  endfacet
  facet normal -0.683903 0.179742 -0.707085
    outer loop
      vertex -17.4751 16.6307 0
      vertex -17.8649 16.7211 0.4
      vertex -17.6855 17.4037 0.4
    endloop
  endfacet
  facet normal 0.11314 -0.993579 0
    outer loop
      vertex 9.36423 -24.7767 0.4
      vertex 9.97896 -24.7067 3.19188
      vertex 9.36423 -24.7767 3.19188
    endloop
  endfacet
  facet normal 0.11314 -0.993579 0
    outer loop
      vertex 9.97896 -24.7067 3.19188
      vertex 9.36423 -24.7767 0.4
      vertex 9.97896 -24.7067 0.4
    endloop
  endfacet
  facet normal 0.11314 -0.993579 0
    outer loop
      vertex 9.97896 -24.7067 6.19188
      vertex 9.36423 -24.7767 27.2787
      vertex 9.36423 -24.7767 6.19188
    endloop
  endfacet
  facet normal 0.11314 -0.993579 0
    outer loop
      vertex 9.36423 -24.7767 27.2787
      vertex 9.97896 -24.7067 6.19188
      vertex 9.97896 -24.7067 27.6336
    endloop
  endfacet
  facet normal -0.25987 0.965644 0
    outer loop
      vertex -10.5884 24.5905 0.4
      vertex -11.19 24.4286 3.19188
      vertex -10.5884 24.5905 3.19188
    endloop
  endfacet
  facet normal -0.25987 0.965644 0
    outer loop
      vertex -11.19 24.4286 3.19188
      vertex -10.5884 24.5905 0.4
      vertex -11.19 24.4286 0.4
    endloop
  endfacet
  facet normal -0.25987 0.965644 0
    outer loop
      vertex -10.5884 24.5905 6.19188
      vertex -11.19 24.4286 15.4232
      vertex -10.5884 24.5905 15.7705
    endloop
  endfacet
  facet normal -0.25987 0.965644 0
    outer loop
      vertex -11.19 24.4286 15.4232
      vertex -10.5884 24.5905 6.19188
      vertex -11.19 24.4286 6.19188
    endloop
  endfacet
  facet normal -1 0 0
    outer loop
      vertex -18.1865 -13.9 0.4
      vertex -18.1865 13.9 3.19188
      vertex -18.1865 13.9 0.4
    endloop
  endfacet
  facet normal -1 -0 0
    outer loop
      vertex -18.1865 13.9 3.19188
      vertex -18.1865 -13.9 0.4
      vertex -18.1865 -13.9 3.19188
    endloop
  endfacet
  facet normal -1 0 0
    outer loop
      vertex -18.1865 -13.9 6.19188
      vertex -18.1865 13.9 11.3837
      vertex -18.1865 13.9 6.19188
    endloop
  endfacet
  facet normal -1 -0 0
    outer loop
      vertex -18.1865 13.9 11.3837
      vertex -18.1865 -13.9 6.19188
      vertex -18.1865 -13.9 11.3837
    endloop
  endfacet
  facet normal -0.0267109 0.706593 -0.707116
    outer loop
      vertex -8.739 24.4 0
      vertex -9.3342 24.3775 0
      vertex -8.74684 24.8 0.4
    endloop
  endfacet
  facet normal -0.704558 0.0600532 -0.707101
    outer loop
      vertex -17.7668 14.5901 0
      vertex -18.1663 14.6129 0.4
      vertex -18.1058 15.3227 0.4
    endloop
  endfacet
  facet normal 0.412501 0.574348 -0.707083
    outer loop
      vertex 13.9912 22.963 0.4
      vertex 13.2447 23.0067 0
      vertex 13.4667 23.3397 0.4
    endloop
  endfacet
  facet normal -0.622572 -0.335207 -0.707135
    outer loop
      vertex -16.2493 -19.7552 0
      vertex -16.9218 -19.35 0.4
      vertex -16.5639 -19.1709 0
    endloop
  endfacet
  facet normal 0.637539 -0.770418 0
    outer loop
      vertex 13.9912 -22.963 0.4
      vertex 14.4933 -22.5475 3.19188
      vertex 13.9912 -22.963 3.19188
    endloop
  endfacet
  facet normal 0.637539 -0.770418 0
    outer loop
      vertex 14.4933 -22.5475 3.19188
      vertex 13.9912 -22.963 0.4
      vertex 14.4933 -22.5475 0.4
    endloop
  endfacet
  facet normal 0.637539 -0.770418 0
    outer loop
      vertex 14.4933 -22.5475 6.19188
      vertex 13.9912 -22.963 29.9501
      vertex 13.9912 -22.963 6.19188
    endloop
  endfacet
  facet normal 0.637539 -0.770418 0
    outer loop
      vertex 13.9912 -22.963 29.9501
      vertex 14.4933 -22.5475 6.19188
      vertex 14.4933 -22.5475 30.2399
    endloop
  endfacet
  facet normal -0.706815 0.0200276 -0.707115
    outer loop
      vertex -17.7865 13.894 0
      vertex -18.1865 13.9 0.4
      vertex -18.1663 14.6129 0.4
    endloop
  endfacet
  facet normal -0.776616 0.629975 0
    outer loop
      vertex -15.844 21.0869 0.4
      vertex -15.4217 21.6075 3.19188
      vertex -15.4217 21.6075 0.4
    endloop
  endfacet
  facet normal -0.776616 0.629975 0
    outer loop
      vertex -15.4217 21.6075 3.19188
      vertex -15.844 21.0869 0.4
      vertex -15.844 21.0869 3.19188
    endloop
  endfacet
  facet normal -0.776616 0.629975 0
    outer loop
      vertex -15.844 21.0869 12.7362
      vertex -15.4217 21.6075 6.19188
      vertex -15.844 21.0869 6.19188
    endloop
  endfacet
  facet normal -0.776616 0.629975 0
    outer loop
      vertex -15.4217 21.6075 6.19188
      vertex -15.844 21.0869 12.7362
      vertex -15.4217 21.6075 12.98
    endloop
  endfacet
  facet normal 0 -1 0
    outer loop
      vertex 7.24685 -24.8 29.5318
      vertex 8.74684 -24.8 26.9222
      vertex 8.75185 -24.8 26.9251
    endloop
  endfacet
  facet normal 0 -1 0
    outer loop
      vertex -0.671516 -24.8 24.3802
      vertex 7.24685 -24.8 29.5318
      vertex -0.75 -24.8 24.3828
    endloop
  endfacet
  facet normal 0 -1 0
    outer loop
      vertex 7.24685 -24.8 29.5318
      vertex -0.828485 -24.8 24.3802
      vertex -0.75 -24.8 24.3828
    endloop
  endfacet
  facet normal 0 -1 0
    outer loop
      vertex 7.24685 -24.8 29.5318
      vertex -0.906631 -24.8 24.3725
      vertex -0.828485 -24.8 24.3802
    endloop
  endfacet
  facet normal 0 -1 0
    outer loop
      vertex 7.24685 -24.8 29.5318
      vertex -0.984108 -24.8 24.3597
      vertex -0.906631 -24.8 24.3725
    endloop
  endfacet
  facet normal 0 -1 0
    outer loop
      vertex 7.24685 -24.8 29.5318
      vertex -1.06058 -24.8 24.3419
      vertex -0.984108 -24.8 24.3597
    endloop
  endfacet
  facet normal 0 -1 0
    outer loop
      vertex 7.24685 -24.8 29.5318
      vertex -1.13573 -24.8 24.3191
      vertex -1.06058 -24.8 24.3419
    endloop
  endfacet
  facet normal 0 -1 0
    outer loop
      vertex 7.24685 -24.8 29.5318
      vertex -1.20922 -24.8 24.2914
      vertex -1.13573 -24.8 24.3191
    endloop
  endfacet
  facet normal 0 -1 0
    outer loop
      vertex 7.24685 -24.8 29.5318
      vertex -1.28075 -24.8 24.259
      vertex -1.20922 -24.8 24.2914
    endloop
  endfacet
  facet normal 0 -1 0
    outer loop
      vertex 7.24685 -24.8 29.5318
      vertex -1.35 -24.8 24.222
      vertex -1.28075 -24.8 24.259
    endloop
  endfacet
  facet normal 0 -1 -0
    outer loop
      vertex -0.906631 -24.8 21.9931
      vertex -8.74684 -24.8 16.8337
      vertex -0.828484 -24.8 21.9854
    endloop
  endfacet
  facet normal 0 -1 -0
    outer loop
      vertex -0.984108 -24.8 22.0059
      vertex -8.74684 -24.8 16.8337
      vertex -0.906631 -24.8 21.9931
    endloop
  endfacet
  facet normal 0 -1 -0
    outer loop
      vertex -1.06058 -24.8 22.0237
      vertex -8.74684 -24.8 16.8337
      vertex -0.984108 -24.8 22.0059
    endloop
  endfacet
  facet normal 0 -1 -0
    outer loop
      vertex -1.13573 -24.8 22.0465
      vertex -8.74684 -24.8 16.8337
      vertex -1.06058 -24.8 22.0237
    endloop
  endfacet
  facet normal 0 -1 -0
    outer loop
      vertex -1.20922 -24.8 22.0741
      vertex -8.74684 -24.8 16.8337
      vertex -1.13573 -24.8 22.0465
    endloop
  endfacet
  facet normal 0 -1 -0
    outer loop
      vertex -1.28075 -24.8 22.1065
      vertex -8.74684 -24.8 16.8337
      vertex -1.20922 -24.8 22.0741
    endloop
  endfacet
  facet normal 0 -1 -0
    outer loop
      vertex -1.35 -24.8 22.1436
      vertex -8.74684 -24.8 16.8337
      vertex -1.28075 -24.8 22.1065
    endloop
  endfacet
  facet normal 0 -1 -0
    outer loop
      vertex -1.41668 -24.8 22.185
      vertex -8.74684 -24.8 16.8337
      vertex -1.35 -24.8 22.1436
    endloop
  endfacet
  facet normal 0 -1 -0
    outer loop
      vertex -1.48051 -24.8 22.2308
      vertex -8.74684 -24.8 16.8337
      vertex -1.41668 -24.8 22.185
    endloop
  endfacet
  facet normal 0 -1 -0
    outer loop
      vertex -1.54121 -24.8 22.2806
      vertex -8.74684 -24.8 16.8337
      vertex -1.48051 -24.8 22.2308
    endloop
  endfacet
  facet normal 0 -1 -0
    outer loop
      vertex -1.59853 -24.8 22.3343
      vertex -8.74684 -24.8 16.8337
      vertex -1.54121 -24.8 22.2806
    endloop
  endfacet
  facet normal 0 -1 -0
    outer loop
      vertex -1.65221 -24.8 22.3916
      vertex -8.74684 -24.8 16.8337
      vertex -1.59853 -24.8 22.3343
    endloop
  endfacet
  facet normal 0 -1 -0
    outer loop
      vertex -1.70202 -24.8 22.4523
      vertex -8.74684 -24.8 16.8337
      vertex -1.65221 -24.8 22.3916
    endloop
  endfacet
  facet normal 0 -1 -0
    outer loop
      vertex -1.74776 -24.8 22.5161
      vertex -8.74684 -24.8 16.8337
      vertex -1.70202 -24.8 22.4523
    endloop
  endfacet
  facet normal 0 -1 -0
    outer loop
      vertex -1.78923 -24.8 22.5828
      vertex -8.74684 -24.8 16.8337
      vertex -1.74776 -24.8 22.5161
    endloop
  endfacet
  facet normal 0 -1 0
    outer loop
      vertex -8.74684 -24.8 16.8337
      vertex -1.78923 -24.8 22.5828
      vertex -10.2468 -24.8 19.4318
    endloop
  endfacet
  facet normal 0 -1 -0
    outer loop
      vertex -1.82625 -24.8 22.652
      vertex -10.2468 -24.8 19.4318
      vertex -1.78923 -24.8 22.5828
    endloop
  endfacet
  facet normal 0 -1 -0
    outer loop
      vertex -1.85865 -24.8 22.7236
      vertex -10.2468 -24.8 19.4318
      vertex -1.82625 -24.8 22.652
    endloop
  endfacet
  facet normal 0 -1 -0
    outer loop
      vertex -1.88632 -24.8 22.7971
      vertex -10.2468 -24.8 19.4318
      vertex -1.85865 -24.8 22.7236
    endloop
  endfacet
  facet normal 0 -1 -0
    outer loop
      vertex -1.90911 -24.8 22.8722
      vertex -10.2468 -24.8 19.4318
      vertex -1.88632 -24.8 22.7971
    endloop
  endfacet
  facet normal 0 -1 -0
    outer loop
      vertex -1.92694 -24.8 22.9487
      vertex -10.2468 -24.8 19.4318
      vertex -1.90911 -24.8 22.8722
    endloop
  endfacet
  facet normal 0 -1 -0
    outer loop
      vertex -1.93973 -24.8 23.0262
      vertex -10.2468 -24.8 19.4318
      vertex -1.92694 -24.8 22.9487
    endloop
  endfacet
  facet normal 0 -1 -0
    outer loop
      vertex -1.94743 -24.8 23.1043
      vertex -10.2468 -24.8 19.4318
      vertex -1.93973 -24.8 23.0262
    endloop
  endfacet
  facet normal 0 -1 -0
    outer loop
      vertex -1.95 -24.8 23.1828
      vertex -10.2468 -24.8 19.4318
      vertex -1.94743 -24.8 23.1043
    endloop
  endfacet
  facet normal 0 -1 0
    outer loop
      vertex -1.94743 -24.8 23.2613
      vertex -10.2468 -24.8 19.4318
      vertex -1.95 -24.8 23.1828
    endloop
  endfacet
  facet normal 0 -1 0
    outer loop
      vertex -1.93973 -24.8 23.3394
      vertex -10.2468 -24.8 19.4318
      vertex -1.94743 -24.8 23.2613
    endloop
  endfacet
  facet normal 0 -1 0
    outer loop
      vertex -1.92694 -24.8 23.4169
      vertex -10.2468 -24.8 19.4318
      vertex -1.93973 -24.8 23.3394
    endloop
  endfacet
  facet normal 0 -1 0
    outer loop
      vertex -1.90911 -24.8 23.4934
      vertex -10.2468 -24.8 19.4318
      vertex -1.92694 -24.8 23.4169
    endloop
  endfacet
  facet normal 0 -1 0
    outer loop
      vertex -1.88632 -24.8 23.5685
      vertex -10.2468 -24.8 19.4318
      vertex -1.90911 -24.8 23.4934
    endloop
  endfacet
  facet normal 0 -1 0
    outer loop
      vertex -1.85866 -24.8 23.642
      vertex -10.2468 -24.8 19.4318
      vertex -1.88632 -24.8 23.5685
    endloop
  endfacet
  facet normal 0 -1 0
    outer loop
      vertex -1.82625 -24.8 23.7135
      vertex -10.2468 -24.8 19.4318
      vertex -1.85866 -24.8 23.642
    endloop
  endfacet
  facet normal 0 -1 0
    outer loop
      vertex -1.78923 -24.8 23.7828
      vertex -10.2468 -24.8 19.4318
      vertex -1.82625 -24.8 23.7135
    endloop
  endfacet
  facet normal 0 -1 0
    outer loop
      vertex -1.74776 -24.8 23.8495
      vertex -10.2468 -24.8 19.4318
      vertex -1.78923 -24.8 23.7828
    endloop
  endfacet
  facet normal 0 -1 0
    outer loop
      vertex -1.70202 -24.8 23.9133
      vertex -10.2468 -24.8 19.4318
      vertex -1.74776 -24.8 23.8495
    endloop
  endfacet
  facet normal 0 -1 0
    outer loop
      vertex -1.65221 -24.8 23.974
      vertex -10.2468 -24.8 19.4318
      vertex -1.70202 -24.8 23.9133
    endloop
  endfacet
  facet normal 0 -1 0
    outer loop
      vertex -1.59853 -24.8 24.0313
      vertex -10.2468 -24.8 19.4318
      vertex -1.65221 -24.8 23.974
    endloop
  endfacet
  facet normal 0 -1 0
    outer loop
      vertex -1.54121 -24.8 24.085
      vertex -10.2468 -24.8 19.4318
      vertex -1.59853 -24.8 24.0313
    endloop
  endfacet
  facet normal 0 -1 0
    outer loop
      vertex -1.48051 -24.8 24.1348
      vertex -10.2468 -24.8 19.4318
      vertex -1.54121 -24.8 24.085
    endloop
  endfacet
  facet normal 0 -1 0
    outer loop
      vertex -1.41668 -24.8 24.1806
      vertex -10.2468 -24.8 19.4318
      vertex -1.48051 -24.8 24.1348
    endloop
  endfacet
  facet normal 0 -1 0
    outer loop
      vertex -1.35 -24.8 24.222
      vertex -10.2468 -24.8 19.4318
      vertex -1.41668 -24.8 24.1806
    endloop
  endfacet
  facet normal 0 -1 0
    outer loop
      vertex -10.2468 -24.8 19.4318
      vertex -1.35 -24.8 24.222
      vertex 7.24685 -24.8 29.5318
    endloop
  endfacet
  facet normal 0 -1 0
    outer loop
      vertex -0.593368 -24.8 24.3725
      vertex 7.24685 -24.8 29.5318
      vertex -0.671516 -24.8 24.3802
    endloop
  endfacet
  facet normal 0 -1 0
    outer loop
      vertex -0.515891 -24.8 24.3597
      vertex 7.24685 -24.8 29.5318
      vertex -0.593368 -24.8 24.3725
    endloop
  endfacet
  facet normal 0 -1 0
    outer loop
      vertex -0.439417 -24.8 24.3419
      vertex 7.24685 -24.8 29.5318
      vertex -0.515891 -24.8 24.3597
    endloop
  endfacet
  facet normal 0 -1 0
    outer loop
      vertex -0.364273 -24.8 24.3191
      vertex 7.24685 -24.8 29.5318
      vertex -0.439417 -24.8 24.3419
    endloop
  endfacet
  facet normal 0 -1 0
    outer loop
      vertex -0.29078 -24.8 24.2915
      vertex 7.24685 -24.8 29.5318
      vertex -0.364273 -24.8 24.3191
    endloop
  endfacet
  facet normal 0 -1 0
    outer loop
      vertex -0.219254 -24.8 24.259
      vertex 7.24685 -24.8 29.5318
      vertex -0.29078 -24.8 24.2915
    endloop
  endfacet
  facet normal 0 -1 0
    outer loop
      vertex -0.15 -24.8 24.222
      vertex 7.24685 -24.8 29.5318
      vertex -0.219254 -24.8 24.259
    endloop
  endfacet
  facet normal 0 -1 0
    outer loop
      vertex -0.0833153 -24.8 24.1806
      vertex 7.24685 -24.8 29.5318
      vertex -0.15 -24.8 24.222
    endloop
  endfacet
  facet normal 0 -1 0
    outer loop
      vertex -0.0194866 -24.8 24.1348
      vertex 7.24685 -24.8 29.5318
      vertex -0.0833153 -24.8 24.1806
    endloop
  endfacet
  facet normal 0 -1 0
    outer loop
      vertex 0.0412145 -24.8 24.085
      vertex 7.24685 -24.8 29.5318
      vertex -0.0194866 -24.8 24.1348
    endloop
  endfacet
  facet normal 0 -1 0
    outer loop
      vertex 0.0985277 -24.8 24.0313
      vertex 7.24685 -24.8 29.5318
      vertex 0.0412145 -24.8 24.085
    endloop
  endfacet
  facet normal 0 -1 0
    outer loop
      vertex 0.152208 -24.8 23.974
      vertex 7.24685 -24.8 29.5318
      vertex 0.0985277 -24.8 24.0313
    endloop
  endfacet
  facet normal 0 -1 0
    outer loop
      vertex 0.202024 -24.8 23.9133
      vertex 7.24685 -24.8 29.5318
      vertex 0.152208 -24.8 23.974
    endloop
  endfacet
  facet normal 0 -1 0
    outer loop
      vertex 0.247764 -24.8 23.8495
      vertex 7.24685 -24.8 29.5318
      vertex 0.202024 -24.8 23.9133
    endloop
  endfacet
  facet normal 0 -1 0
    outer loop
      vertex 0.28923 -24.8 23.7828
      vertex 7.24685 -24.8 29.5318
      vertex 0.247764 -24.8 23.8495
    endloop
  endfacet
  facet normal 0 -1 -0
    outer loop
      vertex 7.24685 -24.8 29.5318
      vertex 0.28923 -24.8 23.7828
      vertex 8.74684 -24.8 26.9222
    endloop
  endfacet
  facet normal 0 -1 0
    outer loop
      vertex 0.326248 -24.8 23.7135
      vertex 8.74684 -24.8 26.9222
      vertex 0.28923 -24.8 23.7828
    endloop
  endfacet
  facet normal 0 -1 0
    outer loop
      vertex 0.358655 -24.8 23.642
      vertex 8.74684 -24.8 26.9222
      vertex 0.326248 -24.8 23.7135
    endloop
  endfacet
  facet normal 0 -1 0
    outer loop
      vertex 0.386316 -24.8 23.5685
      vertex 8.74684 -24.8 26.9222
      vertex 0.358655 -24.8 23.642
    endloop
  endfacet
  facet normal 0 -1 0
    outer loop
      vertex 0.40911 -24.8 23.4934
      vertex 8.74684 -24.8 26.9222
      vertex 0.386316 -24.8 23.5685
    endloop
  endfacet
  facet normal 0 -1 0
    outer loop
      vertex 0.426942 -24.8 23.4169
      vertex 8.74684 -24.8 26.9222
      vertex 0.40911 -24.8 23.4934
    endloop
  endfacet
  facet normal 0 -1 0
    outer loop
      vertex 0.439734 -24.8 23.3394
      vertex 8.74684 -24.8 26.9222
      vertex 0.426942 -24.8 23.4169
    endloop
  endfacet
  facet normal 0 -1 0
    outer loop
      vertex 0.447431 -24.8 23.2613
      vertex 8.74684 -24.8 26.9222
      vertex 0.439734 -24.8 23.3394
    endloop
  endfacet
  facet normal 0 -1 0
    outer loop
      vertex 0.45 -24.8 23.1828
      vertex 8.74684 -24.8 26.9222
      vertex 0.447431 -24.8 23.2613
    endloop
  endfacet
  facet normal 0 -1 0
    outer loop
      vertex 0.44743 -24.8 23.1043
      vertex 8.74684 -24.8 26.9222
      vertex 0.45 -24.8 23.1828
    endloop
  endfacet
  facet normal 0 -1 0
    outer loop
      vertex 0.439734 -24.8 23.0262
      vertex 8.74684 -24.8 26.9222
      vertex 0.44743 -24.8 23.1043
    endloop
  endfacet
  facet normal 0 -1 0
    outer loop
      vertex 0.426942 -24.8 22.9487
      vertex 8.74684 -24.8 26.9222
      vertex 0.439734 -24.8 23.0262
    endloop
  endfacet
  facet normal 0 -1 0
    outer loop
      vertex 0.409111 -24.8 22.8722
      vertex 8.74684 -24.8 26.9222
      vertex 0.426942 -24.8 22.9487
    endloop
  endfacet
  facet normal 0 -1 0
    outer loop
      vertex 0.386316 -24.8 22.7971
      vertex 8.74684 -24.8 26.9222
      vertex 0.409111 -24.8 22.8722
    endloop
  endfacet
  facet normal 0 -1 0
    outer loop
      vertex 0.358656 -24.8 22.7236
      vertex 8.74684 -24.8 26.9222
      vertex 0.386316 -24.8 22.7971
    endloop
  endfacet
  facet normal 0 -1 0
    outer loop
      vertex 0.326247 -24.8 22.652
      vertex 8.74684 -24.8 26.9222
      vertex 0.358656 -24.8 22.7236
    endloop
  endfacet
  facet normal 0 -1 0
    outer loop
      vertex 0.28923 -24.8 22.5828
      vertex 8.74684 -24.8 26.9222
      vertex 0.326247 -24.8 22.652
    endloop
  endfacet
  facet normal 0 -1 0
    outer loop
      vertex 0.247763 -24.8 22.5161
      vertex 8.74684 -24.8 26.9222
      vertex 0.28923 -24.8 22.5828
    endloop
  endfacet
  facet normal 0 -1 0
    outer loop
      vertex 8.74684 -24.8 6.19188
      vertex 0.247763 -24.8 22.5161
      vertex 0.202024 -24.8 22.4523
    endloop
  endfacet
  facet normal 0 -1 0
    outer loop
      vertex 8.74684 -24.8 6.19188
      vertex 0.202024 -24.8 22.4523
      vertex 0.152207 -24.8 22.3916
    endloop
  endfacet
  facet normal 0 -1 0
    outer loop
      vertex 8.74684 -24.8 6.19188
      vertex 0.152207 -24.8 22.3916
      vertex 0.0985276 -24.8 22.3343
    endloop
  endfacet
  facet normal 0 -1 0
    outer loop
      vertex 8.74684 -24.8 6.19188
      vertex 0.0985276 -24.8 22.3343
      vertex 0.0412149 -24.8 22.2806
    endloop
  endfacet
  facet normal 0 -1 0
    outer loop
      vertex 8.74684 -24.8 6.19188
      vertex 0.0412149 -24.8 22.2806
      vertex -0.0194868 -24.8 22.2308
    endloop
  endfacet
  facet normal 0 -1 0
    outer loop
      vertex 8.74684 -24.8 6.19188
      vertex -0.0194868 -24.8 22.2308
      vertex -0.0833154 -24.8 22.185
    endloop
  endfacet
  facet normal 0 -1 0
    outer loop
      vertex 8.74684 -24.8 6.19188
      vertex -0.0833154 -24.8 22.185
      vertex -0.15 -24.8 22.1436
    endloop
  endfacet
  facet normal 0 -1 -0
    outer loop
      vertex -0.828484 -24.8 21.9854
      vertex -8.74684 -24.8 16.8337
      vertex -0.749999 -24.8 21.9828
    endloop
  endfacet
  facet normal 0 -1 -0
    outer loop
      vertex -0.749999 -24.8 21.9828
      vertex -8.74684 -24.8 16.8337
      vertex -0.671515 -24.8 21.9854
    endloop
  endfacet
  facet normal 0 -1 0
    outer loop
      vertex 8.74684 -24.8 6.19188
      vertex -0.671515 -24.8 21.9854
      vertex -8.74684 -24.8 16.8337
    endloop
  endfacet
  facet normal 0 -1 0
    outer loop
      vertex -0.671515 -24.8 21.9854
      vertex 8.74684 -24.8 6.19188
      vertex -0.593368 -24.8 21.9931
    endloop
  endfacet
  facet normal 0 -1 0
    outer loop
      vertex -0.593368 -24.8 21.9931
      vertex 8.74684 -24.8 6.19188
      vertex -0.515891 -24.8 22.0059
    endloop
  endfacet
  facet normal 0 -1 0
    outer loop
      vertex -0.515891 -24.8 22.0059
      vertex 8.74684 -24.8 6.19188
      vertex -0.439417 -24.8 22.0237
    endloop
  endfacet
  facet normal 0 -1 0
    outer loop
      vertex -0.439417 -24.8 22.0237
      vertex 8.74684 -24.8 6.19188
      vertex -0.364272 -24.8 22.0465
    endloop
  endfacet
  facet normal 0 -1 0
    outer loop
      vertex -0.364272 -24.8 22.0465
      vertex 8.74684 -24.8 6.19188
      vertex -0.290779 -24.8 22.0741
    endloop
  endfacet
  facet normal 0 -1 0
    outer loop
      vertex -0.290779 -24.8 22.0741
      vertex 8.74684 -24.8 6.19188
      vertex -0.219253 -24.8 22.1065
    endloop
  endfacet
  facet normal 0 -1 0
    outer loop
      vertex -0.219253 -24.8 22.1065
      vertex 8.74684 -24.8 6.19188
      vertex -0.15 -24.8 22.1436
    endloop
  endfacet
  facet normal 0 -1 0
    outer loop
      vertex 8.74684 -24.8 6.19188
      vertex -8.74684 -24.8 16.8337
      vertex -8.74684 -24.8 6.19188
    endloop
  endfacet
  facet normal 0 -1 0
    outer loop
      vertex 0.247763 -24.8 22.5161
      vertex 8.74684 -24.8 6.19188
      vertex 8.74684 -24.8 26.9222
    endloop
  endfacet
  facet normal 0 -1 0
    outer loop
      vertex -8.74684 -24.8 0.4
      vertex 8.74684 -24.8 3.19188
      vertex -8.74684 -24.8 3.19188
    endloop
  endfacet
  facet normal 0 -1 -0
    outer loop
      vertex 8.74684 -24.8 3.19188
      vertex -8.74684 -24.8 0.4
      vertex 8.74684 -24.8 0.4
    endloop
  endfacet
  facet normal 0.704558 -0.0600532 -0.707101
    outer loop
      vertex 18.1058 -15.3227 0.4
      vertex 17.7668 -14.5901 0
      vertex 18.1663 -14.6129 0.4
    endloop
  endfacet
  facet normal -0.450811 -0.54489 -0.707011
    outer loop
      vertex -13.7468 -22.6461 0
      vertex -14.4933 -22.5475 0.4
      vertex -14.2281 -22.2479 0
    endloop
  endfacet
  facet normal 0.989919 0.141638 0
    outer loop
      vertex 18.1058 15.3227 3.19188
      vertex 18.0051 16.0265 0.4
      vertex 18.0051 16.0265 3.19188
    endloop
  endfacet
  facet normal 0.989919 0.141638 0
    outer loop
      vertex 18.0051 16.0265 0.4
      vertex 18.1058 15.3227 3.19188
      vertex 18.1058 15.3227 0.4
    endloop
  endfacet
  facet normal 0.989919 0.141638 -0
    outer loop
      vertex 18.1058 15.3227 6.19188
      vertex 18.0051 16.0265 32.2675
      vertex 18.1058 15.3227 32.3256
    endloop
  endfacet
  facet normal 0.989919 0.141638 0
    outer loop
      vertex 18.0051 16.0265 32.2675
      vertex 18.1058 15.3227 6.19188
      vertex 18.0051 16.0265 6.19188
    endloop
  endfacet
  facet normal -0.706837 -0.0200039 -0.707094
    outer loop
      vertex -17.7668 -14.5901 0
      vertex -18.1663 -14.6129 0.4
      vertex -17.7865 -13.894 0
    endloop
  endfacet
  facet normal -0.672379 -0.21909 -0.70704
    outer loop
      vertex -17.468 -18.0712 0.4
      vertex -17.6855 -17.4037 0.4
      vertex -17.3017 -17.2907 0
    endloop
  endfacet
  facet normal 0.84969 0.527283 0
    outer loop
      vertex 16.5956 19.9557 3.19188
      vertex 16.2358 20.5355 0.4
      vertex 16.2358 20.5355 3.19188
    endloop
  endfacet
  facet normal 0.84969 0.527283 0
    outer loop
      vertex 16.2358 20.5355 0.4
      vertex 16.5956 19.9557 3.19188
      vertex 16.5956 19.9557 0.4
    endloop
  endfacet
  facet normal 0.84969 0.527283 -0
    outer loop
      vertex 16.5956 19.9557 6.19188
      vertex 16.2358 20.5355 31.246
      vertex 16.5956 19.9557 31.4537
    endloop
  endfacet
  facet normal 0.84969 0.527283 0
    outer loop
      vertex 16.2358 20.5355 31.246
      vertex 16.5956 19.9557 6.19188
      vertex 16.2358 20.5355 6.19188
    endloop
  endfacet
  facet normal 0.463642 0.886023 -0
    outer loop
      vertex 12.9219 23.6759 0.4
      vertex 12.3593 23.9703 3.19188
      vertex 12.9219 23.6759 3.19188
    endloop
  endfacet
  facet normal 0.463642 0.886023 0
    outer loop
      vertex 12.3593 23.9703 3.19188
      vertex 12.9219 23.6759 0.4
      vertex 12.3593 23.9703 0.4
    endloop
  endfacet
  facet normal 0.463642 0.886023 -0
    outer loop
      vertex 12.9219 23.6759 6.19188
      vertex 12.3593 23.9703 29.0078
      vertex 12.9219 23.6759 29.3327
    endloop
  endfacet
  facet normal 0.463642 0.886023 0
    outer loop
      vertex 12.3593 23.9703 29.0078
      vertex 12.9219 23.6759 6.19188
      vertex 12.3593 23.9703 6.19188
    endloop
  endfacet
  facet normal 0.371295 0.601766 -0.707119
    outer loop
      vertex 13.2447 23.0067 0
      vertex 12.7238 23.3281 0
      vertex 12.9219 23.6759 0.4
    endloop
  endfacet
  facet normal -0.950798 0.309811 0
    outer loop
      vertex -17.6855 17.4037 0.4
      vertex -17.468 18.0712 3.19188
      vertex -17.468 18.0712 0.4
    endloop
  endfacet
  facet normal -0.950798 0.309811 0
    outer loop
      vertex -17.468 18.0712 3.19188
      vertex -17.6855 17.4037 0.4
      vertex -17.6855 17.4037 3.19188
    endloop
  endfacet
  facet normal -0.950798 0.309811 0
    outer loop
      vertex -17.6855 17.4037 11.673
      vertex -17.468 18.0712 6.19188
      vertex -17.6855 17.4037 6.19188
    endloop
  endfacet
  facet normal -0.950798 0.309811 0
    outer loop
      vertex -17.468 18.0712 6.19188
      vertex -17.6855 17.4037 11.673
      vertex -17.468 18.0712 11.7986
    endloop
  endfacet
  facet normal -0.996387 -0.0849273 0
    outer loop
      vertex -18.1058 -15.3227 0.4
      vertex -18.1663 -14.6129 3.19188
      vertex -18.1663 -14.6129 0.4
    endloop
  endfacet
  facet normal -0.996387 -0.0849273 0
    outer loop
      vertex -18.1663 -14.6129 3.19188
      vertex -18.1058 -15.3227 0.4
      vertex -18.1058 -15.3227 3.19188
    endloop
  endfacet
  facet normal -0.996387 -0.0849273 0
    outer loop
      vertex -18.1058 -15.3227 6.19188
      vertex -18.1663 -14.6129 11.3954
      vertex -18.1663 -14.6129 6.19188
    endloop
  endfacet
  facet normal -0.996387 -0.0849273 0
    outer loop
      vertex -18.1663 -14.6129 11.3954
      vertex -18.1058 -15.3227 6.19188
      vertex -18.1058 -15.3227 11.4304
    endloop
  endfacet
  facet normal 0.0266653 0.706561 -0.70715
    outer loop
      vertex 9.3342 24.3775 0
      vertex 8.74684 24.8 0.4
      vertex 9.36423 24.7767 0.4
    endloop
  endfacet
  facet normal -0.989919 -0.141638 0
    outer loop
      vertex -18.0051 -16.0265 0.4
      vertex -18.1058 -15.3227 3.19188
      vertex -18.1058 -15.3227 0.4
    endloop
  endfacet
  facet normal -0.989919 -0.141638 0
    outer loop
      vertex -18.1058 -15.3227 3.19188
      vertex -18.0051 -16.0265 0.4
      vertex -18.0051 -16.0265 3.19188
    endloop
  endfacet
  facet normal -0.989919 -0.141638 0
    outer loop
      vertex -18.0051 -16.0265 6.19188
      vertex -18.1058 -15.3227 11.4304
      vertex -18.1058 -15.3227 6.19188
    endloop
  endfacet
  facet normal -0.989919 -0.141638 0
    outer loop
      vertex -18.1058 -15.3227 11.4304
      vertex -18.0051 -16.0265 6.19188
      vertex -18.0051 -16.0265 11.4885
    endloop
  endfacet
  facet normal -0.950798 -0.309811 0
    outer loop
      vertex -17.468 -18.0712 0.4
      vertex -17.6855 -17.4037 3.19188
      vertex -17.6855 -17.4037 0.4
    endloop
  endfacet
  facet normal -0.950798 -0.309811 0
    outer loop
      vertex -17.6855 -17.4037 3.19188
      vertex -17.468 -18.0712 0.4
      vertex -17.468 -18.0712 3.19188
    endloop
  endfacet
  facet normal -0.950798 -0.309811 0
    outer loop
      vertex -17.468 -18.0712 6.19188
      vertex -17.6855 -17.4037 11.673
      vertex -17.6855 -17.4037 6.19188
    endloop
  endfacet
  facet normal -0.950798 -0.309811 0
    outer loop
      vertex -17.6855 -17.4037 11.673
      vertex -17.468 -18.0712 6.19188
      vertex -17.468 -18.0712 11.7986
    endloop
  endfacet
  facet normal 0.706815 0.0200276 -0.707115
    outer loop
      vertex 18.1865 13.9 0.4
      vertex 17.7865 13.894 0
      vertex 18.1663 14.6129 0.4
    endloop
  endfacet
  facet normal 0.450811 0.54489 -0.707011
    outer loop
      vertex 14.2281 22.2479 0
      vertex 13.7468 22.6461 0
      vertex 14.4933 22.5475 0.4
    endloop
  endfacet
  facet normal 0.69998 0.100085 -0.707115
    outer loop
      vertex 17.7082 15.2774 0
      vertex 17.6108 15.9586 0
      vertex 18.1058 15.3227 0.4
    endloop
  endfacet
  facet normal -0.549142 -0.44541 -0.707144
    outer loop
      vertex -15.4217 -21.6075 0.4
      vertex -15.5254 -20.8446 0
      vertex -15.1192 -21.3454 0
    endloop
  endfacet
  facet normal -0.233817 -0.667355 -0.707084
    outer loop
      vertex -11.19 -24.4286 0.4
      vertex -11.7811 -24.2215 0.4
      vertex -11.0718 -24.0462 0
    endloop
  endfacet
  facet normal -0.672302 -0.219136 -0.707099
    outer loop
      vertex -17.0913 -17.9362 0
      vertex -17.468 -18.0712 0.4
      vertex -17.3017 -17.2907 0
    endloop
  endfacet
  facet normal -0.576382 0.409715 -0.707048
    outer loop
      vertex -15.9025 20.3141 0
      vertex -16.2358 20.5355 0.4
      vertex -15.5254 20.8446 0
    endloop
  endfacet
  facet normal -0.658259 0.258359 -0.707069
    outer loop
      vertex -16.845 18.5638 0
      vertex -17.468 18.0712 0.4
      vertex -17.213 18.7209 0.4
    endloop
  endfacet
  facet normal 0.999599 0.0283236 0
    outer loop
      vertex 18.1865 13.9 3.19188
      vertex 18.1663 14.6129 0.4
      vertex 18.1663 14.6129 3.19188
    endloop
  endfacet
  facet normal 0.999599 0.0283236 0
    outer loop
      vertex 18.1663 14.6129 0.4
      vertex 18.1865 13.9 3.19188
      vertex 18.1865 13.9 0.4
    endloop
  endfacet
  facet normal 0.999599 0.0283236 -0
    outer loop
      vertex 18.1865 13.9 6.19188
      vertex 18.1663 14.6129 32.3605
      vertex 18.1865 13.9 32.3722
    endloop
  endfacet
  facet normal 0.999599 0.0283236 0
    outer loop
      vertex 18.1663 14.6129 32.3605
      vertex 18.1865 13.9 6.19188
      vertex 18.1663 14.6129 6.19188
    endloop
  endfacet
  facet normal 0 0 0
    outer loop
      vertex 18.1865 13.9 6.19188
      vertex 18.1865 13.9 32.3722
      vertex 18.1865 13.9 32.3838
    endloop
  endfacet
  facet normal -0.583346 -0.812224 0
    outer loop
      vertex -13.9912 -22.963 0.4
      vertex -13.4667 -23.3397 3.19188
      vertex -13.9912 -22.963 3.19188
    endloop
  endfacet
  facet normal -0.583346 -0.812224 -0
    outer loop
      vertex -13.4667 -23.3397 3.19188
      vertex -13.9912 -22.963 0.4
      vertex -13.4667 -23.3397 0.4
    endloop
  endfacet
  facet normal -0.583346 -0.812224 0
    outer loop
      vertex -13.4667 -23.3397 6.19188
      vertex -13.9912 -22.963 13.8059
      vertex -13.9912 -22.963 6.19188
    endloop
  endfacet
  facet normal -0.583346 -0.812224 0
    outer loop
      vertex -13.9912 -22.963 13.8059
      vertex -13.4667 -23.3397 6.19188
      vertex -13.4667 -23.3397 14.1087
    endloop
  endfacet
  facet normal -0.371358 0.601773 -0.70708
    outer loop
      vertex -13.2447 23.0067 0
      vertex -13.4667 23.3397 0.4
      vertex -12.9219 23.6759 0.4
    endloop
  endfacet
  facet normal 0.5491 -0.445419 -0.707171
    outer loop
      vertex 15.844 -21.0869 0.4
      vertex 15.4217 -21.6075 0.4
      vertex 15.5254 -20.8446 0
    endloop
  endfacet
  facet normal -0.907494 0.420064 0
    outer loop
      vertex -17.213 18.7209 0.4
      vertex -16.9218 19.35 3.19188
      vertex -16.9218 19.35 0.4
    endloop
  endfacet
  facet normal -0.907494 0.420064 0
    outer loop
      vertex -16.9218 19.35 3.19188
      vertex -17.213 18.7209 0.4
      vertex -17.213 18.7209 3.19188
    endloop
  endfacet
  facet normal -0.907494 0.420064 0
    outer loop
      vertex -17.213 18.7209 11.9458
      vertex -16.9218 19.35 6.19188
      vertex -17.213 18.7209 6.19188
    endloop
  endfacet
  facet normal -0.907494 0.420064 0
    outer loop
      vertex -16.9218 19.35 6.19188
      vertex -17.213 18.7209 11.9458
      vertex -16.9218 19.35 12.1139
    endloop
  endfacet
  facet normal 0.330656 0.943751 -0
    outer loop
      vertex 11.7811 24.2215 0.4
      vertex 11.19 24.4286 3.19188
      vertex 11.7811 24.2215 3.19188
    endloop
  endfacet
  facet normal 0.330656 0.943751 0
    outer loop
      vertex 11.19 24.4286 3.19188
      vertex 11.7811 24.2215 0.4
      vertex 11.19 24.4286 0.4
    endloop
  endfacet
  facet normal 0.330656 0.943751 -0
    outer loop
      vertex 11.7811 24.2215 6.19188
      vertex 11.19 24.4286 28.3328
      vertex 11.7811 24.2215 28.674
    endloop
  endfacet
  facet normal 0.330656 0.943751 0
    outer loop
      vertex 11.19 24.4286 28.3328
      vertex 11.7811 24.2215 6.19188
      vertex 11.19 24.4286 6.19188
    endloop
  endfacet
  facet normal 0.672379 -0.21909 -0.70704
    outer loop
      vertex 17.468 -18.0712 0.4
      vertex 17.3017 -17.2907 0
      vertex 17.6855 -17.4037 0.4
    endloop
  endfacet
  facet normal -0.371295 -0.601766 -0.707119
    outer loop
      vertex -12.9219 -23.6759 0.4
      vertex -13.2447 -23.0067 0
      vertex -12.7238 -23.3281 0
    endloop
  endfacet
  facet normal -0.450831 0.544795 -0.707071
    outer loop
      vertex -13.7468 22.6461 0
      vertex -14.4933 22.5475 0.4
      vertex -13.9912 22.963 0.4
    endloop
  endfacet
  facet normal 0.996387 0.0849273 0
    outer loop
      vertex 18.1663 14.6129 3.19188
      vertex 18.1058 15.3227 0.4
      vertex 18.1058 15.3227 3.19188
    endloop
  endfacet
  facet normal 0.996387 0.0849273 0
    outer loop
      vertex 18.1058 15.3227 0.4
      vertex 18.1663 14.6129 3.19188
      vertex 18.1663 14.6129 0.4
    endloop
  endfacet
  facet normal 0.996387 0.0849273 -0
    outer loop
      vertex 18.1663 14.6129 6.19188
      vertex 18.1058 15.3227 32.3256
      vertex 18.1663 14.6129 32.3605
    endloop
  endfacet
  facet normal 0.996387 0.0849273 0
    outer loop
      vertex 18.1058 15.3227 32.3256
      vertex 18.1663 14.6129 6.19188
      vertex 18.1058 15.3227 6.19188
    endloop
  endfacet
  facet normal -0.930868 0.365355 0
    outer loop
      vertex -17.468 18.0712 0.4
      vertex -17.213 18.7209 3.19188
      vertex -17.213 18.7209 0.4
    endloop
  endfacet
  facet normal -0.930868 0.365355 0
    outer loop
      vertex -17.213 18.7209 3.19188
      vertex -17.468 18.0712 0.4
      vertex -17.468 18.0712 3.19188
    endloop
  endfacet
  facet normal -0.930868 0.365355 0
    outer loop
      vertex -17.468 18.0712 11.7986
      vertex -17.213 18.7209 6.19188
      vertex -17.468 18.0712 6.19188
    endloop
  endfacet
  facet normal -0.930868 0.365355 0
    outer loop
      vertex -17.213 18.7209 6.19188
      vertex -17.468 18.0712 11.7986
      vertex -17.213 18.7209 11.9458
    endloop
  endfacet
  facet normal 0.706815 -0.0200276 -0.707115
    outer loop
      vertex 18.1663 -14.6129 0.4
      vertex 17.7865 -13.894 0
      vertex 18.1865 -13.9 0.4
    endloop
  endfacet
  facet normal 0 0.707107 -0.707107
    outer loop
      vertex 8.739 24.4 0
      vertex -8.74684 24.8 0.4
      vertex 8.74684 24.8 0.4
    endloop
  endfacet
  facet normal 0 0.707107 -0.707107
    outer loop
      vertex -8.74684 24.8 0.4
      vertex 8.739 24.4 0
      vertex -8.739 24.4 0
    endloop
  endfacet
  facet normal 0 1 0
    outer loop
      vertex 7.24685 24.8 29.5318
      vertex -0.671516 24.8 24.3802
      vertex -0.75 24.8 24.3828
    endloop
  endfacet
  facet normal 0 1 0
    outer loop
      vertex 7.24685 24.8 29.5318
      vertex -0.593368 24.8 24.3725
      vertex -0.671516 24.8 24.3802
    endloop
  endfacet
  facet normal 0 1 0
    outer loop
      vertex 7.24685 24.8 29.5318
      vertex -0.515891 24.8 24.3597
      vertex -0.593368 24.8 24.3725
    endloop
  endfacet
  facet normal 0 1 0
    outer loop
      vertex 7.24685 24.8 29.5318
      vertex -0.439417 24.8 24.3419
      vertex -0.515891 24.8 24.3597
    endloop
  endfacet
  facet normal 0 1 0
    outer loop
      vertex 7.24685 24.8 29.5318
      vertex -0.364273 24.8 24.3191
      vertex -0.439417 24.8 24.3419
    endloop
  endfacet
  facet normal 0 1 0
    outer loop
      vertex 7.24685 24.8 29.5318
      vertex -0.29078 24.8 24.2915
      vertex -0.364273 24.8 24.3191
    endloop
  endfacet
  facet normal 0 1 0
    outer loop
      vertex 7.24685 24.8 29.5318
      vertex -0.219254 24.8 24.259
      vertex -0.29078 24.8 24.2915
    endloop
  endfacet
  facet normal 0 1 0
    outer loop
      vertex 7.24685 24.8 29.5318
      vertex -0.15 24.8 24.222
      vertex -0.219254 24.8 24.259
    endloop
  endfacet
  facet normal 0 1 0
    outer loop
      vertex 7.24685 24.8 29.5318
      vertex -0.0833153 24.8 24.1806
      vertex -0.15 24.8 24.222
    endloop
  endfacet
  facet normal 0 1 0
    outer loop
      vertex 7.24685 24.8 29.5318
      vertex -0.0194866 24.8 24.1348
      vertex -0.0833153 24.8 24.1806
    endloop
  endfacet
  facet normal 0 1 0
    outer loop
      vertex 7.24685 24.8 29.5318
      vertex 0.0412145 24.8 24.085
      vertex -0.0194866 24.8 24.1348
    endloop
  endfacet
  facet normal 0 1 0
    outer loop
      vertex 7.24685 24.8 29.5318
      vertex 0.0985277 24.8 24.0313
      vertex 0.0412145 24.8 24.085
    endloop
  endfacet
  facet normal 0 1 0
    outer loop
      vertex 7.24685 24.8 29.5318
      vertex 0.152208 24.8 23.974
      vertex 0.0985277 24.8 24.0313
    endloop
  endfacet
  facet normal 0 1 0
    outer loop
      vertex 7.24685 24.8 29.5318
      vertex 0.202024 24.8 23.9133
      vertex 0.152208 24.8 23.974
    endloop
  endfacet
  facet normal 0 1 0
    outer loop
      vertex 7.24685 24.8 29.5318
      vertex 0.247764 24.8 23.8495
      vertex 0.202024 24.8 23.9133
    endloop
  endfacet
  facet normal 0 1 0
    outer loop
      vertex 7.24685 24.8 29.5318
      vertex 0.28923 24.8 23.7828
      vertex 0.247764 24.8 23.8495
    endloop
  endfacet
  facet normal 0 1 0
    outer loop
      vertex 8.74684 24.8 26.9222
      vertex 0.326248 24.8 23.7135
      vertex 0.28923 24.8 23.7828
    endloop
  endfacet
  facet normal 0 1 0
    outer loop
      vertex 8.74684 24.8 26.9222
      vertex 0.358655 24.8 23.642
      vertex 0.326248 24.8 23.7135
    endloop
  endfacet
  facet normal 0 1 0
    outer loop
      vertex 8.74684 24.8 26.9222
      vertex 0.386316 24.8 23.5685
      vertex 0.358655 24.8 23.642
    endloop
  endfacet
  facet normal 0 1 0
    outer loop
      vertex 8.74684 24.8 26.9222
      vertex 0.40911 24.8 23.4934
      vertex 0.386316 24.8 23.5685
    endloop
  endfacet
  facet normal 0 1 0
    outer loop
      vertex 8.74684 24.8 26.9222
      vertex 0.426942 24.8 23.4169
      vertex 0.40911 24.8 23.4934
    endloop
  endfacet
  facet normal 0 1 0
    outer loop
      vertex 8.74684 24.8 26.9222
      vertex 0.439734 24.8 23.3394
      vertex 0.426942 24.8 23.4169
    endloop
  endfacet
  facet normal 0 1 0
    outer loop
      vertex 8.74684 24.8 26.9222
      vertex 0.447431 24.8 23.2613
      vertex 0.439734 24.8 23.3394
    endloop
  endfacet
  facet normal 0 1 0
    outer loop
      vertex 8.74684 24.8 26.9222
      vertex 0.45 24.8 23.1828
      vertex 0.447431 24.8 23.2613
    endloop
  endfacet
  facet normal 0 1 0
    outer loop
      vertex 8.74684 24.8 26.9222
      vertex 0.44743 24.8 23.1043
      vertex 0.45 24.8 23.1828
    endloop
  endfacet
  facet normal 0 1 0
    outer loop
      vertex 8.74684 24.8 26.9222
      vertex 0.439734 24.8 23.0262
      vertex 0.44743 24.8 23.1043
    endloop
  endfacet
  facet normal 0 1 0
    outer loop
      vertex 8.74684 24.8 26.9222
      vertex 0.426942 24.8 22.9487
      vertex 0.439734 24.8 23.0262
    endloop
  endfacet
  facet normal 0 1 0
    outer loop
      vertex 8.74684 24.8 26.9222
      vertex 0.409111 24.8 22.8722
      vertex 0.426942 24.8 22.9487
    endloop
  endfacet
  facet normal 0 1 0
    outer loop
      vertex 8.74684 24.8 26.9222
      vertex 0.386316 24.8 22.7971
      vertex 0.409111 24.8 22.8722
    endloop
  endfacet
  facet normal 0 1 0
    outer loop
      vertex 8.74684 24.8 26.9222
      vertex 0.358656 24.8 22.7236
      vertex 0.386316 24.8 22.7971
    endloop
  endfacet
  facet normal 0 1 0
    outer loop
      vertex 8.74684 24.8 26.9222
      vertex 0.326247 24.8 22.652
      vertex 0.358656 24.8 22.7236
    endloop
  endfacet
  facet normal 0 1 0
    outer loop
      vertex 8.74684 24.8 26.9222
      vertex 0.28923 24.8 22.5828
      vertex 0.326247 24.8 22.652
    endloop
  endfacet
  facet normal 0 1 0
    outer loop
      vertex 8.74684 24.8 26.9222
      vertex 0.247763 24.8 22.5161
      vertex 0.28923 24.8 22.5828
    endloop
  endfacet
  facet normal 0 1 -0
    outer loop
      vertex 8.74684 24.8 6.19188
      vertex 0.247763 24.8 22.5161
      vertex 8.74684 24.8 26.9222
    endloop
  endfacet
  facet normal 0 1 0
    outer loop
      vertex 0.247763 24.8 22.5161
      vertex 8.74684 24.8 6.19188
      vertex 0.202024 24.8 22.4523
    endloop
  endfacet
  facet normal 0 1 0
    outer loop
      vertex 0.202024 24.8 22.4523
      vertex 8.74684 24.8 6.19188
      vertex 0.152207 24.8 22.3916
    endloop
  endfacet
  facet normal 0 1 0
    outer loop
      vertex 0.152207 24.8 22.3916
      vertex 8.74684 24.8 6.19188
      vertex 0.0985276 24.8 22.3343
    endloop
  endfacet
  facet normal 0 1 0
    outer loop
      vertex 0.0985276 24.8 22.3343
      vertex 8.74684 24.8 6.19188
      vertex 0.0412149 24.8 22.2806
    endloop
  endfacet
  facet normal 0 1 0
    outer loop
      vertex 0.0412149 24.8 22.2806
      vertex 8.74684 24.8 6.19188
      vertex -0.0194868 24.8 22.2308
    endloop
  endfacet
  facet normal 0 1 0
    outer loop
      vertex -0.0194868 24.8 22.2308
      vertex 8.74684 24.8 6.19188
      vertex -0.0833154 24.8 22.185
    endloop
  endfacet
  facet normal 0 1 0
    outer loop
      vertex -8.74684 24.8 16.8337
      vertex -0.749999 24.8 21.9828
      vertex -0.671515 24.8 21.9854
    endloop
  endfacet
  facet normal 0 1 0
    outer loop
      vertex 8.74684 24.8 6.19188
      vertex -0.671515 24.8 21.9854
      vertex -0.593368 24.8 21.9931
    endloop
  endfacet
  facet normal 0 1 0
    outer loop
      vertex 8.74684 24.8 6.19188
      vertex -0.593368 24.8 21.9931
      vertex -0.515891 24.8 22.0059
    endloop
  endfacet
  facet normal 0 1 0
    outer loop
      vertex 8.74684 24.8 6.19188
      vertex -0.515891 24.8 22.0059
      vertex -0.439417 24.8 22.0237
    endloop
  endfacet
  facet normal 0 1 0
    outer loop
      vertex -0.749999 24.8 21.9828
      vertex -8.74684 24.8 16.8337
      vertex -10.2468 24.8 19.4318
    endloop
  endfacet
  facet normal 0 1 0
    outer loop
      vertex 8.74684 24.8 6.19188
      vertex -0.439417 24.8 22.0237
      vertex -0.364272 24.8 22.0465
    endloop
  endfacet
  facet normal 0 1 0
    outer loop
      vertex 8.74684 24.8 6.19188
      vertex -0.364272 24.8 22.0465
      vertex -0.290779 24.8 22.0741
    endloop
  endfacet
  facet normal 0 1 0
    outer loop
      vertex 8.74684 24.8 6.19188
      vertex -0.290779 24.8 22.0741
      vertex -0.219253 24.8 22.1065
    endloop
  endfacet
  facet normal 0 1 0
    outer loop
      vertex 8.74684 24.8 6.19188
      vertex -0.219253 24.8 22.1065
      vertex -0.15 24.8 22.1436
    endloop
  endfacet
  facet normal 0 1 0
    outer loop
      vertex -0.0833154 24.8 22.185
      vertex 8.74684 24.8 6.19188
      vertex -0.15 24.8 22.1436
    endloop
  endfacet
  facet normal 0 1 0
    outer loop
      vertex -0.671515 24.8 21.9854
      vertex 8.74684 24.8 6.19188
      vertex -8.74684 24.8 16.8337
    endloop
  endfacet
  facet normal 0 1 0
    outer loop
      vertex -8.74684 24.8 16.8337
      vertex 8.74684 24.8 6.19188
      vertex -8.74684 24.8 6.19188
    endloop
  endfacet
  facet normal 0 1 -0
    outer loop
      vertex 8.74684 24.8 26.9222
      vertex 7.24685 24.8 29.5318
      vertex 8.75185 24.8 26.9251
    endloop
  endfacet
  facet normal 0 1 0
    outer loop
      vertex 0.28923 24.8 23.7828
      vertex 7.24685 24.8 29.5318
      vertex 8.74684 24.8 26.9222
    endloop
  endfacet
  facet normal 0 1 0
    outer loop
      vertex -0.828485 24.8 24.3802
      vertex 7.24685 24.8 29.5318
      vertex -0.75 24.8 24.3828
    endloop
  endfacet
  facet normal 0 1 0
    outer loop
      vertex -0.906631 24.8 24.3725
      vertex 7.24685 24.8 29.5318
      vertex -0.828485 24.8 24.3802
    endloop
  endfacet
  facet normal 0 1 0
    outer loop
      vertex -0.984108 24.8 24.3597
      vertex 7.24685 24.8 29.5318
      vertex -0.906631 24.8 24.3725
    endloop
  endfacet
  facet normal 0 1 0
    outer loop
      vertex -1.06058 24.8 24.3419
      vertex 7.24685 24.8 29.5318
      vertex -0.984108 24.8 24.3597
    endloop
  endfacet
  facet normal 0 1 0
    outer loop
      vertex -1.13573 24.8 24.3191
      vertex 7.24685 24.8 29.5318
      vertex -1.06058 24.8 24.3419
    endloop
  endfacet
  facet normal 0 1 0
    outer loop
      vertex -1.20922 24.8 24.2914
      vertex 7.24685 24.8 29.5318
      vertex -1.13573 24.8 24.3191
    endloop
  endfacet
  facet normal 0 1 0
    outer loop
      vertex -1.28075 24.8 24.259
      vertex 7.24685 24.8 29.5318
      vertex -1.20922 24.8 24.2914
    endloop
  endfacet
  facet normal 0 1 0
    outer loop
      vertex -1.35 24.8 24.222
      vertex 7.24685 24.8 29.5318
      vertex -1.28075 24.8 24.259
    endloop
  endfacet
  facet normal 0 1 -0
    outer loop
      vertex -1.35 24.8 24.222
      vertex -10.2468 24.8 19.4318
      vertex 7.24685 24.8 29.5318
    endloop
  endfacet
  facet normal 0 1 -0
    outer loop
      vertex -1.41668 24.8 24.1806
      vertex -10.2468 24.8 19.4318
      vertex -1.35 24.8 24.222
    endloop
  endfacet
  facet normal 0 1 -0
    outer loop
      vertex -1.48051 24.8 24.1348
      vertex -10.2468 24.8 19.4318
      vertex -1.41668 24.8 24.1806
    endloop
  endfacet
  facet normal 0 1 -0
    outer loop
      vertex -1.54121 24.8 24.085
      vertex -10.2468 24.8 19.4318
      vertex -1.48051 24.8 24.1348
    endloop
  endfacet
  facet normal 0 1 -0
    outer loop
      vertex -1.59853 24.8 24.0313
      vertex -10.2468 24.8 19.4318
      vertex -1.54121 24.8 24.085
    endloop
  endfacet
  facet normal 0 1 -0
    outer loop
      vertex -1.65221 24.8 23.974
      vertex -10.2468 24.8 19.4318
      vertex -1.59853 24.8 24.0313
    endloop
  endfacet
  facet normal 0 1 -0
    outer loop
      vertex -1.70202 24.8 23.9133
      vertex -10.2468 24.8 19.4318
      vertex -1.65221 24.8 23.974
    endloop
  endfacet
  facet normal 0 1 -0
    outer loop
      vertex -1.74776 24.8 23.8495
      vertex -10.2468 24.8 19.4318
      vertex -1.70202 24.8 23.9133
    endloop
  endfacet
  facet normal 0 1 -0
    outer loop
      vertex -1.78923 24.8 23.7828
      vertex -10.2468 24.8 19.4318
      vertex -1.74776 24.8 23.8495
    endloop
  endfacet
  facet normal 0 1 -0
    outer loop
      vertex -1.82625 24.8 23.7135
      vertex -10.2468 24.8 19.4318
      vertex -1.78923 24.8 23.7828
    endloop
  endfacet
  facet normal 0 1 -0
    outer loop
      vertex -1.85866 24.8 23.642
      vertex -10.2468 24.8 19.4318
      vertex -1.82625 24.8 23.7135
    endloop
  endfacet
  facet normal 0 1 -0
    outer loop
      vertex -1.88632 24.8 23.5685
      vertex -10.2468 24.8 19.4318
      vertex -1.85866 24.8 23.642
    endloop
  endfacet
  facet normal 0 1 -0
    outer loop
      vertex -1.90911 24.8 23.4934
      vertex -10.2468 24.8 19.4318
      vertex -1.88632 24.8 23.5685
    endloop
  endfacet
  facet normal 0 1 -0
    outer loop
      vertex -1.92694 24.8 23.4169
      vertex -10.2468 24.8 19.4318
      vertex -1.90911 24.8 23.4934
    endloop
  endfacet
  facet normal 0 1 -0
    outer loop
      vertex -1.93973 24.8 23.3394
      vertex -10.2468 24.8 19.4318
      vertex -1.92694 24.8 23.4169
    endloop
  endfacet
  facet normal 0 1 -0
    outer loop
      vertex -1.94743 24.8 23.2613
      vertex -10.2468 24.8 19.4318
      vertex -1.93973 24.8 23.3394
    endloop
  endfacet
  facet normal 0 1 -0
    outer loop
      vertex -1.95 24.8 23.1828
      vertex -10.2468 24.8 19.4318
      vertex -1.94743 24.8 23.2613
    endloop
  endfacet
  facet normal 0 1 0
    outer loop
      vertex -1.94743 24.8 23.1043
      vertex -10.2468 24.8 19.4318
      vertex -1.95 24.8 23.1828
    endloop
  endfacet
  facet normal 0 1 0
    outer loop
      vertex -1.93973 24.8 23.0262
      vertex -10.2468 24.8 19.4318
      vertex -1.94743 24.8 23.1043
    endloop
  endfacet
  facet normal 0 1 0
    outer loop
      vertex -1.92694 24.8 22.9487
      vertex -10.2468 24.8 19.4318
      vertex -1.93973 24.8 23.0262
    endloop
  endfacet
  facet normal 0 1 0
    outer loop
      vertex -1.90911 24.8 22.8722
      vertex -10.2468 24.8 19.4318
      vertex -1.92694 24.8 22.9487
    endloop
  endfacet
  facet normal 0 1 0
    outer loop
      vertex -1.88632 24.8 22.7971
      vertex -10.2468 24.8 19.4318
      vertex -1.90911 24.8 22.8722
    endloop
  endfacet
  facet normal 0 1 0
    outer loop
      vertex -1.85865 24.8 22.7236
      vertex -10.2468 24.8 19.4318
      vertex -1.88632 24.8 22.7971
    endloop
  endfacet
  facet normal 0 1 0
    outer loop
      vertex -1.82625 24.8 22.652
      vertex -10.2468 24.8 19.4318
      vertex -1.85865 24.8 22.7236
    endloop
  endfacet
  facet normal 0 1 0
    outer loop
      vertex -1.78923 24.8 22.5828
      vertex -10.2468 24.8 19.4318
      vertex -1.82625 24.8 22.652
    endloop
  endfacet
  facet normal 0 1 0
    outer loop
      vertex -1.74776 24.8 22.5161
      vertex -10.2468 24.8 19.4318
      vertex -1.78923 24.8 22.5828
    endloop
  endfacet
  facet normal 0 1 0
    outer loop
      vertex -1.70202 24.8 22.4523
      vertex -10.2468 24.8 19.4318
      vertex -1.74776 24.8 22.5161
    endloop
  endfacet
  facet normal 0 1 0
    outer loop
      vertex -1.65221 24.8 22.3916
      vertex -10.2468 24.8 19.4318
      vertex -1.70202 24.8 22.4523
    endloop
  endfacet
  facet normal 0 1 0
    outer loop
      vertex -1.59853 24.8 22.3343
      vertex -10.2468 24.8 19.4318
      vertex -1.65221 24.8 22.3916
    endloop
  endfacet
  facet normal 0 1 0
    outer loop
      vertex -1.54121 24.8 22.2806
      vertex -10.2468 24.8 19.4318
      vertex -1.59853 24.8 22.3343
    endloop
  endfacet
  facet normal 0 1 0
    outer loop
      vertex -1.48051 24.8 22.2308
      vertex -10.2468 24.8 19.4318
      vertex -1.54121 24.8 22.2806
    endloop
  endfacet
  facet normal 0 1 0
    outer loop
      vertex -1.41668 24.8 22.185
      vertex -10.2468 24.8 19.4318
      vertex -1.48051 24.8 22.2308
    endloop
  endfacet
  facet normal 0 1 0
    outer loop
      vertex -1.35 24.8 22.1436
      vertex -10.2468 24.8 19.4318
      vertex -1.41668 24.8 22.185
    endloop
  endfacet
  facet normal 0 1 0
    outer loop
      vertex -1.28075 24.8 22.1065
      vertex -10.2468 24.8 19.4318
      vertex -1.35 24.8 22.1436
    endloop
  endfacet
  facet normal 0 1 0
    outer loop
      vertex -1.20922 24.8 22.0741
      vertex -10.2468 24.8 19.4318
      vertex -1.28075 24.8 22.1065
    endloop
  endfacet
  facet normal 0 1 0
    outer loop
      vertex -1.13573 24.8 22.0465
      vertex -10.2468 24.8 19.4318
      vertex -1.20922 24.8 22.0741
    endloop
  endfacet
  facet normal 0 1 0
    outer loop
      vertex -1.06058 24.8 22.0237
      vertex -10.2468 24.8 19.4318
      vertex -1.13573 24.8 22.0465
    endloop
  endfacet
  facet normal 0 1 0
    outer loop
      vertex -0.984108 24.8 22.0059
      vertex -10.2468 24.8 19.4318
      vertex -1.06058 24.8 22.0237
    endloop
  endfacet
  facet normal 0 1 0
    outer loop
      vertex -0.906631 24.8 21.9931
      vertex -10.2468 24.8 19.4318
      vertex -0.984108 24.8 22.0059
    endloop
  endfacet
  facet normal 0 1 0
    outer loop
      vertex -0.828484 24.8 21.9854
      vertex -10.2468 24.8 19.4318
      vertex -0.906631 24.8 21.9931
    endloop
  endfacet
  facet normal 0 1 0
    outer loop
      vertex -10.2468 24.8 19.4318
      vertex -0.828484 24.8 21.9854
      vertex -0.749999 24.8 21.9828
    endloop
  endfacet
  facet normal 0 1 -0
    outer loop
      vertex 8.74684 24.8 0.4
      vertex -8.74684 24.8 3.19188
      vertex 8.74684 24.8 3.19188
    endloop
  endfacet
  facet normal 0 1 0
    outer loop
      vertex -8.74684 24.8 3.19188
      vertex 8.74684 24.8 0.4
      vertex -8.74684 24.8 0.4
    endloop
  endfacet
  facet normal -0.999599 0.0283236 0
    outer loop
      vertex -18.1865 13.9 0.4
      vertex -18.1663 14.6129 3.19188
      vertex -18.1663 14.6129 0.4
    endloop
  endfacet
  facet normal -0.999599 0.0283236 0
    outer loop
      vertex -18.1663 14.6129 3.19188
      vertex -18.1865 13.9 0.4
      vertex -18.1865 13.9 3.19188
    endloop
  endfacet
  facet normal -0.999599 0.0283236 0
    outer loop
      vertex -18.1865 13.9 11.3837
      vertex -18.1663 14.6129 6.19188
      vertex -18.1865 13.9 6.19188
    endloop
  endfacet
  facet normal -0.999599 0.0283236 0
    outer loop
      vertex -18.1663 14.6129 6.19188
      vertex -18.1865 13.9 11.3837
      vertex -18.1663 14.6129 11.3954
    endloop
  endfacet
  facet normal -0.693146 0.139906 -0.707089
    outer loop
      vertex -17.4751 16.6307 0
      vertex -18.0051 16.0265 0.4
      vertex -17.8649 16.7211 0.4
    endloop
  endfacet
  facet normal -0.980232 0.197853 0
    outer loop
      vertex -18.0051 16.0265 0.4
      vertex -17.8649 16.7211 3.19188
      vertex -17.8649 16.7211 0.4
    endloop
  endfacet
  facet normal -0.980232 0.197853 0
    outer loop
      vertex -17.8649 16.7211 3.19188
      vertex -18.0051 16.0265 0.4
      vertex -18.0051 16.0265 3.19188
    endloop
  endfacet
  facet normal -0.980232 0.197853 0
    outer loop
      vertex -18.0051 16.0265 11.4885
      vertex -17.8649 16.7211 6.19188
      vertex -18.0051 16.0265 6.19188
    endloop
  endfacet
  facet normal -0.980232 0.197853 0
    outer loop
      vertex -17.8649 16.7211 6.19188
      vertex -18.0051 16.0265 11.4885
      vertex -17.8649 16.7211 11.5694
    endloop
  endfacet
  facet normal -0.687774 0.725925 0
    outer loop
      vertex -14.4933 22.5475 0.4
      vertex -14.9709 22.095 3.19188
      vertex -14.4933 22.5475 3.19188
    endloop
  endfacet
  facet normal -0.687774 0.725925 0
    outer loop
      vertex -14.9709 22.095 3.19188
      vertex -14.4933 22.5475 0.4
      vertex -14.9709 22.095 0.4
    endloop
  endfacet
  facet normal -0.687774 0.725925 0
    outer loop
      vertex -14.4933 22.5475 6.19188
      vertex -14.9709 22.095 13.2403
      vertex -14.4933 22.5475 13.516
    endloop
  endfacet
  facet normal -0.687774 0.725925 0
    outer loop
      vertex -14.9709 22.095 13.2403
      vertex -14.4933 22.5475 6.19188
      vertex -14.9709 22.095 6.19188
    endloop
  endfacet
  facet normal -0.880438 0.47416 0
    outer loop
      vertex -16.9218 19.35 0.4
      vertex -16.5956 19.9557 3.19188
      vertex -16.5956 19.9557 0.4
    endloop
  endfacet
  facet normal -0.880438 0.47416 0
    outer loop
      vertex -16.5956 19.9557 3.19188
      vertex -16.9218 19.35 0.4
      vertex -16.9218 19.35 3.19188
    endloop
  endfacet
  facet normal -0.880438 0.47416 0
    outer loop
      vertex -16.9218 19.35 12.1139
      vertex -16.5956 19.9557 6.19188
      vertex -16.9218 19.35 6.19188
    endloop
  endfacet
  facet normal -0.880438 0.47416 0
    outer loop
      vertex -16.5956 19.9557 6.19188
      vertex -16.9218 19.35 12.1139
      vertex -16.5956 19.9557 12.3022
    endloop
  endfacet
  facet normal 0.52516 0.851003 -0
    outer loop
      vertex 13.4667 23.3397 0.4
      vertex 12.9219 23.6759 3.19188
      vertex 13.4667 23.3397 3.19188
    endloop
  endfacet
  facet normal 0.52516 0.851003 0
    outer loop
      vertex 12.9219 23.6759 3.19188
      vertex 13.4667 23.3397 0.4
      vertex 12.9219 23.6759 0.4
    endloop
  endfacet
  facet normal 0.52516 0.851003 -0
    outer loop
      vertex 13.4667 23.3397 6.19188
      vertex 12.9219 23.6759 29.3327
      vertex 13.4667 23.3397 29.6472
    endloop
  endfacet
  facet normal 0.52516 0.851003 0
    outer loop
      vertex 12.9219 23.6759 29.3327
      vertex 13.4667 23.3397 6.19188
      vertex 12.9219 23.6759 6.19188
    endloop
  endfacet
  facet normal -0.187293 0.982304 0
    outer loop
      vertex -9.97896 24.7067 0.4
      vertex -10.5884 24.5905 3.19188
      vertex -9.97896 24.7067 3.19188
    endloop
  endfacet
  facet normal -0.187293 0.982304 0
    outer loop
      vertex -10.5884 24.5905 3.19188
      vertex -9.97896 24.7067 0.4
      vertex -10.5884 24.5905 0.4
    endloop
  endfacet
  facet normal -0.187293 0.982304 0
    outer loop
      vertex -9.97896 24.7067 6.19188
      vertex -10.5884 24.5905 15.7705
      vertex -9.97896 24.7067 16.1224
    endloop
  endfacet
  facet normal -0.187293 0.982304 0
    outer loop
      vertex -10.5884 24.5905 15.7705
      vertex -9.97896 24.7067 6.19188
      vertex -10.5884 24.5905 6.19188
    endloop
  endfacet
  facet normal -0.183766 0.682851 -0.707068
    outer loop
      vertex -10.4989 24.2004 0
      vertex -11.19 24.4286 0.4
      vertex -10.5884 24.5905 0.4
    endloop
  endfacet
  facet normal -0.0377127 0.999289 0
    outer loop
      vertex -8.74684 24.8 0.4
      vertex -9.36423 24.7767 3.19188
      vertex -8.74684 24.8 3.19188
    endloop
  endfacet
  facet normal -0.0377127 0.999289 0
    outer loop
      vertex -9.36423 24.7767 3.19188
      vertex -8.74684 24.8 0.4
      vertex -9.36423 24.7767 0.4
    endloop
  endfacet
  facet normal -0.0377127 0.999289 0
    outer loop
      vertex -8.74684 24.8 6.19188
      vertex -9.36423 24.7767 16.4773
      vertex -8.74684 24.8 16.8337
    endloop
  endfacet
  facet normal -0.0377127 0.999289 0
    outer loop
      vertex -9.36423 24.7767 16.4773
      vertex -8.74684 24.8 6.19188
      vertex -9.36423 24.7767 6.19188
    endloop
  endfacet
  facet normal -0.233798 -0.667384 -0.707063
    outer loop
      vertex -11.0718 -24.0462 0
      vertex -11.7811 -24.2215 0.4
      vertex -11.635 -23.8489 0
    endloop
  endfacet
  facet normal 0.930868 -0.365355 0
    outer loop
      vertex 17.213 -18.7209 3.19188
      vertex 17.468 -18.0712 0.4
      vertex 17.468 -18.0712 3.19188
    endloop
  endfacet
  facet normal 0.930868 -0.365355 0
    outer loop
      vertex 17.468 -18.0712 0.4
      vertex 17.213 -18.7209 3.19188
      vertex 17.213 -18.7209 0.4
    endloop
  endfacet
  facet normal 0.930868 -0.365355 0
    outer loop
      vertex 17.213 -18.7209 31.8102
      vertex 17.468 -18.0712 6.19188
      vertex 17.468 -18.0712 31.9573
    endloop
  endfacet
  facet normal 0.930868 -0.365355 0
    outer loop
      vertex 17.468 -18.0712 6.19188
      vertex 17.213 -18.7209 31.8102
      vertex 17.213 -18.7209 6.19188
    endloop
  endfacet
  facet normal 0.704541 -0.06007 -0.707117
    outer loop
      vertex 18.1058 -15.3227 0.4
      vertex 17.7082 -15.2774 0
      vertex 17.7668 -14.5901 0
    endloop
  endfacet
  facet normal 0.64164 -0.297093 -0.707131
    outer loop
      vertex 16.9218 -19.35 0.4
      vertex 16.5639 -19.1709 0
      vertex 16.845 -18.5638 0
    endloop
  endfacet
  facet normal -0.996387 0.0849273 0
    outer loop
      vertex -18.1663 14.6129 0.4
      vertex -18.1058 15.3227 3.19188
      vertex -18.1058 15.3227 0.4
    endloop
  endfacet
  facet normal -0.996387 0.0849273 0
    outer loop
      vertex -18.1058 15.3227 3.19188
      vertex -18.1663 14.6129 0.4
      vertex -18.1663 14.6129 3.19188
    endloop
  endfacet
  facet normal -0.996387 0.0849273 0
    outer loop
      vertex -18.1663 14.6129 11.3954
      vertex -18.1058 15.3227 6.19188
      vertex -18.1663 14.6129 6.19188
    endloop
  endfacet
  facet normal -0.996387 0.0849273 0
    outer loop
      vertex -18.1058 15.3227 6.19188
      vertex -18.1663 14.6129 11.3954
      vertex -18.1058 15.3227 11.4304
    endloop
  endfacet
  facet normal 0.967155 0.254186 0
    outer loop
      vertex 17.8649 16.7211 3.19188
      vertex 17.6855 17.4037 0.4
      vertex 17.6855 17.4037 3.19188
    endloop
  endfacet
  facet normal 0.967155 0.254186 0
    outer loop
      vertex 17.6855 17.4037 0.4
      vertex 17.8649 16.7211 3.19188
      vertex 17.8649 16.7211 0.4
    endloop
  endfacet
  facet normal 0.967155 0.254186 -0
    outer loop
      vertex 17.8649 16.7211 6.19188
      vertex 17.6855 17.4037 32.083
      vertex 17.8649 16.7211 32.1865
    endloop
  endfacet
  facet normal 0.967155 0.254186 0
    outer loop
      vertex 17.6855 17.4037 32.083
      vertex 17.8649 16.7211 6.19188
      vertex 17.6855 17.4037 6.19188
    endloop
  endfacet
  facet normal 0.64164 0.297093 -0.707131
    outer loop
      vertex 16.845 18.5638 0
      vertex 16.5639 19.1709 0
      vertex 16.9218 19.35 0.4
    endloop
  endfacet
  facet normal -0.999599 -0.0283236 0
    outer loop
      vertex -18.1663 -14.6129 0.4
      vertex -18.1865 -13.9 3.19188
      vertex -18.1865 -13.9 0.4
    endloop
  endfacet
  facet normal -0.999599 -0.0283236 0
    outer loop
      vertex -18.1865 -13.9 3.19188
      vertex -18.1663 -14.6129 0.4
      vertex -18.1663 -14.6129 3.19188
    endloop
  endfacet
  facet normal -0.999599 -0.0283236 0
    outer loop
      vertex -18.1663 -14.6129 6.19188
      vertex -18.1865 -13.9 11.3837
      vertex -18.1865 -13.9 6.19188
    endloop
  endfacet
  facet normal -0.999599 -0.0283236 0
    outer loop
      vertex -18.1865 -13.9 11.3837
      vertex -18.1663 -14.6129 6.19188
      vertex -18.1663 -14.6129 11.3954
    endloop
  endfacet
  facet normal 0.398471 0.917181 -0
    outer loop
      vertex 12.3593 23.9703 0.4
      vertex 11.7811 24.2215 3.19188
      vertex 12.3593 23.9703 3.19188
    endloop
  endfacet
  facet normal 0.398471 0.917181 0
    outer loop
      vertex 11.7811 24.2215 3.19188
      vertex 12.3593 23.9703 0.4
      vertex 11.7811 24.2215 0.4
    endloop
  endfacet
  facet normal 0.398471 0.917181 -0
    outer loop
      vertex 12.3593 23.9703 6.19188
      vertex 11.7811 24.2215 28.674
      vertex 12.3593 23.9703 29.0078
    endloop
  endfacet
  facet normal 0.398471 0.917181 0
    outer loop
      vertex 11.7811 24.2215 28.674
      vertex 12.3593 23.9703 6.19188
      vertex 11.7811 24.2215 6.19188
    endloop
  endfacet
  facet normal -0.519146 -0.480063 -0.707126
    outer loop
      vertex -14.9709 -22.095 0.4
      vertex -15.4217 -21.6075 0.4
      vertex -14.686 -21.8139 0
    endloop
  endfacet
  facet normal 0.519148 -0.480031 -0.707146
    outer loop
      vertex 15.4217 -21.6075 0.4
      vertex 14.686 -21.8139 0
      vertex 15.1192 -21.3454 0
    endloop
  endfacet
  facet normal -0.734203 0.67893 0
    outer loop
      vertex -15.4217 21.6075 0.4
      vertex -14.9709 22.095 3.19188
      vertex -14.9709 22.095 0.4
    endloop
  endfacet
  facet normal -0.734203 0.67893 0
    outer loop
      vertex -14.9709 22.095 3.19188
      vertex -15.4217 21.6075 0.4
      vertex -15.4217 21.6075 3.19188
    endloop
  endfacet
  facet normal -0.734203 0.67893 0
    outer loop
      vertex -15.4217 21.6075 12.98
      vertex -14.9709 22.095 6.19188
      vertex -15.4217 21.6075 6.19188
    endloop
  endfacet
  facet normal -0.734203 0.67893 0
    outer loop
      vertex -14.9709 22.095 6.19188
      vertex -15.4217 21.6075 12.98
      vertex -14.9709 22.095 13.2403
    endloop
  endfacet
  facet normal 0.700029 -0.10016 -0.707056
    outer loop
      vertex 18.0051 -16.0265 0.4
      vertex 17.6108 -15.9586 0
      vertex 18.1058 -15.3227 0.4
    endloop
  endfacet
  facet normal 1 -0 0
    outer loop
      vertex 18.1865 -13.9 3.19188
      vertex 18.1865 13.9 0.4
      vertex 18.1865 13.9 3.19188
    endloop
  endfacet
  facet normal 1 0 0
    outer loop
      vertex 18.1865 13.9 0.4
      vertex 18.1865 -13.9 3.19188
      vertex 18.1865 -13.9 0.4
    endloop
  endfacet
  facet normal 1 -0 0
    outer loop
      vertex 18.1865 -13.9 32.3838
      vertex 18.1865 13.9 6.19188
      vertex 18.1865 13.9 32.3838
    endloop
  endfacet
  facet normal 1 0 0
    outer loop
      vertex 18.1865 13.9 6.19188
      vertex 18.1865 -13.9 32.3838
      vertex 18.1865 -13.9 6.19188
    endloop
  endfacet
  facet normal 0.776616 -0.629975 0
    outer loop
      vertex 15.4217 -21.6075 3.19188
      vertex 15.844 -21.0869 0.4
      vertex 15.844 -21.0869 3.19188
    endloop
  endfacet
  facet normal 0.776616 -0.629975 0
    outer loop
      vertex 15.844 -21.0869 0.4
      vertex 15.4217 -21.6075 3.19188
      vertex 15.4217 -21.6075 0.4
    endloop
  endfacet
  facet normal 0.776616 -0.629975 0
    outer loop
      vertex 15.4217 -21.6075 30.7759
      vertex 15.844 -21.0869 6.19188
      vertex 15.844 -21.0869 31.0197
    endloop
  endfacet
  facet normal 0.776616 -0.629975 0
    outer loop
      vertex 15.844 -21.0869 6.19188
      vertex 15.4217 -21.6075 30.7759
      vertex 15.4217 -21.6075 6.19188
    endloop
  endfacet
  facet normal -0.658248 0.258328 -0.70709
    outer loop
      vertex -17.0913 17.9362 0
      vertex -17.468 18.0712 0.4
      vertex -16.845 18.5638 0
    endloop
  endfacet
  facet normal 0.0800037 0.702581 -0.707092
    outer loop
      vertex 9.91864 24.311 0
      vertex 9.36423 24.7767 0.4
      vertex 9.97896 24.7067 0.4
    endloop
  endfacet
  facet normal 0.183787 -0.682824 -0.707088
    outer loop
      vertex 11.19 -24.4286 0.4
      vertex 10.4989 -24.2004 0
      vertex 11.0718 -24.0462 0
    endloop
  endfacet
  facet normal 0.700029 0.10016 -0.707056
    outer loop
      vertex 18.1058 15.3227 0.4
      vertex 17.6108 15.9586 0
      vertex 18.0051 16.0265 0.4
    endloop
  endfacet
  facet normal -0.69998 -0.100085 -0.707115
    outer loop
      vertex -17.6108 -15.9586 0
      vertex -18.1058 -15.3227 0.4
      vertex -17.7082 -15.2774 0
    endloop
  endfacet
  facet normal 0.706837 -0.0200039 -0.707094
    outer loop
      vertex 18.1663 -14.6129 0.4
      vertex 17.7668 -14.5901 0
      vertex 17.7865 -13.894 0
    endloop
  endfacet
  facet normal 0.412501 -0.574348 -0.707083
    outer loop
      vertex 13.4667 -23.3397 0.4
      vertex 13.2447 -23.0067 0
      vertex 13.9912 -22.963 0.4
    endloop
  endfacet
  facet normal 0.734203 0.67893 0
    outer loop
      vertex 15.4217 21.6075 3.19188
      vertex 14.9709 22.095 0.4
      vertex 14.9709 22.095 3.19188
    endloop
  endfacet
  facet normal 0.734203 0.67893 0
    outer loop
      vertex 14.9709 22.095 0.4
      vertex 15.4217 21.6075 3.19188
      vertex 15.4217 21.6075 0.4
    endloop
  endfacet
  facet normal 0.734203 0.67893 -0
    outer loop
      vertex 15.4217 21.6075 6.19188
      vertex 14.9709 22.095 30.5156
      vertex 15.4217 21.6075 30.7759
    endloop
  endfacet
  facet normal 0.734203 0.67893 0
    outer loop
      vertex 14.9709 22.095 30.5156
      vertex 15.4217 21.6075 6.19188
      vertex 14.9709 22.095 6.19188
    endloop
  endfacet
  facet normal 0.486499 0.51329 -0.707003
    outer loop
      vertex 14.686 21.8139 0
      vertex 14.2281 22.2479 0
      vertex 14.4933 22.5475 0.4
    endloop
  endfacet
  facet normal -0.52516 0.851003 0
    outer loop
      vertex -12.9219 23.6759 0.4
      vertex -13.4667 23.3397 3.19188
      vertex -12.9219 23.6759 3.19188
    endloop
  endfacet
  facet normal -0.52516 0.851003 0
    outer loop
      vertex -13.4667 23.3397 3.19188
      vertex -12.9219 23.6759 0.4
      vertex -13.4667 23.3397 0.4
    endloop
  endfacet
  facet normal -0.52516 0.851003 0
    outer loop
      vertex -12.9219 23.6759 6.19188
      vertex -13.4667 23.3397 14.1087
      vertex -12.9219 23.6759 14.4233
    endloop
  endfacet
  facet normal -0.52516 0.851003 0
    outer loop
      vertex -13.4667 23.3397 14.1087
      vertex -12.9219 23.6759 6.19188
      vertex -13.4667 23.3397 6.19188
    endloop
  endfacet
  facet normal 0.989919 -0.141638 0
    outer loop
      vertex 18.0051 -16.0265 3.19188
      vertex 18.1058 -15.3227 0.4
      vertex 18.1058 -15.3227 3.19188
    endloop
  endfacet
  facet normal 0.989919 -0.141638 0
    outer loop
      vertex 18.1058 -15.3227 0.4
      vertex 18.0051 -16.0265 3.19188
      vertex 18.0051 -16.0265 0.4
    endloop
  endfacet
  facet normal 0.989919 -0.141638 0
    outer loop
      vertex 18.0051 -16.0265 32.2675
      vertex 18.1058 -15.3227 6.19188
      vertex 18.1058 -15.3227 32.3256
    endloop
  endfacet
  facet normal 0.989919 -0.141638 0
    outer loop
      vertex 18.1058 -15.3227 6.19188
      vertex 18.0051 -16.0265 32.2675
      vertex 18.0051 -16.0265 6.19188
    endloop
  endfacet
  facet normal 0.0267109 0.706593 -0.707116
    outer loop
      vertex 9.3342 24.3775 0
      vertex 8.739 24.4 0
      vertex 8.74684 24.8 0.4
    endloop
  endfacet
  facet normal -0.989919 0.141638 0
    outer loop
      vertex -18.1058 15.3227 0.4
      vertex -18.0051 16.0265 3.19188
      vertex -18.0051 16.0265 0.4
    endloop
  endfacet
  facet normal -0.989919 0.141638 0
    outer loop
      vertex -18.0051 16.0265 3.19188
      vertex -18.1058 15.3227 0.4
      vertex -18.1058 15.3227 3.19188
    endloop
  endfacet
  facet normal -0.989919 0.141638 0
    outer loop
      vertex -18.1058 15.3227 11.4304
      vertex -18.0051 16.0265 6.19188
      vertex -18.1058 15.3227 6.19188
    endloop
  endfacet
  facet normal -0.989919 0.141638 0
    outer loop
      vertex -18.0051 16.0265 6.19188
      vertex -18.1058 15.3227 11.4304
      vertex -18.0051 16.0265 11.4885
    endloop
  endfacet
  facet normal -0.0377127 -0.999289 0
    outer loop
      vertex -9.36423 -24.7767 0.4
      vertex -8.74684 -24.8 3.19188
      vertex -9.36423 -24.7767 3.19188
    endloop
  endfacet
  facet normal -0.0377127 -0.999289 -0
    outer loop
      vertex -8.74684 -24.8 3.19188
      vertex -9.36423 -24.7767 0.4
      vertex -8.74684 -24.8 0.4
    endloop
  endfacet
  facet normal -0.0377127 -0.999289 0
    outer loop
      vertex -8.74684 -24.8 6.19188
      vertex -9.36423 -24.7767 16.4773
      vertex -9.36423 -24.7767 6.19188
    endloop
  endfacet
  facet normal -0.0377127 -0.999289 0
    outer loop
      vertex -9.36423 -24.7767 16.4773
      vertex -8.74684 -24.8 6.19188
      vertex -8.74684 -24.8 16.8337
    endloop
  endfacet
  facet normal 0.583346 0.812224 -0
    outer loop
      vertex 13.9912 22.963 0.4
      vertex 13.4667 23.3397 3.19188
      vertex 13.9912 22.963 3.19188
    endloop
  endfacet
  facet normal 0.583346 0.812224 0
    outer loop
      vertex 13.4667 23.3397 3.19188
      vertex 13.9912 22.963 0.4
      vertex 13.4667 23.3397 0.4
    endloop
  endfacet
  facet normal 0.583346 0.812224 -0
    outer loop
      vertex 13.9912 22.963 6.19188
      vertex 13.4667 23.3397 29.6472
      vertex 13.9912 22.963 29.9501
    endloop
  endfacet
  facet normal 0.583346 0.812224 0
    outer loop
      vertex 13.4667 23.3397 29.6472
      vertex 13.9912 22.963 6.19188
      vertex 13.4667 23.3397 6.19188
    endloop
  endfacet
  facet normal 0.658259 -0.258359 -0.707069
    outer loop
      vertex 17.213 -18.7209 0.4
      vertex 16.845 -18.5638 0
      vertex 17.468 -18.0712 0.4
    endloop
  endfacet
  facet normal 0.371358 0.601773 -0.70708
    outer loop
      vertex 13.2447 23.0067 0
      vertex 12.9219 23.6759 0.4
      vertex 13.4667 23.3397 0.4
    endloop
  endfacet
  facet normal -0.64164 -0.297093 -0.707131
    outer loop
      vertex -16.5639 -19.1709 0
      vertex -16.9218 -19.35 0.4
      vertex -16.845 -18.5638 0
    endloop
  endfacet
  facet normal -0.519146 0.480063 -0.707126
    outer loop
      vertex -14.686 21.8139 0
      vertex -15.4217 21.6075 0.4
      vertex -14.9709 22.095 0.4
    endloop
  endfacet
  facet normal -0.57637 0.409542 -0.707159
    outer loop
      vertex -15.5254 20.8446 0
      vertex -16.2358 20.5355 0.4
      vertex -15.844 21.0869 0.4
    endloop
  endfacet
  facet normal 0.519146 0.480063 -0.707126
    outer loop
      vertex 15.4217 21.6075 0.4
      vertex 14.686 21.8139 0
      vertex 14.9709 22.095 0.4
    endloop
  endfacet
  facet normal 0.622591 -0.335297 -0.707076
    outer loop
      vertex 16.5956 -19.9557 0.4
      vertex 16.2493 -19.7552 0
      vertex 16.9218 -19.35 0.4
    endloop
  endfacet
  facet normal -0.25987 -0.965644 0
    outer loop
      vertex -11.19 -24.4286 0.4
      vertex -10.5884 -24.5905 3.19188
      vertex -11.19 -24.4286 3.19188
    endloop
  endfacet
  facet normal -0.25987 -0.965644 -0
    outer loop
      vertex -10.5884 -24.5905 3.19188
      vertex -11.19 -24.4286 0.4
      vertex -10.5884 -24.5905 0.4
    endloop
  endfacet
  facet normal -0.25987 -0.965644 0
    outer loop
      vertex -10.5884 -24.5905 6.19188
      vertex -11.19 -24.4286 15.4232
      vertex -11.19 -24.4286 6.19188
    endloop
  endfacet
  facet normal -0.25987 -0.965644 0
    outer loop
      vertex -11.19 -24.4286 15.4232
      vertex -10.5884 -24.5905 6.19188
      vertex -10.5884 -24.5905 15.7705
    endloop
  endfacet
  facet normal -0.11314 0.993579 0
    outer loop
      vertex -9.36423 24.7767 0.4
      vertex -9.97896 24.7067 3.19188
      vertex -9.36423 24.7767 3.19188
    endloop
  endfacet
  facet normal -0.11314 0.993579 0
    outer loop
      vertex -9.97896 24.7067 3.19188
      vertex -9.36423 24.7767 0.4
      vertex -9.97896 24.7067 0.4
    endloop
  endfacet
  facet normal -0.11314 0.993579 0
    outer loop
      vertex -9.36423 24.7767 6.19188
      vertex -9.97896 24.7067 16.1224
      vertex -9.36423 24.7767 16.4773
    endloop
  endfacet
  facet normal -0.11314 0.993579 0
    outer loop
      vertex -9.97896 24.7067 16.1224
      vertex -9.36423 24.7767 6.19188
      vertex -9.97896 24.7067 6.19188
    endloop
  endfacet
  facet normal 0.706837 0.0200039 -0.707094
    outer loop
      vertex 17.7865 13.894 0
      vertex 17.7668 14.5901 0
      vertex 18.1663 14.6129 0.4
    endloop
  endfacet
  facet normal 0.371358 -0.601773 -0.70708
    outer loop
      vertex 13.4667 -23.3397 0.4
      vertex 12.9219 -23.6759 0.4
      vertex 13.2447 -23.0067 0
    endloop
  endfacet
  facet normal 0.980232 -0.197853 0
    outer loop
      vertex 17.8649 -16.7211 3.19188
      vertex 18.0051 -16.0265 0.4
      vertex 18.0051 -16.0265 3.19188
    endloop
  endfacet
  facet normal 0.980232 -0.197853 0
    outer loop
      vertex 18.0051 -16.0265 0.4
      vertex 17.8649 -16.7211 3.19188
      vertex 17.8649 -16.7211 0.4
    endloop
  endfacet
  facet normal 0.980232 -0.197853 0
    outer loop
      vertex 17.8649 -16.7211 32.1865
      vertex 18.0051 -16.0265 6.19188
      vertex 18.0051 -16.0265 32.2675
    endloop
  endfacet
  facet normal 0.980232 -0.197853 0
    outer loop
      vertex 18.0051 -16.0265 6.19188
      vertex 17.8649 -16.7211 32.1865
      vertex 17.8649 -16.7211 6.19188
    endloop
  endfacet
  facet normal -0.600846 -0.37286 -0.707078
    outer loop
      vertex -16.2358 -20.5355 0.4
      vertex -16.5956 -19.9557 0.4
      vertex -16.2493 -19.7552 0
    endloop
  endfacet
  facet normal -0.330656 -0.943751 0
    outer loop
      vertex -11.7811 -24.2215 0.4
      vertex -11.19 -24.4286 3.19188
      vertex -11.7811 -24.2215 3.19188
    endloop
  endfacet
  facet normal -0.330656 -0.943751 -0
    outer loop
      vertex -11.19 -24.4286 3.19188
      vertex -11.7811 -24.2215 0.4
      vertex -11.19 -24.4286 0.4
    endloop
  endfacet
  facet normal -0.330656 -0.943751 0
    outer loop
      vertex -11.19 -24.4286 6.19188
      vertex -11.7811 -24.2215 15.0819
      vertex -11.7811 -24.2215 6.19188
    endloop
  endfacet
  facet normal -0.330656 -0.943751 0
    outer loop
      vertex -11.7811 -24.2215 15.0819
      vertex -11.19 -24.4286 6.19188
      vertex -11.19 -24.4286 15.4232
    endloop
  endfacet
  facet normal -0.683969 -0.179697 -0.707033
    outer loop
      vertex -17.3017 -17.2907 0
      vertex -17.6855 -17.4037 0.4
      vertex -17.4751 -16.6307 0
    endloop
  endfacet
  facet normal -0.398471 0.917181 0
    outer loop
      vertex -11.7811 24.2215 0.4
      vertex -12.3593 23.9703 3.19188
      vertex -11.7811 24.2215 3.19188
    endloop
  endfacet
  facet normal -0.398471 0.917181 0
    outer loop
      vertex -12.3593 23.9703 3.19188
      vertex -11.7811 24.2215 0.4
      vertex -12.3593 23.9703 0.4
    endloop
  endfacet
  facet normal -0.398471 0.917181 0
    outer loop
      vertex -11.7811 24.2215 6.19188
      vertex -12.3593 23.9703 14.7481
      vertex -11.7811 24.2215 15.0819
    endloop
  endfacet
  facet normal -0.398471 0.917181 0
    outer loop
      vertex -12.3593 23.9703 14.7481
      vertex -11.7811 24.2215 6.19188
      vertex -12.3593 23.9703 6.19188
    endloop
  endfacet
  facet normal 0.486499 -0.51329 -0.707003
    outer loop
      vertex 14.4933 -22.5475 0.4
      vertex 14.2281 -22.2479 0
      vertex 14.686 -21.8139 0
    endloop
  endfacet
  facet normal -0.693146 -0.139906 -0.707089
    outer loop
      vertex -17.8649 -16.7211 0.4
      vertex -18.0051 -16.0265 0.4
      vertex -17.4751 -16.6307 0
    endloop
  endfacet
  facet normal -0.132437 -0.694598 -0.707103
    outer loop
      vertex -9.97896 -24.7067 0.4
      vertex -10.5884 -24.5905 0.4
      vertex -9.91864 -24.311 0
    endloop
  endfacet
  facet normal 0.999599 -0.0283236 0
    outer loop
      vertex 18.1663 -14.6129 3.19188
      vertex 18.1865 -13.9 0.4
      vertex 18.1865 -13.9 3.19188
    endloop
  endfacet
  facet normal 0.999599 -0.0283236 0
    outer loop
      vertex 18.1865 -13.9 0.4
      vertex 18.1663 -14.6129 3.19188
      vertex 18.1663 -14.6129 0.4
    endloop
  endfacet
  facet normal 0 0 0
    outer loop
      vertex 18.1865 -13.9 32.3838
      vertex 18.1865 -13.9 32.3722
      vertex 18.1865 -13.9 6.19188
    endloop
  endfacet
  facet normal 0.999599 -0.0283236 0
    outer loop
      vertex 18.1663 -14.6129 32.3605
      vertex 18.1865 -13.9 6.19188
      vertex 18.1865 -13.9 32.3722
    endloop
  endfacet
  facet normal 0.999599 -0.0283236 0
    outer loop
      vertex 18.1865 -13.9 6.19188
      vertex 18.1663 -14.6129 32.3605
      vertex 18.1663 -14.6129 6.19188
    endloop
  endfacet
  facet normal 0.183787 0.682824 -0.707088
    outer loop
      vertex 11.0718 24.0462 0
      vertex 10.4989 24.2004 0
      vertex 11.19 24.4286 0.4
    endloop
  endfacet
  facet normal 0.69998 -0.100085 -0.707115
    outer loop
      vertex 18.1058 -15.3227 0.4
      vertex 17.6108 -15.9586 0
      vertex 17.7082 -15.2774 0
    endloop
  endfacet
  facet normal 0.704558 0.0600532 -0.707101
    outer loop
      vertex 18.1663 14.6129 0.4
      vertex 17.7668 14.5901 0
      vertex 18.1058 15.3227 0.4
    endloop
  endfacet
  facet normal 0.707107 0 -0.707107
    outer loop
      vertex 18.1865 13.9 0.4
      vertex 17.7865 -13.894 0
      vertex 17.7865 13.894 0
    endloop
  endfacet
  facet normal 0.707107 0 -0.707107
    outer loop
      vertex 17.7865 -13.894 0
      vertex 18.1865 13.9 0.4
      vertex 18.1865 -13.9 0.4
    endloop
  endfacet
  facet normal -0.734203 -0.67893 0
    outer loop
      vertex -14.9709 -22.095 0.4
      vertex -15.4217 -21.6075 3.19188
      vertex -15.4217 -21.6075 0.4
    endloop
  endfacet
  facet normal -0.734203 -0.67893 0
    outer loop
      vertex -15.4217 -21.6075 3.19188
      vertex -14.9709 -22.095 0.4
      vertex -14.9709 -22.095 3.19188
    endloop
  endfacet
  facet normal -0.734203 -0.67893 0
    outer loop
      vertex -14.9709 -22.095 6.19188
      vertex -15.4217 -21.6075 12.98
      vertex -15.4217 -21.6075 6.19188
    endloop
  endfacet
  facet normal -0.734203 -0.67893 0
    outer loop
      vertex -15.4217 -21.6075 12.98
      vertex -14.9709 -22.095 6.19188
      vertex -14.9709 -22.095 13.2403
    endloop
  endfacet
  facet normal 0.0266653 -0.706561 -0.70715
    outer loop
      vertex 9.36423 -24.7767 0.4
      vertex 8.74684 -24.8 0.4
      vertex 9.3342 -24.3775 0
    endloop
  endfacet
  facet normal -0.84969 0.527283 0
    outer loop
      vertex -16.5956 19.9557 0.4
      vertex -16.2358 20.5355 3.19188
      vertex -16.2358 20.5355 0.4
    endloop
  endfacet
  facet normal -0.84969 0.527283 0
    outer loop
      vertex -16.2358 20.5355 3.19188
      vertex -16.5956 19.9557 0.4
      vertex -16.5956 19.9557 3.19188
    endloop
  endfacet
  facet normal -0.84969 0.527283 0
    outer loop
      vertex -16.5956 19.9557 12.3022
      vertex -16.2358 20.5355 6.19188
      vertex -16.5956 19.9557 6.19188
    endloop
  endfacet
  facet normal -0.84969 0.527283 0
    outer loop
      vertex -16.2358 20.5355 6.19188
      vertex -16.5956 19.9557 12.3022
      vertex -16.2358 20.5355 12.51
    endloop
  endfacet
  facet normal 0.327791 0.626536 -0.707111
    outer loop
      vertex 12.7238 23.3281 0
      vertex 12.1867 23.6091 0
      vertex 12.9219 23.6759 0.4
    endloop
  endfacet
  facet normal 0.693173 -0.139955 -0.707053
    outer loop
      vertex 18.0051 -16.0265 0.4
      vertex 17.4751 -16.6307 0
      vertex 17.6108 -15.9586 0
    endloop
  endfacet
  facet normal -0.60088 -0.372849 -0.707055
    outer loop
      vertex -16.2358 -20.5355 0.4
      vertex -16.2493 -19.7552 0
      vertex -15.9025 -20.3141 0
    endloop
  endfacet
  facet normal 0.967155 -0.254186 0
    outer loop
      vertex 17.6855 -17.4037 3.19188
      vertex 17.8649 -16.7211 0.4
      vertex 17.8649 -16.7211 3.19188
    endloop
  endfacet
  facet normal 0.967155 -0.254186 0
    outer loop
      vertex 17.8649 -16.7211 0.4
      vertex 17.6855 -17.4037 3.19188
      vertex 17.6855 -17.4037 0.4
    endloop
  endfacet
  facet normal 0.967155 -0.254186 0
    outer loop
      vertex 17.6855 -17.4037 32.083
      vertex 17.8649 -16.7211 6.19188
      vertex 17.8649 -16.7211 32.1865
    endloop
  endfacet
  facet normal 0.967155 -0.254186 0
    outer loop
      vertex 17.8649 -16.7211 6.19188
      vertex 17.6855 -17.4037 32.083
      vertex 17.6855 -17.4037 6.19188
    endloop
  endfacet
  facet normal 0.450831 -0.544795 -0.707071
    outer loop
      vertex 13.9912 -22.963 0.4
      vertex 13.7468 -22.6461 0
      vertex 14.4933 -22.5475 0.4
    endloop
  endfacet
  facet normal 0.880438 0.47416 0
    outer loop
      vertex 16.9218 19.35 3.19188
      vertex 16.5956 19.9557 0.4
      vertex 16.5956 19.9557 3.19188
    endloop
  endfacet
  facet normal 0.880438 0.47416 0
    outer loop
      vertex 16.5956 19.9557 0.4
      vertex 16.9218 19.35 3.19188
      vertex 16.9218 19.35 0.4
    endloop
  endfacet
  facet normal 0.880438 0.47416 -0
    outer loop
      vertex 16.9218 19.35 6.19188
      vertex 16.5956 19.9557 31.4537
      vertex 16.9218 19.35 31.642
    endloop
  endfacet
  facet normal 0.880438 0.47416 0
    outer loop
      vertex 16.5956 19.9557 31.4537
      vertex 16.9218 19.35 6.19188
      vertex 16.5956 19.9557 6.19188
    endloop
  endfacet
  facet normal -0.704558 -0.0600532 -0.707101
    outer loop
      vertex -18.1058 -15.3227 0.4
      vertex -18.1663 -14.6129 0.4
      vertex -17.7668 -14.5901 0
    endloop
  endfacet
  facet normal -0.706815 -0.0200276 -0.707115
    outer loop
      vertex -18.1663 -14.6129 0.4
      vertex -18.1865 -13.9 0.4
      vertex -17.7865 -13.894 0
    endloop
  endfacet
  facet normal -0.707107 0 -0.707107
    outer loop
      vertex -17.7865 -13.894 0
      vertex -18.1865 13.9 0.4
      vertex -17.7865 13.894 0
    endloop
  endfacet
  facet normal -0.707107 -0 -0.707107
    outer loop
      vertex -18.1865 13.9 0.4
      vertex -17.7865 -13.894 0
      vertex -18.1865 -13.9 0.4
    endloop
  endfacet
  facet normal -0.463642 0.886023 0
    outer loop
      vertex -12.3593 23.9703 0.4
      vertex -12.9219 23.6759 3.19188
      vertex -12.3593 23.9703 3.19188
    endloop
  endfacet
  facet normal -0.463642 0.886023 0
    outer loop
      vertex -12.9219 23.6759 3.19188
      vertex -12.3593 23.9703 0.4
      vertex -12.9219 23.6759 0.4
    endloop
  endfacet
  facet normal -0.463642 0.886023 0
    outer loop
      vertex -12.3593 23.9703 6.19188
      vertex -12.9219 23.6759 14.4233
      vertex -12.3593 23.9703 14.7481
    endloop
  endfacet
  facet normal -0.463642 0.886023 0
    outer loop
      vertex -12.9219 23.6759 14.4233
      vertex -12.3593 23.9703 6.19188
      vertex -12.9219 23.6759 6.19188
    endloop
  endfacet
  facet normal -0.486327 -0.513304 -0.707111
    outer loop
      vertex -14.4933 -22.5475 0.4
      vertex -14.9709 -22.095 0.4
      vertex -14.686 -21.8139 0
    endloop
  endfacet
  facet normal 0.25987 0.965644 -0
    outer loop
      vertex 11.19 24.4286 0.4
      vertex 10.5884 24.5905 3.19188
      vertex 11.19 24.4286 3.19188
    endloop
  endfacet
  facet normal 0.25987 0.965644 0
    outer loop
      vertex 10.5884 24.5905 3.19188
      vertex 11.19 24.4286 0.4
      vertex 10.5884 24.5905 0.4
    endloop
  endfacet
  facet normal 0.25987 0.965644 -0
    outer loop
      vertex 11.19 24.4286 6.19188
      vertex 10.5884 24.5905 27.9854
      vertex 11.19 24.4286 28.3328
    endloop
  endfacet
  facet normal 0.25987 0.965644 0
    outer loop
      vertex 10.5884 24.5905 27.9854
      vertex 11.19 24.4286 6.19188
      vertex 10.5884 24.5905 6.19188
    endloop
  endfacet
  facet normal -0.967155 0.254186 0
    outer loop
      vertex -17.8649 16.7211 0.4
      vertex -17.6855 17.4037 3.19188
      vertex -17.6855 17.4037 0.4
    endloop
  endfacet
  facet normal -0.967155 0.254186 0
    outer loop
      vertex -17.6855 17.4037 3.19188
      vertex -17.8649 16.7211 0.4
      vertex -17.8649 16.7211 3.19188
    endloop
  endfacet
  facet normal -0.967155 0.254186 0
    outer loop
      vertex -17.8649 16.7211 11.5694
      vertex -17.6855 17.4037 6.19188
      vertex -17.8649 16.7211 6.19188
    endloop
  endfacet
  facet normal -0.967155 0.254186 0
    outer loop
      vertex -17.6855 17.4037 6.19188
      vertex -17.8649 16.7211 11.5694
      vertex -17.6855 17.4037 11.673
    endloop
  endfacet
  facet normal -0.233798 0.667384 -0.707063
    outer loop
      vertex -11.635 23.8489 0
      vertex -11.7811 24.2215 0.4
      vertex -11.0718 24.0462 0
    endloop
  endfacet
  facet normal -0.412497 0.574362 -0.707074
    outer loop
      vertex -13.7468 22.6461 0
      vertex -13.9912 22.963 0.4
      vertex -13.2447 23.0067 0
    endloop
  endfacet
  facet normal 0.57637 0.409542 -0.707159
    outer loop
      vertex 16.2358 20.5355 0.4
      vertex 15.5254 20.8446 0
      vertex 15.844 21.0869 0.4
    endloop
  endfacet
  facet normal -0.519148 -0.480031 -0.707146
    outer loop
      vertex -14.686 -21.8139 0
      vertex -15.4217 -21.6075 0.4
      vertex -15.1192 -21.3454 0
    endloop
  endfacet
  facet normal 0.549142 0.44541 -0.707144
    outer loop
      vertex 15.5254 20.8446 0
      vertex 15.1192 21.3454 0
      vertex 15.4217 21.6075 0.4
    endloop
  endfacet
  facet normal 0.486327 0.513304 -0.707111
    outer loop
      vertex 14.686 21.8139 0
      vertex 14.4933 22.5475 0.4
      vertex 14.9709 22.095 0.4
    endloop
  endfacet
  facet normal 0.672302 0.219136 -0.707099
    outer loop
      vertex 17.3017 17.2907 0
      vertex 17.0913 17.9362 0
      vertex 17.468 18.0712 0.4
    endloop
  endfacet
  facet normal 0.327822 0.626469 -0.707156
    outer loop
      vertex 12.9219 23.6759 0.4
      vertex 12.1867 23.6091 0
      vertex 12.3593 23.9703 0.4
    endloop
  endfacet
  facet normal 0.28174 0.648495 -0.707161
    outer loop
      vertex 12.1867 23.6091 0
      vertex 11.7811 24.2215 0.4
      vertex 12.3593 23.9703 0.4
    endloop
  endfacet
  facet normal -0.183787 0.682824 -0.707088
    outer loop
      vertex -11.0718 24.0462 0
      vertex -11.19 24.4286 0.4
      vertex -10.4989 24.2004 0
    endloop
  endfacet
  facet normal 0.622572 0.335207 -0.707135
    outer loop
      vertex 16.5639 19.1709 0
      vertex 16.2493 19.7552 0
      vertex 16.9218 19.35 0.4
    endloop
  endfacet
  facet normal 0.412497 0.574362 -0.707074
    outer loop
      vertex 13.7468 22.6461 0
      vertex 13.2447 23.0067 0
      vertex 13.9912 22.963 0.4
    endloop
  endfacet
  facet normal 0.0377127 0.999289 -0
    outer loop
      vertex 9.36423 24.7767 0.4
      vertex 8.74684 24.8 3.19188
      vertex 9.36423 24.7767 3.19188
    endloop
  endfacet
  facet normal 0.0377127 0.999289 0
    outer loop
      vertex 8.74684 24.8 3.19188
      vertex 9.36423 24.7767 0.4
      vertex 8.74684 24.8 0.4
    endloop
  endfacet
  facet normal 0.0377127 0.999289 -0
    outer loop
      vertex 9.36423 24.7767 6.19188
      vertex 8.74684 24.8 26.9222
      vertex 9.36423 24.7767 27.2787
    endloop
  endfacet
  facet normal 0.0377127 0.999289 0
    outer loop
      vertex 8.74684 24.8 26.9222
      vertex 9.36423 24.7767 6.19188
      vertex 8.74684 24.8 6.19188
    endloop
  endfacet
  facet normal 0.0267109 -0.706593 -0.707116
    outer loop
      vertex 8.74684 -24.8 0.4
      vertex 8.739 -24.4 0
      vertex 9.3342 -24.3775 0
    endloop
  endfacet
  facet normal -0.622591 0.335297 -0.707076
    outer loop
      vertex -16.2493 19.7552 0
      vertex -16.9218 19.35 0.4
      vertex -16.5956 19.9557 0.4
    endloop
  endfacet
  facet normal 0.658248 0.258328 -0.70709
    outer loop
      vertex 17.0913 17.9362 0
      vertex 16.845 18.5638 0
      vertex 17.468 18.0712 0.4
    endloop
  endfacet
  facet normal 0.693173 0.139955 -0.707053
    outer loop
      vertex 17.6108 15.9586 0
      vertex 17.4751 16.6307 0
      vertex 18.0051 16.0265 0.4
    endloop
  endfacet
  facet normal -0.693173 -0.139955 -0.707053
    outer loop
      vertex -17.4751 -16.6307 0
      vertex -18.0051 -16.0265 0.4
      vertex -17.6108 -15.9586 0
    endloop
  endfacet
  facet normal -0.0267109 -0.706593 -0.707116
    outer loop
      vertex -8.74684 -24.8 0.4
      vertex -9.3342 -24.3775 0
      vertex -8.739 -24.4 0
    endloop
  endfacet
  facet normal 0.687774 0.725925 -0
    outer loop
      vertex 14.9709 22.095 0.4
      vertex 14.4933 22.5475 3.19188
      vertex 14.9709 22.095 3.19188
    endloop
  endfacet
  facet normal 0.687774 0.725925 0
    outer loop
      vertex 14.4933 22.5475 3.19188
      vertex 14.9709 22.095 0.4
      vertex 14.4933 22.5475 0.4
    endloop
  endfacet
  facet normal 0.687774 0.725925 -0
    outer loop
      vertex 14.9709 22.095 6.19188
      vertex 14.4933 22.5475 30.2399
      vertex 14.9709 22.095 30.5156
    endloop
  endfacet
  facet normal 0.687774 0.725925 0
    outer loop
      vertex 14.4933 22.5475 30.2399
      vertex 14.9709 22.095 6.19188
      vertex 14.4933 22.5475 6.19188
    endloop
  endfacet
  facet normal 0.980232 0.197853 0
    outer loop
      vertex 18.0051 16.0265 3.19188
      vertex 17.8649 16.7211 0.4
      vertex 17.8649 16.7211 3.19188
    endloop
  endfacet
  facet normal 0.980232 0.197853 0
    outer loop
      vertex 17.8649 16.7211 0.4
      vertex 18.0051 16.0265 3.19188
      vertex 18.0051 16.0265 0.4
    endloop
  endfacet
  facet normal 0.980232 0.197853 -0
    outer loop
      vertex 18.0051 16.0265 6.19188
      vertex 17.8649 16.7211 32.1865
      vertex 18.0051 16.0265 32.2675
    endloop
  endfacet
  facet normal 0.980232 0.197853 0
    outer loop
      vertex 17.8649 16.7211 32.1865
      vertex 18.0051 16.0265 6.19188
      vertex 17.8649 16.7211 6.19188
    endloop
  endfacet
  facet normal 0.233798 0.667384 -0.707063
    outer loop
      vertex 11.635 23.8489 0
      vertex 11.0718 24.0462 0
      vertex 11.7811 24.2215 0.4
    endloop
  endfacet
  facet normal 0.187293 -0.982304 0
    outer loop
      vertex 9.97896 -24.7067 0.4
      vertex 10.5884 -24.5905 3.19188
      vertex 9.97896 -24.7067 3.19188
    endloop
  endfacet
  facet normal 0.187293 -0.982304 0
    outer loop
      vertex 10.5884 -24.5905 3.19188
      vertex 9.97896 -24.7067 0.4
      vertex 10.5884 -24.5905 0.4
    endloop
  endfacet
  facet normal 0.187293 -0.982304 0
    outer loop
      vertex 10.5884 -24.5905 6.19188
      vertex 9.97896 -24.7067 27.6336
      vertex 9.97896 -24.7067 6.19188
    endloop
  endfacet
  facet normal 0.187293 -0.982304 0
    outer loop
      vertex 9.97896 -24.7067 27.6336
      vertex 10.5884 -24.5905 6.19188
      vertex 10.5884 -24.5905 27.9854
    endloop
  endfacet
  facet normal 0.327791 -0.626536 -0.707111
    outer loop
      vertex 12.9219 -23.6759 0.4
      vertex 12.1867 -23.6091 0
      vertex 12.7238 -23.3281 0
    endloop
  endfacet
  facet normal -0.412497 -0.574362 -0.707074
    outer loop
      vertex -13.2447 -23.0067 0
      vertex -13.9912 -22.963 0.4
      vertex -13.7468 -22.6461 0
    endloop
  endfacet
  facet normal 0.281889 0.648532 -0.707068
    outer loop
      vertex 12.1867 23.6091 0
      vertex 11.635 23.8489 0
      vertex 11.7811 24.2215 0.4
    endloop
  endfacet
  facet normal 0.683969 0.179697 -0.707033
    outer loop
      vertex 17.4751 16.6307 0
      vertex 17.3017 17.2907 0
      vertex 17.6855 17.4037 0.4
    endloop
  endfacet
  facet normal -0.330656 0.943751 0
    outer loop
      vertex -11.19 24.4286 0.4
      vertex -11.7811 24.2215 3.19188
      vertex -11.19 24.4286 3.19188
    endloop
  endfacet
  facet normal -0.330656 0.943751 0
    outer loop
      vertex -11.7811 24.2215 3.19188
      vertex -11.19 24.4286 0.4
      vertex -11.7811 24.2215 0.4
    endloop
  endfacet
  facet normal -0.330656 0.943751 0
    outer loop
      vertex -11.19 24.4286 6.19188
      vertex -11.7811 24.2215 15.0819
      vertex -11.19 24.4286 15.4232
    endloop
  endfacet
  facet normal -0.330656 0.943751 0
    outer loop
      vertex -11.7811 24.2215 15.0819
      vertex -11.19 24.4286 6.19188
      vertex -11.7811 24.2215 6.19188
    endloop
  endfacet
  facet normal 0.641736 0.297049 -0.707063
    outer loop
      vertex 17.213 18.7209 0.4
      vertex 16.845 18.5638 0
      vertex 16.9218 19.35 0.4
    endloop
  endfacet
  facet normal -0.880438 -0.47416 0
    outer loop
      vertex -16.5956 -19.9557 0.4
      vertex -16.9218 -19.35 3.19188
      vertex -16.9218 -19.35 0.4
    endloop
  endfacet
  facet normal -0.880438 -0.47416 0
    outer loop
      vertex -16.9218 -19.35 3.19188
      vertex -16.5956 -19.9557 0.4
      vertex -16.5956 -19.9557 3.19188
    endloop
  endfacet
  facet normal -0.880438 -0.47416 0
    outer loop
      vertex -16.5956 -19.9557 6.19188
      vertex -16.9218 -19.35 12.1139
      vertex -16.9218 -19.35 6.19188
    endloop
  endfacet
  facet normal -0.880438 -0.47416 0
    outer loop
      vertex -16.9218 -19.35 12.1139
      vertex -16.5956 -19.9557 6.19188
      vertex -16.5956 -19.9557 12.3022
    endloop
  endfacet
  facet normal -0.233817 0.667355 -0.707084
    outer loop
      vertex -11.0718 24.0462 0
      vertex -11.7811 24.2215 0.4
      vertex -11.19 24.4286 0.4
    endloop
  endfacet
  facet normal -0.57637 -0.409542 -0.707159
    outer loop
      vertex -15.844 -21.0869 0.4
      vertex -16.2358 -20.5355 0.4
      vertex -15.5254 -20.8446 0
    endloop
  endfacet
  facet normal -0.450811 0.54489 -0.707011
    outer loop
      vertex -14.2281 22.2479 0
      vertex -14.4933 22.5475 0.4
      vertex -13.7468 22.6461 0
    endloop
  endfacet
  facet normal 0.950798 0.309811 0
    outer loop
      vertex 17.6855 17.4037 3.19188
      vertex 17.468 18.0712 0.4
      vertex 17.468 18.0712 3.19188
    endloop
  endfacet
  facet normal 0.950798 0.309811 0
    outer loop
      vertex 17.468 18.0712 0.4
      vertex 17.6855 17.4037 3.19188
      vertex 17.6855 17.4037 0.4
    endloop
  endfacet
  facet normal 0.950798 0.309811 -0
    outer loop
      vertex 17.6855 17.4037 6.19188
      vertex 17.468 18.0712 31.9573
      vertex 17.6855 17.4037 32.083
    endloop
  endfacet
  facet normal 0.950798 0.309811 0
    outer loop
      vertex 17.468 18.0712 31.9573
      vertex 17.6855 17.4037 6.19188
      vertex 17.468 18.0712 6.19188
    endloop
  endfacet
  facet normal 0.519148 0.480031 -0.707146
    outer loop
      vertex 15.1192 21.3454 0
      vertex 14.686 21.8139 0
      vertex 15.4217 21.6075 0.4
    endloop
  endfacet
  facet normal -0.980232 -0.197853 0
    outer loop
      vertex -17.8649 -16.7211 0.4
      vertex -18.0051 -16.0265 3.19188
      vertex -18.0051 -16.0265 0.4
    endloop
  endfacet
  facet normal -0.980232 -0.197853 0
    outer loop
      vertex -18.0051 -16.0265 3.19188
      vertex -17.8649 -16.7211 0.4
      vertex -17.8649 -16.7211 3.19188
    endloop
  endfacet
  facet normal -0.980232 -0.197853 0
    outer loop
      vertex -17.8649 -16.7211 6.19188
      vertex -18.0051 -16.0265 11.4885
      vertex -18.0051 -16.0265 6.19188
    endloop
  endfacet
  facet normal -0.980232 -0.197853 0
    outer loop
      vertex -18.0051 -16.0265 11.4885
      vertex -17.8649 -16.7211 6.19188
      vertex -17.8649 -16.7211 11.5694
    endloop
  endfacet
  facet normal 0.641736 -0.297049 -0.707063
    outer loop
      vertex 16.9218 -19.35 0.4
      vertex 16.845 -18.5638 0
      vertex 17.213 -18.7209 0.4
    endloop
  endfacet
  facet normal 0.600846 0.37286 -0.707078
    outer loop
      vertex 16.2493 19.7552 0
      vertex 16.2358 20.5355 0.4
      vertex 16.5956 19.9557 0.4
    endloop
  endfacet
  facet normal 0.996387 -0.0849273 0
    outer loop
      vertex 18.1058 -15.3227 3.19188
      vertex 18.1663 -14.6129 0.4
      vertex 18.1663 -14.6129 3.19188
    endloop
  endfacet
  facet normal 0.996387 -0.0849273 0
    outer loop
      vertex 18.1663 -14.6129 0.4
      vertex 18.1058 -15.3227 3.19188
      vertex 18.1058 -15.3227 0.4
    endloop
  endfacet
  facet normal 0.996387 -0.0849273 0
    outer loop
      vertex 18.1058 -15.3227 32.3256
      vertex 18.1663 -14.6129 6.19188
      vertex 18.1663 -14.6129 32.3605
    endloop
  endfacet
  facet normal 0.996387 -0.0849273 0
    outer loop
      vertex 18.1663 -14.6129 6.19188
      vertex 18.1058 -15.3227 32.3256
      vertex 18.1058 -15.3227 6.19188
    endloop
  endfacet
  facet normal -0.700029 -0.10016 -0.707056
    outer loop
      vertex -18.0051 -16.0265 0.4
      vertex -18.1058 -15.3227 0.4
      vertex -17.6108 -15.9586 0
    endloop
  endfacet
  facet normal -0.132401 0.694638 -0.70707
    outer loop
      vertex -10.4989 24.2004 0
      vertex -10.5884 24.5905 0.4
      vertex -9.91864 24.311 0
    endloop
  endfacet
  facet normal -0.672302 0.219136 -0.707099
    outer loop
      vertex -17.3017 17.2907 0
      vertex -17.468 18.0712 0.4
      vertex -17.0913 17.9362 0
    endloop
  endfacet
  facet normal -0.687774 -0.725925 0
    outer loop
      vertex -14.9709 -22.095 0.4
      vertex -14.4933 -22.5475 3.19188
      vertex -14.9709 -22.095 3.19188
    endloop
  endfacet
  facet normal -0.687774 -0.725925 -0
    outer loop
      vertex -14.4933 -22.5475 3.19188
      vertex -14.9709 -22.095 0.4
      vertex -14.4933 -22.5475 0.4
    endloop
  endfacet
  facet normal -0.687774 -0.725925 0
    outer loop
      vertex -14.4933 -22.5475 6.19188
      vertex -14.9709 -22.095 13.2403
      vertex -14.9709 -22.095 6.19188
    endloop
  endfacet
  facet normal -0.687774 -0.725925 0
    outer loop
      vertex -14.9709 -22.095 13.2403
      vertex -14.4933 -22.5475 6.19188
      vertex -14.4933 -22.5475 13.516
    endloop
  endfacet
  facet normal 0.549142 -0.44541 -0.707144
    outer loop
      vertex 15.4217 -21.6075 0.4
      vertex 15.1192 -21.3454 0
      vertex 15.5254 -20.8446 0
    endloop
  endfacet
  facet normal 0.776616 0.629975 0
    outer loop
      vertex 15.844 21.0869 3.19188
      vertex 15.4217 21.6075 0.4
      vertex 15.4217 21.6075 3.19188
    endloop
  endfacet
  facet normal 0.776616 0.629975 0
    outer loop
      vertex 15.4217 21.6075 0.4
      vertex 15.844 21.0869 3.19188
      vertex 15.844 21.0869 0.4
    endloop
  endfacet
  facet normal 0.776616 0.629975 -0
    outer loop
      vertex 15.844 21.0869 6.19188
      vertex 15.4217 21.6075 30.7759
      vertex 15.844 21.0869 31.0197
    endloop
  endfacet
  facet normal 0.776616 0.629975 0
    outer loop
      vertex 15.4217 21.6075 30.7759
      vertex 15.844 21.0869 6.19188
      vertex 15.4217 21.6075 6.19188
    endloop
  endfacet
  facet normal -0.69998 0.100085 -0.707115
    outer loop
      vertex -17.7082 15.2774 0
      vertex -18.1058 15.3227 0.4
      vertex -17.6108 15.9586 0
    endloop
  endfacet
  facet normal -0.683903 -0.179742 -0.707085
    outer loop
      vertex -17.6855 -17.4037 0.4
      vertex -17.8649 -16.7211 0.4
      vertex -17.4751 -16.6307 0
    endloop
  endfacet
  facet normal -0.967155 -0.254186 0
    outer loop
      vertex -17.6855 -17.4037 0.4
      vertex -17.8649 -16.7211 3.19188
      vertex -17.8649 -16.7211 0.4
    endloop
  endfacet
  facet normal -0.967155 -0.254186 0
    outer loop
      vertex -17.8649 -16.7211 3.19188
      vertex -17.6855 -17.4037 0.4
      vertex -17.6855 -17.4037 3.19188
    endloop
  endfacet
  facet normal -0.967155 -0.254186 0
    outer loop
      vertex -17.6855 -17.4037 6.19188
      vertex -17.8649 -16.7211 11.5694
      vertex -17.8649 -16.7211 6.19188
    endloop
  endfacet
  facet normal -0.967155 -0.254186 0
    outer loop
      vertex -17.8649 -16.7211 11.5694
      vertex -17.6855 -17.4037 6.19188
      vertex -17.6855 -17.4037 11.673
    endloop
  endfacet
  facet normal -0.930868 -0.365355 0
    outer loop
      vertex -17.213 -18.7209 0.4
      vertex -17.468 -18.0712 3.19188
      vertex -17.468 -18.0712 0.4
    endloop
  endfacet
  facet normal -0.930868 -0.365355 0
    outer loop
      vertex -17.468 -18.0712 3.19188
      vertex -17.213 -18.7209 0.4
      vertex -17.213 -18.7209 3.19188
    endloop
  endfacet
  facet normal -0.930868 -0.365355 0
    outer loop
      vertex -17.213 -18.7209 6.19188
      vertex -17.468 -18.0712 11.7986
      vertex -17.468 -18.0712 6.19188
    endloop
  endfacet
  facet normal -0.930868 -0.365355 0
    outer loop
      vertex -17.468 -18.0712 11.7986
      vertex -17.213 -18.7209 6.19188
      vertex -17.213 -18.7209 11.9458
    endloop
  endfacet
  facet normal -0.28174 0.648495 -0.707161
    outer loop
      vertex -12.1867 23.6091 0
      vertex -12.3593 23.9703 0.4
      vertex -11.7811 24.2215 0.4
    endloop
  endfacet
  facet normal -0.704541 0.06007 -0.707117
    outer loop
      vertex -17.7668 14.5901 0
      vertex -18.1058 15.3227 0.4
      vertex -17.7082 15.2774 0
    endloop
  endfacet
  facet normal -0.371295 0.601766 -0.707119
    outer loop
      vertex -12.7238 23.3281 0
      vertex -13.2447 23.0067 0
      vertex -12.9219 23.6759 0.4
    endloop
  endfacet
  facet normal 0 -0.707107 -0.707107
    outer loop
      vertex -8.739 -24.4 0
      vertex 8.74684 -24.8 0.4
      vertex -8.74684 -24.8 0.4
    endloop
  endfacet
  facet normal 0 -0.707107 -0.707107
    outer loop
      vertex 8.74684 -24.8 0.4
      vertex -8.739 -24.4 0
      vertex 8.739 -24.4 0
    endloop
  endfacet
  facet normal -0.600846 0.37286 -0.707078
    outer loop
      vertex -16.2493 19.7552 0
      vertex -16.5956 19.9557 0.4
      vertex -16.2358 20.5355 0.4
    endloop
  endfacet
  facet normal -0.486499 0.51329 -0.707003
    outer loop
      vertex -14.2281 22.2479 0
      vertex -14.686 21.8139 0
      vertex -14.4933 22.5475 0.4
    endloop
  endfacet
  facet normal -0.583346 0.812224 0
    outer loop
      vertex -13.4667 23.3397 0.4
      vertex -13.9912 22.963 3.19188
      vertex -13.4667 23.3397 3.19188
    endloop
  endfacet
  facet normal -0.583346 0.812224 0
    outer loop
      vertex -13.9912 22.963 3.19188
      vertex -13.4667 23.3397 0.4
      vertex -13.9912 22.963 0.4
    endloop
  endfacet
  facet normal -0.583346 0.812224 0
    outer loop
      vertex -13.4667 23.3397 6.19188
      vertex -13.9912 22.963 13.8059
      vertex -13.4667 23.3397 14.1087
    endloop
  endfacet
  facet normal -0.583346 0.812224 0
    outer loop
      vertex -13.9912 22.963 13.8059
      vertex -13.4667 23.3397 6.19188
      vertex -13.9912 22.963 6.19188
    endloop
  endfacet
  facet normal -0.486327 0.513304 -0.707111
    outer loop
      vertex -14.686 21.8139 0
      vertex -14.9709 22.095 0.4
      vertex -14.4933 22.5475 0.4
    endloop
  endfacet
  facet normal -0.64164 0.297093 -0.707131
    outer loop
      vertex -16.845 18.5638 0
      vertex -16.9218 19.35 0.4
      vertex -16.5639 19.1709 0
    endloop
  endfacet
  facet normal 0.815169 0.579223 0
    outer loop
      vertex 16.2358 20.5355 3.19188
      vertex 15.844 21.0869 0.4
      vertex 15.844 21.0869 3.19188
    endloop
  endfacet
  facet normal 0.815169 0.579223 0
    outer loop
      vertex 15.844 21.0869 0.4
      vertex 16.2358 20.5355 3.19188
      vertex 16.2358 20.5355 0.4
    endloop
  endfacet
  facet normal 0.815169 0.579223 -0
    outer loop
      vertex 16.2358 20.5355 6.19188
      vertex 15.844 21.0869 31.0197
      vertex 16.2358 20.5355 31.246
    endloop
  endfacet
  facet normal 0.815169 0.579223 0
    outer loop
      vertex 15.844 21.0869 31.0197
      vertex 16.2358 20.5355 6.19188
      vertex 15.844 21.0869 6.19188
    endloop
  endfacet
  facet normal 0.576382 0.409715 -0.707048
    outer loop
      vertex 15.9025 20.3141 0
      vertex 15.5254 20.8446 0
      vertex 16.2358 20.5355 0.4
    endloop
  endfacet
  facet normal -0.700029 0.10016 -0.707056
    outer loop
      vertex -17.6108 15.9586 0
      vertex -18.1058 15.3227 0.4
      vertex -18.0051 16.0265 0.4
    endloop
  endfacet
  facet normal 0.583346 -0.812224 0
    outer loop
      vertex 13.4667 -23.3397 0.4
      vertex 13.9912 -22.963 3.19188
      vertex 13.4667 -23.3397 3.19188
    endloop
  endfacet
  facet normal 0.583346 -0.812224 0
    outer loop
      vertex 13.9912 -22.963 3.19188
      vertex 13.4667 -23.3397 0.4
      vertex 13.9912 -22.963 0.4
    endloop
  endfacet
  facet normal 0.583346 -0.812224 0
    outer loop
      vertex 13.9912 -22.963 6.19188
      vertex 13.4667 -23.3397 29.6472
      vertex 13.4667 -23.3397 6.19188
    endloop
  endfacet
  facet normal 0.583346 -0.812224 0
    outer loop
      vertex 13.4667 -23.3397 29.6472
      vertex 13.9912 -22.963 6.19188
      vertex 13.9912 -22.963 29.9501
    endloop
  endfacet
  facet normal 0.183766 -0.682851 -0.707068
    outer loop
      vertex 10.5884 -24.5905 0.4
      vertex 10.4989 -24.2004 0
      vertex 11.19 -24.4286 0.4
    endloop
  endfacet
  facet normal -0.412501 0.574348 -0.707083
    outer loop
      vertex -13.2447 23.0067 0
      vertex -13.9912 22.963 0.4
      vertex -13.4667 23.3397 0.4
    endloop
  endfacet
  facet normal -0.486499 -0.51329 -0.707003
    outer loop
      vertex -14.4933 -22.5475 0.4
      vertex -14.686 -21.8139 0
      vertex -14.2281 -22.2479 0
    endloop
  endfacet
  facet normal -0.281889 0.648532 -0.707068
    outer loop
      vertex -11.635 23.8489 0
      vertex -12.1867 23.6091 0
      vertex -11.7811 24.2215 0.4
    endloop
  endfacet
  facet normal 0.11314 0.993579 -0
    outer loop
      vertex 9.97896 24.7067 0.4
      vertex 9.36423 24.7767 3.19188
      vertex 9.97896 24.7067 3.19188
    endloop
  endfacet
  facet normal 0.11314 0.993579 0
    outer loop
      vertex 9.36423 24.7767 3.19188
      vertex 9.97896 24.7067 0.4
      vertex 9.36423 24.7767 0.4
    endloop
  endfacet
  facet normal 0.11314 0.993579 -0
    outer loop
      vertex 9.97896 24.7067 6.19188
      vertex 9.36423 24.7767 27.2787
      vertex 9.97896 24.7067 27.6336
    endloop
  endfacet
  facet normal 0.11314 0.993579 0
    outer loop
      vertex 9.36423 24.7767 27.2787
      vertex 9.97896 24.7067 6.19188
      vertex 9.36423 24.7767 6.19188
    endloop
  endfacet
  facet normal 0 0 -1
    outer loop
      vertex 8.739 -24.4 0
      vertex 17.7865 -13.894 0
      vertex 17.7668 -14.5901 0
    endloop
  endfacet
  facet normal 0 0 -1
    outer loop
      vertex 17.7865 -13.894 0
      vertex -17.7865 -13.894 0
      vertex 17.7865 13.894 0
    endloop
  endfacet
  facet normal 0 0 -1
    outer loop
      vertex 8.739 -24.4 0
      vertex 17.7668 -14.5901 0
      vertex 17.7082 -15.2774 0
    endloop
  endfacet
  facet normal 0 0 -1
    outer loop
      vertex -17.7865 13.894 0
      vertex 17.7865 13.894 0
      vertex -17.7865 -13.894 0
    endloop
  endfacet
  facet normal 0 0 -1
    outer loop
      vertex 8.739 -24.4 0
      vertex 17.7082 -15.2774 0
      vertex 17.6108 -15.9586 0
    endloop
  endfacet
  facet normal 0 -0 -1
    outer loop
      vertex 8.739 24.4 0
      vertex 17.7865 13.894 0
      vertex -17.7865 13.894 0
    endloop
  endfacet
  facet normal 0 0 -1
    outer loop
      vertex 8.739 -24.4 0
      vertex 17.6108 -15.9586 0
      vertex 17.4751 -16.6307 0
    endloop
  endfacet
  facet normal 0 0 -1
    outer loop
      vertex 17.7865 13.894 0
      vertex 8.739 24.4 0
      vertex 17.7668 14.5901 0
    endloop
  endfacet
  facet normal 0 0 -1
    outer loop
      vertex 8.739 -24.4 0
      vertex 17.4751 -16.6307 0
      vertex 17.3017 -17.2907 0
    endloop
  endfacet
  facet normal 0 0 -1
    outer loop
      vertex 17.7668 14.5901 0
      vertex 8.739 24.4 0
      vertex 17.7082 15.2774 0
    endloop
  endfacet
  facet normal 0 0 -1
    outer loop
      vertex 8.739 -24.4 0
      vertex 17.3017 -17.2907 0
      vertex 17.0913 -17.9362 0
    endloop
  endfacet
  facet normal 0 0 -1
    outer loop
      vertex 17.7082 15.2774 0
      vertex 8.739 24.4 0
      vertex 17.6108 15.9586 0
    endloop
  endfacet
  facet normal 0 0 -1
    outer loop
      vertex 8.739 -24.4 0
      vertex 17.0913 -17.9362 0
      vertex 16.845 -18.5638 0
    endloop
  endfacet
  facet normal 0 0 -1
    outer loop
      vertex 17.6108 15.9586 0
      vertex 8.739 24.4 0
      vertex 17.4751 16.6307 0
    endloop
  endfacet
  facet normal 0 0 -1
    outer loop
      vertex 8.739 -24.4 0
      vertex 16.845 -18.5638 0
      vertex 16.5639 -19.1709 0
    endloop
  endfacet
  facet normal 0 0 -1
    outer loop
      vertex 17.4751 16.6307 0
      vertex 8.739 24.4 0
      vertex 17.3017 17.2907 0
    endloop
  endfacet
  facet normal 0 0 -1
    outer loop
      vertex 8.739 -24.4 0
      vertex 16.5639 -19.1709 0
      vertex 16.2493 -19.7552 0
    endloop
  endfacet
  facet normal 0 0 -1
    outer loop
      vertex 17.3017 17.2907 0
      vertex 8.739 24.4 0
      vertex 17.0913 17.9362 0
    endloop
  endfacet
  facet normal 0 0 -1
    outer loop
      vertex 8.739 -24.4 0
      vertex 16.2493 -19.7552 0
      vertex 15.9025 -20.3141 0
    endloop
  endfacet
  facet normal 0 0 -1
    outer loop
      vertex 17.0913 17.9362 0
      vertex 8.739 24.4 0
      vertex 16.845 18.5638 0
    endloop
  endfacet
  facet normal 0 0 -1
    outer loop
      vertex 8.739 -24.4 0
      vertex 15.9025 -20.3141 0
      vertex 15.5254 -20.8446 0
    endloop
  endfacet
  facet normal 0 0 -1
    outer loop
      vertex 16.845 18.5638 0
      vertex 8.739 24.4 0
      vertex 16.5639 19.1709 0
    endloop
  endfacet
  facet normal 0 0 -1
    outer loop
      vertex 8.739 -24.4 0
      vertex 15.5254 -20.8446 0
      vertex 15.1192 -21.3454 0
    endloop
  endfacet
  facet normal 0 0 -1
    outer loop
      vertex 16.5639 19.1709 0
      vertex 8.739 24.4 0
      vertex 16.2493 19.7552 0
    endloop
  endfacet
  facet normal 0 0 -1
    outer loop
      vertex 8.739 -24.4 0
      vertex 15.1192 -21.3454 0
      vertex 14.686 -21.8139 0
    endloop
  endfacet
  facet normal 0 0 -1
    outer loop
      vertex 16.2493 19.7552 0
      vertex 8.739 24.4 0
      vertex 15.9025 20.3141 0
    endloop
  endfacet
  facet normal 0 0 -1
    outer loop
      vertex 8.739 -24.4 0
      vertex 14.686 -21.8139 0
      vertex 14.2281 -22.2479 0
    endloop
  endfacet
  facet normal 0 0 -1
    outer loop
      vertex 15.9025 20.3141 0
      vertex 8.739 24.4 0
      vertex 15.5254 20.8446 0
    endloop
  endfacet
  facet normal 0 0 -1
    outer loop
      vertex 8.739 -24.4 0
      vertex 14.2281 -22.2479 0
      vertex 13.7468 -22.6461 0
    endloop
  endfacet
  facet normal -0 0 -1
    outer loop
      vertex 17.7865 -13.894 0
      vertex 8.739 -24.4 0
      vertex -17.7865 -13.894 0
    endloop
  endfacet
  facet normal 0 0 -1
    outer loop
      vertex 8.739 -24.4 0
      vertex 13.7468 -22.6461 0
      vertex 13.2447 -23.0067 0
    endloop
  endfacet
  facet normal 0 0 -1
    outer loop
      vertex 15.5254 20.8446 0
      vertex 8.739 24.4 0
      vertex 15.1192 21.3454 0
    endloop
  endfacet
  facet normal 0 0 -1
    outer loop
      vertex 8.739 -24.4 0
      vertex 13.2447 -23.0067 0
      vertex 12.7238 -23.3281 0
    endloop
  endfacet
  facet normal 0 0 -1
    outer loop
      vertex 14.2281 22.2479 0
      vertex 8.739 24.4 0
      vertex 13.7468 22.6461 0
    endloop
  endfacet
  facet normal 0 0 -1
    outer loop
      vertex 8.739 -24.4 0
      vertex 12.7238 -23.3281 0
      vertex 12.1867 -23.6091 0
    endloop
  endfacet
  facet normal 0 0 -1
    outer loop
      vertex 13.7468 22.6461 0
      vertex 8.739 24.4 0
      vertex 13.2447 23.0067 0
    endloop
  endfacet
  facet normal 0 0 -1
    outer loop
      vertex 8.739 -24.4 0
      vertex 12.1867 -23.6091 0
      vertex 11.635 -23.8489 0
    endloop
  endfacet
  facet normal 0 0 -1
    outer loop
      vertex 13.2447 23.0067 0
      vertex 8.739 24.4 0
      vertex 12.7238 23.3281 0
    endloop
  endfacet
  facet normal 0 0 -1
    outer loop
      vertex 8.739 -24.4 0
      vertex 11.635 -23.8489 0
      vertex 11.0718 -24.0462 0
    endloop
  endfacet
  facet normal 0 0 -1
    outer loop
      vertex 12.7238 23.3281 0
      vertex 8.739 24.4 0
      vertex 12.1867 23.6091 0
    endloop
  endfacet
  facet normal 0 0 -1
    outer loop
      vertex 8.739 -24.4 0
      vertex 11.0718 -24.0462 0
      vertex 10.4989 -24.2004 0
    endloop
  endfacet
  facet normal 0 0 -1
    outer loop
      vertex 12.1867 23.6091 0
      vertex 8.739 24.4 0
      vertex 11.635 23.8489 0
    endloop
  endfacet
  facet normal 0 0 -1
    outer loop
      vertex 8.739 -24.4 0
      vertex 10.4989 -24.2004 0
      vertex 9.91864 -24.311 0
    endloop
  endfacet
  facet normal 0 0 -1
    outer loop
      vertex 11.635 23.8489 0
      vertex 8.739 24.4 0
      vertex 11.0718 24.0462 0
    endloop
  endfacet
  facet normal 0 0 -1
    outer loop
      vertex 8.739 -24.4 0
      vertex 9.91864 -24.311 0
      vertex 9.3342 -24.3775 0
    endloop
  endfacet
  facet normal 0 0 -1
    outer loop
      vertex 11.0718 24.0462 0
      vertex 8.739 24.4 0
      vertex 10.4989 24.2004 0
    endloop
  endfacet
  facet normal 0 0 -1
    outer loop
      vertex 10.4989 24.2004 0
      vertex 8.739 24.4 0
      vertex 9.91864 24.311 0
    endloop
  endfacet
  facet normal 0 0 -1
    outer loop
      vertex 9.91864 24.311 0
      vertex 8.739 24.4 0
      vertex 9.3342 24.3775 0
    endloop
  endfacet
  facet normal 0 0 -1
    outer loop
      vertex -17.7865 -13.894 0
      vertex 8.739 -24.4 0
      vertex -8.739 -24.4 0
    endloop
  endfacet
  facet normal 0 0 -1
    outer loop
      vertex 15.1192 21.3454 0
      vertex 8.739 24.4 0
      vertex 14.686 21.8139 0
    endloop
  endfacet
  facet normal 0 0 -1
    outer loop
      vertex -14.686 -21.8139 0
      vertex -8.739 -24.4 0
      vertex -9.3342 -24.3775 0
    endloop
  endfacet
  facet normal 0 0 -1
    outer loop
      vertex 14.686 21.8139 0
      vertex 8.739 24.4 0
      vertex 14.2281 22.2479 0
    endloop
  endfacet
  facet normal 0 0 -1
    outer loop
      vertex -14.686 -21.8139 0
      vertex -9.3342 -24.3775 0
      vertex -9.91864 -24.311 0
    endloop
  endfacet
  facet normal -0 0 -1
    outer loop
      vertex 8.739 24.4 0
      vertex -17.7865 13.894 0
      vertex -8.739 24.4 0
    endloop
  endfacet
  facet normal 0 0 -1
    outer loop
      vertex -14.686 -21.8139 0
      vertex -9.91864 -24.311 0
      vertex -10.4989 -24.2004 0
    endloop
  endfacet
  facet normal 0 -0 -1
    outer loop
      vertex -17.7082 15.2774 0
      vertex -8.739 24.4 0
      vertex -17.7865 13.894 0
    endloop
  endfacet
  facet normal 0 0 -1
    outer loop
      vertex -14.686 -21.8139 0
      vertex -10.4989 -24.2004 0
      vertex -11.0718 -24.0462 0
    endloop
  endfacet
  facet normal 0 -0 -1
    outer loop
      vertex -17.6108 15.9586 0
      vertex -8.739 24.4 0
      vertex -17.7082 15.2774 0
    endloop
  endfacet
  facet normal 0 0 -1
    outer loop
      vertex -14.686 -21.8139 0
      vertex -11.0718 -24.0462 0
      vertex -11.635 -23.8489 0
    endloop
  endfacet
  facet normal 0 -0 -1
    outer loop
      vertex -17.4751 16.6307 0
      vertex -8.739 24.4 0
      vertex -17.6108 15.9586 0
    endloop
  endfacet
  facet normal 0 0 -1
    outer loop
      vertex -14.686 -21.8139 0
      vertex -11.635 -23.8489 0
      vertex -12.1867 -23.6091 0
    endloop
  endfacet
  facet normal 0 -0 -1
    outer loop
      vertex -17.3017 17.2907 0
      vertex -8.739 24.4 0
      vertex -17.4751 16.6307 0
    endloop
  endfacet
  facet normal 0 0 -1
    outer loop
      vertex -13.2447 -23.0067 0
      vertex -12.1867 -23.6091 0
      vertex -12.7238 -23.3281 0
    endloop
  endfacet
  facet normal 0 -0 -1
    outer loop
      vertex -17.0913 17.9362 0
      vertex -8.739 24.4 0
      vertex -17.3017 17.2907 0
    endloop
  endfacet
  facet normal 0 0 -1
    outer loop
      vertex -13.7468 -22.6461 0
      vertex -12.1867 -23.6091 0
      vertex -13.2447 -23.0067 0
    endloop
  endfacet
  facet normal 0 -0 -1
    outer loop
      vertex -16.5639 19.1709 0
      vertex -8.739 24.4 0
      vertex -16.845 18.5638 0
    endloop
  endfacet
  facet normal 0 0 -1
    outer loop
      vertex -14.2281 -22.2479 0
      vertex -12.1867 -23.6091 0
      vertex -13.7468 -22.6461 0
    endloop
  endfacet
  facet normal 0 -0 -1
    outer loop
      vertex -16.2493 19.7552 0
      vertex -8.739 24.4 0
      vertex -16.5639 19.1709 0
    endloop
  endfacet
  facet normal 0 0 -1
    outer loop
      vertex -14.686 -21.8139 0
      vertex -12.1867 -23.6091 0
      vertex -14.2281 -22.2479 0
    endloop
  endfacet
  facet normal 0 0 -1
    outer loop
      vertex -12.1867 23.6091 0
      vertex -13.2447 23.0067 0
      vertex -12.7238 23.3281 0
    endloop
  endfacet
  facet normal 0 0 -1
    outer loop
      vertex -8.739 -24.4 0
      vertex -14.686 -21.8139 0
      vertex -15.1192 -21.3454 0
    endloop
  endfacet
  facet normal 0 0 -1
    outer loop
      vertex -12.1867 23.6091 0
      vertex -13.7468 22.6461 0
      vertex -13.2447 23.0067 0
    endloop
  endfacet
  facet normal 0 0 -1
    outer loop
      vertex -8.739 -24.4 0
      vertex -15.1192 -21.3454 0
      vertex -15.5254 -20.8446 0
    endloop
  endfacet
  facet normal 0 0 -1
    outer loop
      vertex -12.1867 23.6091 0
      vertex -14.2281 22.2479 0
      vertex -13.7468 22.6461 0
    endloop
  endfacet
  facet normal 0 0 -1
    outer loop
      vertex -8.739 -24.4 0
      vertex -15.5254 -20.8446 0
      vertex -15.9025 -20.3141 0
    endloop
  endfacet
  facet normal 0 0 -1
    outer loop
      vertex -12.1867 23.6091 0
      vertex -14.686 21.8139 0
      vertex -14.2281 22.2479 0
    endloop
  endfacet
  facet normal 0 0 -1
    outer loop
      vertex -8.739 -24.4 0
      vertex -15.9025 -20.3141 0
      vertex -16.2493 -19.7552 0
    endloop
  endfacet
  facet normal 0 0 -1
    outer loop
      vertex -11.635 23.8489 0
      vertex -14.686 21.8139 0
      vertex -12.1867 23.6091 0
    endloop
  endfacet
  facet normal 0 0 -1
    outer loop
      vertex -8.739 -24.4 0
      vertex -16.2493 -19.7552 0
      vertex -16.5639 -19.1709 0
    endloop
  endfacet
  facet normal 0 0 -1
    outer loop
      vertex -11.0718 24.0462 0
      vertex -14.686 21.8139 0
      vertex -11.635 23.8489 0
    endloop
  endfacet
  facet normal 0 0 -1
    outer loop
      vertex -8.739 -24.4 0
      vertex -16.5639 -19.1709 0
      vertex -16.845 -18.5638 0
    endloop
  endfacet
  facet normal 0 0 -1
    outer loop
      vertex -10.4989 24.2004 0
      vertex -14.686 21.8139 0
      vertex -11.0718 24.0462 0
    endloop
  endfacet
  facet normal 0 0 -1
    outer loop
      vertex -8.739 -24.4 0
      vertex -16.845 -18.5638 0
      vertex -17.0913 -17.9362 0
    endloop
  endfacet
  facet normal 0 0 -1
    outer loop
      vertex -9.91864 24.311 0
      vertex -14.686 21.8139 0
      vertex -10.4989 24.2004 0
    endloop
  endfacet
  facet normal 0 0 -1
    outer loop
      vertex -8.739 -24.4 0
      vertex -17.0913 -17.9362 0
      vertex -17.3017 -17.2907 0
    endloop
  endfacet
  facet normal 0 0 -1
    outer loop
      vertex -9.3342 24.3775 0
      vertex -14.686 21.8139 0
      vertex -9.91864 24.311 0
    endloop
  endfacet
  facet normal 0 0 -1
    outer loop
      vertex -8.739 -24.4 0
      vertex -17.3017 -17.2907 0
      vertex -17.4751 -16.6307 0
    endloop
  endfacet
  facet normal 0 0 -1
    outer loop
      vertex -8.739 24.4 0
      vertex -14.686 21.8139 0
      vertex -9.3342 24.3775 0
    endloop
  endfacet
  facet normal 0 0 -1
    outer loop
      vertex -8.739 -24.4 0
      vertex -17.4751 -16.6307 0
      vertex -17.6108 -15.9586 0
    endloop
  endfacet
  facet normal 0 -0 -1
    outer loop
      vertex -14.686 21.8139 0
      vertex -8.739 24.4 0
      vertex -15.1192 21.3454 0
    endloop
  endfacet
  facet normal 0 0 -1
    outer loop
      vertex -8.739 -24.4 0
      vertex -17.6108 -15.9586 0
      vertex -17.7082 -15.2774 0
    endloop
  endfacet
  facet normal 0 -0 -1
    outer loop
      vertex -15.1192 21.3454 0
      vertex -8.739 24.4 0
      vertex -15.5254 20.8446 0
    endloop
  endfacet
  facet normal 0 0 -1
    outer loop
      vertex -8.739 -24.4 0
      vertex -17.7082 -15.2774 0
      vertex -17.7865 -13.894 0
    endloop
  endfacet
  facet normal 0 -0 -1
    outer loop
      vertex -15.5254 20.8446 0
      vertex -8.739 24.4 0
      vertex -15.9025 20.3141 0
    endloop
  endfacet
  facet normal 0 0 -1
    outer loop
      vertex -17.7865 -13.894 0
      vertex -17.7082 -15.2774 0
      vertex -17.7668 -14.5901 0
    endloop
  endfacet
  facet normal 0 -0 -1
    outer loop
      vertex -15.9025 20.3141 0
      vertex -8.739 24.4 0
      vertex -16.2493 19.7552 0
    endloop
  endfacet
  facet normal 0 -0 -1
    outer loop
      vertex -16.845 18.5638 0
      vertex -8.739 24.4 0
      vertex -17.0913 17.9362 0
    endloop
  endfacet
  facet normal 0 0 -1
    outer loop
      vertex -17.7082 15.2774 0
      vertex -17.7865 13.894 0
      vertex -17.7668 14.5901 0
    endloop
  endfacet
  facet normal 0.450831 0.544795 -0.707071
    outer loop
      vertex 14.4933 22.5475 0.4
      vertex 13.7468 22.6461 0
      vertex 13.9912 22.963 0.4
    endloop
  endfacet
  facet normal 0.637539 0.770418 -0
    outer loop
      vertex 14.4933 22.5475 0.4
      vertex 13.9912 22.963 3.19188
      vertex 14.4933 22.5475 3.19188
    endloop
  endfacet
  facet normal 0.637539 0.770418 0
    outer loop
      vertex 13.9912 22.963 3.19188
      vertex 14.4933 22.5475 0.4
      vertex 13.9912 22.963 0.4
    endloop
  endfacet
  facet normal 0.637539 0.770418 -0
    outer loop
      vertex 14.4933 22.5475 6.19188
      vertex 13.9912 22.963 29.9501
      vertex 14.4933 22.5475 30.2399
    endloop
  endfacet
  facet normal 0.637539 0.770418 0
    outer loop
      vertex 13.9912 22.963 29.9501
      vertex 14.4933 22.5475 6.19188
      vertex 13.9912 22.963 6.19188
    endloop
  endfacet
  facet normal 0.60088 0.372849 -0.707055
    outer loop
      vertex 16.2493 19.7552 0
      vertex 15.9025 20.3141 0
      vertex 16.2358 20.5355 0.4
    endloop
  endfacet
  facet normal 0.683969 -0.179697 -0.707033
    outer loop
      vertex 17.6855 -17.4037 0.4
      vertex 17.3017 -17.2907 0
      vertex 17.4751 -16.6307 0
    endloop
  endfacet
  facet normal -0.658259 -0.258359 -0.707069
    outer loop
      vertex -17.213 -18.7209 0.4
      vertex -17.468 -18.0712 0.4
      vertex -16.845 -18.5638 0
    endloop
  endfacet
  facet normal 0.815169 -0.579223 0
    outer loop
      vertex 15.844 -21.0869 3.19188
      vertex 16.2358 -20.5355 0.4
      vertex 16.2358 -20.5355 3.19188
    endloop
  endfacet
  facet normal 0.815169 -0.579223 0
    outer loop
      vertex 16.2358 -20.5355 0.4
      vertex 15.844 -21.0869 3.19188
      vertex 15.844 -21.0869 0.4
    endloop
  endfacet
  facet normal 0.815169 -0.579223 0
    outer loop
      vertex 15.844 -21.0869 31.0197
      vertex 16.2358 -20.5355 6.19188
      vertex 16.2358 -20.5355 31.246
    endloop
  endfacet
  facet normal 0.815169 -0.579223 0
    outer loop
      vertex 16.2358 -20.5355 6.19188
      vertex 15.844 -21.0869 31.0197
      vertex 15.844 -21.0869 6.19188
    endloop
  endfacet
  facet normal 0.622572 -0.335207 -0.707135
    outer loop
      vertex 16.9218 -19.35 0.4
      vertex 16.2493 -19.7552 0
      vertex 16.5639 -19.1709 0
    endloop
  endfacet
  facet normal 0.281889 -0.648532 -0.707068
    outer loop
      vertex 11.7811 -24.2215 0.4
      vertex 11.635 -23.8489 0
      vertex 12.1867 -23.6091 0
    endloop
  endfacet
  facet normal 0.52516 -0.851003 0
    outer loop
      vertex 12.9219 -23.6759 0.4
      vertex 13.4667 -23.3397 3.19188
      vertex 12.9219 -23.6759 3.19188
    endloop
  endfacet
  facet normal 0.52516 -0.851003 0
    outer loop
      vertex 13.4667 -23.3397 3.19188
      vertex 12.9219 -23.6759 0.4
      vertex 13.4667 -23.3397 0.4
    endloop
  endfacet
  facet normal 0.52516 -0.851003 0
    outer loop
      vertex 13.4667 -23.3397 6.19188
      vertex 12.9219 -23.6759 29.3327
      vertex 12.9219 -23.6759 6.19188
    endloop
  endfacet
  facet normal 0.52516 -0.851003 0
    outer loop
      vertex 12.9219 -23.6759 29.3327
      vertex 13.4667 -23.3397 6.19188
      vertex 13.4667 -23.3397 29.6472
    endloop
  endfacet
  facet normal 0.704541 0.06007 -0.707117
    outer loop
      vertex 17.7668 14.5901 0
      vertex 17.7082 15.2774 0
      vertex 18.1058 15.3227 0.4
    endloop
  endfacet
  facet normal 0.658259 0.258359 -0.707069
    outer loop
      vertex 17.468 18.0712 0.4
      vertex 16.845 18.5638 0
      vertex 17.213 18.7209 0.4
    endloop
  endfacet
  facet normal -0.132401 -0.694638 -0.70707
    outer loop
      vertex -9.91864 -24.311 0
      vertex -10.5884 -24.5905 0.4
      vertex -10.4989 -24.2004 0
    endloop
  endfacet
  facet normal 0.132437 -0.694598 -0.707103
    outer loop
      vertex 9.97896 -24.7067 0.4
      vertex 9.91864 -24.311 0
      vertex 10.5884 -24.5905 0.4
    endloop
  endfacet
  facet normal 0.687774 -0.725925 0
    outer loop
      vertex 14.4933 -22.5475 0.4
      vertex 14.9709 -22.095 3.19188
      vertex 14.4933 -22.5475 3.19188
    endloop
  endfacet
  facet normal 0.687774 -0.725925 0
    outer loop
      vertex 14.9709 -22.095 3.19188
      vertex 14.4933 -22.5475 0.4
      vertex 14.9709 -22.095 0.4
    endloop
  endfacet
  facet normal 0.687774 -0.725925 0
    outer loop
      vertex 14.9709 -22.095 6.19188
      vertex 14.4933 -22.5475 30.2399
      vertex 14.4933 -22.5475 6.19188
    endloop
  endfacet
  facet normal 0.687774 -0.725925 0
    outer loop
      vertex 14.4933 -22.5475 30.2399
      vertex 14.9709 -22.095 6.19188
      vertex 14.9709 -22.095 30.5156
    endloop
  endfacet
  facet normal -0.776616 -0.629975 0
    outer loop
      vertex -15.4217 -21.6075 0.4
      vertex -15.844 -21.0869 3.19188
      vertex -15.844 -21.0869 0.4
    endloop
  endfacet
  facet normal -0.776616 -0.629975 0
    outer loop
      vertex -15.844 -21.0869 3.19188
      vertex -15.4217 -21.6075 0.4
      vertex -15.4217 -21.6075 3.19188
    endloop
  endfacet
  facet normal -0.776616 -0.629975 0
    outer loop
      vertex -15.4217 -21.6075 6.19188
      vertex -15.844 -21.0869 12.7362
      vertex -15.844 -21.0869 6.19188
    endloop
  endfacet
  facet normal -0.776616 -0.629975 0
    outer loop
      vertex -15.844 -21.0869 12.7362
      vertex -15.4217 -21.6075 6.19188
      vertex -15.4217 -21.6075 12.98
    endloop
  endfacet
  facet normal 0.330656 -0.943751 0
    outer loop
      vertex 11.19 -24.4286 0.4
      vertex 11.7811 -24.2215 3.19188
      vertex 11.19 -24.4286 3.19188
    endloop
  endfacet
  facet normal 0.330656 -0.943751 0
    outer loop
      vertex 11.7811 -24.2215 3.19188
      vertex 11.19 -24.4286 0.4
      vertex 11.7811 -24.2215 0.4
    endloop
  endfacet
  facet normal 0.330656 -0.943751 0
    outer loop
      vertex 11.7811 -24.2215 6.19188
      vertex 11.19 -24.4286 28.3328
      vertex 11.19 -24.4286 6.19188
    endloop
  endfacet
  facet normal 0.330656 -0.943751 0
    outer loop
      vertex 11.19 -24.4286 28.3328
      vertex 11.7811 -24.2215 6.19188
      vertex 11.7811 -24.2215 28.674
    endloop
  endfacet
  facet normal 0.0377127 -0.999289 0
    outer loop
      vertex 8.74684 -24.8 0.4
      vertex 9.36423 -24.7767 3.19188
      vertex 8.74684 -24.8 3.19188
    endloop
  endfacet
  facet normal 0.0377127 -0.999289 0
    outer loop
      vertex 9.36423 -24.7767 3.19188
      vertex 8.74684 -24.8 0.4
      vertex 9.36423 -24.7767 0.4
    endloop
  endfacet
  facet normal 0.0377127 -0.999289 0
    outer loop
      vertex 9.36423 -24.7767 6.19188
      vertex 8.74684 -24.8 26.9222
      vertex 8.74684 -24.8 6.19188
    endloop
  endfacet
  facet normal 0.0377127 -0.999289 0
    outer loop
      vertex 8.74684 -24.8 26.9222
      vertex 9.36423 -24.7767 6.19188
      vertex 9.36423 -24.7767 27.2787
    endloop
  endfacet
  facet normal 0.907494 0.420064 0
    outer loop
      vertex 17.213 18.7209 3.19188
      vertex 16.9218 19.35 0.4
      vertex 16.9218 19.35 3.19188
    endloop
  endfacet
  facet normal 0.907494 0.420064 0
    outer loop
      vertex 16.9218 19.35 0.4
      vertex 17.213 18.7209 3.19188
      vertex 17.213 18.7209 0.4
    endloop
  endfacet
  facet normal 0.907494 0.420064 -0
    outer loop
      vertex 17.213 18.7209 6.19188
      vertex 16.9218 19.35 31.642
      vertex 17.213 18.7209 31.8102
    endloop
  endfacet
  facet normal 0.907494 0.420064 0
    outer loop
      vertex 16.9218 19.35 31.642
      vertex 17.213 18.7209 6.19188
      vertex 16.9218 19.35 6.19188
    endloop
  endfacet
  facet normal 0.233798 -0.667384 -0.707063
    outer loop
      vertex 11.7811 -24.2215 0.4
      vertex 11.0718 -24.0462 0
      vertex 11.635 -23.8489 0
    endloop
  endfacet
  facet normal 0.693146 -0.139906 -0.707089
    outer loop
      vertex 17.8649 -16.7211 0.4
      vertex 17.4751 -16.6307 0
      vertex 18.0051 -16.0265 0.4
    endloop
  endfacet
  facet normal -0.576382 -0.409715 -0.707048
    outer loop
      vertex -15.5254 -20.8446 0
      vertex -16.2358 -20.5355 0.4
      vertex -15.9025 -20.3141 0
    endloop
  endfacet
  facet normal -0.704541 -0.06007 -0.707117
    outer loop
      vertex -17.7082 -15.2774 0
      vertex -18.1058 -15.3227 0.4
      vertex -17.7668 -14.5901 0
    endloop
  endfacet
  facet normal -0.327822 0.626469 -0.707156
    outer loop
      vertex -12.1867 23.6091 0
      vertex -12.9219 23.6759 0.4
      vertex -12.3593 23.9703 0.4
    endloop
  endfacet
  facet normal -0.641736 -0.297049 -0.707063
    outer loop
      vertex -16.9218 -19.35 0.4
      vertex -17.213 -18.7209 0.4
      vertex -16.845 -18.5638 0
    endloop
  endfacet
  facet normal 0.693146 0.139906 -0.707089
    outer loop
      vertex 18.0051 16.0265 0.4
      vertex 17.4751 16.6307 0
      vertex 17.8649 16.7211 0.4
    endloop
  endfacet
  facet normal 0.683903 0.179742 -0.707085
    outer loop
      vertex 17.8649 16.7211 0.4
      vertex 17.4751 16.6307 0
      vertex 17.6855 17.4037 0.4
    endloop
  endfacet
  facet normal -0.693173 0.139955 -0.707053
    outer loop
      vertex -17.6108 15.9586 0
      vertex -18.0051 16.0265 0.4
      vertex -17.4751 16.6307 0
    endloop
  endfacet
  facet normal -0.815169 -0.579223 0
    outer loop
      vertex -15.844 -21.0869 0.4
      vertex -16.2358 -20.5355 3.19188
      vertex -16.2358 -20.5355 0.4
    endloop
  endfacet
  facet normal -0.815169 -0.579223 0
    outer loop
      vertex -16.2358 -20.5355 3.19188
      vertex -15.844 -21.0869 0.4
      vertex -15.844 -21.0869 3.19188
    endloop
  endfacet
  facet normal -0.815169 -0.579223 0
    outer loop
      vertex -15.844 -21.0869 6.19188
      vertex -16.2358 -20.5355 12.51
      vertex -16.2358 -20.5355 6.19188
    endloop
  endfacet
  facet normal -0.815169 -0.579223 0
    outer loop
      vertex -16.2358 -20.5355 12.51
      vertex -15.844 -21.0869 6.19188
      vertex -15.844 -21.0869 12.7362
    endloop
  endfacet
  facet normal -0.450831 -0.544795 -0.707071
    outer loop
      vertex -13.9912 -22.963 0.4
      vertex -14.4933 -22.5475 0.4
      vertex -13.7468 -22.6461 0
    endloop
  endfacet
  facet normal -0.637539 -0.770418 0
    outer loop
      vertex -14.4933 -22.5475 0.4
      vertex -13.9912 -22.963 3.19188
      vertex -14.4933 -22.5475 3.19188
    endloop
  endfacet
  facet normal -0.637539 -0.770418 -0
    outer loop
      vertex -13.9912 -22.963 3.19188
      vertex -14.4933 -22.5475 0.4
      vertex -13.9912 -22.963 0.4
    endloop
  endfacet
  facet normal -0.637539 -0.770418 0
    outer loop
      vertex -13.9912 -22.963 6.19188
      vertex -14.4933 -22.5475 13.516
      vertex -14.4933 -22.5475 6.19188
    endloop
  endfacet
  facet normal -0.637539 -0.770418 0
    outer loop
      vertex -14.4933 -22.5475 13.516
      vertex -13.9912 -22.963 6.19188
      vertex -13.9912 -22.963 13.8059
    endloop
  endfacet
  facet normal -0.683969 0.179697 -0.707033
    outer loop
      vertex -17.4751 16.6307 0
      vertex -17.6855 17.4037 0.4
      vertex -17.3017 17.2907 0
    endloop
  endfacet
  facet normal -0.672379 0.21909 -0.70704
    outer loop
      vertex -17.3017 17.2907 0
      vertex -17.6855 17.4037 0.4
      vertex -17.468 18.0712 0.4
    endloop
  endfacet
  facet normal -0.622591 -0.335297 -0.707076
    outer loop
      vertex -16.5956 -19.9557 0.4
      vertex -16.9218 -19.35 0.4
      vertex -16.2493 -19.7552 0
    endloop
  endfacet
  facet normal -0.907494 -0.420064 0
    outer loop
      vertex -16.9218 -19.35 0.4
      vertex -17.213 -18.7209 3.19188
      vertex -17.213 -18.7209 0.4
    endloop
  endfacet
  facet normal -0.907494 -0.420064 0
    outer loop
      vertex -17.213 -18.7209 3.19188
      vertex -16.9218 -19.35 0.4
      vertex -16.9218 -19.35 3.19188
    endloop
  endfacet
  facet normal -0.907494 -0.420064 0
    outer loop
      vertex -16.9218 -19.35 6.19188
      vertex -17.213 -18.7209 11.9458
      vertex -17.213 -18.7209 6.19188
    endloop
  endfacet
  facet normal -0.907494 -0.420064 0
    outer loop
      vertex -17.213 -18.7209 11.9458
      vertex -16.9218 -19.35 6.19188
      vertex -16.9218 -19.35 12.1139
    endloop
  endfacet
  facet normal 0.398471 -0.917181 0
    outer loop
      vertex 11.7811 -24.2215 0.4
      vertex 12.3593 -23.9703 3.19188
      vertex 11.7811 -24.2215 3.19188
    endloop
  endfacet
  facet normal 0.398471 -0.917181 0
    outer loop
      vertex 12.3593 -23.9703 3.19188
      vertex 11.7811 -24.2215 0.4
      vertex 12.3593 -23.9703 0.4
    endloop
  endfacet
  facet normal 0.398471 -0.917181 0
    outer loop
      vertex 12.3593 -23.9703 6.19188
      vertex 11.7811 -24.2215 28.674
      vertex 11.7811 -24.2215 6.19188
    endloop
  endfacet
  facet normal 0.398471 -0.917181 0
    outer loop
      vertex 11.7811 -24.2215 28.674
      vertex 12.3593 -23.9703 6.19188
      vertex 12.3593 -23.9703 29.0078
    endloop
  endfacet
  facet normal 0.622591 0.335297 -0.707076
    outer loop
      vertex 16.9218 19.35 0.4
      vertex 16.2493 19.7552 0
      vertex 16.5956 19.9557 0.4
    endloop
  endfacet
  facet normal -0.84969 -0.527283 0
    outer loop
      vertex -16.2358 -20.5355 0.4
      vertex -16.5956 -19.9557 3.19188
      vertex -16.5956 -19.9557 0.4
    endloop
  endfacet
  facet normal -0.84969 -0.527283 0
    outer loop
      vertex -16.5956 -19.9557 3.19188
      vertex -16.2358 -20.5355 0.4
      vertex -16.2358 -20.5355 3.19188
    endloop
  endfacet
  facet normal -0.84969 -0.527283 0
    outer loop
      vertex -16.2358 -20.5355 6.19188
      vertex -16.5956 -19.9557 12.3022
      vertex -16.5956 -19.9557 6.19188
    endloop
  endfacet
  facet normal -0.84969 -0.527283 0
    outer loop
      vertex -16.5956 -19.9557 12.3022
      vertex -16.2358 -20.5355 6.19188
      vertex -16.2358 -20.5355 12.51
    endloop
  endfacet
  facet normal 0.132401 0.694638 -0.70707
    outer loop
      vertex 10.4989 24.2004 0
      vertex 9.91864 24.311 0
      vertex 10.5884 24.5905 0.4
    endloop
  endfacet
  facet normal -0.622572 0.335207 -0.707135
    outer loop
      vertex -16.5639 19.1709 0
      vertex -16.9218 19.35 0.4
      vertex -16.2493 19.7552 0
    endloop
  endfacet
  facet normal 0.412497 -0.574362 -0.707074
    outer loop
      vertex 13.9912 -22.963 0.4
      vertex 13.2447 -23.0067 0
      vertex 13.7468 -22.6461 0
    endloop
  endfacet
  facet normal -0.0266653 0.706561 -0.70715
    outer loop
      vertex -9.3342 24.3775 0
      vertex -9.36423 24.7767 0.4
      vertex -8.74684 24.8 0.4
    endloop
  endfacet
  facet normal -0.706837 0.0200039 -0.707094
    outer loop
      vertex -17.7865 13.894 0
      vertex -18.1663 14.6129 0.4
      vertex -17.7668 14.5901 0
    endloop
  endfacet
  facet normal -0.0799381 0.702542 -0.707138
    outer loop
      vertex -9.3342 24.3775 0
      vertex -9.91864 24.311 0
      vertex -9.36423 24.7767 0.4
    endloop
  endfacet
  facet normal -0.658248 -0.258328 -0.70709
    outer loop
      vertex -16.845 -18.5638 0
      vertex -17.468 -18.0712 0.4
      vertex -17.0913 -17.9362 0
    endloop
  endfacet
  facet normal -0.641736 0.297049 -0.707063
    outer loop
      vertex -16.845 18.5638 0
      vertex -17.213 18.7209 0.4
      vertex -16.9218 19.35 0.4
    endloop
  endfacet
  facet normal 0.672302 -0.219136 -0.707099
    outer loop
      vertex 17.468 -18.0712 0.4
      vertex 17.0913 -17.9362 0
      vertex 17.3017 -17.2907 0
    endloop
  endfacet
  facet normal -0.519148 0.480031 -0.707146
    outer loop
      vertex -15.1192 21.3454 0
      vertex -15.4217 21.6075 0.4
      vertex -14.686 21.8139 0
    endloop
  endfacet
  facet normal -0.60088 0.372849 -0.707055
    outer loop
      vertex -15.9025 20.3141 0
      vertex -16.2493 19.7552 0
      vertex -16.2358 20.5355 0.4
    endloop
  endfacet
  facet normal -0.327791 0.626536 -0.707111
    outer loop
      vertex -12.7238 23.3281 0
      vertex -12.9219 23.6759 0.4
      vertex -12.1867 23.6091 0
    endloop
  endfacet
  facet normal -0.549142 0.44541 -0.707144
    outer loop
      vertex -15.1192 21.3454 0
      vertex -15.5254 20.8446 0
      vertex -15.4217 21.6075 0.4
    endloop
  endfacet
  facet normal -0.5491 0.445419 -0.707171
    outer loop
      vertex -15.5254 20.8446 0
      vertex -15.844 21.0869 0.4
      vertex -15.4217 21.6075 0.4
    endloop
  endfacet
  facet normal -0.187293 -0.982304 0
    outer loop
      vertex -10.5884 -24.5905 0.4
      vertex -9.97896 -24.7067 3.19188
      vertex -10.5884 -24.5905 3.19188
    endloop
  endfacet
  facet normal -0.187293 -0.982304 -0
    outer loop
      vertex -9.97896 -24.7067 3.19188
      vertex -10.5884 -24.5905 0.4
      vertex -9.97896 -24.7067 0.4
    endloop
  endfacet
  facet normal -0.187293 -0.982304 0
    outer loop
      vertex -9.97896 -24.7067 6.19188
      vertex -10.5884 -24.5905 15.7705
      vertex -10.5884 -24.5905 6.19188
    endloop
  endfacet
  facet normal -0.187293 -0.982304 0
    outer loop
      vertex -10.5884 -24.5905 15.7705
      vertex -9.97896 -24.7067 6.19188
      vertex -9.97896 -24.7067 16.1224
    endloop
  endfacet
  facet normal 0.132437 0.694598 -0.707103
    outer loop
      vertex 10.5884 24.5905 0.4
      vertex 9.91864 24.311 0
      vertex 9.97896 24.7067 0.4
    endloop
  endfacet
  facet normal 0.0799381 -0.702542 -0.707138
    outer loop
      vertex 9.36423 -24.7767 0.4
      vertex 9.3342 -24.3775 0
      vertex 9.91864 -24.311 0
    endloop
  endfacet
  facet normal 0.734203 -0.67893 0
    outer loop
      vertex 14.9709 -22.095 3.19188
      vertex 15.4217 -21.6075 0.4
      vertex 15.4217 -21.6075 3.19188
    endloop
  endfacet
  facet normal 0.734203 -0.67893 0
    outer loop
      vertex 15.4217 -21.6075 0.4
      vertex 14.9709 -22.095 3.19188
      vertex 14.9709 -22.095 0.4
    endloop
  endfacet
  facet normal 0.734203 -0.67893 0
    outer loop
      vertex 14.9709 -22.095 30.5156
      vertex 15.4217 -21.6075 6.19188
      vertex 15.4217 -21.6075 30.7759
    endloop
  endfacet
  facet normal 0.734203 -0.67893 0
    outer loop
      vertex 15.4217 -21.6075 6.19188
      vertex 14.9709 -22.095 30.5156
      vertex 14.9709 -22.095 6.19188
    endloop
  endfacet
  facet normal 0.132401 -0.694638 -0.70707
    outer loop
      vertex 10.5884 -24.5905 0.4
      vertex 9.91864 -24.311 0
      vertex 10.4989 -24.2004 0
    endloop
  endfacet
  facet normal -0.327822 -0.626469 -0.707156
    outer loop
      vertex -12.3593 -23.9703 0.4
      vertex -12.9219 -23.6759 0.4
      vertex -12.1867 -23.6091 0
    endloop
  endfacet
  facet normal -0.0800037 0.702581 -0.707092
    outer loop
      vertex -9.91864 24.311 0
      vertex -9.97896 24.7067 0.4
      vertex -9.36423 24.7767 0.4
    endloop
  endfacet
  facet normal -0.132437 0.694598 -0.707103
    outer loop
      vertex -9.91864 24.311 0
      vertex -10.5884 24.5905 0.4
      vertex -9.97896 24.7067 0.4
    endloop
  endfacet
  facet normal 0.183766 0.682851 -0.707068
    outer loop
      vertex 11.19 24.4286 0.4
      vertex 10.4989 24.2004 0
      vertex 10.5884 24.5905 0.4
    endloop
  endfacet
  facet normal 0.187293 0.982304 -0
    outer loop
      vertex 10.5884 24.5905 0.4
      vertex 9.97896 24.7067 3.19188
      vertex 10.5884 24.5905 3.19188
    endloop
  endfacet
  facet normal 0.187293 0.982304 0
    outer loop
      vertex 9.97896 24.7067 3.19188
      vertex 10.5884 24.5905 0.4
      vertex 9.97896 24.7067 0.4
    endloop
  endfacet
  facet normal 0.187293 0.982304 -0
    outer loop
      vertex 10.5884 24.5905 6.19188
      vertex 9.97896 24.7067 27.6336
      vertex 10.5884 24.5905 27.9854
    endloop
  endfacet
  facet normal 0.187293 0.982304 0
    outer loop
      vertex 9.97896 24.7067 27.6336
      vertex 10.5884 24.5905 6.19188
      vertex 9.97896 24.7067 6.19188
    endloop
  endfacet
  facet normal 0.5491 0.445419 -0.707171
    outer loop
      vertex 15.5254 20.8446 0
      vertex 15.4217 21.6075 0.4
      vertex 15.844 21.0869 0.4
    endloop
  endfacet
  facet normal 0.0799381 0.702542 -0.707138
    outer loop
      vertex 9.91864 24.311 0
      vertex 9.3342 24.3775 0
      vertex 9.36423 24.7767 0.4
    endloop
  endfacet
  facet normal 0.84969 -0.527283 0
    outer loop
      vertex 16.2358 -20.5355 3.19188
      vertex 16.5956 -19.9557 0.4
      vertex 16.5956 -19.9557 3.19188
    endloop
  endfacet
  facet normal 0.84969 -0.527283 0
    outer loop
      vertex 16.5956 -19.9557 0.4
      vertex 16.2358 -20.5355 3.19188
      vertex 16.2358 -20.5355 0.4
    endloop
  endfacet
  facet normal 0.84969 -0.527283 0
    outer loop
      vertex 16.2358 -20.5355 31.246
      vertex 16.5956 -19.9557 6.19188
      vertex 16.5956 -19.9557 31.4537
    endloop
  endfacet
  facet normal 0.84969 -0.527283 0
    outer loop
      vertex 16.5956 -19.9557 6.19188
      vertex 16.2358 -20.5355 31.246
      vertex 16.2358 -20.5355 6.19188
    endloop
  endfacet
  facet normal 0.60088 -0.372849 -0.707055
    outer loop
      vertex 16.2358 -20.5355 0.4
      vertex 15.9025 -20.3141 0
      vertex 16.2493 -19.7552 0
    endloop
  endfacet
  facet normal 0.600846 -0.37286 -0.707078
    outer loop
      vertex 16.5956 -19.9557 0.4
      vertex 16.2358 -20.5355 0.4
      vertex 16.2493 -19.7552 0
    endloop
  endfacet
  facet normal -0.0800037 -0.702581 -0.707092
    outer loop
      vertex -9.36423 -24.7767 0.4
      vertex -9.97896 -24.7067 0.4
      vertex -9.91864 -24.311 0
    endloop
  endfacet
  facet normal 0.57637 -0.409542 -0.707159
    outer loop
      vertex 15.844 -21.0869 0.4
      vertex 15.5254 -20.8446 0
      vertex 16.2358 -20.5355 0.4
    endloop
  endfacet
  facet normal -0.371358 -0.601773 -0.70708
    outer loop
      vertex -12.9219 -23.6759 0.4
      vertex -13.4667 -23.3397 0.4
      vertex -13.2447 -23.0067 0
    endloop
  endfacet
  facet normal -0.412501 -0.574348 -0.707083
    outer loop
      vertex -13.4667 -23.3397 0.4
      vertex -13.9912 -22.963 0.4
      vertex -13.2447 -23.0067 0
    endloop
  endfacet
  facet normal 0.25987 -0.965644 0
    outer loop
      vertex 10.5884 -24.5905 0.4
      vertex 11.19 -24.4286 3.19188
      vertex 10.5884 -24.5905 3.19188
    endloop
  endfacet
  facet normal 0.25987 -0.965644 0
    outer loop
      vertex 11.19 -24.4286 3.19188
      vertex 10.5884 -24.5905 0.4
      vertex 11.19 -24.4286 0.4
    endloop
  endfacet
  facet normal 0.25987 -0.965644 0
    outer loop
      vertex 11.19 -24.4286 6.19188
      vertex 10.5884 -24.5905 27.9854
      vertex 10.5884 -24.5905 6.19188
    endloop
  endfacet
  facet normal 0.25987 -0.965644 0
    outer loop
      vertex 10.5884 -24.5905 27.9854
      vertex 11.19 -24.4286 6.19188
      vertex 11.19 -24.4286 28.3328
    endloop
  endfacet
  facet normal 0.683903 -0.179742 -0.707085
    outer loop
      vertex 17.6855 -17.4037 0.4
      vertex 17.4751 -16.6307 0
      vertex 17.8649 -16.7211 0.4
    endloop
  endfacet
  facet normal 0.950798 -0.309811 0
    outer loop
      vertex 17.468 -18.0712 3.19188
      vertex 17.6855 -17.4037 0.4
      vertex 17.6855 -17.4037 3.19188
    endloop
  endfacet
  facet normal 0.950798 -0.309811 0
    outer loop
      vertex 17.6855 -17.4037 0.4
      vertex 17.468 -18.0712 3.19188
      vertex 17.468 -18.0712 0.4
    endloop
  endfacet
  facet normal 0.950798 -0.309811 0
    outer loop
      vertex 17.468 -18.0712 31.9573
      vertex 17.6855 -17.4037 6.19188
      vertex 17.6855 -17.4037 32.083
    endloop
  endfacet
  facet normal 0.950798 -0.309811 0
    outer loop
      vertex 17.6855 -17.4037 6.19188
      vertex 17.468 -18.0712 31.9573
      vertex 17.468 -18.0712 6.19188
    endloop
  endfacet
  facet normal -0.327791 -0.626536 -0.707111
    outer loop
      vertex -12.1867 -23.6091 0
      vertex -12.9219 -23.6759 0.4
      vertex -12.7238 -23.3281 0
    endloop
  endfacet
  facet normal -0.183787 -0.682824 -0.707088
    outer loop
      vertex -10.4989 -24.2004 0
      vertex -11.19 -24.4286 0.4
      vertex -11.0718 -24.0462 0
    endloop
  endfacet
  facet normal 0.672379 0.21909 -0.70704
    outer loop
      vertex 17.6855 17.4037 0.4
      vertex 17.3017 17.2907 0
      vertex 17.468 18.0712 0.4
    endloop
  endfacet
  facet normal -0.5491 -0.445419 -0.707171
    outer loop
      vertex -15.4217 -21.6075 0.4
      vertex -15.844 -21.0869 0.4
      vertex -15.5254 -20.8446 0
    endloop
  endfacet
  facet normal 0.233817 -0.667355 -0.707084
    outer loop
      vertex 11.19 -24.4286 0.4
      vertex 11.0718 -24.0462 0
      vertex 11.7811 -24.2215 0.4
    endloop
  endfacet
  facet normal 0.658248 -0.258328 -0.70709
    outer loop
      vertex 17.468 -18.0712 0.4
      vertex 16.845 -18.5638 0
      vertex 17.0913 -17.9362 0
    endloop
  endfacet
  facet normal -0.637539 0.770418 0
    outer loop
      vertex -13.9912 22.963 0.4
      vertex -14.4933 22.5475 3.19188
      vertex -13.9912 22.963 3.19188
    endloop
  endfacet
  facet normal -0.637539 0.770418 0
    outer loop
      vertex -14.4933 22.5475 3.19188
      vertex -13.9912 22.963 0.4
      vertex -14.4933 22.5475 0.4
    endloop
  endfacet
  facet normal -0.637539 0.770418 0
    outer loop
      vertex -13.9912 22.963 6.19188
      vertex -14.4933 22.5475 13.516
      vertex -13.9912 22.963 13.8059
    endloop
  endfacet
  facet normal -0.637539 0.770418 0
    outer loop
      vertex -14.4933 22.5475 13.516
      vertex -13.9912 22.963 6.19188
      vertex -14.4933 22.5475 6.19188
    endloop
  endfacet
  facet normal 0.233817 0.667355 -0.707084
    outer loop
      vertex 11.7811 24.2215 0.4
      vertex 11.0718 24.0462 0
      vertex 11.19 24.4286 0.4
    endloop
  endfacet
  facet normal 0.450811 -0.54489 -0.707011
    outer loop
      vertex 14.4933 -22.5475 0.4
      vertex 13.7468 -22.6461 0
      vertex 14.2281 -22.2479 0
    endloop
  endfacet
  facet normal 0.576382 -0.409715 -0.707048
    outer loop
      vertex 16.2358 -20.5355 0.4
      vertex 15.5254 -20.8446 0
      vertex 15.9025 -20.3141 0
    endloop
  endfacet
  facet normal -0.0266653 -0.706561 -0.70715
    outer loop
      vertex -8.74684 -24.8 0.4
      vertex -9.36423 -24.7767 0.4
      vertex -9.3342 -24.3775 0
    endloop
  endfacet
  facet normal 0.880438 -0.47416 0
    outer loop
      vertex 16.5956 -19.9557 3.19188
      vertex 16.9218 -19.35 0.4
      vertex 16.9218 -19.35 3.19188
    endloop
  endfacet
  facet normal 0.880438 -0.47416 0
    outer loop
      vertex 16.9218 -19.35 0.4
      vertex 16.5956 -19.9557 3.19188
      vertex 16.5956 -19.9557 0.4
    endloop
  endfacet
  facet normal 0.880438 -0.47416 0
    outer loop
      vertex 16.5956 -19.9557 31.4537
      vertex 16.9218 -19.35 6.19188
      vertex 16.9218 -19.35 31.642
    endloop
  endfacet
  facet normal 0.880438 -0.47416 0
    outer loop
      vertex 16.9218 -19.35 6.19188
      vertex 16.5956 -19.9557 31.4537
      vertex 16.5956 -19.9557 6.19188
    endloop
  endfacet
  facet normal -0.52516 -0.851003 0
    outer loop
      vertex -13.4667 -23.3397 0.4
      vertex -12.9219 -23.6759 3.19188
      vertex -13.4667 -23.3397 3.19188
    endloop
  endfacet
  facet normal -0.52516 -0.851003 -0
    outer loop
      vertex -12.9219 -23.6759 3.19188
      vertex -13.4667 -23.3397 0.4
      vertex -12.9219 -23.6759 0.4
    endloop
  endfacet
  facet normal -0.52516 -0.851003 0
    outer loop
      vertex -12.9219 -23.6759 6.19188
      vertex -13.4667 -23.3397 14.1087
      vertex -13.4667 -23.3397 6.19188
    endloop
  endfacet
  facet normal -0.52516 -0.851003 0
    outer loop
      vertex -13.4667 -23.3397 14.1087
      vertex -12.9219 -23.6759 6.19188
      vertex -12.9219 -23.6759 14.4233
    endloop
  endfacet
  facet normal 0.371295 -0.601766 -0.707119
    outer loop
      vertex 12.9219 -23.6759 0.4
      vertex 12.7238 -23.3281 0
      vertex 13.2447 -23.0067 0
    endloop
  endfacet
  facet normal 0.0800037 -0.702581 -0.707092
    outer loop
      vertex 9.97896 -24.7067 0.4
      vertex 9.36423 -24.7767 0.4
      vertex 9.91864 -24.311 0
    endloop
  endfacet
  facet normal -0.11314 -0.993579 0
    outer loop
      vertex -9.97896 -24.7067 0.4
      vertex -9.36423 -24.7767 3.19188
      vertex -9.97896 -24.7067 3.19188
    endloop
  endfacet
  facet normal -0.11314 -0.993579 -0
    outer loop
      vertex -9.36423 -24.7767 3.19188
      vertex -9.97896 -24.7067 0.4
      vertex -9.36423 -24.7767 0.4
    endloop
  endfacet
  facet normal -0.11314 -0.993579 0
    outer loop
      vertex -9.36423 -24.7767 6.19188
      vertex -9.97896 -24.7067 16.1224
      vertex -9.97896 -24.7067 6.19188
    endloop
  endfacet
  facet normal -0.11314 -0.993579 0
    outer loop
      vertex -9.97896 -24.7067 16.1224
      vertex -9.36423 -24.7767 6.19188
      vertex -9.36423 -24.7767 16.4773
    endloop
  endfacet
  facet normal 0.930868 0.365355 0
    outer loop
      vertex 17.468 18.0712 3.19188
      vertex 17.213 18.7209 0.4
      vertex 17.213 18.7209 3.19188
    endloop
  endfacet
  facet normal 0.930868 0.365355 0
    outer loop
      vertex 17.213 18.7209 0.4
      vertex 17.468 18.0712 3.19188
      vertex 17.468 18.0712 0.4
    endloop
  endfacet
  facet normal 0.930868 0.365355 -0
    outer loop
      vertex 17.468 18.0712 6.19188
      vertex 17.213 18.7209 31.8102
      vertex 17.468 18.0712 31.9573
    endloop
  endfacet
  facet normal 0.930868 0.365355 0
    outer loop
      vertex 17.213 18.7209 31.8102
      vertex 17.468 18.0712 6.19188
      vertex 17.213 18.7209 6.19188
    endloop
  endfacet
  facet normal -0.0799381 -0.702542 -0.707138
    outer loop
      vertex -9.36423 -24.7767 0.4
      vertex -9.91864 -24.311 0
      vertex -9.3342 -24.3775 0
    endloop
  endfacet
  facet normal 0.907494 -0.420064 0
    outer loop
      vertex 16.9218 -19.35 3.19188
      vertex 17.213 -18.7209 0.4
      vertex 17.213 -18.7209 3.19188
    endloop
  endfacet
  facet normal 0.907494 -0.420064 0
    outer loop
      vertex 17.213 -18.7209 0.4
      vertex 16.9218 -19.35 3.19188
      vertex 16.9218 -19.35 0.4
    endloop
  endfacet
  facet normal 0.907494 -0.420064 0
    outer loop
      vertex 16.9218 -19.35 31.642
      vertex 17.213 -18.7209 6.19188
      vertex 17.213 -18.7209 31.8102
    endloop
  endfacet
  facet normal 0.907494 -0.420064 0
    outer loop
      vertex 17.213 -18.7209 6.19188
      vertex 16.9218 -19.35 31.642
      vertex 16.9218 -19.35 6.19188
    endloop
  endfacet
  facet normal 0.463642 -0.886023 0
    outer loop
      vertex 12.3593 -23.9703 0.4
      vertex 12.9219 -23.6759 3.19188
      vertex 12.3593 -23.9703 3.19188
    endloop
  endfacet
  facet normal 0.463642 -0.886023 0
    outer loop
      vertex 12.9219 -23.6759 3.19188
      vertex 12.3593 -23.9703 0.4
      vertex 12.9219 -23.6759 0.4
    endloop
  endfacet
  facet normal 0.463642 -0.886023 0
    outer loop
      vertex 12.9219 -23.6759 6.19188
      vertex 12.3593 -23.9703 29.0078
      vertex 12.3593 -23.9703 6.19188
    endloop
  endfacet
  facet normal 0.463642 -0.886023 0
    outer loop
      vertex 12.3593 -23.9703 29.0078
      vertex 12.9219 -23.6759 6.19188
      vertex 12.9219 -23.6759 29.3327
    endloop
  endfacet
  facet normal 0.486327 -0.513304 -0.707111
    outer loop
      vertex 14.9709 -22.095 0.4
      vertex 14.4933 -22.5475 0.4
      vertex 14.686 -21.8139 0
    endloop
  endfacet
  facet normal -0.183766 -0.682851 -0.707068
    outer loop
      vertex -10.5884 -24.5905 0.4
      vertex -11.19 -24.4286 0.4
      vertex -10.4989 -24.2004 0
    endloop
  endfacet
  facet normal -0.463642 -0.886023 0
    outer loop
      vertex -12.9219 -23.6759 0.4
      vertex -12.3593 -23.9703 3.19188
      vertex -12.9219 -23.6759 3.19188
    endloop
  endfacet
  facet normal -0.463642 -0.886023 -0
    outer loop
      vertex -12.3593 -23.9703 3.19188
      vertex -12.9219 -23.6759 0.4
      vertex -12.3593 -23.9703 0.4
    endloop
  endfacet
  facet normal -0.463642 -0.886023 0
    outer loop
      vertex -12.3593 -23.9703 6.19188
      vertex -12.9219 -23.6759 14.4233
      vertex -12.9219 -23.6759 6.19188
    endloop
  endfacet
  facet normal -0.463642 -0.886023 0
    outer loop
      vertex -12.9219 -23.6759 14.4233
      vertex -12.3593 -23.9703 6.19188
      vertex -12.3593 -23.9703 14.7481
    endloop
  endfacet
  facet normal 0.519146 -0.480063 -0.707126
    outer loop
      vertex 14.9709 -22.095 0.4
      vertex 14.686 -21.8139 0
      vertex 15.4217 -21.6075 0.4
    endloop
  endfacet
  facet normal 0.327822 -0.626469 -0.707156
    outer loop
      vertex 12.3593 -23.9703 0.4
      vertex 12.1867 -23.6091 0
      vertex 12.9219 -23.6759 0.4
    endloop
  endfacet
  facet normal 0.28174 -0.648495 -0.707161
    outer loop
      vertex 12.3593 -23.9703 0.4
      vertex 11.7811 -24.2215 0.4
      vertex 12.1867 -23.6091 0
    endloop
  endfacet
  facet normal -0.281889 -0.648532 -0.707068
    outer loop
      vertex -11.7811 -24.2215 0.4
      vertex -12.1867 -23.6091 0
      vertex -11.635 -23.8489 0
    endloop
  endfacet
  facet normal -0.398471 -0.917181 0
    outer loop
      vertex -12.3593 -23.9703 0.4
      vertex -11.7811 -24.2215 3.19188
      vertex -12.3593 -23.9703 3.19188
    endloop
  endfacet
  facet normal -0.398471 -0.917181 -0
    outer loop
      vertex -11.7811 -24.2215 3.19188
      vertex -12.3593 -23.9703 0.4
      vertex -11.7811 -24.2215 0.4
    endloop
  endfacet
  facet normal -0.398471 -0.917181 0
    outer loop
      vertex -11.7811 -24.2215 6.19188
      vertex -12.3593 -23.9703 14.7481
      vertex -12.3593 -23.9703 6.19188
    endloop
  endfacet
  facet normal -0.398471 -0.917181 0
    outer loop
      vertex -12.3593 -23.9703 14.7481
      vertex -11.7811 -24.2215 6.19188
      vertex -11.7811 -24.2215 15.0819
    endloop
  endfacet
  facet normal -0.28174 -0.648495 -0.707161
    outer loop
      vertex -11.7811 -24.2215 0.4
      vertex -12.3593 -23.9703 0.4
      vertex -12.1867 -23.6091 0
    endloop
  endfacet
  facet normal 0.632559 -0.31628 -0.706991
    outer loop
      vertex 17.186 -19.4922 3.49188
      vertex 16.9218 -19.35 3.19188
      vertex 17.1941 -19.476 3.49188
    endloop
  endfacet
  facet normal -0.706799 0.0200271 -0.707131
    outer loop
      vertex -18.1865 13.9 3.19188
      vertex -18.4662 14.6214 3.49188
      vertex -18.1663 14.6129 3.19188
    endloop
  endfacet
  facet normal -0.706799 0.0200271 -0.707131
    outer loop
      vertex -18.4662 14.6214 3.49188
      vertex -18.1865 13.9 3.19188
      vertex -18.4864 13.9085 3.49188
    endloop
  endfacet
  facet normal 0.707082 -0.00831862 0.707082
    outer loop
      vertex 18.4865 -13.9 5.89188
      vertex 18.1865 -13.9 6.19188
      vertex 18.4864 -13.9085 5.89188
    endloop
  endfacet
  facet normal 0.183751 -0.682794 -0.707127
    outer loop
      vertex 10.6664 -24.8802 3.49188
      vertex 11.19 -24.4286 3.19188
      vertex 11.268 -24.7183 3.49188
    endloop
  endfacet
  facet normal 0.183751 -0.682794 -0.707127
    outer loop
      vertex 11.19 -24.4286 3.19188
      vertex 10.6664 -24.8802 3.49188
      vertex 10.5884 -24.5905 3.19188
    endloop
  endfacet
  facet normal 0.683974 -0.179661 -0.707037
    outer loop
      vertex 17.9757 -17.4799 3.49188
      vertex 17.8649 -16.7211 3.19188
      vertex 18.155 -16.7973 3.49188
    endloop
  endfacet
  facet normal 0.683839 -0.179726 -0.707151
    outer loop
      vertex 17.8649 -16.7211 3.19188
      vertex 17.9757 -17.4799 3.49188
      vertex 17.6855 -17.4037 3.19188
    endloop
  endfacet
  facet normal 0.693065 0.13999 0.707152
    outer loop
      vertex 18.1589 16.7805 5.89188
      vertex 18.0051 16.0265 6.19188
      vertex 18.2992 16.0859 5.89188
    endloop
  endfacet
  facet normal 0.693197 0.139917 0.707037
    outer loop
      vertex 18.0051 16.0265 6.19188
      vertex 18.1589 16.7805 5.89188
      vertex 17.8649 16.7211 6.19188
    endloop
  endfacet
  facet normal 0.920582 0.39055 0
    outer loop
      vertex 17.4923 18.8305 5.89188
      vertex 17.4853 18.847 3.49188
      vertex 17.4853 18.847 5.89188
    endloop
  endfacet
  facet normal 0.920582 0.39055 0
    outer loop
      vertex 17.4853 18.847 3.49188
      vertex 17.4923 18.8305 5.89188
      vertex 17.4923 18.8305 3.49188
    endloop
  endfacet
  facet normal -0.706026 0.0415309 -0.706967
    outer loop
      vertex -18.1663 14.6129 3.19188
      vertex -18.4662 14.6214 3.49188
      vertex -18.4652 14.6384 3.49188
    endloop
  endfacet
  facet normal -0.704569 -0.0600541 -0.70709
    outer loop
      vertex -18.4047 -15.3482 3.49188
      vertex -18.1663 -14.6129 3.19188
      vertex -18.1058 -15.3227 3.19188
    endloop
  endfacet
  facet normal -0.704569 -0.0600541 -0.70709
    outer loop
      vertex -18.1663 -14.6129 3.19188
      vertex -18.4047 -15.3482 3.49188
      vertex -18.4652 -14.6384 3.49188
    endloop
  endfacet
  facet normal -0.712139 -0.702038 0
    outer loop
      vertex -15.1772 -22.3128 3.49188
      vertex -15.1911 -22.2987 5.89188
      vertex -15.1911 -22.2987 3.49188
    endloop
  endfacet
  facet normal -0.712139 -0.702038 0
    outer loop
      vertex -15.1911 -22.2987 5.89188
      vertex -15.1772 -22.3128 3.49188
      vertex -15.1772 -22.3128 5.89188
    endloop
  endfacet
  facet normal 0.107083 0.699187 0.706874
    outer loop
      vertex 10.0129 25.0048 5.89188
      vertex 9.97896 24.7067 6.19188
      vertex 10.0351 25.0014 5.89188
    endloop
  endfacet
  facet normal -0.707082 0.00831862 0.707082
    outer loop
      vertex -18.4864 13.9085 5.89188
      vertex -18.4865 13.9 5.89188
      vertex -18.1865 13.9 6.19188
    endloop
  endfacet
  facet normal 0.611463 -0.355413 0.706961
    outer loop
      vertex 16.8598 -20.0979 5.89188
      vertex 16.5956 -19.9557 6.19188
      vertex 16.8505 -20.1139 5.89188
    endloop
  endfacet
  facet normal -0.880438 0.47416 0
    outer loop
      vertex -17.186 19.4922 3.49188
      vertex -16.8598 20.0979 5.89188
      vertex -16.8598 20.0979 3.49188
    endloop
  endfacet
  facet normal -0.880438 0.47416 0
    outer loop
      vertex -16.8598 20.0979 5.89188
      vertex -17.186 19.4922 3.49188
      vertex -17.186 19.4922 5.89188
    endloop
  endfacet
  facet normal -0.132436 0.694594 -0.707106
    outer loop
      vertex -10.5884 24.5905 3.19188
      vertex -10.0351 25.0014 3.49188
      vertex -9.97896 24.7067 3.19188
    endloop
  endfacet
  facet normal -0.132421 0.694584 -0.70712
    outer loop
      vertex -10.0351 25.0014 3.49188
      vertex -10.5884 24.5905 3.19188
      vertex -10.6446 24.8852 3.49188
    endloop
  endfacet
  facet normal 0.0124921 -0.707052 0.707052
    outer loop
      vertex 8.74684 -24.8 6.19188
      vertex 8.74684 -25.1 5.89188
      vertex 8.75816 -25.0998 5.89188
    endloop
  endfacet
  facet normal -0.0266663 0.706588 -0.707123
    outer loop
      vertex -9.36423 24.7767 3.19188
      vertex -8.75816 25.0998 3.49188
      vertex -8.74684 24.8 3.19188
    endloop
  endfacet
  facet normal -0.026785 0.706701 -0.707005
    outer loop
      vertex -8.75816 25.0998 3.49188
      vertex -9.36423 24.7767 3.19188
      vertex -9.37555 25.0764 3.49188
    endloop
  endfacet
  facet normal 0.834511 -0.550991 0
    outer loop
      vertex 16.4804 -20.7093 5.89188
      vertex 16.4907 -20.6937 3.49188
      vertex 16.4907 -20.6937 5.89188
    endloop
  endfacet
  facet normal 0.834511 -0.550991 0
    outer loop
      vertex 16.4907 -20.6937 3.49188
      vertex 16.4804 -20.7093 5.89188
      vertex 16.4804 -20.7093 3.49188
    endloop
  endfacet
  facet normal -0.564045 -0.426745 -0.706924
    outer loop
      vertex -16.077 -21.2759 3.49188
      vertex -16.0885 -21.2607 3.49188
      vertex -15.844 -21.0869 3.19188
    endloop
  endfacet
  facet normal 0.37141 -0.601746 0.707076
    outer loop
      vertex 13.4667 -23.3397 6.19188
      vertex 13.0795 -23.9312 5.89188
      vertex 13.6242 -23.595 5.89188
    endloop
  endfacet
  facet normal 0.371328 -0.601724 0.707138
    outer loop
      vertex 13.0795 -23.9312 5.89188
      vertex 13.4667 -23.3397 6.19188
      vertex 12.9219 -23.6759 6.19188
    endloop
  endfacet
  facet normal 0.707107 0 -0.707107
    outer loop
      vertex 18.1865 -13.9 3.19188
      vertex 18.4865 13.9 3.49188
      vertex 18.4865 -13.9 3.49188
    endloop
  endfacet
  facet normal 0.707107 0 -0.707107
    outer loop
      vertex 18.4865 13.9 3.49188
      vertex 18.1865 -13.9 3.19188
      vertex 18.1865 13.9 3.19188
    endloop
  endfacet
  facet normal 0.704569 0.0600541 0.70709
    outer loop
      vertex 18.4047 15.3482 5.89188
      vertex 18.1663 14.6129 6.19188
      vertex 18.4652 14.6384 5.89188
    endloop
  endfacet
  facet normal 0.704569 0.0600541 0.70709
    outer loop
      vertex 18.1663 14.6129 6.19188
      vertex 18.4047 15.3482 5.89188
      vertex 18.1058 15.3227 6.19188
    endloop
  endfacet
  facet normal 0.622525 -0.335261 0.707151
    outer loop
      vertex 16.9218 -19.35 6.19188
      vertex 16.8598 -20.0979 5.89188
      vertex 17.186 -19.4922 5.89188
    endloop
  endfacet
  facet normal 0.622525 -0.335261 0.707151
    outer loop
      vertex 16.8598 -20.0979 5.89188
      vertex 16.9218 -19.35 6.19188
      vertex 16.5956 -19.9557 6.19188
    endloop
  endfacet
  facet normal 0.663749 0.747956 -0
    outer loop
      vertex 14.6997 22.7653 3.49188
      vertex 14.6846 22.7787 5.89188
      vertex 14.6997 22.7653 5.89188
    endloop
  endfacet
  facet normal 0.663749 0.747956 0
    outer loop
      vertex 14.6846 22.7787 5.89188
      vertex 14.6997 22.7653 3.49188
      vertex 14.6846 22.7787 3.49188
    endloop
  endfacet
  facet normal -0.590203 -0.389685 0.70697
    outer loop
      vertex -16.2358 -20.5355 6.19188
      vertex -16.4907 -20.6937 5.89188
      vertex -16.4804 -20.7093 5.89188
    endloop
  endfacet
  facet normal 0.430387 -0.561225 0.706961
    outer loop
      vertex 14.1825 -23.1942 5.89188
      vertex 13.9912 -22.963 6.19188
      vertex 14.1662 -23.2067 5.89188
    endloop
  endfacet
  facet normal 0.412419 -0.574343 0.707136
    outer loop
      vertex 13.9912 -22.963 6.19188
      vertex 13.6416 -23.5834 5.89188
      vertex 14.1662 -23.2067 5.89188
    endloop
  endfacet
  facet normal 0.412511 -0.574362 0.707067
    outer loop
      vertex 13.6416 -23.5834 5.89188
      vertex 13.9912 -22.963 6.19188
      vertex 13.4667 -23.3397 6.19188
    endloop
  endfacet
  facet normal -0.996387 0.0849273 0
    outer loop
      vertex -18.4652 14.6384 3.49188
      vertex -18.4047 15.3482 5.89188
      vertex -18.4047 15.3482 3.49188
    endloop
  endfacet
  facet normal -0.996387 0.0849273 0
    outer loop
      vertex -18.4047 15.3482 5.89188
      vertex -18.4652 14.6384 3.49188
      vertex -18.4652 14.6384 5.89188
    endloop
  endfacet
  facet normal -0.98576 0.168159 0
    outer loop
      vertex -18.3021 16.0689 3.49188
      vertex -18.2992 16.0859 5.89188
      vertex -18.2992 16.0859 3.49188
    endloop
  endfacet
  facet normal -0.98576 0.168159 0
    outer loop
      vertex -18.2992 16.0859 5.89188
      vertex -18.3021 16.0689 3.49188
      vertex -18.3021 16.0689 5.89188
    endloop
  endfacet
  facet normal 0.450747 -0.544693 0.707203
    outer loop
      vertex 14.4933 -22.5475 6.19188
      vertex 14.1825 -23.1942 5.89188
      vertex 14.6846 -22.7787 5.89188
    endloop
  endfacet
  facet normal 0.450747 -0.544693 0.707203
    outer loop
      vertex 14.1825 -23.1942 5.89188
      vertex 14.4933 -22.5475 6.19188
      vertex 13.9912 -22.963 6.19188
    endloop
  endfacet
  facet normal -0.486279 -0.513252 0.707181
    outer loop
      vertex -14.9709 -22.095 6.19188
      vertex -14.6997 -22.7653 5.89188
      vertex -14.4933 -22.5475 6.19188
    endloop
  endfacet
  facet normal -0.486388 -0.51326 0.7071
    outer loop
      vertex -14.6997 -22.7653 5.89188
      vertex -14.9709 -22.095 6.19188
      vertex -15.1772 -22.3128 5.89188
    endloop
  endfacet
  facet normal -0.776556 -0.630048 0
    outer loop
      vertex -15.6547 -21.7964 3.49188
      vertex -16.077 -21.2759 5.89188
      vertex -16.077 -21.2759 3.49188
    endloop
  endfacet
  facet normal -0.776556 -0.630048 0
    outer loop
      vertex -16.077 -21.2759 5.89188
      vertex -15.6547 -21.7964 3.49188
      vertex -15.6547 -21.7964 5.89188
    endloop
  endfacet
  facet normal 0.707082 0.00831862 0.707082
    outer loop
      vertex 18.4864 13.9085 5.89188
      vertex 18.1865 13.9 6.19188
      vertex 18.4865 13.9 5.89188
    endloop
  endfacet
  facet normal 0.704569 0.0600541 -0.70709
    outer loop
      vertex 18.1663 14.6129 3.19188
      vertex 18.4047 15.3482 3.49188
      vertex 18.4652 14.6384 3.49188
    endloop
  endfacet
  facet normal 0.704569 0.0600541 -0.70709
    outer loop
      vertex 18.4047 15.3482 3.49188
      vertex 18.1663 14.6129 3.19188
      vertex 18.1058 15.3227 3.19188
    endloop
  endfacet
  facet normal -0.707107 0 -0.707107
    outer loop
      vertex -18.4865 -13.9 3.49188
      vertex -18.1865 13.9 3.19188
      vertex -18.1865 -13.9 3.19188
    endloop
  endfacet
  facet normal -0.707107 0 -0.707107
    outer loop
      vertex -18.1865 13.9 3.19188
      vertex -18.4865 -13.9 3.49188
      vertex -18.4865 13.9 3.49188
    endloop
  endfacet
  facet normal 0.706026 -0.0415309 0.706967
    outer loop
      vertex 18.4662 -14.6214 5.89188
      vertex 18.1663 -14.6129 6.19188
      vertex 18.4652 -14.6384 5.89188
    endloop
  endfacet
  facet normal 0.503711 -0.496566 0.706892
    outer loop
      vertex 15.1911 -22.2987 5.89188
      vertex 14.9709 -22.095 6.19188
      vertex 15.1772 -22.3128 5.89188
    endloop
  endfacet
  facet normal 0.998274 -0.058722 0
    outer loop
      vertex 18.4652 -14.6384 5.89188
      vertex 18.4662 -14.6214 3.49188
      vertex 18.4662 -14.6214 5.89188
    endloop
  endfacet
  facet normal 0.998274 -0.058722 0
    outer loop
      vertex 18.4662 -14.6214 3.49188
      vertex 18.4652 -14.6384 5.89188
      vertex 18.4652 -14.6384 3.49188
    endloop
  endfacet
  facet normal -0.672338 -0.219077 -0.707083
    outer loop
      vertex -17.7532 -18.1642 3.49188
      vertex -17.6855 -17.4037 3.19188
      vertex -17.468 -18.0712 3.19188
    endloop
  endfacet
  facet normal -0.672202 -0.219133 -0.707195
    outer loop
      vertex -17.6855 -17.4037 3.19188
      vertex -17.7532 -18.1642 3.49188
      vertex -17.9708 -17.4967 3.49188
    endloop
  endfacet
  facet normal 0.894427 -0.447214 0
    outer loop
      vertex 17.186 -19.4922 5.89188
      vertex 17.1941 -19.476 3.49188
      vertex 17.1941 -19.476 5.89188
    endloop
  endfacet
  facet normal 0.894427 -0.447214 0
    outer loop
      vertex 17.1941 -19.476 3.49188
      vertex 17.186 -19.4922 5.89188
      vertex 17.186 -19.4922 3.49188
    endloop
  endfacet
  facet normal 0.651033 -0.276196 -0.707016
    outer loop
      vertex 17.4853 -18.847 3.49188
      vertex 17.213 -18.7209 3.19188
      vertex 17.4923 -18.8305 3.49188
    endloop
  endfacet
  facet normal 0.678904 -0.198014 0.707022
    outer loop
      vertex 17.9757 -17.4799 5.89188
      vertex 17.6855 -17.4037 6.19188
      vertex 17.9708 -17.4967 5.89188
    endloop
  endfacet
  facet normal 0.0531125 -0.705459 0.706758
    outer loop
      vertex 9.39813 -25.0747 5.89188
      vertex 9.36423 -24.7767 6.19188
      vertex 9.37555 -25.0764 5.89188
    endloop
  endfacet
  facet normal -0.693197 -0.139917 -0.707037
    outer loop
      vertex -18.1589 -16.7805 3.49188
      vertex -18.0051 -16.0265 3.19188
      vertex -17.8649 -16.7211 3.19188
    endloop
  endfacet
  facet normal -0.693065 -0.13999 -0.707152
    outer loop
      vertex -18.0051 -16.0265 3.19188
      vertex -18.1589 -16.7805 3.49188
      vertex -18.2992 -16.0859 3.49188
    endloop
  endfacet
  facet normal -0.993151 0.116841 0
    outer loop
      vertex -18.4047 15.3482 3.49188
      vertex -18.4027 15.3652 5.89188
      vertex -18.4027 15.3652 3.49188
    endloop
  endfacet
  facet normal -0.993151 0.116841 0
    outer loop
      vertex -18.4027 15.3652 5.89188
      vertex -18.4047 15.3482 3.49188
      vertex -18.4047 15.3482 5.89188
    endloop
  endfacet
  facet normal -0.0124921 0.707052 -0.707052
    outer loop
      vertex -8.74684 24.8 3.19188
      vertex -8.75816 25.0998 3.49188
      vertex -8.74684 25.1 3.49188
    endloop
  endfacet
  facet normal 0.611463 -0.355413 -0.706961
    outer loop
      vertex 16.8505 -20.1139 3.49188
      vertex 16.5956 -19.9557 3.19188
      vertex 16.8598 -20.0979 3.49188
    endloop
  endfacet
  facet normal -0.564045 -0.426745 0.706924
    outer loop
      vertex -15.844 -21.0869 6.19188
      vertex -16.0885 -21.2607 5.89188
      vertex -16.077 -21.2759 5.89188
    endloop
  endfacet
  facet normal 0.697153 0.118926 0.70699
    outer loop
      vertex 18.2992 16.0859 5.89188
      vertex 18.0051 16.0265 6.19188
      vertex 18.3021 16.0689 5.89188
    endloop
  endfacet
  facet normal 0.611463 0.355413 0.706961
    outer loop
      vertex 16.8505 20.1139 5.89188
      vertex 16.5956 19.9557 6.19188
      vertex 16.8598 20.0979 5.89188
    endloop
  endfacet
  facet normal 0.697153 -0.118926 -0.70699
    outer loop
      vertex 18.2992 -16.0859 3.49188
      vertex 18.0051 -16.0265 3.19188
      vertex 18.3021 -16.0689 3.49188
    endloop
  endfacet
  facet normal -0.96 -0.28 0
    outer loop
      vertex -17.9708 -17.4967 3.49188
      vertex -17.9757 -17.4799 5.89188
      vertex -17.9757 -17.4799 3.49188
    endloop
  endfacet
  facet normal -0.96 -0.28 0
    outer loop
      vertex -17.9757 -17.4799 5.89188
      vertex -17.9708 -17.4967 3.49188
      vertex -17.9708 -17.4967 5.89188
    endloop
  endfacet
  facet normal -0.950756 -0.309939 0
    outer loop
      vertex -17.7532 -18.1642 3.49188
      vertex -17.9708 -17.4967 5.89188
      vertex -17.9708 -17.4967 3.49188
    endloop
  endfacet
  facet normal -0.950756 -0.309939 0
    outer loop
      vertex -17.9708 -17.4967 5.89188
      vertex -17.7532 -18.1642 3.49188
      vertex -17.7532 -18.1642 5.89188
    endloop
  endfacet
  facet normal 0.880438 0.47416 0
    outer loop
      vertex 17.186 19.4922 5.89188
      vertex 16.8598 20.0979 3.49188
      vertex 16.8598 20.0979 5.89188
    endloop
  endfacet
  facet normal 0.880438 0.47416 0
    outer loop
      vertex 16.8598 20.0979 3.49188
      vertex 17.186 19.4922 5.89188
      vertex 17.186 19.4922 3.49188
    endloop
  endfacet
  facet normal 0.712139 -0.702038 0
    outer loop
      vertex 15.1772 -22.3128 5.89188
      vertex 15.1911 -22.2987 3.49188
      vertex 15.1911 -22.2987 5.89188
    endloop
  endfacet
  facet normal 0.712139 -0.702038 0
    outer loop
      vertex 15.1911 -22.2987 3.49188
      vertex 15.1772 -22.3128 5.89188
      vertex 15.1772 -22.3128 3.49188
    endloop
  endfacet
  facet normal 0.707107 0 0.707107
    outer loop
      vertex 18.1865 13.9 6.19188
      vertex 18.4865 -13.9 5.89188
      vertex 18.4865 13.9 5.89188
    endloop
  endfacet
  facet normal 0.707107 0 0.707107
    outer loop
      vertex 18.4865 -13.9 5.89188
      vertex 18.1865 13.9 6.19188
      vertex 18.1865 -13.9 6.19188
    endloop
  endfacet
  facet normal -1 0 0
    outer loop
      vertex -18.4865 -13.9 3.49188
      vertex -18.4865 13.9 5.89188
      vertex -18.4865 13.9 3.49188
    endloop
  endfacet
  facet normal -1 -0 0
    outer loop
      vertex -18.4865 13.9 5.89188
      vertex -18.4865 -13.9 3.49188
      vertex -18.4865 -13.9 5.89188
    endloop
  endfacet
  facet normal -0.412511 -0.574362 0.707067
    outer loop
      vertex -13.9912 -22.963 6.19188
      vertex -13.6416 -23.5834 5.89188
      vertex -13.4667 -23.3397 6.19188
    endloop
  endfacet
  facet normal -0.412419 -0.574343 0.707136
    outer loop
      vertex -13.6416 -23.5834 5.89188
      vertex -13.9912 -22.963 6.19188
      vertex -14.1662 -23.2067 5.89188
    endloop
  endfacet
  facet normal 0.564045 0.426745 -0.706924
    outer loop
      vertex 16.0885 21.2607 3.49188
      vertex 15.844 21.0869 3.19188
      vertex 16.077 21.2759 3.49188
    endloop
  endfacet
  facet normal -0.707082 -0.00831862 -0.707082
    outer loop
      vertex -18.4864 -13.9085 3.49188
      vertex -18.4865 -13.9 3.49188
      vertex -18.1865 -13.9 3.19188
    endloop
  endfacet
  facet normal 0.683974 -0.179661 0.707037
    outer loop
      vertex 17.8649 -16.7211 6.19188
      vertex 17.9757 -17.4799 5.89188
      vertex 18.155 -16.7973 5.89188
    endloop
  endfacet
  facet normal 0.683839 -0.179726 0.707151
    outer loop
      vertex 17.9757 -17.4799 5.89188
      vertex 17.8649 -16.7211 6.19188
      vertex 17.6855 -17.4037 6.19188
    endloop
  endfacet
  facet normal -0.693197 0.139917 -0.707037
    outer loop
      vertex -18.0051 16.0265 3.19188
      vertex -18.1589 16.7805 3.49188
      vertex -17.8649 16.7211 3.19188
    endloop
  endfacet
  facet normal -0.693065 0.13999 -0.707152
    outer loop
      vertex -18.1589 16.7805 3.49188
      vertex -18.0051 16.0265 3.19188
      vertex -18.2992 16.0859 3.49188
    endloop
  endfacet
  facet normal 0.672202 -0.219133 -0.707195
    outer loop
      vertex 17.7532 -18.1642 3.49188
      vertex 17.6855 -17.4037 3.19188
      vertex 17.9708 -17.4967 3.49188
    endloop
  endfacet
  facet normal 0.672338 -0.219077 -0.707083
    outer loop
      vertex 17.6855 -17.4037 3.19188
      vertex 17.7532 -18.1642 3.49188
      vertex 17.468 -18.0712 3.19188
    endloop
  endfacet
  facet normal -0.689001 -0.159947 -0.706891
    outer loop
      vertex -18.155 -16.7973 3.49188
      vertex -18.1589 -16.7805 3.49188
      vertex -17.8649 -16.7211 3.19188
    endloop
  endfacet
  facet normal -0.683839 -0.179726 -0.707151
    outer loop
      vertex -17.9757 -17.4799 3.49188
      vertex -17.8649 -16.7211 3.19188
      vertex -17.6855 -17.4037 3.19188
    endloop
  endfacet
  facet normal -0.683974 -0.179661 -0.707037
    outer loop
      vertex -17.8649 -16.7211 3.19188
      vertex -17.9757 -17.4799 3.49188
      vertex -18.155 -16.7973 3.49188
    endloop
  endfacet
  facet normal -0.678904 -0.198014 0.707022
    outer loop
      vertex -17.6855 -17.4037 6.19188
      vertex -17.9757 -17.4799 5.89188
      vertex -17.9708 -17.4967 5.89188
    endloop
  endfacet
  facet normal 0.5547 -0.83205 0
    outer loop
      vertex 13.6242 -23.595 3.49188
      vertex 13.6416 -23.5834 5.89188
      vertex 13.6242 -23.595 5.89188
    endloop
  endfacet
  facet normal 0.5547 -0.83205 0
    outer loop
      vertex 13.6416 -23.5834 5.89188
      vertex 13.6242 -23.595 3.49188
      vertex 13.6416 -23.5834 3.49188
    endloop
  endfacet
  facet normal -0.689001 0.159947 -0.706891
    outer loop
      vertex -17.8649 16.7211 3.19188
      vertex -18.1589 16.7805 3.49188
      vertex -18.155 16.7973 3.49188
    endloop
  endfacet
  facet normal -0.233818 -0.667358 -0.70708
    outer loop
      vertex -11.2892 -24.7117 3.49188
      vertex -11.7811 -24.2215 3.19188
      vertex -11.19 -24.4286 3.19188
    endloop
  endfacet
  facet normal -0.233681 -0.667289 -0.707191
    outer loop
      vertex -11.7811 -24.2215 3.19188
      vertex -11.2892 -24.7117 3.49188
      vertex -11.8803 -24.5047 3.49188
    endloop
  endfacet
  facet normal -0.707107 0 0.707107
    outer loop
      vertex -18.4865 13.9 5.89188
      vertex -18.1865 -13.9 6.19188
      vertex -18.1865 13.9 6.19188
    endloop
  endfacet
  facet normal -0.707107 0 0.707107
    outer loop
      vertex -18.1865 -13.9 6.19188
      vertex -18.4865 13.9 5.89188
      vertex -18.4865 -13.9 5.89188
    endloop
  endfacet
  facet normal -0.398662 -0.917098 0
    outer loop
      vertex -12.4788 -24.2454 3.49188
      vertex -11.9007 -24.4967 5.89188
      vertex -12.4788 -24.2454 5.89188
    endloop
  endfacet
  facet normal -0.398662 -0.917098 -0
    outer loop
      vertex -11.9007 -24.4967 5.89188
      vertex -12.4788 -24.2454 3.49188
      vertex -11.9007 -24.4967 3.49188
    endloop
  endfacet
  facet normal 0.672202 -0.219133 0.707195
    outer loop
      vertex 17.6855 -17.4037 6.19188
      vertex 17.7532 -18.1642 5.89188
      vertex 17.9708 -17.4967 5.89188
    endloop
  endfacet
  facet normal 0.672338 -0.219077 0.707083
    outer loop
      vertex 17.7532 -18.1642 5.89188
      vertex 17.6855 -17.4037 6.19188
      vertex 17.468 -18.0712 6.19188
    endloop
  endfacet
  facet normal 0 -0.707107 0.707107
    outer loop
      vertex -8.74684 -24.8 6.19188
      vertex 8.74684 -25.1 5.89188
      vertex 8.74684 -24.8 6.19188
    endloop
  endfacet
  facet normal 0 -0.707107 0.707107
    outer loop
      vertex 8.74684 -25.1 5.89188
      vertex -8.74684 -24.8 6.19188
      vertex -8.74684 -25.1 5.89188
    endloop
  endfacet
  facet normal -0.70246 0.0826424 -0.706909
    outer loop
      vertex -18.1058 15.3227 3.19188
      vertex -18.4047 15.3482 3.49188
      vertex -18.4027 15.3652 3.49188
    endloop
  endfacet
  facet normal 0.706026 -0.0415309 -0.706967
    outer loop
      vertex 18.4652 -14.6384 3.49188
      vertex 18.1663 -14.6129 3.19188
      vertex 18.4662 -14.6214 3.49188
    endloop
  endfacet
  facet normal -0.450747 -0.544693 0.707203
    outer loop
      vertex -14.4933 -22.5475 6.19188
      vertex -14.1825 -23.1942 5.89188
      vertex -13.9912 -22.963 6.19188
    endloop
  endfacet
  facet normal -0.450747 -0.544693 0.707203
    outer loop
      vertex -14.1825 -23.1942 5.89188
      vertex -14.4933 -22.5475 6.19188
      vertex -14.6846 -22.7787 5.89188
    endloop
  endfacet
  facet normal 0.233681 -0.667289 0.707191
    outer loop
      vertex 11.7811 -24.2215 6.19188
      vertex 11.2892 -24.7117 5.89188
      vertex 11.8803 -24.5047 5.89188
    endloop
  endfacet
  facet normal 0.233818 -0.667358 0.70708
    outer loop
      vertex 11.2892 -24.7117 5.89188
      vertex 11.7811 -24.2215 6.19188
      vertex 11.19 -24.4286 6.19188
    endloop
  endfacet
  facet normal 0.637539 -0.770418 0
    outer loop
      vertex 14.1825 -23.1942 3.49188
      vertex 14.6846 -22.7787 5.89188
      vertex 14.1825 -23.1942 5.89188
    endloop
  endfacet
  facet normal 0.637539 -0.770418 0
    outer loop
      vertex 14.6846 -22.7787 5.89188
      vertex 14.1825 -23.1942 3.49188
      vertex 14.6846 -22.7787 3.49188
    endloop
  endfacet
  facet normal 0.700076 -0.100082 -0.70702
    outer loop
      vertex 18.3021 -16.0689 3.49188
      vertex 18.1058 -15.3227 3.19188
      vertex 18.4027 -15.3652 3.49188
    endloop
  endfacet
  facet normal 0.699965 -0.100151 -0.70712
    outer loop
      vertex 18.1058 -15.3227 3.19188
      vertex 18.3021 -16.0689 3.49188
      vertex 18.0051 -16.0265 3.19188
    endloop
  endfacet
  facet normal -0.0531125 -0.705459 0.706758
    outer loop
      vertex -9.36423 -24.7767 6.19188
      vertex -9.39813 -25.0747 5.89188
      vertex -9.37555 -25.0764 5.89188
    endloop
  endfacet
  facet normal 0.549093 -0.445499 -0.707126
    outer loop
      vertex 15.6547 -21.7964 3.49188
      vertex 15.844 -21.0869 3.19188
      vertex 16.077 -21.2759 3.49188
    endloop
  endfacet
  facet normal 0.549193 -0.445494 -0.707052
    outer loop
      vertex 15.844 -21.0869 3.19188
      vertex 15.6547 -21.7964 3.49188
      vertex 15.4217 -21.6075 3.19188
    endloop
  endfacet
  facet normal -0.706799 -0.0200271 0.707131
    outer loop
      vertex -18.1865 -13.9 6.19188
      vertex -18.4662 -14.6214 5.89188
      vertex -18.1663 -14.6129 6.19188
    endloop
  endfacet
  facet normal -0.706799 -0.0200271 0.707131
    outer loop
      vertex -18.4662 -14.6214 5.89188
      vertex -18.1865 -13.9 6.19188
      vertex -18.4864 -13.9085 5.89188
    endloop
  endfacet
  facet normal 0.21026 -0.675381 -0.70686
    outer loop
      vertex 11.268 -24.7183 3.49188
      vertex 11.19 -24.4286 3.19188
      vertex 11.2892 -24.7117 3.49188
    endloop
  endfacet
  facet normal 0.493606 0.869686 -0
    outer loop
      vertex 13.0795 23.9312 3.49188
      vertex 13.061 23.9417 5.89188
      vertex 13.0795 23.9312 5.89188
    endloop
  endfacet
  facet normal 0.493606 0.869686 0
    outer loop
      vertex 13.061 23.9417 5.89188
      vertex 13.0795 23.9312 3.49188
      vertex 13.061 23.9417 3.49188
    endloop
  endfacet
  facet normal 0.672202 0.219133 -0.707195
    outer loop
      vertex 17.6855 17.4037 3.19188
      vertex 17.7532 18.1642 3.49188
      vertex 17.9708 17.4967 3.49188
    endloop
  endfacet
  facet normal 0.672338 0.219077 -0.707083
    outer loop
      vertex 17.7532 18.1642 3.49188
      vertex 17.6855 17.4037 3.19188
      vertex 17.468 18.0712 3.19188
    endloop
  endfacet
  facet normal 0.704569 -0.0600541 0.70709
    outer loop
      vertex 18.1663 -14.6129 6.19188
      vertex 18.4047 -15.3482 5.89188
      vertex 18.4652 -14.6384 5.89188
    endloop
  endfacet
  facet normal 0.704569 -0.0600541 0.70709
    outer loop
      vertex 18.4047 -15.3482 5.89188
      vertex 18.1663 -14.6129 6.19188
      vertex 18.1058 -15.3227 6.19188
    endloop
  endfacet
  facet normal 0.700076 0.100082 -0.70702
    outer loop
      vertex 18.1058 15.3227 3.19188
      vertex 18.3021 16.0689 3.49188
      vertex 18.4027 15.3652 3.49188
    endloop
  endfacet
  facet normal 0.699965 0.100151 -0.70712
    outer loop
      vertex 18.3021 16.0689 3.49188
      vertex 18.1058 15.3227 3.19188
      vertex 18.0051 16.0265 3.19188
    endloop
  endfacet
  facet normal 0.590203 0.389685 -0.70697
    outer loop
      vertex 16.4907 20.6937 3.49188
      vertex 16.2358 20.5355 3.19188
      vertex 16.4804 20.7093 3.49188
    endloop
  endfacet
  facet normal -0.697153 -0.118926 -0.70699
    outer loop
      vertex -18.2992 -16.0859 3.49188
      vertex -18.3021 -16.0689 3.49188
      vertex -18.0051 -16.0265 3.19188
    endloop
  endfacet
  facet normal -0.519186 -0.480101 0.707071
    outer loop
      vertex -15.4217 -21.6075 6.19188
      vertex -15.1911 -22.2987 5.89188
      vertex -14.9709 -22.095 6.19188
    endloop
  endfacet
  facet normal -0.519177 -0.480101 0.707077
    outer loop
      vertex -15.1911 -22.2987 5.89188
      vertex -15.4217 -21.6075 6.19188
      vertex -15.642 -21.8111 5.89188
    endloop
  endfacet
  facet normal -0.611463 -0.355413 0.706961
    outer loop
      vertex -16.5956 -19.9557 6.19188
      vertex -16.8598 -20.0979 5.89188
      vertex -16.8505 -20.1139 5.89188
    endloop
  endfacet
  facet normal 0.706026 0.0415309 0.706967
    outer loop
      vertex 18.4652 14.6384 5.89188
      vertex 18.1663 14.6129 6.19188
      vertex 18.4662 14.6214 5.89188
    endloop
  endfacet
  facet normal 0.70246 0.0826424 -0.706909
    outer loop
      vertex 18.4047 15.3482 3.49188
      vertex 18.1058 15.3227 3.19188
      vertex 18.4027 15.3652 3.49188
    endloop
  endfacet
  facet normal -0.998274 0.058722 0
    outer loop
      vertex -18.4662 14.6214 3.49188
      vertex -18.4652 14.6384 5.89188
      vertex -18.4652 14.6384 3.49188
    endloop
  endfacet
  facet normal -0.998274 0.058722 0
    outer loop
      vertex -18.4652 14.6384 5.89188
      vertex -18.4662 14.6214 3.49188
      vertex -18.4662 14.6214 5.89188
    endloop
  endfacet
  facet normal 0.430387 -0.561225 -0.706961
    outer loop
      vertex 14.1662 -23.2067 3.49188
      vertex 13.9912 -22.963 3.19188
      vertex 14.1825 -23.1942 3.49188
    endloop
  endfacet
  facet normal -0.187275 0.982308 0
    outer loop
      vertex -10.0351 25.0014 3.49188
      vertex -10.6446 24.8852 5.89188
      vertex -10.0351 25.0014 5.89188
    endloop
  endfacet
  facet normal -0.187275 0.982308 0
    outer loop
      vertex -10.6446 24.8852 5.89188
      vertex -10.0351 25.0014 3.49188
      vertex -10.6446 24.8852 3.49188
    endloop
  endfacet
  facet normal -0.706026 -0.0415309 -0.706967
    outer loop
      vertex -18.4652 -14.6384 3.49188
      vertex -18.4662 -14.6214 3.49188
      vertex -18.1663 -14.6129 3.19188
    endloop
  endfacet
  facet normal -0.930917 0.365231 0
    outer loop
      vertex -17.7472 18.1808 3.49188
      vertex -17.4923 18.8305 5.89188
      vertex -17.4923 18.8305 3.49188
    endloop
  endfacet
  facet normal -0.930917 0.365231 0
    outer loop
      vertex -17.4923 18.8305 5.89188
      vertex -17.7472 18.1808 3.49188
      vertex -17.7472 18.1808 5.89188
    endloop
  endfacet
  facet normal -0.486279 0.513252 0.707181
    outer loop
      vertex -14.6997 22.7653 5.89188
      vertex -14.9709 22.095 6.19188
      vertex -14.4933 22.5475 6.19188
    endloop
  endfacet
  facet normal -0.486388 0.51326 0.7071
    outer loop
      vertex -14.9709 22.095 6.19188
      vertex -14.6997 22.7653 5.89188
      vertex -15.1772 22.3128 5.89188
    endloop
  endfacet
  facet normal 0 -0.707107 -0.707107
    outer loop
      vertex -8.74684 -25.1 3.49188
      vertex 8.74684 -24.8 3.19188
      vertex 8.74684 -25.1 3.49188
    endloop
  endfacet
  facet normal -0 -0.707107 -0.707107
    outer loop
      vertex 8.74684 -24.8 3.19188
      vertex -8.74684 -25.1 3.49188
      vertex -8.74684 -24.8 3.19188
    endloop
  endfacet
  facet normal 0.641591 0.297029 0.707202
    outer loop
      vertex 17.1941 19.476 5.89188
      vertex 17.213 18.7209 6.19188
      vertex 17.4853 18.847 5.89188
    endloop
  endfacet
  facet normal 0.641654 0.297011 0.707153
    outer loop
      vertex 17.213 18.7209 6.19188
      vertex 17.1941 19.476 5.89188
      vertex 16.9218 19.35 6.19188
    endloop
  endfacet
  facet normal -0.430387 0.561225 -0.706961
    outer loop
      vertex -13.9912 22.963 3.19188
      vertex -14.1825 23.1942 3.49188
      vertex -14.1662 23.2067 3.49188
    endloop
  endfacet
  facet normal 0.999599 -0.0283236 0
    outer loop
      vertex 18.4662 -14.6214 5.89188
      vertex 18.4864 -13.9085 3.49188
      vertex 18.4864 -13.9085 5.89188
    endloop
  endfacet
  facet normal 0.999599 -0.0283236 0
    outer loop
      vertex 18.4864 -13.9085 3.49188
      vertex 18.4662 -14.6214 5.89188
      vertex 18.4662 -14.6214 3.49188
    endloop
  endfacet
  facet normal 0.430473 -0.902604 0
    outer loop
      vertex 12.4788 -24.2454 3.49188
      vertex 12.4983 -24.2361 5.89188
      vertex 12.4788 -24.2454 5.89188
    endloop
  endfacet
  facet normal 0.430473 -0.902604 0
    outer loop
      vertex 12.4983 -24.2361 5.89188
      vertex 12.4788 -24.2454 3.49188
      vertex 12.4983 -24.2361 3.49188
    endloop
  endfacet
  facet normal 0.989935 0.14152 0
    outer loop
      vertex 18.4027 15.3652 5.89188
      vertex 18.3021 16.0689 3.49188
      vertex 18.3021 16.0689 5.89188
    endloop
  endfacet
  facet normal 0.989935 0.14152 0
    outer loop
      vertex 18.3021 16.0689 3.49188
      vertex 18.4027 15.3652 5.89188
      vertex 18.4027 15.3652 3.49188
    endloop
  endfacet
  facet normal -0.223553 -0.974692 0
    outer loop
      vertex -10.6664 -24.8802 3.49188
      vertex -10.6446 -24.8852 5.89188
      vertex -10.6664 -24.8802 5.89188
    endloop
  endfacet
  facet normal -0.223553 -0.974692 -0
    outer loop
      vertex -10.6446 -24.8852 5.89188
      vertex -10.6664 -24.8802 3.49188
      vertex -10.6446 -24.8852 3.49188
    endloop
  endfacet
  facet normal -0.699965 0.100151 0.70712
    outer loop
      vertex -18.3021 16.0689 5.89188
      vertex -18.1058 15.3227 6.19188
      vertex -18.0051 16.0265 6.19188
    endloop
  endfacet
  facet normal -0.700076 0.100082 0.70702
    outer loop
      vertex -18.1058 15.3227 6.19188
      vertex -18.3021 16.0689 5.89188
      vertex -18.4027 15.3652 5.89188
    endloop
  endfacet
  facet normal 0.392371 -0.588557 0.706856
    outer loop
      vertex 13.6416 -23.5834 5.89188
      vertex 13.4667 -23.3397 6.19188
      vertex 13.6242 -23.595 5.89188
    endloop
  endfacet
  facet normal 0.697153 -0.118926 0.70699
    outer loop
      vertex 18.3021 -16.0689 5.89188
      vertex 18.0051 -16.0265 6.19188
      vertex 18.2992 -16.0859 5.89188
    endloop
  endfacet
  facet normal -0.371328 -0.601724 -0.707138
    outer loop
      vertex -13.0795 -23.9312 3.49188
      vertex -13.4667 -23.3397 3.19188
      vertex -12.9219 -23.6759 3.19188
    endloop
  endfacet
  facet normal -0.37141 -0.601746 -0.707076
    outer loop
      vertex -13.4667 -23.3397 3.19188
      vertex -13.0795 -23.9312 3.49188
      vertex -13.6242 -23.595 3.49188
    endloop
  endfacet
  facet normal 0.450747 -0.544693 -0.707203
    outer loop
      vertex 14.1825 -23.1942 3.49188
      vertex 14.4933 -22.5475 3.19188
      vertex 14.6846 -22.7787 3.49188
    endloop
  endfacet
  facet normal 0.450747 -0.544693 -0.707203
    outer loop
      vertex 14.4933 -22.5475 3.19188
      vertex 14.1825 -23.1942 3.49188
      vertex 13.9912 -22.963 3.19188
    endloop
  endfacet
  facet normal -0.0266663 -0.706588 -0.707123
    outer loop
      vertex -8.75816 -25.0998 3.49188
      vertex -9.36423 -24.7767 3.19188
      vertex -8.74684 -24.8 3.19188
    endloop
  endfacet
  facet normal -0.026785 -0.706701 -0.707005
    outer loop
      vertex -9.36423 -24.7767 3.19188
      vertex -8.75816 -25.0998 3.49188
      vertex -9.37555 -25.0764 3.49188
    endloop
  endfacet
  facet normal 0.734197 -0.678936 0
    outer loop
      vertex 15.1911 -22.2987 5.89188
      vertex 15.642 -21.8111 3.49188
      vertex 15.642 -21.8111 5.89188
    endloop
  endfacet
  facet normal 0.734197 -0.678936 0
    outer loop
      vertex 15.642 -21.8111 3.49188
      vertex 15.1911 -22.2987 5.89188
      vertex 15.1911 -22.2987 3.49188
    endloop
  endfacet
  facet normal -0.430387 -0.561225 0.706961
    outer loop
      vertex -13.9912 -22.963 6.19188
      vertex -14.1825 -23.1942 5.89188
      vertex -14.1662 -23.2067 5.89188
    endloop
  endfacet
  facet normal -0.611463 -0.355413 -0.706961
    outer loop
      vertex -16.8505 -20.1139 3.49188
      vertex -16.8598 -20.0979 3.49188
      vertex -16.5956 -19.9557 3.19188
    endloop
  endfacet
  facet normal 0.665189 0.24043 -0.706906
    outer loop
      vertex 17.7532 18.1642 3.49188
      vertex 17.468 18.0712 3.19188
      vertex 17.7472 18.1808 3.49188
    endloop
  endfacet
  facet normal 0.0378743 0.999283 -0
    outer loop
      vertex 9.37555 25.0764 3.49188
      vertex 8.75816 25.0998 5.89188
      vertex 9.37555 25.0764 5.89188
    endloop
  endfacet
  facet normal 0.0378743 0.999283 0
    outer loop
      vertex 8.75816 25.0998 5.89188
      vertex 9.37555 25.0764 3.49188
      vertex 8.75816 25.0998 3.49188
    endloop
  endfacet
  facet normal -0.907469 0.420119 0
    outer loop
      vertex -17.4853 18.847 3.49188
      vertex -17.1941 19.476 5.89188
      vertex -17.1941 19.476 3.49188
    endloop
  endfacet
  facet normal -0.907469 0.420119 0
    outer loop
      vertex -17.1941 19.476 5.89188
      vertex -17.4853 18.847 3.49188
      vertex -17.4853 18.847 5.89188
    endloop
  endfacet
  facet normal -0.651033 0.276196 -0.707016
    outer loop
      vertex -17.213 18.7209 3.19188
      vertex -17.4923 18.8305 3.49188
      vertex -17.4853 18.847 3.49188
    endloop
  endfacet
  facet normal 0 -1 0
    outer loop
      vertex -8.74684 -25.1 3.49188
      vertex 8.74684 -25.1 5.89188
      vertex -8.74684 -25.1 5.89188
    endloop
  endfacet
  facet normal 0 -1 -0
    outer loop
      vertex 8.74684 -25.1 5.89188
      vertex -8.74684 -25.1 3.49188
      vertex 8.74684 -25.1 3.49188
    endloop
  endfacet
  facet normal -0.651033 -0.276196 -0.707016
    outer loop
      vertex -17.4853 -18.847 3.49188
      vertex -17.4923 -18.8305 3.49188
      vertex -17.213 -18.7209 3.19188
    endloop
  endfacet
  facet normal 0.84969 -0.527283 0
    outer loop
      vertex 16.4907 -20.6937 5.89188
      vertex 16.8505 -20.1139 3.49188
      vertex 16.8505 -20.1139 5.89188
    endloop
  endfacet
  facet normal 0.84969 -0.527283 0
    outer loop
      vertex 16.8505 -20.1139 3.49188
      vertex 16.4907 -20.6937 5.89188
      vertex 16.4907 -20.6937 3.49188
    endloop
  endfacet
  facet normal 0.999931 0.0117639 0
    outer loop
      vertex 18.4865 13.9 5.89188
      vertex 18.4864 13.9085 3.49188
      vertex 18.4864 13.9085 5.89188
    endloop
  endfacet
  facet normal 0.999931 0.0117639 0
    outer loop
      vertex 18.4864 13.9085 3.49188
      vertex 18.4865 13.9 5.89188
      vertex 18.4865 13.9 3.49188
    endloop
  endfacet
  facet normal 0.281928 -0.648558 0.707029
    outer loop
      vertex 12.3593 -23.9703 6.19188
      vertex 11.9007 -24.4967 5.89188
      vertex 12.4788 -24.2454 5.89188
    endloop
  endfacet
  facet normal 0.281731 -0.648474 0.707184
    outer loop
      vertex 11.9007 -24.4967 5.89188
      vertex 12.3593 -23.9703 6.19188
      vertex 11.7811 -24.2215 6.19188
    endloop
  endfacet
  facet normal 0.535245 -0.462423 -0.706879
    outer loop
      vertex 15.642 -21.8111 3.49188
      vertex 15.4217 -21.6075 3.19188
      vertex 15.6547 -21.7964 3.49188
    endloop
  endfacet
  facet normal 0.590203 0.389685 0.70697
    outer loop
      vertex 16.4804 20.7093 5.89188
      vertex 16.2358 20.5355 6.19188
      vertex 16.4907 20.6937 5.89188
    endloop
  endfacet
  facet normal -0.430473 0.902604 0
    outer loop
      vertex -12.4788 24.2454 3.49188
      vertex -12.4983 24.2361 5.89188
      vertex -12.4788 24.2454 5.89188
    endloop
  endfacet
  facet normal -0.430473 0.902604 0
    outer loop
      vertex -12.4983 24.2361 5.89188
      vertex -12.4788 24.2454 3.49188
      vertex -12.4983 24.2361 3.49188
    endloop
  endfacet
  facet normal 0.564045 -0.426745 0.706924
    outer loop
      vertex 16.0885 -21.2607 5.89188
      vertex 15.844 -21.0869 6.19188
      vertex 16.077 -21.2759 5.89188
    endloop
  endfacet
  facet normal 0.304518 -0.638506 -0.706809
    outer loop
      vertex 12.4788 -24.2454 3.49188
      vertex 12.3593 -23.9703 3.19188
      vertex 12.4983 -24.2361 3.49188
    endloop
  endfacet
  facet normal 0 1 -0
    outer loop
      vertex 8.74684 25.1 3.49188
      vertex -8.74684 25.1 5.89188
      vertex 8.74684 25.1 5.89188
    endloop
  endfacet
  facet normal 0 1 0
    outer loop
      vertex -8.74684 25.1 5.89188
      vertex 8.74684 25.1 3.49188
      vertex -8.74684 25.1 3.49188
    endloop
  endfacet
  facet normal 0.349135 0.615142 0.706898
    outer loop
      vertex 13.061 23.9417 5.89188
      vertex 12.9219 23.6759 6.19188
      vertex 13.0795 23.9312 5.89188
    endloop
  endfacet
  facet normal -0.611463 0.355413 -0.706961
    outer loop
      vertex -16.5956 19.9557 3.19188
      vertex -16.8598 20.0979 3.49188
      vertex -16.8505 20.1139 3.49188
    endloop
  endfacet
  facet normal -0.549193 0.445494 -0.707052
    outer loop
      vertex -15.844 21.0869 3.19188
      vertex -15.6547 21.7964 3.49188
      vertex -15.4217 21.6075 3.19188
    endloop
  endfacet
  facet normal -0.549093 0.445499 -0.707126
    outer loop
      vertex -15.6547 21.7964 3.49188
      vertex -15.844 21.0869 3.19188
      vertex -16.077 21.2759 3.49188
    endloop
  endfacet
  facet normal -0.183751 -0.682794 -0.707127
    outer loop
      vertex -10.6664 -24.8802 3.49188
      vertex -11.19 -24.4286 3.19188
      vertex -10.5884 -24.5905 3.19188
    endloop
  endfacet
  facet normal -0.183751 -0.682794 -0.707127
    outer loop
      vertex -11.19 -24.4286 3.19188
      vertex -10.6664 -24.8802 3.49188
      vertex -11.268 -24.7183 3.49188
    endloop
  endfacet
  facet normal -0.0531125 0.705459 -0.706758
    outer loop
      vertex -9.36423 24.7767 3.19188
      vertex -9.39813 25.0747 3.49188
      vertex -9.37555 25.0764 3.49188
    endloop
  endfacet
  facet normal -0.52523 0.85096 0
    outer loop
      vertex -13.0795 23.9312 3.49188
      vertex -13.6242 23.595 5.89188
      vertex -13.0795 23.9312 5.89188
    endloop
  endfacet
  facet normal -0.52523 0.85096 0
    outer loop
      vertex -13.6242 23.595 5.89188
      vertex -13.0795 23.9312 3.49188
      vertex -13.6242 23.595 3.49188
    endloop
  endfacet
  facet normal 0.658322 -0.258283 -0.707038
    outer loop
      vertex 17.4923 -18.8305 3.49188
      vertex 17.468 -18.0712 3.19188
      vertex 17.7472 -18.1808 3.49188
    endloop
  endfacet
  facet normal 0.658185 -0.25833 -0.707147
    outer loop
      vertex 17.468 -18.0712 3.19188
      vertex 17.4923 -18.8305 3.49188
      vertex 17.213 -18.7209 3.19188
    endloop
  endfacet
  facet normal 0.349135 -0.615142 -0.706898
    outer loop
      vertex 13.061 -23.9417 3.49188
      vertex 12.9219 -23.6759 3.19188
      vertex 13.0795 -23.9312 3.49188
    endloop
  endfacet
  facet normal 0.503711 0.496566 -0.706892
    outer loop
      vertex 15.1911 22.2987 3.49188
      vertex 14.9709 22.095 3.19188
      vertex 15.1772 22.3128 3.49188
    endloop
  endfacet
  facet normal -0.641654 -0.297011 -0.707153
    outer loop
      vertex -17.1941 -19.476 3.49188
      vertex -17.213 -18.7209 3.19188
      vertex -16.9218 -19.35 3.19188
    endloop
  endfacet
  facet normal -0.641591 -0.297029 -0.707202
    outer loop
      vertex -17.213 -18.7209 3.19188
      vertex -17.1941 -19.476 3.49188
      vertex -17.4853 -18.847 3.49188
    endloop
  endfacet
  facet normal 0.622525 0.335261 0.707151
    outer loop
      vertex 16.8598 20.0979 5.89188
      vertex 16.9218 19.35 6.19188
      vertex 17.186 19.4922 5.89188
    endloop
  endfacet
  facet normal 0.622525 0.335261 0.707151
    outer loop
      vertex 16.9218 19.35 6.19188
      vertex 16.8598 20.0979 5.89188
      vertex 16.5956 19.9557 6.19188
    endloop
  endfacet
  facet normal 0.907469 0.420119 0
    outer loop
      vertex 17.4853 18.847 5.89188
      vertex 17.1941 19.476 3.49188
      vertex 17.1941 19.476 5.89188
    endloop
  endfacet
  facet normal 0.907469 0.420119 0
    outer loop
      vertex 17.1941 19.476 3.49188
      vertex 17.4853 18.847 5.89188
      vertex 17.4853 18.847 3.49188
    endloop
  endfacet
  facet normal -0.697153 0.118926 -0.70699
    outer loop
      vertex -18.0051 16.0265 3.19188
      vertex -18.3021 16.0689 3.49188
      vertex -18.2992 16.0859 3.49188
    endloop
  endfacet
  facet normal -0.665189 -0.24043 0.706906
    outer loop
      vertex -17.468 -18.0712 6.19188
      vertex -17.7532 -18.1642 5.89188
      vertex -17.7472 -18.1808 5.89188
    endloop
  endfacet
  facet normal 0.107083 -0.699187 0.706874
    outer loop
      vertex 10.0351 -25.0014 5.89188
      vertex 9.97896 -24.7067 6.19188
      vertex 10.0129 -25.0048 5.89188
    endloop
  endfacet
  facet normal 0.258213 -0.658442 0.706952
    outer loop
      vertex 11.9007 -24.4967 5.89188
      vertex 11.7811 -24.2215 6.19188
      vertex 11.8803 -24.5047 5.89188
    endloop
  endfacet
  facet normal -0.980204 -0.197988 0
    outer loop
      vertex -18.1589 -16.7805 3.49188
      vertex -18.2992 -16.0859 5.89188
      vertex -18.2992 -16.0859 3.49188
    endloop
  endfacet
  facet normal -0.980204 -0.197988 0
    outer loop
      vertex -18.2992 -16.0859 5.89188
      vertex -18.1589 -16.7805 3.49188
      vertex -18.1589 -16.7805 5.89188
    endloop
  endfacet
  facet normal -0.486279 0.513252 -0.707181
    outer loop
      vertex -14.9709 22.095 3.19188
      vertex -14.6997 22.7653 3.49188
      vertex -14.4933 22.5475 3.19188
    endloop
  endfacet
  facet normal -0.486388 0.51326 -0.7071
    outer loop
      vertex -14.6997 22.7653 3.49188
      vertex -14.9709 22.095 3.19188
      vertex -15.1772 22.3128 3.49188
    endloop
  endfacet
  facet normal -0.0176651 -0.999844 0
    outer loop
      vertex -8.75816 -25.0998 3.49188
      vertex -8.74684 -25.1 5.89188
      vertex -8.75816 -25.0998 5.89188
    endloop
  endfacet
  facet normal -0.0176651 -0.999844 -0
    outer loop
      vertex -8.74684 -25.1 5.89188
      vertex -8.75816 -25.0998 3.49188
      vertex -8.74684 -25.1 3.49188
    endloop
  endfacet
  facet normal -0.0800124 -0.702658 0.707015
    outer loop
      vertex -9.97896 -24.7067 6.19188
      vertex -9.39813 -25.0747 5.89188
      vertex -9.36423 -24.7767 6.19188
    endloop
  endfacet
  facet normal -0.0798806 -0.70255 0.707137
    outer loop
      vertex -9.39813 -25.0747 5.89188
      vertex -9.97896 -24.7067 6.19188
      vertex -10.0129 -25.0048 5.89188
    endloop
  endfacet
  facet normal -0.112973 -0.993598 0
    outer loop
      vertex -10.0129 -25.0048 3.49188
      vertex -9.39813 -25.0747 5.89188
      vertex -10.0129 -25.0048 5.89188
    endloop
  endfacet
  facet normal -0.112973 -0.993598 -0
    outer loop
      vertex -9.39813 -25.0747 5.89188
      vertex -10.0129 -25.0048 3.49188
      vertex -9.39813 -25.0747 3.49188
    endloop
  endfacet
  facet normal -0.21026 -0.675381 0.70686
    outer loop
      vertex -11.19 -24.4286 6.19188
      vertex -11.2892 -24.7117 5.89188
      vertex -11.268 -24.7183 5.89188
    endloop
  endfacet
  facet normal -0.21026 -0.675381 -0.70686
    outer loop
      vertex -11.268 -24.7183 3.49188
      vertex -11.2892 -24.7117 3.49188
      vertex -11.19 -24.4286 3.19188
    endloop
  endfacet
  facet normal -0.665189 0.24043 0.706906
    outer loop
      vertex -17.7472 18.1808 5.89188
      vertex -17.7532 18.1642 5.89188
      vertex -17.468 18.0712 6.19188
    endloop
  endfacet
  facet normal 0.693065 -0.13999 -0.707152
    outer loop
      vertex 18.1589 -16.7805 3.49188
      vertex 18.0051 -16.0265 3.19188
      vertex 18.2992 -16.0859 3.49188
    endloop
  endfacet
  facet normal 0.693197 -0.139917 -0.707037
    outer loop
      vertex 18.0051 -16.0265 3.19188
      vertex 18.1589 -16.7805 3.49188
      vertex 17.8649 -16.7211 3.19188
    endloop
  endfacet
  facet normal 0.3278 0.626539 -0.707104
    outer loop
      vertex 12.9219 23.6759 3.19188
      vertex 12.4983 24.2361 3.49188
      vertex 13.061 23.9417 3.49188
    endloop
  endfacet
  facet normal 0.327871 0.626564 -0.707049
    outer loop
      vertex 12.4983 24.2361 3.49188
      vertex 12.9219 23.6759 3.19188
      vertex 12.3593 23.9703 3.19188
    endloop
  endfacet
  facet normal -0.707082 -0.00831862 0.707082
    outer loop
      vertex -18.1865 -13.9 6.19188
      vertex -18.4865 -13.9 5.89188
      vertex -18.4864 -13.9085 5.89188
    endloop
  endfacet
  facet normal -0.998274 -0.058722 0
    outer loop
      vertex -18.4652 -14.6384 3.49188
      vertex -18.4662 -14.6214 5.89188
      vertex -18.4662 -14.6214 3.49188
    endloop
  endfacet
  facet normal -0.998274 -0.058722 0
    outer loop
      vertex -18.4662 -14.6214 5.89188
      vertex -18.4652 -14.6384 3.49188
      vertex -18.4652 -14.6384 5.89188
    endloop
  endfacet
  facet normal -0.632559 -0.31628 -0.706991
    outer loop
      vertex -17.186 -19.4922 3.49188
      vertex -17.1941 -19.476 3.49188
      vertex -16.9218 -19.35 3.19188
    endloop
  endfacet
  facet normal 0.281928 0.648558 0.707029
    outer loop
      vertex 11.9007 24.4967 5.89188
      vertex 12.3593 23.9703 6.19188
      vertex 12.4788 24.2454 5.89188
    endloop
  endfacet
  facet normal 0.281731 0.648474 0.707184
    outer loop
      vertex 12.3593 23.9703 6.19188
      vertex 11.9007 24.4967 5.89188
      vertex 11.7811 24.2215 6.19188
    endloop
  endfacet
  facet normal 0.658322 -0.258283 0.707038
    outer loop
      vertex 17.468 -18.0712 6.19188
      vertex 17.4923 -18.8305 5.89188
      vertex 17.7472 -18.1808 5.89188
    endloop
  endfacet
  facet normal 0.658185 -0.25833 0.707147
    outer loop
      vertex 17.4923 -18.8305 5.89188
      vertex 17.468 -18.0712 6.19188
      vertex 17.213 -18.7209 6.19188
    endloop
  endfacet
  facet normal 0.996387 0.0849273 0
    outer loop
      vertex 18.4652 14.6384 5.89188
      vertex 18.4047 15.3482 3.49188
      vertex 18.4047 15.3482 5.89188
    endloop
  endfacet
  facet normal 0.996387 0.0849273 0
    outer loop
      vertex 18.4047 15.3482 3.49188
      vertex 18.4652 14.6384 5.89188
      vertex 18.4652 14.6384 3.49188
    endloop
  endfacet
  facet normal 0.706799 0.0200271 0.707131
    outer loop
      vertex 18.4662 14.6214 5.89188
      vertex 18.1865 13.9 6.19188
      vertex 18.4864 13.9085 5.89188
    endloop
  endfacet
  facet normal 0.706799 0.0200271 0.707131
    outer loop
      vertex 18.1865 13.9 6.19188
      vertex 18.4662 14.6214 5.89188
      vertex 18.1663 14.6129 6.19188
    endloop
  endfacet
  facet normal 0.98576 0.168159 0
    outer loop
      vertex 18.3021 16.0689 5.89188
      vertex 18.2992 16.0859 3.49188
      vertex 18.2992 16.0859 5.89188
    endloop
  endfacet
  facet normal 0.98576 0.168159 0
    outer loop
      vertex 18.2992 16.0859 3.49188
      vertex 18.3021 16.0689 5.89188
      vertex 18.3021 16.0689 3.49188
    endloop
  endfacet
  facet normal 0.706799 0.0200271 -0.707131
    outer loop
      vertex 18.1865 13.9 3.19188
      vertex 18.4662 14.6214 3.49188
      vertex 18.4864 13.9085 3.49188
    endloop
  endfacet
  facet normal 0.706799 0.0200271 -0.707131
    outer loop
      vertex 18.4662 14.6214 3.49188
      vertex 18.1865 13.9 3.19188
      vertex 18.1663 14.6129 3.19188
    endloop
  endfacet
  facet normal 0.999599 0.0283236 0
    outer loop
      vertex 18.4864 13.9085 5.89188
      vertex 18.4662 14.6214 3.49188
      vertex 18.4662 14.6214 5.89188
    endloop
  endfacet
  facet normal 0.999599 0.0283236 0
    outer loop
      vertex 18.4662 14.6214 3.49188
      vertex 18.4864 13.9085 5.89188
      vertex 18.4864 13.9085 3.49188
    endloop
  endfacet
  facet normal -0.707082 0.00831862 -0.707082
    outer loop
      vertex -18.1865 13.9 3.19188
      vertex -18.4865 13.9 3.49188
      vertex -18.4864 13.9085 3.49188
    endloop
  endfacet
  facet normal -0.999931 0.0117639 0
    outer loop
      vertex -18.4865 13.9 3.49188
      vertex -18.4864 13.9085 5.89188
      vertex -18.4864 13.9085 3.49188
    endloop
  endfacet
  facet normal -0.999931 0.0117639 0
    outer loop
      vertex -18.4864 13.9085 5.89188
      vertex -18.4865 13.9 3.49188
      vertex -18.4865 13.9 5.89188
    endloop
  endfacet
  facet normal 0.641591 -0.297029 -0.707202
    outer loop
      vertex 17.1941 -19.476 3.49188
      vertex 17.213 -18.7209 3.19188
      vertex 17.4853 -18.847 3.49188
    endloop
  endfacet
  facet normal 0.641654 -0.297011 -0.707153
    outer loop
      vertex 17.213 -18.7209 3.19188
      vertex 17.1941 -19.476 3.49188
      vertex 16.9218 -19.35 3.19188
    endloop
  endfacet
  facet normal -0.699965 0.100151 -0.70712
    outer loop
      vertex -18.1058 15.3227 3.19188
      vertex -18.3021 16.0689 3.49188
      vertex -18.0051 16.0265 3.19188
    endloop
  endfacet
  facet normal -0.700076 0.100082 -0.70702
    outer loop
      vertex -18.3021 16.0689 3.49188
      vertex -18.1058 15.3227 3.19188
      vertex -18.4027 15.3652 3.49188
    endloop
  endfacet
  facet normal -0.327871 0.626564 0.707049
    outer loop
      vertex -12.4983 24.2361 5.89188
      vertex -12.9219 23.6759 6.19188
      vertex -12.3593 23.9703 6.19188
    endloop
  endfacet
  facet normal -0.3278 0.626539 0.707104
    outer loop
      vertex -12.9219 23.6759 6.19188
      vertex -12.4983 24.2361 5.89188
      vertex -13.061 23.9417 5.89188
    endloop
  endfacet
  facet normal -0.430387 -0.561225 -0.706961
    outer loop
      vertex -14.1662 -23.2067 3.49188
      vertex -14.1825 -23.1942 3.49188
      vertex -13.9912 -22.963 3.19188
    endloop
  endfacet
  facet normal 0.658322 0.258283 -0.707038
    outer loop
      vertex 17.468 18.0712 3.19188
      vertex 17.4923 18.8305 3.49188
      vertex 17.7472 18.1808 3.49188
    endloop
  endfacet
  facet normal 0.658185 0.25833 -0.707147
    outer loop
      vertex 17.4923 18.8305 3.49188
      vertex 17.468 18.0712 3.19188
      vertex 17.213 18.7209 3.19188
    endloop
  endfacet
  facet normal 0.0798806 -0.70255 -0.707137
    outer loop
      vertex 9.39813 -25.0747 3.49188
      vertex 9.97896 -24.7067 3.19188
      vertex 10.0129 -25.0048 3.49188
    endloop
  endfacet
  facet normal 0.0800124 -0.702658 -0.707015
    outer loop
      vertex 9.97896 -24.7067 3.19188
      vertex 9.39813 -25.0747 3.49188
      vertex 9.36423 -24.7767 3.19188
    endloop
  endfacet
  facet normal 0.641591 0.297029 -0.707202
    outer loop
      vertex 17.213 18.7209 3.19188
      vertex 17.1941 19.476 3.49188
      vertex 17.4853 18.847 3.49188
    endloop
  endfacet
  facet normal 0.641654 0.297011 -0.707153
    outer loop
      vertex 17.1941 19.476 3.49188
      vertex 17.213 18.7209 3.19188
      vertex 16.9218 19.35 3.19188
    endloop
  endfacet
  facet normal 0.689001 -0.159947 -0.706891
    outer loop
      vertex 18.155 -16.7973 3.49188
      vertex 17.8649 -16.7211 3.19188
      vertex 18.1589 -16.7805 3.49188
    endloop
  endfacet
  facet normal 0.678904 0.198014 -0.707022
    outer loop
      vertex 17.9757 17.4799 3.49188
      vertex 17.6855 17.4037 3.19188
      vertex 17.9708 17.4967 3.49188
    endloop
  endfacet
  facet normal 0.834511 0.550991 0
    outer loop
      vertex 16.4907 20.6937 5.89188
      vertex 16.4804 20.7093 3.49188
      vertex 16.4804 20.7093 5.89188
    endloop
  endfacet
  facet normal 0.834511 0.550991 0
    outer loop
      vertex 16.4804 20.7093 3.49188
      vertex 16.4907 20.6937 5.89188
      vertex 16.4907 20.6937 3.49188
    endloop
  endfacet
  facet normal -0.689001 -0.159947 0.706891
    outer loop
      vertex -17.8649 -16.7211 6.19188
      vertex -18.1589 -16.7805 5.89188
      vertex -18.155 -16.7973 5.89188
    endloop
  endfacet
  facet normal 0.576305 0.409601 0.707177
    outer loop
      vertex 16.0885 21.2607 5.89188
      vertex 16.2358 20.5355 6.19188
      vertex 16.4804 20.7093 5.89188
    endloop
  endfacet
  facet normal 0.576433 0.409587 0.707081
    outer loop
      vertex 16.2358 20.5355 6.19188
      vertex 16.0885 21.2607 5.89188
      vertex 15.844 21.0869 6.19188
    endloop
  endfacet
  facet normal -0 0.707107 0.707107
    outer loop
      vertex -8.74684 25.1 5.89188
      vertex 8.74684 24.8 6.19188
      vertex 8.74684 25.1 5.89188
    endloop
  endfacet
  facet normal 0 0.707107 0.707107
    outer loop
      vertex 8.74684 24.8 6.19188
      vertex -8.74684 25.1 5.89188
      vertex -8.74684 24.8 6.19188
    endloop
  endfacet
  facet normal 0.974097 0.22613 0
    outer loop
      vertex 18.1589 16.7805 5.89188
      vertex 18.155 16.7973 3.49188
      vertex 18.155 16.7973 5.89188
    endloop
  endfacet
  facet normal 0.974097 0.22613 0
    outer loop
      vertex 18.155 16.7973 3.49188
      vertex 18.1589 16.7805 5.89188
      vertex 18.1589 16.7805 3.49188
    endloop
  endfacet
  facet normal 0.412419 -0.574343 -0.707136
    outer loop
      vertex 13.6416 -23.5834 3.49188
      vertex 13.9912 -22.963 3.19188
      vertex 14.1662 -23.2067 3.49188
    endloop
  endfacet
  facet normal 0.412511 -0.574362 -0.707067
    outer loop
      vertex 13.9912 -22.963 3.19188
      vertex 13.6416 -23.5834 3.49188
      vertex 13.4667 -23.3397 3.19188
    endloop
  endfacet
  facet normal 0.706799 -0.0200271 -0.707131
    outer loop
      vertex 18.4662 -14.6214 3.49188
      vertex 18.1865 -13.9 3.19188
      vertex 18.4864 -13.9085 3.49188
    endloop
  endfacet
  facet normal 0.706799 -0.0200271 -0.707131
    outer loop
      vertex 18.1865 -13.9 3.19188
      vertex 18.4662 -14.6214 3.49188
      vertex 18.1663 -14.6129 3.19188
    endloop
  endfacet
  facet normal 0.70246 -0.0826424 0.706909
    outer loop
      vertex 18.4047 -15.3482 5.89188
      vertex 18.1058 -15.3227 6.19188
      vertex 18.4027 -15.3652 5.89188
    endloop
  endfacet
  facet normal 0.706799 -0.0200271 0.707131
    outer loop
      vertex 18.1865 -13.9 6.19188
      vertex 18.4662 -14.6214 5.89188
      vertex 18.4864 -13.9085 5.89188
    endloop
  endfacet
  facet normal 0.706799 -0.0200271 0.707131
    outer loop
      vertex 18.4662 -14.6214 5.89188
      vertex 18.1865 -13.9 6.19188
      vertex 18.1663 -14.6129 6.19188
    endloop
  endfacet
  facet normal 0.999931 -0.0117639 0
    outer loop
      vertex 18.4864 -13.9085 5.89188
      vertex 18.4865 -13.9 3.49188
      vertex 18.4865 -13.9 5.89188
    endloop
  endfacet
  facet normal 0.999931 -0.0117639 0
    outer loop
      vertex 18.4865 -13.9 3.49188
      vertex 18.4864 -13.9085 5.89188
      vertex 18.4864 -13.9085 3.49188
    endloop
  endfacet
  facet normal 0.651033 -0.276196 0.707016
    outer loop
      vertex 17.4923 -18.8305 5.89188
      vertex 17.213 -18.7209 6.19188
      vertex 17.4853 -18.847 5.89188
    endloop
  endfacet
  facet normal 0.600819 -0.372844 0.707109
    outer loop
      vertex 16.5956 -19.9557 6.19188
      vertex 16.4907 -20.6937 5.89188
      vertex 16.8505 -20.1139 5.89188
    endloop
  endfacet
  facet normal 0.600819 -0.372844 0.707109
    outer loop
      vertex 16.4907 -20.6937 5.89188
      vertex 16.5956 -19.9557 6.19188
      vertex 16.2358 -20.5355 6.19188
    endloop
  endfacet
  facet normal 0.297249 -0.9548 0
    outer loop
      vertex 11.268 -24.7183 3.49188
      vertex 11.2892 -24.7117 5.89188
      vertex 11.268 -24.7183 5.89188
    endloop
  endfacet
  facet normal 0.297249 -0.9548 0
    outer loop
      vertex 11.2892 -24.7117 5.89188
      vertex 11.268 -24.7183 3.49188
      vertex 11.2892 -24.7117 3.49188
    endloop
  endfacet
  facet normal 0.700076 -0.100082 0.70702
    outer loop
      vertex 18.1058 -15.3227 6.19188
      vertex 18.3021 -16.0689 5.89188
      vertex 18.4027 -15.3652 5.89188
    endloop
  endfacet
  facet normal 0.699965 -0.100151 0.70712
    outer loop
      vertex 18.3021 -16.0689 5.89188
      vertex 18.1058 -15.3227 6.19188
      vertex 18.0051 -16.0265 6.19188
    endloop
  endfacet
  facet normal 0.993151 -0.116841 0
    outer loop
      vertex 18.4027 -15.3652 5.89188
      vertex 18.4047 -15.3482 3.49188
      vertex 18.4047 -15.3482 5.89188
    endloop
  endfacet
  facet normal 0.993151 -0.116841 0
    outer loop
      vertex 18.4047 -15.3482 3.49188
      vertex 18.4027 -15.3652 5.89188
      vertex 18.4027 -15.3652 3.49188
    endloop
  endfacet
  facet normal 0.907469 -0.420119 0
    outer loop
      vertex 17.1941 -19.476 5.89188
      vertex 17.4853 -18.847 3.49188
      vertex 17.4853 -18.847 5.89188
    endloop
  endfacet
  facet normal 0.907469 -0.420119 0
    outer loop
      vertex 17.4853 -18.847 3.49188
      vertex 17.1941 -19.476 5.89188
      vertex 17.1941 -19.476 3.49188
    endloop
  endfacet
  facet normal 0.281928 -0.648558 -0.707029
    outer loop
      vertex 11.9007 -24.4967 3.49188
      vertex 12.3593 -23.9703 3.19188
      vertex 12.4788 -24.2454 3.49188
    endloop
  endfacet
  facet normal 0.281731 -0.648474 -0.707184
    outer loop
      vertex 12.3593 -23.9703 3.19188
      vertex 11.9007 -24.4967 3.49188
      vertex 11.7811 -24.2215 3.19188
    endloop
  endfacet
  facet normal -0.535245 0.462423 -0.706879
    outer loop
      vertex -15.4217 21.6075 3.19188
      vertex -15.6547 21.7964 3.49188
      vertex -15.642 21.8111 3.49188
    endloop
  endfacet
  facet normal 0.665189 -0.24043 0.706906
    outer loop
      vertex 17.7532 -18.1642 5.89188
      vertex 17.468 -18.0712 6.19188
      vertex 17.7472 -18.1808 5.89188
    endloop
  endfacet
  facet normal 0.678904 -0.198014 -0.707022
    outer loop
      vertex 17.9708 -17.4967 3.49188
      vertex 17.6855 -17.4037 3.19188
      vertex 17.9757 -17.4799 3.49188
    endloop
  endfacet
  facet normal 0.950756 -0.309939 0
    outer loop
      vertex 17.7532 -18.1642 5.89188
      vertex 17.9708 -17.4967 3.49188
      vertex 17.9708 -17.4967 5.89188
    endloop
  endfacet
  facet normal 0.950756 -0.309939 0
    outer loop
      vertex 17.9708 -17.4967 3.49188
      vertex 17.7532 -18.1642 5.89188
      vertex 17.7532 -18.1642 3.49188
    endloop
  endfacet
  facet normal 0.486388 0.51326 -0.7071
    outer loop
      vertex 14.9709 22.095 3.19188
      vertex 14.6997 22.7653 3.49188
      vertex 15.1772 22.3128 3.49188
    endloop
  endfacet
  facet normal 0.486279 0.513252 -0.707181
    outer loop
      vertex 14.6997 22.7653 3.49188
      vertex 14.9709 22.095 3.19188
      vertex 14.4933 22.5475 3.19188
    endloop
  endfacet
  facet normal -0.503711 -0.496566 0.706892
    outer loop
      vertex -14.9709 -22.095 6.19188
      vertex -15.1911 -22.2987 5.89188
      vertex -15.1772 -22.3128 5.89188
    endloop
  endfacet
  facet normal -0.469418 -0.52897 0.706992
    outer loop
      vertex -14.4933 -22.5475 6.19188
      vertex -14.6997 -22.7653 5.89188
      vertex -14.6846 -22.7787 5.89188
    endloop
  endfacet
  facet normal 0.590203 -0.389685 0.70697
    outer loop
      vertex 16.4907 -20.6937 5.89188
      vertex 16.2358 -20.5355 6.19188
      vertex 16.4804 -20.7093 5.89188
    endloop
  endfacet
  facet normal 0.797475 -0.603353 0
    outer loop
      vertex 16.077 -21.2759 5.89188
      vertex 16.0885 -21.2607 3.49188
      vertex 16.0885 -21.2607 5.89188
    endloop
  endfacet
  facet normal 0.797475 -0.603353 0
    outer loop
      vertex 16.0885 -21.2607 3.49188
      vertex 16.077 -21.2759 5.89188
      vertex 16.077 -21.2759 3.49188
    endloop
  endfacet
  facet normal -0.233818 0.667358 -0.70708
    outer loop
      vertex -11.7811 24.2215 3.19188
      vertex -11.2892 24.7117 3.49188
      vertex -11.19 24.4286 3.19188
    endloop
  endfacet
  facet normal -0.233681 0.667289 -0.707191
    outer loop
      vertex -11.2892 24.7117 3.49188
      vertex -11.7811 24.2215 3.19188
      vertex -11.8803 24.5047 3.49188
    endloop
  endfacet
  facet normal -0.641654 0.297011 0.707153
    outer loop
      vertex -17.1941 19.476 5.89188
      vertex -17.213 18.7209 6.19188
      vertex -16.9218 19.35 6.19188
    endloop
  endfacet
  facet normal -0.641591 0.297029 0.707202
    outer loop
      vertex -17.213 18.7209 6.19188
      vertex -17.1941 19.476 5.89188
      vertex -17.4853 18.847 5.89188
    endloop
  endfacet
  facet normal 0.864562 -0.502527 0
    outer loop
      vertex 16.8505 -20.1139 5.89188
      vertex 16.8598 -20.0979 3.49188
      vertex 16.8598 -20.0979 5.89188
    endloop
  endfacet
  facet normal 0.864562 -0.502527 0
    outer loop
      vertex 16.8598 -20.0979 3.49188
      vertex 16.8505 -20.1139 5.89188
      vertex 16.8505 -20.1139 3.49188
    endloop
  endfacet
  facet normal -0.611463 0.355413 0.706961
    outer loop
      vertex -16.8505 20.1139 5.89188
      vertex -16.8598 20.0979 5.89188
      vertex -16.5956 19.9557 6.19188
    endloop
  endfacet
  facet normal -0.704569 0.0600541 0.70709
    outer loop
      vertex -18.4047 15.3482 5.89188
      vertex -18.1663 14.6129 6.19188
      vertex -18.1058 15.3227 6.19188
    endloop
  endfacet
  facet normal -0.704569 0.0600541 0.70709
    outer loop
      vertex -18.1663 14.6129 6.19188
      vertex -18.4047 15.3482 5.89188
      vertex -18.4652 14.6384 5.89188
    endloop
  endfacet
  facet normal 0.493606 -0.869686 0
    outer loop
      vertex 13.061 -23.9417 3.49188
      vertex 13.0795 -23.9312 5.89188
      vertex 13.061 -23.9417 5.89188
    endloop
  endfacet
  facet normal 0.493606 -0.869686 0
    outer loop
      vertex 13.0795 -23.9312 5.89188
      vertex 13.061 -23.9417 3.49188
      vertex 13.0795 -23.9312 3.49188
    endloop
  endfacet
  facet normal 0.0531125 -0.705459 -0.706758
    outer loop
      vertex 9.37555 -25.0764 3.49188
      vertex 9.36423 -24.7767 3.19188
      vertex 9.39813 -25.0747 3.49188
    endloop
  endfacet
  facet normal 0.21026 -0.675381 0.70686
    outer loop
      vertex 11.2892 -24.7117 5.89188
      vertex 11.19 -24.4286 6.19188
      vertex 11.268 -24.7183 5.89188
    endloop
  endfacet
  facet normal -0.0176651 0.999844 0
    outer loop
      vertex -8.74684 25.1 3.49188
      vertex -8.75816 25.0998 5.89188
      vertex -8.74684 25.1 5.89188
    endloop
  endfacet
  facet normal -0.0176651 0.999844 0
    outer loop
      vertex -8.75816 25.0998 5.89188
      vertex -8.74684 25.1 3.49188
      vertex -8.75816 25.0998 3.49188
    endloop
  endfacet
  facet normal 0.112973 -0.993598 0
    outer loop
      vertex 9.39813 -25.0747 3.49188
      vertex 10.0129 -25.0048 5.89188
      vertex 9.39813 -25.0747 5.89188
    endloop
  endfacet
  facet normal 0.112973 -0.993598 0
    outer loop
      vertex 10.0129 -25.0048 5.89188
      vertex 9.39813 -25.0747 3.49188
      vertex 10.0129 -25.0048 3.49188
    endloop
  endfacet
  facet normal 0.37141 -0.601746 -0.707076
    outer loop
      vertex 13.0795 -23.9312 3.49188
      vertex 13.4667 -23.3397 3.19188
      vertex 13.6242 -23.595 3.49188
    endloop
  endfacet
  facet normal 0.371328 -0.601724 -0.707138
    outer loop
      vertex 13.4667 -23.3397 3.19188
      vertex 13.0795 -23.9312 3.49188
      vertex 12.9219 -23.6759 3.19188
    endloop
  endfacet
  facet normal 0.663749 -0.747956 0
    outer loop
      vertex 14.6846 -22.7787 3.49188
      vertex 14.6997 -22.7653 5.89188
      vertex 14.6846 -22.7787 5.89188
    endloop
  endfacet
  facet normal 0.663749 -0.747956 0
    outer loop
      vertex 14.6997 -22.7653 5.89188
      vertex 14.6846 -22.7787 3.49188
      vertex 14.6997 -22.7653 3.49188
    endloop
  endfacet
  facet normal -0.0800124 -0.702658 -0.707015
    outer loop
      vertex -9.39813 -25.0747 3.49188
      vertex -9.97896 -24.7067 3.19188
      vertex -9.36423 -24.7767 3.19188
    endloop
  endfacet
  facet normal -0.0798806 -0.70255 -0.707137
    outer loop
      vertex -9.97896 -24.7067 3.19188
      vertex -9.39813 -25.0747 3.49188
      vertex -10.0129 -25.0048 3.49188
    endloop
  endfacet
  facet normal -0.258213 -0.658442 -0.706952
    outer loop
      vertex -11.8803 -24.5047 3.49188
      vertex -11.9007 -24.4967 3.49188
      vertex -11.7811 -24.2215 3.19188
    endloop
  endfacet
  facet normal -0.0124921 -0.707052 0.707052
    outer loop
      vertex -8.74684 -24.8 6.19188
      vertex -8.75816 -25.0998 5.89188
      vertex -8.74684 -25.1 5.89188
    endloop
  endfacet
  facet normal -0.430473 -0.902604 0
    outer loop
      vertex -12.4983 -24.2361 3.49188
      vertex -12.4788 -24.2454 5.89188
      vertex -12.4983 -24.2361 5.89188
    endloop
  endfacet
  facet normal -0.430473 -0.902604 -0
    outer loop
      vertex -12.4788 -24.2454 5.89188
      vertex -12.4983 -24.2361 3.49188
      vertex -12.4788 -24.2454 3.49188
    endloop
  endfacet
  facet normal 0.151388 0.988474 -0
    outer loop
      vertex 10.0351 25.0014 3.49188
      vertex 10.0129 25.0048 5.89188
      vertex 10.0351 25.0014 5.89188
    endloop
  endfacet
  facet normal 0.151388 0.988474 0
    outer loop
      vertex 10.0129 25.0048 5.89188
      vertex 10.0351 25.0014 3.49188
      vertex 10.0129 25.0048 3.49188
    endloop
  endfacet
  facet normal -0.672338 0.219077 -0.707083
    outer loop
      vertex -17.6855 17.4037 3.19188
      vertex -17.7532 18.1642 3.49188
      vertex -17.468 18.0712 3.19188
    endloop
  endfacet
  facet normal -0.672202 0.219133 -0.707195
    outer loop
      vertex -17.7532 18.1642 3.49188
      vertex -17.6855 17.4037 3.19188
      vertex -17.9708 17.4967 3.49188
    endloop
  endfacet
  facet normal 0.026785 0.706701 -0.707005
    outer loop
      vertex 9.36423 24.7767 3.19188
      vertex 8.75816 25.0998 3.49188
      vertex 9.37555 25.0764 3.49188
    endloop
  endfacet
  facet normal 0.0266663 0.706588 -0.707123
    outer loop
      vertex 8.75816 25.0998 3.49188
      vertex 9.36423 24.7767 3.19188
      vertex 8.74684 24.8 3.19188
    endloop
  endfacet
  facet normal -0.0800124 0.702658 -0.707015
    outer loop
      vertex -9.97896 24.7067 3.19188
      vertex -9.39813 25.0747 3.49188
      vertex -9.36423 24.7767 3.19188
    endloop
  endfacet
  facet normal -0.0798806 0.70255 -0.707137
    outer loop
      vertex -9.39813 25.0747 3.49188
      vertex -9.97896 24.7067 3.19188
      vertex -10.0129 25.0048 3.49188
    endloop
  endfacet
  facet normal 0.651033 0.276196 -0.707016
    outer loop
      vertex 17.4923 18.8305 3.49188
      vertex 17.213 18.7209 3.19188
      vertex 17.4853 18.847 3.49188
    endloop
  endfacet
  facet normal 0.894427 0.447214 0
    outer loop
      vertex 17.1941 19.476 5.89188
      vertex 17.186 19.4922 3.49188
      vertex 17.186 19.4922 5.89188
    endloop
  endfacet
  facet normal 0.894427 0.447214 0
    outer loop
      vertex 17.186 19.4922 3.49188
      vertex 17.1941 19.476 5.89188
      vertex 17.1941 19.476 3.49188
    endloop
  endfacet
  facet normal 0.0798806 -0.70255 0.707137
    outer loop
      vertex 9.97896 -24.7067 6.19188
      vertex 9.39813 -25.0747 5.89188
      vertex 10.0129 -25.0048 5.89188
    endloop
  endfacet
  facet normal 0.0800124 -0.702658 0.707015
    outer loop
      vertex 9.39813 -25.0747 5.89188
      vertex 9.97896 -24.7067 6.19188
      vertex 9.36423 -24.7767 6.19188
    endloop
  endfacet
  facet normal -0.349135 -0.615142 -0.706898
    outer loop
      vertex -13.061 -23.9417 3.49188
      vertex -13.0795 -23.9312 3.49188
      vertex -12.9219 -23.6759 3.19188
    endloop
  endfacet
  facet normal -0.0750754 0.997178 0
    outer loop
      vertex -9.37555 25.0764 3.49188
      vertex -9.39813 25.0747 5.89188
      vertex -9.37555 25.0764 5.89188
    endloop
  endfacet
  facet normal -0.0750754 0.997178 0
    outer loop
      vertex -9.39813 25.0747 5.89188
      vertex -9.37555 25.0764 3.49188
      vertex -9.39813 25.0747 3.49188
    endloop
  endfacet
  facet normal -0.70246 0.0826424 0.706909
    outer loop
      vertex -18.4027 15.3652 5.89188
      vertex -18.4047 15.3482 5.89188
      vertex -18.1058 15.3227 6.19188
    endloop
  endfacet
  facet normal -0.706026 0.0415309 0.706967
    outer loop
      vertex -18.4652 14.6384 5.89188
      vertex -18.4662 14.6214 5.89188
      vertex -18.1663 14.6129 6.19188
    endloop
  endfacet
  facet normal -0.999599 0.0283236 0
    outer loop
      vertex -18.4864 13.9085 3.49188
      vertex -18.4662 14.6214 5.89188
      vertex -18.4662 14.6214 3.49188
    endloop
  endfacet
  facet normal -0.999599 0.0283236 0
    outer loop
      vertex -18.4662 14.6214 5.89188
      vertex -18.4864 13.9085 3.49188
      vertex -18.4864 13.9085 5.89188
    endloop
  endfacet
  facet normal -0.894427 0.447214 0
    outer loop
      vertex -17.1941 19.476 3.49188
      vertex -17.186 19.4922 5.89188
      vertex -17.186 19.4922 3.49188
    endloop
  endfacet
  facet normal -0.894427 0.447214 0
    outer loop
      vertex -17.186 19.4922 5.89188
      vertex -17.1941 19.476 3.49188
      vertex -17.1941 19.476 5.89188
    endloop
  endfacet
  facet normal -0.683839 0.179726 -0.707151
    outer loop
      vertex -17.8649 16.7211 3.19188
      vertex -17.9757 17.4799 3.49188
      vertex -17.6855 17.4037 3.19188
    endloop
  endfacet
  facet normal -0.683974 0.179661 -0.707037
    outer loop
      vertex -17.9757 17.4799 3.49188
      vertex -17.8649 16.7211 3.19188
      vertex -18.155 16.7973 3.49188
    endloop
  endfacet
  facet normal -0.980204 0.197988 0
    outer loop
      vertex -18.2992 16.0859 3.49188
      vertex -18.1589 16.7805 5.89188
      vertex -18.1589 16.7805 3.49188
    endloop
  endfacet
  facet normal -0.980204 0.197988 0
    outer loop
      vertex -18.1589 16.7805 5.89188
      vertex -18.2992 16.0859 3.49188
      vertex -18.2992 16.0859 5.89188
    endloop
  endfacet
  facet normal -0.999599 -0.0283236 0
    outer loop
      vertex -18.4662 -14.6214 3.49188
      vertex -18.4864 -13.9085 5.89188
      vertex -18.4864 -13.9085 3.49188
    endloop
  endfacet
  facet normal -0.999599 -0.0283236 0
    outer loop
      vertex -18.4864 -13.9085 5.89188
      vertex -18.4662 -14.6214 3.49188
      vertex -18.4662 -14.6214 5.89188
    endloop
  endfacet
  facet normal -0.697153 0.118926 0.70699
    outer loop
      vertex -18.2992 16.0859 5.89188
      vertex -18.3021 16.0689 5.89188
      vertex -18.0051 16.0265 6.19188
    endloop
  endfacet
  facet normal 0.158127 -0.689435 0.706877
    outer loop
      vertex 10.6664 -24.8802 5.89188
      vertex 10.5884 -24.5905 6.19188
      vertex 10.6446 -24.8852 5.89188
    endloop
  endfacet
  facet normal -0.706799 0.0200271 0.707131
    outer loop
      vertex -18.4662 14.6214 5.89188
      vertex -18.1865 13.9 6.19188
      vertex -18.1663 14.6129 6.19188
    endloop
  endfacet
  facet normal -0.706799 0.0200271 0.707131
    outer loop
      vertex -18.1865 13.9 6.19188
      vertex -18.4662 14.6214 5.89188
      vertex -18.4864 13.9085 5.89188
    endloop
  endfacet
  facet normal -0.549193 -0.445494 -0.707052
    outer loop
      vertex -15.6547 -21.7964 3.49188
      vertex -15.844 -21.0869 3.19188
      vertex -15.4217 -21.6075 3.19188
    endloop
  endfacet
  facet normal -0.549093 -0.445499 -0.707126
    outer loop
      vertex -15.844 -21.0869 3.19188
      vertex -15.6547 -21.7964 3.49188
      vertex -16.077 -21.2759 3.49188
    endloop
  endfacet
  facet normal -0.0124921 -0.707052 -0.707052
    outer loop
      vertex -8.74684 -25.1 3.49188
      vertex -8.75816 -25.0998 3.49188
      vertex -8.74684 -24.8 3.19188
    endloop
  endfacet
  facet normal -0.304518 0.638506 -0.706809
    outer loop
      vertex -12.3593 23.9703 3.19188
      vertex -12.4983 24.2361 3.49188
      vertex -12.4788 24.2454 3.49188
    endloop
  endfacet
  facet normal -0.0531125 -0.705459 -0.706758
    outer loop
      vertex -9.37555 -25.0764 3.49188
      vertex -9.39813 -25.0747 3.49188
      vertex -9.36423 -24.7767 3.19188
    endloop
  endfacet
  facet normal -0.0124921 0.707052 0.707052
    outer loop
      vertex -8.74684 25.1 5.89188
      vertex -8.75816 25.0998 5.89188
      vertex -8.74684 24.8 6.19188
    endloop
  endfacet
  facet normal -0.583272 -0.812277 0
    outer loop
      vertex -14.1662 -23.2067 3.49188
      vertex -13.6416 -23.5834 5.89188
      vertex -14.1662 -23.2067 5.89188
    endloop
  endfacet
  facet normal -0.583272 -0.812277 -0
    outer loop
      vertex -13.6416 -23.5834 5.89188
      vertex -14.1662 -23.2067 3.49188
      vertex -13.6416 -23.5834 3.49188
    endloop
  endfacet
  facet normal -0.132436 -0.694594 -0.707106
    outer loop
      vertex -10.0351 -25.0014 3.49188
      vertex -10.5884 -24.5905 3.19188
      vertex -9.97896 -24.7067 3.19188
    endloop
  endfacet
  facet normal -0.132421 -0.694584 -0.70712
    outer loop
      vertex -10.5884 -24.5905 3.19188
      vertex -10.0351 -25.0014 3.49188
      vertex -10.6446 -24.8852 3.49188
    endloop
  endfacet
  facet normal -0.107083 -0.699187 -0.706874
    outer loop
      vertex -10.0129 -25.0048 3.49188
      vertex -10.0351 -25.0014 3.49188
      vertex -9.97896 -24.7067 3.19188
    endloop
  endfacet
  facet normal -0.600819 -0.372844 -0.707109
    outer loop
      vertex -16.4907 -20.6937 3.49188
      vertex -16.5956 -19.9557 3.19188
      vertex -16.2358 -20.5355 3.19188
    endloop
  endfacet
  facet normal -0.600819 -0.372844 -0.707109
    outer loop
      vertex -16.5956 -19.9557 3.19188
      vertex -16.4907 -20.6937 3.49188
      vertex -16.8505 -20.1139 3.49188
    endloop
  endfacet
  facet normal -0.535245 -0.462423 0.706879
    outer loop
      vertex -15.4217 -21.6075 6.19188
      vertex -15.6547 -21.7964 5.89188
      vertex -15.642 -21.8111 5.89188
    endloop
  endfacet
  facet normal 0.683974 0.179661 0.707037
    outer loop
      vertex 17.9757 17.4799 5.89188
      vertex 17.8649 16.7211 6.19188
      vertex 18.155 16.7973 5.89188
    endloop
  endfacet
  facet normal 0.683839 0.179726 0.707151
    outer loop
      vertex 17.8649 16.7211 6.19188
      vertex 17.9757 17.4799 5.89188
      vertex 17.6855 17.4037 6.19188
    endloop
  endfacet
  facet normal -0.622525 -0.335261 0.707151
    outer loop
      vertex -16.9218 -19.35 6.19188
      vertex -16.8598 -20.0979 5.89188
      vertex -16.5956 -19.9557 6.19188
    endloop
  endfacet
  facet normal -0.622525 -0.335261 0.707151
    outer loop
      vertex -16.8598 -20.0979 5.89188
      vertex -16.9218 -19.35 6.19188
      vertex -17.186 -19.4922 5.89188
    endloop
  endfacet
  facet normal -0.549193 -0.445494 0.707052
    outer loop
      vertex -15.844 -21.0869 6.19188
      vertex -15.6547 -21.7964 5.89188
      vertex -15.4217 -21.6075 6.19188
    endloop
  endfacet
  facet normal -0.549093 -0.445499 0.707126
    outer loop
      vertex -15.6547 -21.7964 5.89188
      vertex -15.844 -21.0869 6.19188
      vertex -16.077 -21.2759 5.89188
    endloop
  endfacet
  facet normal -0.183751 -0.682794 0.707127
    outer loop
      vertex -11.19 -24.4286 6.19188
      vertex -10.6664 -24.8802 5.89188
      vertex -10.5884 -24.5905 6.19188
    endloop
  endfacet
  facet normal -0.183751 -0.682794 0.707127
    outer loop
      vertex -10.6664 -24.8802 5.89188
      vertex -11.19 -24.4286 6.19188
      vertex -11.268 -24.7183 5.89188
    endloop
  endfacet
  facet normal 0.600819 0.372844 -0.707109
    outer loop
      vertex 16.5956 19.9557 3.19188
      vertex 16.4907 20.6937 3.49188
      vertex 16.8505 20.1139 3.49188
    endloop
  endfacet
  facet normal 0.600819 0.372844 -0.707109
    outer loop
      vertex 16.4907 20.6937 3.49188
      vertex 16.5956 19.9557 3.19188
      vertex 16.2358 20.5355 3.19188
    endloop
  endfacet
  facet normal -0.699965 -0.100151 0.70712
    outer loop
      vertex -18.1058 -15.3227 6.19188
      vertex -18.3021 -16.0689 5.89188
      vertex -18.0051 -16.0265 6.19188
    endloop
  endfacet
  facet normal -0.700076 -0.100082 0.70702
    outer loop
      vertex -18.3021 -16.0689 5.89188
      vertex -18.1058 -15.3227 6.19188
      vertex -18.4027 -15.3652 5.89188
    endloop
  endfacet
  facet normal -0.689001 0.159947 0.706891
    outer loop
      vertex -18.155 16.7973 5.89188
      vertex -18.1589 16.7805 5.89188
      vertex -17.8649 16.7211 6.19188
    endloop
  endfacet
  facet normal 0.535245 0.462423 -0.706879
    outer loop
      vertex 15.6547 21.7964 3.49188
      vertex 15.4217 21.6075 3.19188
      vertex 15.642 21.8111 3.49188
    endloop
  endfacet
  facet normal 0.689001 0.159947 -0.706891
    outer loop
      vertex 18.1589 16.7805 3.49188
      vertex 17.8649 16.7211 3.19188
      vertex 18.155 16.7973 3.49188
    endloop
  endfacet
  facet normal -0.797475 -0.603353 0
    outer loop
      vertex -16.077 -21.2759 3.49188
      vertex -16.0885 -21.2607 5.89188
      vertex -16.0885 -21.2607 3.49188
    endloop
  endfacet
  facet normal -0.797475 -0.603353 0
    outer loop
      vertex -16.0885 -21.2607 5.89188
      vertex -16.077 -21.2759 3.49188
      vertex -16.077 -21.2759 5.89188
    endloop
  endfacet
  facet normal -0.8151 -0.579321 0
    outer loop
      vertex -16.0885 -21.2607 3.49188
      vertex -16.4804 -20.7093 5.89188
      vertex -16.4804 -20.7093 3.49188
    endloop
  endfacet
  facet normal -0.8151 -0.579321 0
    outer loop
      vertex -16.4804 -20.7093 5.89188
      vertex -16.0885 -21.2607 3.49188
      vertex -16.0885 -21.2607 5.89188
    endloop
  endfacet
  facet normal -0.84969 -0.527283 0
    outer loop
      vertex -16.4907 -20.6937 3.49188
      vertex -16.8505 -20.1139 5.89188
      vertex -16.8505 -20.1139 3.49188
    endloop
  endfacet
  facet normal -0.84969 -0.527283 0
    outer loop
      vertex -16.8505 -20.1139 5.89188
      vertex -16.4907 -20.6937 3.49188
      vertex -16.4907 -20.6937 5.89188
    endloop
  endfacet
  facet normal -0.450747 0.544693 0.707203
    outer loop
      vertex -14.1825 23.1942 5.89188
      vertex -14.4933 22.5475 6.19188
      vertex -13.9912 22.963 6.19188
    endloop
  endfacet
  facet normal -0.450747 0.544693 0.707203
    outer loop
      vertex -14.4933 22.5475 6.19188
      vertex -14.1825 23.1942 5.89188
      vertex -14.6846 22.7787 5.89188
    endloop
  endfacet
  facet normal 0.70246 0.0826424 0.706909
    outer loop
      vertex 18.4027 15.3652 5.89188
      vertex 18.1058 15.3227 6.19188
      vertex 18.4047 15.3482 5.89188
    endloop
  endfacet
  facet normal 0.700076 0.100082 0.70702
    outer loop
      vertex 18.3021 16.0689 5.89188
      vertex 18.1058 15.3227 6.19188
      vertex 18.4027 15.3652 5.89188
    endloop
  endfacet
  facet normal 0.699965 0.100151 0.70712
    outer loop
      vertex 18.1058 15.3227 6.19188
      vertex 18.3021 16.0689 5.89188
      vertex 18.0051 16.0265 6.19188
    endloop
  endfacet
  facet normal 0.519177 -0.480101 -0.707077
    outer loop
      vertex 15.1911 -22.2987 3.49188
      vertex 15.4217 -21.6075 3.19188
      vertex 15.642 -21.8111 3.49188
    endloop
  endfacet
  facet normal 0.519186 -0.480101 -0.707071
    outer loop
      vertex 15.4217 -21.6075 3.19188
      vertex 15.1911 -22.2987 3.49188
      vertex 14.9709 -22.095 3.19188
    endloop
  endfacet
  facet normal 0.707082 0.00831862 -0.707082
    outer loop
      vertex 18.4865 13.9 3.49188
      vertex 18.1865 13.9 3.19188
      vertex 18.4864 13.9085 3.49188
    endloop
  endfacet
  facet normal -0.704569 0.0600541 -0.70709
    outer loop
      vertex -18.1663 14.6129 3.19188
      vertex -18.4047 15.3482 3.49188
      vertex -18.1058 15.3227 3.19188
    endloop
  endfacet
  facet normal -0.704569 0.0600541 -0.70709
    outer loop
      vertex -18.4047 15.3482 3.49188
      vertex -18.1663 14.6129 3.19188
      vertex -18.4652 14.6384 3.49188
    endloop
  endfacet
  facet normal 0.974097 -0.22613 0
    outer loop
      vertex 18.155 -16.7973 5.89188
      vertex 18.1589 -16.7805 3.49188
      vertex 18.1589 -16.7805 5.89188
    endloop
  endfacet
  facet normal 0.974097 -0.22613 0
    outer loop
      vertex 18.1589 -16.7805 3.49188
      vertex 18.155 -16.7973 5.89188
      vertex 18.155 -16.7973 3.49188
    endloop
  endfacet
  facet normal -0.132436 -0.694594 0.707106
    outer loop
      vertex -10.5884 -24.5905 6.19188
      vertex -10.0351 -25.0014 5.89188
      vertex -9.97896 -24.7067 6.19188
    endloop
  endfacet
  facet normal -0.132421 -0.694584 0.70712
    outer loop
      vertex -10.0351 -25.0014 5.89188
      vertex -10.5884 -24.5905 6.19188
      vertex -10.6446 -24.8852 5.89188
    endloop
  endfacet
  facet normal 0.600819 -0.372844 -0.707109
    outer loop
      vertex 16.4907 -20.6937 3.49188
      vertex 16.5956 -19.9557 3.19188
      vertex 16.8505 -20.1139 3.49188
    endloop
  endfacet
  facet normal 0.600819 -0.372844 -0.707109
    outer loop
      vertex 16.5956 -19.9557 3.19188
      vertex 16.4907 -20.6937 3.49188
      vertex 16.2358 -20.5355 3.19188
    endloop
  endfacet
  facet normal -0.70246 -0.0826424 0.706909
    outer loop
      vertex -18.1058 -15.3227 6.19188
      vertex -18.4047 -15.3482 5.89188
      vertex -18.4027 -15.3652 5.89188
    endloop
  endfacet
  facet normal -0.706799 -0.0200271 -0.707131
    outer loop
      vertex -18.4662 -14.6214 3.49188
      vertex -18.1865 -13.9 3.19188
      vertex -18.1663 -14.6129 3.19188
    endloop
  endfacet
  facet normal -0.706799 -0.0200271 -0.707131
    outer loop
      vertex -18.1865 -13.9 3.19188
      vertex -18.4662 -14.6214 3.49188
      vertex -18.4864 -13.9085 3.49188
    endloop
  endfacet
  facet normal -0.258213 0.658442 -0.706952
    outer loop
      vertex -11.7811 24.2215 3.19188
      vertex -11.9007 24.4967 3.49188
      vertex -11.8803 24.5047 3.49188
    endloop
  endfacet
  facet normal -0.996387 -0.0849273 0
    outer loop
      vertex -18.4047 -15.3482 3.49188
      vertex -18.4652 -14.6384 5.89188
      vertex -18.4652 -14.6384 3.49188
    endloop
  endfacet
  facet normal -0.996387 -0.0849273 0
    outer loop
      vertex -18.4652 -14.6384 5.89188
      vertex -18.4047 -15.3482 3.49188
      vertex -18.4047 -15.3482 5.89188
    endloop
  endfacet
  facet normal -0.678904 -0.198014 -0.707022
    outer loop
      vertex -17.9708 -17.4967 3.49188
      vertex -17.9757 -17.4799 3.49188
      vertex -17.6855 -17.4037 3.19188
    endloop
  endfacet
  facet normal -0.549193 0.445494 0.707052
    outer loop
      vertex -15.6547 21.7964 5.89188
      vertex -15.844 21.0869 6.19188
      vertex -15.4217 21.6075 6.19188
    endloop
  endfacet
  facet normal -0.549093 0.445499 0.707126
    outer loop
      vertex -15.844 21.0869 6.19188
      vertex -15.6547 21.7964 5.89188
      vertex -16.077 21.2759 5.89188
    endloop
  endfacet
  facet normal 0.776556 0.630048 0
    outer loop
      vertex 16.077 21.2759 5.89188
      vertex 15.6547 21.7964 3.49188
      vertex 15.6547 21.7964 5.89188
    endloop
  endfacet
  facet normal 0.776556 0.630048 0
    outer loop
      vertex 15.6547 21.7964 3.49188
      vertex 16.077 21.2759 5.89188
      vertex 16.077 21.2759 3.49188
    endloop
  endfacet
  facet normal 0.549093 0.445499 -0.707126
    outer loop
      vertex 15.844 21.0869 3.19188
      vertex 15.6547 21.7964 3.49188
      vertex 16.077 21.2759 3.49188
    endloop
  endfacet
  facet normal 0.549193 0.445494 -0.707052
    outer loop
      vertex 15.6547 21.7964 3.49188
      vertex 15.844 21.0869 3.19188
      vertex 15.4217 21.6075 3.19188
    endloop
  endfacet
  facet normal 0.576305 -0.409601 -0.707177
    outer loop
      vertex 16.0885 -21.2607 3.49188
      vertex 16.2358 -20.5355 3.19188
      vertex 16.4804 -20.7093 3.49188
    endloop
  endfacet
  facet normal 0.576433 -0.409587 -0.707081
    outer loop
      vertex 16.2358 -20.5355 3.19188
      vertex 16.0885 -21.2607 3.49188
      vertex 15.844 -21.0869 3.19188
    endloop
  endfacet
  facet normal 0.590203 -0.389685 -0.70697
    outer loop
      vertex 16.4804 -20.7093 3.49188
      vertex 16.2358 -20.5355 3.19188
      vertex 16.4907 -20.6937 3.49188
    endloop
  endfacet
  facet normal 0.980204 0.197988 0
    outer loop
      vertex 18.2992 16.0859 5.89188
      vertex 18.1589 16.7805 3.49188
      vertex 18.1589 16.7805 5.89188
    endloop
  endfacet
  facet normal 0.980204 0.197988 0
    outer loop
      vertex 18.1589 16.7805 3.49188
      vertex 18.2992 16.0859 5.89188
      vertex 18.2992 16.0859 3.49188
    endloop
  endfacet
  facet normal 0.940453 0.339923 0
    outer loop
      vertex 17.7532 18.1642 5.89188
      vertex 17.7472 18.1808 3.49188
      vertex 17.7472 18.1808 5.89188
    endloop
  endfacet
  facet normal 0.940453 0.339923 0
    outer loop
      vertex 17.7472 18.1808 3.49188
      vertex 17.7532 18.1642 5.89188
      vertex 17.7532 18.1642 3.49188
    endloop
  endfacet
  facet normal 0.672202 0.219133 0.707195
    outer loop
      vertex 17.7532 18.1642 5.89188
      vertex 17.6855 17.4037 6.19188
      vertex 17.9708 17.4967 5.89188
    endloop
  endfacet
  facet normal 0.672338 0.219077 0.707083
    outer loop
      vertex 17.6855 17.4037 6.19188
      vertex 17.7532 18.1642 5.89188
      vertex 17.468 18.0712 6.19188
    endloop
  endfacet
  facet normal -0.327871 0.626564 -0.707049
    outer loop
      vertex -12.9219 23.6759 3.19188
      vertex -12.4983 24.2361 3.49188
      vertex -12.3593 23.9703 3.19188
    endloop
  endfacet
  facet normal -0.3278 0.626539 -0.707104
    outer loop
      vertex -12.4983 24.2361 3.49188
      vertex -12.9219 23.6759 3.19188
      vertex -13.061 23.9417 3.49188
    endloop
  endfacet
  facet normal -0.864562 0.502527 0
    outer loop
      vertex -16.8598 20.0979 3.49188
      vertex -16.8505 20.1139 5.89188
      vertex -16.8505 20.1139 3.49188
    endloop
  endfacet
  facet normal -0.864562 0.502527 0
    outer loop
      vertex -16.8505 20.1139 5.89188
      vertex -16.8598 20.0979 3.49188
      vertex -16.8598 20.0979 5.89188
    endloop
  endfacet
  facet normal 1 -0 0
    outer loop
      vertex 18.4865 -13.9 5.89188
      vertex 18.4865 13.9 3.49188
      vertex 18.4865 13.9 5.89188
    endloop
  endfacet
  facet normal 1 0 0
    outer loop
      vertex 18.4865 13.9 3.49188
      vertex 18.4865 -13.9 5.89188
      vertex 18.4865 -13.9 3.49188
    endloop
  endfacet
  facet normal 0.96 -0.28 0
    outer loop
      vertex 17.9708 -17.4967 5.89188
      vertex 17.9757 -17.4799 3.49188
      vertex 17.9757 -17.4799 5.89188
    endloop
  endfacet
  facet normal 0.96 -0.28 0
    outer loop
      vertex 17.9757 -17.4799 3.49188
      vertex 17.9708 -17.4967 5.89188
      vertex 17.9708 -17.4967 3.49188
    endloop
  endfacet
  facet normal 0.704569 -0.0600541 -0.70709
    outer loop
      vertex 18.4047 -15.3482 3.49188
      vertex 18.1663 -14.6129 3.19188
      vertex 18.4652 -14.6384 3.49188
    endloop
  endfacet
  facet normal 0.704569 -0.0600541 -0.70709
    outer loop
      vertex 18.1663 -14.6129 3.19188
      vertex 18.4047 -15.3482 3.49188
      vertex 18.1058 -15.3227 3.19188
    endloop
  endfacet
  facet normal -0.564045 0.426745 0.706924
    outer loop
      vertex -16.077 21.2759 5.89188
      vertex -16.0885 21.2607 5.89188
      vertex -15.844 21.0869 6.19188
    endloop
  endfacet
  facet normal -0.327871 -0.626564 -0.707049
    outer loop
      vertex -12.4983 -24.2361 3.49188
      vertex -12.9219 -23.6759 3.19188
      vertex -12.3593 -23.9703 3.19188
    endloop
  endfacet
  facet normal -0.3278 -0.626539 -0.707104
    outer loop
      vertex -12.9219 -23.6759 3.19188
      vertex -12.4983 -24.2361 3.49188
      vertex -13.061 -23.9417 3.49188
    endloop
  endfacet
  facet normal 0.96719 -0.254054 0
    outer loop
      vertex 17.9757 -17.4799 5.89188
      vertex 18.155 -16.7973 3.49188
      vertex 18.155 -16.7973 5.89188
    endloop
  endfacet
  facet normal 0.96719 -0.254054 0
    outer loop
      vertex 18.155 -16.7973 3.49188
      vertex 17.9757 -17.4799 5.89188
      vertex 17.9757 -17.4799 3.49188
    endloop
  endfacet
  facet normal 0.920582 -0.39055 0
    outer loop
      vertex 17.4853 -18.847 5.89188
      vertex 17.4923 -18.8305 3.49188
      vertex 17.4923 -18.8305 5.89188
    endloop
  endfacet
  facet normal 0.920582 -0.39055 0
    outer loop
      vertex 17.4923 -18.8305 3.49188
      vertex 17.4853 -18.847 5.89188
      vertex 17.4853 -18.847 3.49188
    endloop
  endfacet
  facet normal 0.940453 -0.339923 0
    outer loop
      vertex 17.7472 -18.1808 5.89188
      vertex 17.7532 -18.1642 3.49188
      vertex 17.7532 -18.1642 5.89188
    endloop
  endfacet
  facet normal 0.940453 -0.339923 0
    outer loop
      vertex 17.7532 -18.1642 3.49188
      vertex 17.7472 -18.1808 5.89188
      vertex 17.7472 -18.1808 3.49188
    endloop
  endfacet
  facet normal 0.930917 -0.365231 0
    outer loop
      vertex 17.4923 -18.8305 5.89188
      vertex 17.7472 -18.1808 3.49188
      vertex 17.7472 -18.1808 5.89188
    endloop
  endfacet
  facet normal 0.930917 -0.365231 0
    outer loop
      vertex 17.7472 -18.1808 3.49188
      vertex 17.4923 -18.8305 5.89188
      vertex 17.4923 -18.8305 3.49188
    endloop
  endfacet
  facet normal -0.281731 -0.648474 0.707184
    outer loop
      vertex -12.3593 -23.9703 6.19188
      vertex -11.9007 -24.4967 5.89188
      vertex -11.7811 -24.2215 6.19188
    endloop
  endfacet
  facet normal -0.281928 -0.648558 0.707029
    outer loop
      vertex -11.9007 -24.4967 5.89188
      vertex -12.3593 -23.9703 6.19188
      vertex -12.4788 -24.2454 5.89188
    endloop
  endfacet
  facet normal -0.651033 0.276196 0.707016
    outer loop
      vertex -17.4853 18.847 5.89188
      vertex -17.4923 18.8305 5.89188
      vertex -17.213 18.7209 6.19188
    endloop
  endfacet
  facet normal 0.3278 -0.626539 0.707104
    outer loop
      vertex 12.9219 -23.6759 6.19188
      vertex 12.4983 -24.2361 5.89188
      vertex 13.061 -23.9417 5.89188
    endloop
  endfacet
  facet normal 0.327871 -0.626564 0.707049
    outer loop
      vertex 12.4983 -24.2361 5.89188
      vertex 12.9219 -23.6759 6.19188
      vertex 12.3593 -23.9703 6.19188
    endloop
  endfacet
  facet normal -0.68785 -0.725853 0
    outer loop
      vertex -15.1772 -22.3128 3.49188
      vertex -14.6997 -22.7653 5.89188
      vertex -15.1772 -22.3128 5.89188
    endloop
  endfacet
  facet normal -0.68785 -0.725853 -0
    outer loop
      vertex -14.6997 -22.7653 5.89188
      vertex -15.1772 -22.3128 3.49188
      vertex -14.6997 -22.7653 3.49188
    endloop
  endfacet
  facet normal -0.663749 -0.747956 0
    outer loop
      vertex -14.6997 -22.7653 3.49188
      vertex -14.6846 -22.7787 5.89188
      vertex -14.6997 -22.7653 5.89188
    endloop
  endfacet
  facet normal -0.663749 -0.747956 -0
    outer loop
      vertex -14.6846 -22.7787 5.89188
      vertex -14.6997 -22.7653 3.49188
      vertex -14.6846 -22.7787 3.49188
    endloop
  endfacet
  facet normal -0.637539 -0.770418 0
    outer loop
      vertex -14.6846 -22.7787 3.49188
      vertex -14.1825 -23.1942 5.89188
      vertex -14.6846 -22.7787 5.89188
    endloop
  endfacet
  facet normal -0.637539 -0.770418 -0
    outer loop
      vertex -14.1825 -23.1942 5.89188
      vertex -14.6846 -22.7787 3.49188
      vertex -14.1825 -23.1942 3.49188
    endloop
  endfacet
  facet normal -0.297249 -0.9548 0
    outer loop
      vertex -11.2892 -24.7117 3.49188
      vertex -11.268 -24.7183 5.89188
      vertex -11.2892 -24.7117 5.89188
    endloop
  endfacet
  facet normal -0.297249 -0.9548 -0
    outer loop
      vertex -11.268 -24.7183 5.89188
      vertex -11.2892 -24.7117 3.49188
      vertex -11.268 -24.7183 3.49188
    endloop
  endfacet
  facet normal -0.693197 0.139917 0.707037
    outer loop
      vertex -18.1589 16.7805 5.89188
      vertex -18.0051 16.0265 6.19188
      vertex -17.8649 16.7211 6.19188
    endloop
  endfacet
  facet normal -0.693065 0.13999 0.707152
    outer loop
      vertex -18.0051 16.0265 6.19188
      vertex -18.1589 16.7805 5.89188
      vertex -18.2992 16.0859 5.89188
    endloop
  endfacet
  facet normal 0.665189 -0.24043 -0.706906
    outer loop
      vertex 17.7472 -18.1808 3.49188
      vertex 17.468 -18.0712 3.19188
      vertex 17.7532 -18.1642 3.49188
    endloop
  endfacet
  facet normal 0.880438 -0.47416 0
    outer loop
      vertex 16.8598 -20.0979 5.89188
      vertex 17.186 -19.4922 3.49188
      vertex 17.186 -19.4922 5.89188
    endloop
  endfacet
  facet normal 0.880438 -0.47416 0
    outer loop
      vertex 17.186 -19.4922 3.49188
      vertex 16.8598 -20.0979 5.89188
      vertex 16.8598 -20.0979 3.49188
    endloop
  endfacet
  facet normal -0.672338 0.219077 0.707083
    outer loop
      vertex -17.7532 18.1642 5.89188
      vertex -17.6855 17.4037 6.19188
      vertex -17.468 18.0712 6.19188
    endloop
  endfacet
  facet normal -0.672202 0.219133 0.707195
    outer loop
      vertex -17.6855 17.4037 6.19188
      vertex -17.7532 18.1642 5.89188
      vertex -17.9708 17.4967 5.89188
    endloop
  endfacet
  facet normal 0.304518 -0.638506 0.706809
    outer loop
      vertex 12.4983 -24.2361 5.89188
      vertex 12.3593 -23.9703 6.19188
      vertex 12.4788 -24.2454 5.89188
    endloop
  endfacet
  facet normal -0.281731 0.648474 0.707184
    outer loop
      vertex -11.9007 24.4967 5.89188
      vertex -12.3593 23.9703 6.19188
      vertex -11.7811 24.2215 6.19188
    endloop
  endfacet
  facet normal -0.281928 0.648558 0.707029
    outer loop
      vertex -12.3593 23.9703 6.19188
      vertex -11.9007 24.4967 5.89188
      vertex -12.4788 24.2454 5.89188
    endloop
  endfacet
  facet normal 0.187275 -0.982308 0
    outer loop
      vertex 10.0351 -25.0014 3.49188
      vertex 10.6446 -24.8852 5.89188
      vertex 10.0351 -25.0014 5.89188
    endloop
  endfacet
  facet normal 0.187275 -0.982308 0
    outer loop
      vertex 10.6446 -24.8852 5.89188
      vertex 10.0351 -25.0014 3.49188
      vertex 10.6446 -24.8852 3.49188
    endloop
  endfacet
  facet normal 0.132421 -0.694584 0.70712
    outer loop
      vertex 10.5884 -24.5905 6.19188
      vertex 10.0351 -25.0014 5.89188
      vertex 10.6446 -24.8852 5.89188
    endloop
  endfacet
  facet normal 0.132436 -0.694594 0.707106
    outer loop
      vertex 10.0351 -25.0014 5.89188
      vertex 10.5884 -24.5905 6.19188
      vertex 9.97896 -24.7067 6.19188
    endloop
  endfacet
  facet normal 0.026785 -0.706701 0.707005
    outer loop
      vertex 9.36423 -24.7767 6.19188
      vertex 8.75816 -25.0998 5.89188
      vertex 9.37555 -25.0764 5.89188
    endloop
  endfacet
  facet normal 0.0266663 -0.706588 0.707123
    outer loop
      vertex 8.75816 -25.0998 5.89188
      vertex 9.36423 -24.7767 6.19188
      vertex 8.74684 -24.8 6.19188
    endloop
  endfacet
  facet normal -0.503711 0.496566 0.706892
    outer loop
      vertex -15.1772 22.3128 5.89188
      vertex -15.1911 22.2987 5.89188
      vertex -14.9709 22.095 6.19188
    endloop
  endfacet
  facet normal 0.632559 -0.31628 0.706991
    outer loop
      vertex 17.1941 -19.476 5.89188
      vertex 16.9218 -19.35 6.19188
      vertex 17.186 -19.4922 5.89188
    endloop
  endfacet
  facet normal -0.5547 0.83205 0
    outer loop
      vertex -13.6242 23.595 3.49188
      vertex -13.6416 23.5834 5.89188
      vertex -13.6242 23.595 5.89188
    endloop
  endfacet
  facet normal -0.5547 0.83205 0
    outer loop
      vertex -13.6416 23.5834 5.89188
      vertex -13.6242 23.595 3.49188
      vertex -13.6416 23.5834 3.49188
    endloop
  endfacet
  facet normal 0.622525 -0.335261 -0.707151
    outer loop
      vertex 16.8598 -20.0979 3.49188
      vertex 16.9218 -19.35 3.19188
      vertex 17.186 -19.4922 3.49188
    endloop
  endfacet
  facet normal 0.622525 -0.335261 -0.707151
    outer loop
      vertex 16.9218 -19.35 3.19188
      vertex 16.8598 -20.0979 3.49188
      vertex 16.5956 -19.9557 3.19188
    endloop
  endfacet
  facet normal -0.371328 0.601724 -0.707138
    outer loop
      vertex -13.4667 23.3397 3.19188
      vertex -13.0795 23.9312 3.49188
      vertex -12.9219 23.6759 3.19188
    endloop
  endfacet
  facet normal -0.37141 0.601746 -0.707076
    outer loop
      vertex -13.0795 23.9312 3.49188
      vertex -13.4667 23.3397 3.19188
      vertex -13.6242 23.595 3.49188
    endloop
  endfacet
  facet normal 0.697153 0.118926 -0.70699
    outer loop
      vertex 18.3021 16.0689 3.49188
      vertex 18.0051 16.0265 3.19188
      vertex 18.2992 16.0859 3.49188
    endloop
  endfacet
  facet normal -0.21026 0.675381 -0.70686
    outer loop
      vertex -11.19 24.4286 3.19188
      vertex -11.2892 24.7117 3.49188
      vertex -11.268 24.7183 3.49188
    endloop
  endfacet
  facet normal -0.330514 0.943801 0
    outer loop
      vertex -11.2892 24.7117 3.49188
      vertex -11.8803 24.5047 5.89188
      vertex -11.2892 24.7117 5.89188
    endloop
  endfacet
  facet normal -0.330514 0.943801 0
    outer loop
      vertex -11.8803 24.5047 5.89188
      vertex -11.2892 24.7117 3.49188
      vertex -11.8803 24.5047 3.49188
    endloop
  endfacet
  facet normal -0.158127 0.689435 -0.706877
    outer loop
      vertex -10.5884 24.5905 3.19188
      vertex -10.6664 24.8802 3.49188
      vertex -10.6446 24.8852 3.49188
    endloop
  endfacet
  facet normal -0.112973 0.993598 0
    outer loop
      vertex -9.39813 25.0747 3.49188
      vertex -10.0129 25.0048 5.89188
      vertex -9.39813 25.0747 5.89188
    endloop
  endfacet
  facet normal -0.112973 0.993598 0
    outer loop
      vertex -10.0129 25.0048 5.89188
      vertex -9.39813 25.0747 3.49188
      vertex -10.0129 25.0048 3.49188
    endloop
  endfacet
  facet normal -0.0266663 0.706588 0.707123
    outer loop
      vertex -8.75816 25.0998 5.89188
      vertex -9.36423 24.7767 6.19188
      vertex -8.74684 24.8 6.19188
    endloop
  endfacet
  facet normal -0.026785 0.706701 0.707005
    outer loop
      vertex -9.36423 24.7767 6.19188
      vertex -8.75816 25.0998 5.89188
      vertex -9.37555 25.0764 5.89188
    endloop
  endfacet
  facet normal -0.107083 0.699187 -0.706874
    outer loop
      vertex -9.97896 24.7067 3.19188
      vertex -10.0351 25.0014 3.49188
      vertex -10.0129 25.0048 3.49188
    endloop
  endfacet
  facet normal 0.258213 -0.658442 -0.706952
    outer loop
      vertex 11.8803 -24.5047 3.49188
      vertex 11.7811 -24.2215 3.19188
      vertex 11.9007 -24.4967 3.49188
    endloop
  endfacet
  facet normal -0.223553 0.974692 0
    outer loop
      vertex -10.6446 24.8852 3.49188
      vertex -10.6664 24.8802 5.89188
      vertex -10.6446 24.8852 5.89188
    endloop
  endfacet
  facet normal -0.223553 0.974692 0
    outer loop
      vertex -10.6664 24.8802 5.89188
      vertex -10.6446 24.8852 3.49188
      vertex -10.6664 24.8802 3.49188
    endloop
  endfacet
  facet normal 0.993151 0.116841 0
    outer loop
      vertex 18.4047 15.3482 5.89188
      vertex 18.4027 15.3652 3.49188
      vertex 18.4027 15.3652 5.89188
    endloop
  endfacet
  facet normal 0.993151 0.116841 0
    outer loop
      vertex 18.4027 15.3652 3.49188
      vertex 18.4047 15.3482 5.89188
      vertex 18.4047 15.3482 3.49188
    endloop
  endfacet
  facet normal -0.576433 -0.409587 0.707081
    outer loop
      vertex -16.2358 -20.5355 6.19188
      vertex -16.0885 -21.2607 5.89188
      vertex -15.844 -21.0869 6.19188
    endloop
  endfacet
  facet normal -0.576305 -0.409601 0.707177
    outer loop
      vertex -16.0885 -21.2607 5.89188
      vertex -16.2358 -20.5355 6.19188
      vertex -16.4804 -20.7093 5.89188
    endloop
  endfacet
  facet normal -0.920582 0.39055 0
    outer loop
      vertex -17.4923 18.8305 3.49188
      vertex -17.4853 18.847 5.89188
      vertex -17.4853 18.847 3.49188
    endloop
  endfacet
  facet normal -0.920582 0.39055 0
    outer loop
      vertex -17.4853 18.847 5.89188
      vertex -17.4923 18.8305 3.49188
      vertex -17.4923 18.8305 5.89188
    endloop
  endfacet
  facet normal -0.96719 0.254054 0
    outer loop
      vertex -18.155 16.7973 3.49188
      vertex -17.9757 17.4799 5.89188
      vertex -17.9757 17.4799 3.49188
    endloop
  endfacet
  facet normal -0.96719 0.254054 0
    outer loop
      vertex -17.9757 17.4799 5.89188
      vertex -18.155 16.7973 3.49188
      vertex -18.155 16.7973 5.89188
    endloop
  endfacet
  facet normal -0.672338 -0.219077 0.707083
    outer loop
      vertex -17.6855 -17.4037 6.19188
      vertex -17.7532 -18.1642 5.89188
      vertex -17.468 -18.0712 6.19188
    endloop
  endfacet
  facet normal -0.672202 -0.219133 0.707195
    outer loop
      vertex -17.7532 -18.1642 5.89188
      vertex -17.6855 -17.4037 6.19188
      vertex -17.9708 -17.4967 5.89188
    endloop
  endfacet
  facet normal -0.678904 0.198014 -0.707022
    outer loop
      vertex -17.6855 17.4037 3.19188
      vertex -17.9757 17.4799 3.49188
      vertex -17.9708 17.4967 3.49188
    endloop
  endfacet
  facet normal 0.183751 -0.682794 0.707127
    outer loop
      vertex 11.19 -24.4286 6.19188
      vertex 10.6664 -24.8802 5.89188
      vertex 11.268 -24.7183 5.89188
    endloop
  endfacet
  facet normal 0.183751 -0.682794 0.707127
    outer loop
      vertex 10.6664 -24.8802 5.89188
      vertex 11.19 -24.4286 6.19188
      vertex 10.5884 -24.5905 6.19188
    endloop
  endfacet
  facet normal -0.632559 0.31628 0.706991
    outer loop
      vertex -17.186 19.4922 5.89188
      vertex -17.1941 19.476 5.89188
      vertex -16.9218 19.35 6.19188
    endloop
  endfacet
  facet normal -0.683839 -0.179726 0.707151
    outer loop
      vertex -17.8649 -16.7211 6.19188
      vertex -17.9757 -17.4799 5.89188
      vertex -17.6855 -17.4037 6.19188
    endloop
  endfacet
  facet normal -0.683974 -0.179661 0.707037
    outer loop
      vertex -17.9757 -17.4799 5.89188
      vertex -17.8649 -16.7211 6.19188
      vertex -18.155 -16.7973 5.89188
    endloop
  endfacet
  facet normal -0.989935 0.14152 0
    outer loop
      vertex -18.4027 15.3652 3.49188
      vertex -18.3021 16.0689 5.89188
      vertex -18.3021 16.0689 3.49188
    endloop
  endfacet
  facet normal -0.989935 0.14152 0
    outer loop
      vertex -18.3021 16.0689 5.89188
      vertex -18.4027 15.3652 3.49188
      vertex -18.4027 15.3652 5.89188
    endloop
  endfacet
  facet normal 0.583272 0.812277 -0
    outer loop
      vertex 14.1662 23.2067 3.49188
      vertex 13.6416 23.5834 5.89188
      vertex 14.1662 23.2067 5.89188
    endloop
  endfacet
  facet normal 0.583272 0.812277 0
    outer loop
      vertex 13.6416 23.5834 5.89188
      vertex 14.1662 23.2067 3.49188
      vertex 13.6416 23.5834 3.49188
    endloop
  endfacet
  facet normal -0.658185 0.25833 0.707147
    outer loop
      vertex -17.4923 18.8305 5.89188
      vertex -17.468 18.0712 6.19188
      vertex -17.213 18.7209 6.19188
    endloop
  endfacet
  facet normal -0.658322 0.258283 0.707038
    outer loop
      vertex -17.468 18.0712 6.19188
      vertex -17.4923 18.8305 5.89188
      vertex -17.7472 18.1808 5.89188
    endloop
  endfacet
  facet normal -0.0750754 -0.997178 0
    outer loop
      vertex -9.39813 -25.0747 3.49188
      vertex -9.37555 -25.0764 5.89188
      vertex -9.39813 -25.0747 5.89188
    endloop
  endfacet
  facet normal -0.0750754 -0.997178 -0
    outer loop
      vertex -9.37555 -25.0764 5.89188
      vertex -9.39813 -25.0747 3.49188
      vertex -9.37555 -25.0764 3.49188
    endloop
  endfacet
  facet normal -0.0266663 -0.706588 0.707123
    outer loop
      vertex -9.36423 -24.7767 6.19188
      vertex -8.75816 -25.0998 5.89188
      vertex -8.74684 -24.8 6.19188
    endloop
  endfacet
  facet normal -0.026785 -0.706701 0.707005
    outer loop
      vertex -8.75816 -25.0998 5.89188
      vertex -9.36423 -24.7767 6.19188
      vertex -9.37555 -25.0764 5.89188
    endloop
  endfacet
  facet normal 0.281928 0.648558 -0.707029
    outer loop
      vertex 12.3593 23.9703 3.19188
      vertex 11.9007 24.4967 3.49188
      vertex 12.4788 24.2454 3.49188
    endloop
  endfacet
  facet normal 0.281731 0.648474 -0.707184
    outer loop
      vertex 11.9007 24.4967 3.49188
      vertex 12.3593 23.9703 3.19188
      vertex 11.7811 24.2215 3.19188
    endloop
  endfacet
  facet normal 0.0124921 0.707052 -0.707052
    outer loop
      vertex 8.75816 25.0998 3.49188
      vertex 8.74684 24.8 3.19188
      vertex 8.74684 25.1 3.49188
    endloop
  endfacet
  facet normal -0.463577 -0.886056 0
    outer loop
      vertex -13.061 -23.9417 3.49188
      vertex -12.4983 -24.2361 5.89188
      vertex -13.061 -23.9417 5.89188
    endloop
  endfacet
  facet normal -0.463577 -0.886056 -0
    outer loop
      vertex -12.4983 -24.2361 5.89188
      vertex -13.061 -23.9417 3.49188
      vertex -12.4983 -24.2361 3.49188
    endloop
  endfacet
  facet normal -0.412511 -0.574362 -0.707067
    outer loop
      vertex -13.6416 -23.5834 3.49188
      vertex -13.9912 -22.963 3.19188
      vertex -13.4667 -23.3397 3.19188
    endloop
  endfacet
  facet normal -0.412419 -0.574343 -0.707136
    outer loop
      vertex -13.9912 -22.963 3.19188
      vertex -13.6416 -23.5834 3.49188
      vertex -14.1662 -23.2067 3.49188
    endloop
  endfacet
  facet normal -0.590203 -0.389685 -0.70697
    outer loop
      vertex -16.4804 -20.7093 3.49188
      vertex -16.4907 -20.6937 3.49188
      vertex -16.2358 -20.5355 3.19188
    endloop
  endfacet
  facet normal -0.304518 -0.638506 0.706809
    outer loop
      vertex -12.3593 -23.9703 6.19188
      vertex -12.4983 -24.2361 5.89188
      vertex -12.4788 -24.2454 5.89188
    endloop
  endfacet
  facet normal -0.151388 -0.988474 0
    outer loop
      vertex -10.0351 -25.0014 3.49188
      vertex -10.0129 -25.0048 5.89188
      vertex -10.0351 -25.0014 5.89188
    endloop
  endfacet
  facet normal -0.151388 -0.988474 -0
    outer loop
      vertex -10.0129 -25.0048 5.89188
      vertex -10.0351 -25.0014 3.49188
      vertex -10.0129 -25.0048 3.49188
    endloop
  endfacet
  facet normal -0.158127 -0.689435 0.706877
    outer loop
      vertex -10.5884 -24.5905 6.19188
      vertex -10.6664 -24.8802 5.89188
      vertex -10.6446 -24.8852 5.89188
    endloop
  endfacet
  facet normal 0.430473 0.902604 -0
    outer loop
      vertex 12.4983 24.2361 3.49188
      vertex 12.4788 24.2454 5.89188
      vertex 12.4983 24.2361 5.89188
    endloop
  endfacet
  facet normal 0.430473 0.902604 0
    outer loop
      vertex 12.4788 24.2454 5.89188
      vertex 12.4983 24.2361 3.49188
      vertex 12.4788 24.2454 3.49188
    endloop
  endfacet
  facet normal 0.689001 0.159947 0.706891
    outer loop
      vertex 18.155 16.7973 5.89188
      vertex 17.8649 16.7211 6.19188
      vertex 18.1589 16.7805 5.89188
    endloop
  endfacet
  facet normal -0.535245 -0.462423 -0.706879
    outer loop
      vertex -15.642 -21.8111 3.49188
      vertex -15.6547 -21.7964 3.49188
      vertex -15.4217 -21.6075 3.19188
    endloop
  endfacet
  facet normal -0.693197 -0.139917 0.707037
    outer loop
      vertex -18.0051 -16.0265 6.19188
      vertex -18.1589 -16.7805 5.89188
      vertex -17.8649 -16.7211 6.19188
    endloop
  endfacet
  facet normal -0.693065 -0.13999 0.707152
    outer loop
      vertex -18.1589 -16.7805 5.89188
      vertex -18.0051 -16.0265 6.19188
      vertex -18.2992 -16.0859 5.89188
    endloop
  endfacet
  facet normal -0.98576 -0.168159 0
    outer loop
      vertex -18.2992 -16.0859 3.49188
      vertex -18.3021 -16.0689 5.89188
      vertex -18.3021 -16.0689 3.49188
    endloop
  endfacet
  facet normal -0.98576 -0.168159 0
    outer loop
      vertex -18.3021 -16.0689 5.89188
      vertex -18.2992 -16.0859 3.49188
      vertex -18.2992 -16.0859 5.89188
    endloop
  endfacet
  facet normal -0.70246 -0.0826424 -0.706909
    outer loop
      vertex -18.4027 -15.3652 3.49188
      vertex -18.4047 -15.3482 3.49188
      vertex -18.1058 -15.3227 3.19188
    endloop
  endfacet
  facet normal -0.940453 -0.339923 0
    outer loop
      vertex -17.7472 -18.1808 3.49188
      vertex -17.7532 -18.1642 5.89188
      vertex -17.7532 -18.1642 3.49188
    endloop
  endfacet
  facet normal -0.940453 -0.339923 0
    outer loop
      vertex -17.7532 -18.1642 5.89188
      vertex -17.7472 -18.1808 3.49188
      vertex -17.7472 -18.1808 5.89188
    endloop
  endfacet
  facet normal -0.450747 0.544693 -0.707203
    outer loop
      vertex -14.4933 22.5475 3.19188
      vertex -14.1825 23.1942 3.49188
      vertex -13.9912 22.963 3.19188
    endloop
  endfacet
  facet normal -0.450747 0.544693 -0.707203
    outer loop
      vertex -14.1825 23.1942 3.49188
      vertex -14.4933 22.5475 3.19188
      vertex -14.6846 22.7787 3.49188
    endloop
  endfacet
  facet normal -0.600819 -0.372844 0.707109
    outer loop
      vertex -16.5956 -19.9557 6.19188
      vertex -16.4907 -20.6937 5.89188
      vertex -16.2358 -20.5355 6.19188
    endloop
  endfacet
  facet normal -0.600819 -0.372844 0.707109
    outer loop
      vertex -16.4907 -20.6937 5.89188
      vertex -16.5956 -19.9557 6.19188
      vertex -16.8505 -20.1139 5.89188
    endloop
  endfacet
  facet normal -0.622525 -0.335261 -0.707151
    outer loop
      vertex -16.8598 -20.0979 3.49188
      vertex -16.9218 -19.35 3.19188
      vertex -16.5956 -19.9557 3.19188
    endloop
  endfacet
  facet normal -0.622525 -0.335261 -0.707151
    outer loop
      vertex -16.9218 -19.35 3.19188
      vertex -16.8598 -20.0979 3.49188
      vertex -17.186 -19.4922 3.49188
    endloop
  endfacet
  facet normal -0.880438 -0.47416 0
    outer loop
      vertex -16.8598 -20.0979 3.49188
      vertex -17.186 -19.4922 5.89188
      vertex -17.186 -19.4922 3.49188
    endloop
  endfacet
  facet normal -0.880438 -0.47416 0
    outer loop
      vertex -17.186 -19.4922 5.89188
      vertex -16.8598 -20.0979 3.49188
      vertex -16.8598 -20.0979 5.89188
    endloop
  endfacet
  facet normal 0.486388 -0.51326 0.7071
    outer loop
      vertex 14.9709 -22.095 6.19188
      vertex 14.6997 -22.7653 5.89188
      vertex 15.1772 -22.3128 5.89188
    endloop
  endfacet
  facet normal 0.486279 -0.513252 0.707181
    outer loop
      vertex 14.6997 -22.7653 5.89188
      vertex 14.9709 -22.095 6.19188
      vertex 14.4933 -22.5475 6.19188
    endloop
  endfacet
  facet normal 0.641591 -0.297029 0.707202
    outer loop
      vertex 17.213 -18.7209 6.19188
      vertex 17.1941 -19.476 5.89188
      vertex 17.4853 -18.847 5.89188
    endloop
  endfacet
  facet normal 0.641654 -0.297011 0.707153
    outer loop
      vertex 17.1941 -19.476 5.89188
      vertex 17.213 -18.7209 6.19188
      vertex 16.9218 -19.35 6.19188
    endloop
  endfacet
  facet normal 0.665189 0.24043 0.706906
    outer loop
      vertex 17.7472 18.1808 5.89188
      vertex 17.468 18.0712 6.19188
      vertex 17.7532 18.1642 5.89188
    endloop
  endfacet
  facet normal 0.469418 -0.52897 -0.706992
    outer loop
      vertex 14.6846 -22.7787 3.49188
      vertex 14.4933 -22.5475 3.19188
      vertex 14.6997 -22.7653 3.49188
    endloop
  endfacet
  facet normal 0.998274 0.058722 0
    outer loop
      vertex 18.4662 14.6214 5.89188
      vertex 18.4652 14.6384 3.49188
      vertex 18.4652 14.6384 5.89188
    endloop
  endfacet
  facet normal 0.998274 0.058722 0
    outer loop
      vertex 18.4652 14.6384 3.49188
      vertex 18.4662 14.6214 5.89188
      vertex 18.4662 14.6214 3.49188
    endloop
  endfacet
  facet normal 0.706026 0.0415309 -0.706967
    outer loop
      vertex 18.4662 14.6214 3.49188
      vertex 18.1663 14.6129 3.19188
      vertex 18.4652 14.6384 3.49188
    endloop
  endfacet
  facet normal -0.665189 0.24043 -0.706906
    outer loop
      vertex -17.468 18.0712 3.19188
      vertex -17.7532 18.1642 3.49188
      vertex -17.7472 18.1808 3.49188
    endloop
  endfacet
  facet normal -0.940453 0.339923 0
    outer loop
      vertex -17.7532 18.1642 3.49188
      vertex -17.7472 18.1808 5.89188
      vertex -17.7472 18.1808 3.49188
    endloop
  endfacet
  facet normal -0.940453 0.339923 0
    outer loop
      vertex -17.7472 18.1808 5.89188
      vertex -17.7532 18.1642 3.49188
      vertex -17.7532 18.1642 5.89188
    endloop
  endfacet
  facet normal -0.999931 -0.0117639 0
    outer loop
      vertex -18.4864 -13.9085 3.49188
      vertex -18.4865 -13.9 5.89188
      vertex -18.4865 -13.9 3.49188
    endloop
  endfacet
  facet normal -0.999931 -0.0117639 0
    outer loop
      vertex -18.4865 -13.9 5.89188
      vertex -18.4864 -13.9085 3.49188
      vertex -18.4864 -13.9085 5.89188
    endloop
  endfacet
  facet normal 0.693065 0.13999 -0.707152
    outer loop
      vertex 18.0051 16.0265 3.19188
      vertex 18.1589 16.7805 3.49188
      vertex 18.2992 16.0859 3.49188
    endloop
  endfacet
  facet normal 0.693197 0.139917 -0.707037
    outer loop
      vertex 18.1589 16.7805 3.49188
      vertex 18.0051 16.0265 3.19188
      vertex 17.8649 16.7211 3.19188
    endloop
  endfacet
  facet normal 0.469418 0.52897 0.706992
    outer loop
      vertex 14.6846 22.7787 5.89188
      vertex 14.4933 22.5475 6.19188
      vertex 14.6997 22.7653 5.89188
    endloop
  endfacet
  facet normal 0.486388 0.51326 0.7071
    outer loop
      vertex 14.6997 22.7653 5.89188
      vertex 14.9709 22.095 6.19188
      vertex 15.1772 22.3128 5.89188
    endloop
  endfacet
  facet normal 0.486279 0.513252 0.707181
    outer loop
      vertex 14.9709 22.095 6.19188
      vertex 14.6997 22.7653 5.89188
      vertex 14.4933 22.5475 6.19188
    endloop
  endfacet
  facet normal 0.430387 0.561225 0.706961
    outer loop
      vertex 14.1662 23.2067 5.89188
      vertex 13.9912 22.963 6.19188
      vertex 14.1825 23.1942 5.89188
    endloop
  endfacet
  facet normal 0.535245 0.462423 0.706879
    outer loop
      vertex 15.642 21.8111 5.89188
      vertex 15.4217 21.6075 6.19188
      vertex 15.6547 21.7964 5.89188
    endloop
  endfacet
  facet normal -0.392371 -0.588557 0.706856
    outer loop
      vertex -13.4667 -23.3397 6.19188
      vertex -13.6416 -23.5834 5.89188
      vertex -13.6242 -23.595 5.89188
    endloop
  endfacet
  facet normal 0.576305 -0.409601 0.707177
    outer loop
      vertex 16.2358 -20.5355 6.19188
      vertex 16.0885 -21.2607 5.89188
      vertex 16.4804 -20.7093 5.89188
    endloop
  endfacet
  facet normal 0.576433 -0.409587 0.707081
    outer loop
      vertex 16.0885 -21.2607 5.89188
      vertex 16.2358 -20.5355 6.19188
      vertex 15.844 -21.0869 6.19188
    endloop
  endfacet
  facet normal 0.96719 0.254054 0
    outer loop
      vertex 18.155 16.7973 5.89188
      vertex 17.9757 17.4799 3.49188
      vertex 17.9757 17.4799 5.89188
    endloop
  endfacet
  facet normal 0.96719 0.254054 0
    outer loop
      vertex 17.9757 17.4799 3.49188
      vertex 18.155 16.7973 5.89188
      vertex 18.155 16.7973 3.49188
    endloop
  endfacet
  facet normal 0.96 0.28 0
    outer loop
      vertex 17.9757 17.4799 5.89188
      vertex 17.9708 17.4967 3.49188
      vertex 17.9708 17.4967 5.89188
    endloop
  endfacet
  facet normal 0.96 0.28 0
    outer loop
      vertex 17.9708 17.4967 3.49188
      vertex 17.9757 17.4799 5.89188
      vertex 17.9757 17.4799 3.49188
    endloop
  endfacet
  facet normal 0.950756 0.309939 0
    outer loop
      vertex 17.9708 17.4967 5.89188
      vertex 17.7532 18.1642 3.49188
      vertex 17.7532 18.1642 5.89188
    endloop
  endfacet
  facet normal 0.950756 0.309939 0
    outer loop
      vertex 17.7532 18.1642 3.49188
      vertex 17.9708 17.4967 5.89188
      vertex 17.9708 17.4967 3.49188
    endloop
  endfacet
  facet normal 0.651033 0.276196 0.707016
    outer loop
      vertex 17.4853 18.847 5.89188
      vertex 17.213 18.7209 6.19188
      vertex 17.4923 18.8305 5.89188
    endloop
  endfacet
  facet normal 0.707082 -0.00831862 -0.707082
    outer loop
      vertex 18.4864 -13.9085 3.49188
      vertex 18.1865 -13.9 3.19188
      vertex 18.4865 -13.9 3.49188
    endloop
  endfacet
  facet normal 0.693065 -0.13999 0.707152
    outer loop
      vertex 18.0051 -16.0265 6.19188
      vertex 18.1589 -16.7805 5.89188
      vertex 18.2992 -16.0859 5.89188
    endloop
  endfacet
  facet normal 0.693197 -0.139917 0.707037
    outer loop
      vertex 18.1589 -16.7805 5.89188
      vertex 18.0051 -16.0265 6.19188
      vertex 17.8649 -16.7211 6.19188
    endloop
  endfacet
  facet normal 0.689001 -0.159947 0.706891
    outer loop
      vertex 18.1589 -16.7805 5.89188
      vertex 17.8649 -16.7211 6.19188
      vertex 18.155 -16.7973 5.89188
    endloop
  endfacet
  facet normal 0.989935 -0.14152 0
    outer loop
      vertex 18.3021 -16.0689 5.89188
      vertex 18.4027 -15.3652 3.49188
      vertex 18.4027 -15.3652 5.89188
    endloop
  endfacet
  facet normal 0.989935 -0.14152 0
    outer loop
      vertex 18.4027 -15.3652 3.49188
      vertex 18.3021 -16.0689 5.89188
      vertex 18.3021 -16.0689 3.49188
    endloop
  endfacet
  facet normal 0.70246 -0.0826424 -0.706909
    outer loop
      vertex 18.4027 -15.3652 3.49188
      vertex 18.1058 -15.3227 3.19188
      vertex 18.4047 -15.3482 3.49188
    endloop
  endfacet
  facet normal 0.996387 -0.0849273 0
    outer loop
      vertex 18.4047 -15.3482 5.89188
      vertex 18.4652 -14.6384 3.49188
      vertex 18.4652 -14.6384 5.89188
    endloop
  endfacet
  facet normal 0.996387 -0.0849273 0
    outer loop
      vertex 18.4652 -14.6384 3.49188
      vertex 18.4047 -15.3482 5.89188
      vertex 18.4047 -15.3482 3.49188
    endloop
  endfacet
  facet normal 0.0798806 0.70255 -0.707137
    outer loop
      vertex 9.97896 24.7067 3.19188
      vertex 9.39813 25.0747 3.49188
      vertex 10.0129 25.0048 3.49188
    endloop
  endfacet
  facet normal 0.0800124 0.702658 -0.707015
    outer loop
      vertex 9.39813 25.0747 3.49188
      vertex 9.97896 24.7067 3.19188
      vertex 9.36423 24.7767 3.19188
    endloop
  endfacet
  facet normal 0.398662 -0.917098 0
    outer loop
      vertex 11.9007 -24.4967 3.49188
      vertex 12.4788 -24.2454 5.89188
      vertex 11.9007 -24.4967 5.89188
    endloop
  endfacet
  facet normal 0.398662 -0.917098 0
    outer loop
      vertex 12.4788 -24.2454 5.89188
      vertex 11.9007 -24.4967 3.49188
      vertex 12.4788 -24.2454 3.49188
    endloop
  endfacet
  facet normal 0.980204 -0.197988 0
    outer loop
      vertex 18.1589 -16.7805 5.89188
      vertex 18.2992 -16.0859 3.49188
      vertex 18.2992 -16.0859 5.89188
    endloop
  endfacet
  facet normal 0.980204 -0.197988 0
    outer loop
      vertex 18.2992 -16.0859 3.49188
      vertex 18.1589 -16.7805 5.89188
      vertex 18.1589 -16.7805 3.49188
    endloop
  endfacet
  facet normal 0.233681 -0.667289 -0.707191
    outer loop
      vertex 11.2892 -24.7117 3.49188
      vertex 11.7811 -24.2215 3.19188
      vertex 11.8803 -24.5047 3.49188
    endloop
  endfacet
  facet normal 0.233818 -0.667358 -0.70708
    outer loop
      vertex 11.7811 -24.2215 3.19188
      vertex 11.2892 -24.7117 3.49188
      vertex 11.19 -24.4286 3.19188
    endloop
  endfacet
  facet normal -0.281731 0.648474 -0.707184
    outer loop
      vertex -12.3593 23.9703 3.19188
      vertex -11.9007 24.4967 3.49188
      vertex -11.7811 24.2215 3.19188
    endloop
  endfacet
  facet normal -0.281928 0.648558 -0.707029
    outer loop
      vertex -11.9007 24.4967 3.49188
      vertex -12.3593 23.9703 3.19188
      vertex -12.4788 24.2454 3.49188
    endloop
  endfacet
  facet normal -0.469418 -0.52897 -0.706992
    outer loop
      vertex -14.6846 -22.7787 3.49188
      vertex -14.6997 -22.7653 3.49188
      vertex -14.4933 -22.5475 3.19188
    endloop
  endfacet
  facet normal -0.734197 -0.678936 0
    outer loop
      vertex -15.1911 -22.2987 3.49188
      vertex -15.642 -21.8111 5.89188
      vertex -15.642 -21.8111 3.49188
    endloop
  endfacet
  facet normal -0.734197 -0.678936 0
    outer loop
      vertex -15.642 -21.8111 5.89188
      vertex -15.1911 -22.2987 3.49188
      vertex -15.1911 -22.2987 5.89188
    endloop
  endfacet
  facet normal -0.608534 -0.793528 0
    outer loop
      vertex -14.1825 -23.1942 3.49188
      vertex -14.1662 -23.2067 5.89188
      vertex -14.1825 -23.1942 5.89188
    endloop
  endfacet
  facet normal -0.608534 -0.793528 -0
    outer loop
      vertex -14.1662 -23.2067 5.89188
      vertex -14.1825 -23.1942 3.49188
      vertex -14.1662 -23.2067 3.49188
    endloop
  endfacet
  facet normal -0.25987 -0.965644 0
    outer loop
      vertex -11.268 -24.7183 3.49188
      vertex -10.6664 -24.8802 5.89188
      vertex -11.268 -24.7183 5.89188
    endloop
  endfacet
  facet normal -0.25987 -0.965644 -0
    outer loop
      vertex -10.6664 -24.8802 5.89188
      vertex -11.268 -24.7183 3.49188
      vertex -10.6664 -24.8802 3.49188
    endloop
  endfacet
  facet normal 0.776556 -0.630048 0
    outer loop
      vertex 15.6547 -21.7964 5.89188
      vertex 16.077 -21.2759 3.49188
      vertex 16.077 -21.2759 5.89188
    endloop
  endfacet
  facet normal 0.776556 -0.630048 0
    outer loop
      vertex 16.077 -21.2759 3.49188
      vertex 15.6547 -21.7964 5.89188
      vertex 15.6547 -21.7964 3.49188
    endloop
  endfacet
  facet normal 0.564045 -0.426745 -0.706924
    outer loop
      vertex 16.077 -21.2759 3.49188
      vertex 15.844 -21.0869 3.19188
      vertex 16.0885 -21.2607 3.49188
    endloop
  endfacet
  facet normal 0.8151 -0.579321 0
    outer loop
      vertex 16.0885 -21.2607 5.89188
      vertex 16.4804 -20.7093 3.49188
      vertex 16.4804 -20.7093 5.89188
    endloop
  endfacet
  facet normal 0.8151 -0.579321 0
    outer loop
      vertex 16.4804 -20.7093 3.49188
      vertex 16.0885 -21.2607 5.89188
      vertex 16.0885 -21.2607 3.49188
    endloop
  endfacet
  facet normal 0.107083 -0.699187 -0.706874
    outer loop
      vertex 10.0129 -25.0048 3.49188
      vertex 9.97896 -24.7067 3.19188
      vertex 10.0351 -25.0014 3.49188
    endloop
  endfacet
  facet normal 0.503711 -0.496566 -0.706892
    outer loop
      vertex 15.1772 -22.3128 3.49188
      vertex 14.9709 -22.095 3.19188
      vertex 15.1911 -22.2987 3.49188
    endloop
  endfacet
  facet normal 0.158127 0.689435 0.706877
    outer loop
      vertex 10.6446 24.8852 5.89188
      vertex 10.5884 24.5905 6.19188
      vertex 10.6664 24.8802 5.89188
    endloop
  endfacet
  facet normal -0.974097 -0.22613 0
    outer loop
      vertex -18.155 -16.7973 3.49188
      vertex -18.1589 -16.7805 5.89188
      vertex -18.1589 -16.7805 3.49188
    endloop
  endfacet
  facet normal -0.974097 -0.22613 0
    outer loop
      vertex -18.1589 -16.7805 5.89188
      vertex -18.155 -16.7973 3.49188
      vertex -18.155 -16.7973 5.89188
    endloop
  endfacet
  facet normal 0.583272 -0.812277 0
    outer loop
      vertex 13.6416 -23.5834 3.49188
      vertex 14.1662 -23.2067 5.89188
      vertex 13.6416 -23.5834 5.89188
    endloop
  endfacet
  facet normal 0.583272 -0.812277 0
    outer loop
      vertex 14.1662 -23.2067 5.89188
      vertex 13.6416 -23.5834 3.49188
      vertex 14.1662 -23.2067 3.49188
    endloop
  endfacet
  facet normal 0.68785 -0.725853 0
    outer loop
      vertex 14.6997 -22.7653 3.49188
      vertex 15.1772 -22.3128 5.89188
      vertex 14.6997 -22.7653 5.89188
    endloop
  endfacet
  facet normal 0.68785 -0.725853 0
    outer loop
      vertex 15.1772 -22.3128 5.89188
      vertex 14.6997 -22.7653 3.49188
      vertex 15.1772 -22.3128 3.49188
    endloop
  endfacet
  facet normal 0.297249 0.9548 -0
    outer loop
      vertex 11.2892 24.7117 3.49188
      vertex 11.268 24.7183 5.89188
      vertex 11.2892 24.7117 5.89188
    endloop
  endfacet
  facet normal 0.297249 0.9548 0
    outer loop
      vertex 11.268 24.7183 5.89188
      vertex 11.2892 24.7117 3.49188
      vertex 11.268 24.7183 3.49188
    endloop
  endfacet
  facet normal -0.600819 0.372844 0.707109
    outer loop
      vertex -16.4907 20.6937 5.89188
      vertex -16.5956 19.9557 6.19188
      vertex -16.2358 20.5355 6.19188
    endloop
  endfacet
  facet normal -0.600819 0.372844 0.707109
    outer loop
      vertex -16.5956 19.9557 6.19188
      vertex -16.4907 20.6937 5.89188
      vertex -16.8505 20.1139 5.89188
    endloop
  endfacet
  facet normal -0.590203 0.389685 0.70697
    outer loop
      vertex -16.4804 20.7093 5.89188
      vertex -16.4907 20.6937 5.89188
      vertex -16.2358 20.5355 6.19188
    endloop
  endfacet
  facet normal 0.52523 -0.85096 0
    outer loop
      vertex 13.0795 -23.9312 3.49188
      vertex 13.6242 -23.595 5.89188
      vertex 13.0795 -23.9312 5.89188
    endloop
  endfacet
  facet normal 0.52523 -0.85096 0
    outer loop
      vertex 13.6242 -23.595 5.89188
      vertex 13.0795 -23.9312 3.49188
      vertex 13.6242 -23.595 3.49188
    endloop
  endfacet
  facet normal 0.349135 -0.615142 0.706898
    outer loop
      vertex 13.0795 -23.9312 5.89188
      vertex 12.9219 -23.6759 6.19188
      vertex 13.061 -23.9417 5.89188
    endloop
  endfacet
  facet normal -0.327871 -0.626564 0.707049
    outer loop
      vertex -12.9219 -23.6759 6.19188
      vertex -12.4983 -24.2361 5.89188
      vertex -12.3593 -23.9703 6.19188
    endloop
  endfacet
  facet normal -0.3278 -0.626539 0.707104
    outer loop
      vertex -12.4983 -24.2361 5.89188
      vertex -12.9219 -23.6759 6.19188
      vertex -13.061 -23.9417 5.89188
    endloop
  endfacet
  facet normal 0.151388 -0.988474 0
    outer loop
      vertex 10.0129 -25.0048 3.49188
      vertex 10.0351 -25.0014 5.89188
      vertex 10.0129 -25.0048 5.89188
    endloop
  endfacet
  facet normal 0.151388 -0.988474 0
    outer loop
      vertex 10.0351 -25.0014 5.89188
      vertex 10.0129 -25.0048 3.49188
      vertex 10.0351 -25.0014 3.49188
    endloop
  endfacet
  facet normal 0.0176651 -0.999844 0
    outer loop
      vertex 8.74684 -25.1 3.49188
      vertex 8.75816 -25.0998 5.89188
      vertex 8.74684 -25.1 5.89188
    endloop
  endfacet
  facet normal 0.0176651 -0.999844 0
    outer loop
      vertex 8.75816 -25.0998 5.89188
      vertex 8.74684 -25.1 3.49188
      vertex 8.75816 -25.0998 3.49188
    endloop
  endfacet
  facet normal 0.0378743 -0.999283 0
    outer loop
      vertex 8.75816 -25.0998 3.49188
      vertex 9.37555 -25.0764 5.89188
      vertex 8.75816 -25.0998 5.89188
    endloop
  endfacet
  facet normal 0.0378743 -0.999283 0
    outer loop
      vertex 9.37555 -25.0764 5.89188
      vertex 8.75816 -25.0998 3.49188
      vertex 9.37555 -25.0764 3.49188
    endloop
  endfacet
  facet normal 0.0750754 -0.997178 0
    outer loop
      vertex 9.37555 -25.0764 3.49188
      vertex 9.39813 -25.0747 5.89188
      vertex 9.37555 -25.0764 5.89188
    endloop
  endfacet
  facet normal 0.0750754 -0.997178 0
    outer loop
      vertex 9.39813 -25.0747 5.89188
      vertex 9.37555 -25.0764 3.49188
      vertex 9.39813 -25.0747 3.49188
    endloop
  endfacet
  facet normal -0.776556 0.630048 0
    outer loop
      vertex -16.077 21.2759 3.49188
      vertex -15.6547 21.7964 5.89188
      vertex -15.6547 21.7964 3.49188
    endloop
  endfacet
  facet normal -0.776556 0.630048 0
    outer loop
      vertex -15.6547 21.7964 5.89188
      vertex -16.077 21.2759 3.49188
      vertex -16.077 21.2759 5.89188
    endloop
  endfacet
  facet normal -0.663749 0.747956 0
    outer loop
      vertex -14.6846 22.7787 3.49188
      vertex -14.6997 22.7653 5.89188
      vertex -14.6846 22.7787 5.89188
    endloop
  endfacet
  facet normal -0.663749 0.747956 0
    outer loop
      vertex -14.6997 22.7653 5.89188
      vertex -14.6846 22.7787 3.49188
      vertex -14.6997 22.7653 3.49188
    endloop
  endfacet
  facet normal -0.608534 0.793528 0
    outer loop
      vertex -14.1662 23.2067 3.49188
      vertex -14.1825 23.1942 5.89188
      vertex -14.1662 23.2067 5.89188
    endloop
  endfacet
  facet normal -0.608534 0.793528 0
    outer loop
      vertex -14.1825 23.1942 5.89188
      vertex -14.1662 23.2067 3.49188
      vertex -14.1825 23.1942 3.49188
    endloop
  endfacet
  facet normal -0.469418 0.52897 -0.706992
    outer loop
      vertex -14.4933 22.5475 3.19188
      vertex -14.6997 22.7653 3.49188
      vertex -14.6846 22.7787 3.49188
    endloop
  endfacet
  facet normal -0.535245 0.462423 0.706879
    outer loop
      vertex -15.642 21.8111 5.89188
      vertex -15.6547 21.7964 5.89188
      vertex -15.4217 21.6075 6.19188
    endloop
  endfacet
  facet normal -0.258213 0.658442 0.706952
    outer loop
      vertex -11.8803 24.5047 5.89188
      vertex -11.9007 24.4967 5.89188
      vertex -11.7811 24.2215 6.19188
    endloop
  endfacet
  facet normal -0.450747 -0.544693 -0.707203
    outer loop
      vertex -14.1825 -23.1942 3.49188
      vertex -14.4933 -22.5475 3.19188
      vertex -13.9912 -22.963 3.19188
    endloop
  endfacet
  facet normal -0.450747 -0.544693 -0.707203
    outer loop
      vertex -14.4933 -22.5475 3.19188
      vertex -14.1825 -23.1942 3.49188
      vertex -14.6846 -22.7787 3.49188
    endloop
  endfacet
  facet normal 0.469418 -0.52897 0.706992
    outer loop
      vertex 14.6997 -22.7653 5.89188
      vertex 14.4933 -22.5475 6.19188
      vertex 14.6846 -22.7787 5.89188
    endloop
  endfacet
  facet normal -0.734197 0.678936 0
    outer loop
      vertex -15.642 21.8111 3.49188
      vertex -15.1911 22.2987 5.89188
      vertex -15.1911 22.2987 3.49188
    endloop
  endfacet
  facet normal -0.734197 0.678936 0
    outer loop
      vertex -15.1911 22.2987 5.89188
      vertex -15.642 21.8111 3.49188
      vertex -15.642 21.8111 5.89188
    endloop
  endfacet
  facet normal 0.392371 0.588557 0.706856
    outer loop
      vertex 13.6242 23.595 5.89188
      vertex 13.4667 23.3397 6.19188
      vertex 13.6416 23.5834 5.89188
    endloop
  endfacet
  facet normal -0.233818 0.667358 0.70708
    outer loop
      vertex -11.2892 24.7117 5.89188
      vertex -11.7811 24.2215 6.19188
      vertex -11.19 24.4286 6.19188
    endloop
  endfacet
  facet normal -0.233681 0.667289 0.707191
    outer loop
      vertex -11.7811 24.2215 6.19188
      vertex -11.2892 24.7117 5.89188
      vertex -11.8803 24.5047 5.89188
    endloop
  endfacet
  facet normal -0.183751 0.682794 -0.707127
    outer loop
      vertex -11.19 24.4286 3.19188
      vertex -10.6664 24.8802 3.49188
      vertex -10.5884 24.5905 3.19188
    endloop
  endfacet
  facet normal -0.183751 0.682794 -0.707127
    outer loop
      vertex -10.6664 24.8802 3.49188
      vertex -11.19 24.4286 3.19188
      vertex -11.268 24.7183 3.49188
    endloop
  endfacet
  facet normal -0.503711 -0.496566 -0.706892
    outer loop
      vertex -15.1772 -22.3128 3.49188
      vertex -15.1911 -22.2987 3.49188
      vertex -14.9709 -22.095 3.19188
    endloop
  endfacet
  facet normal 0.21026 0.675381 -0.70686
    outer loop
      vertex 11.2892 24.7117 3.49188
      vertex 11.19 24.4286 3.19188
      vertex 11.268 24.7183 3.49188
    endloop
  endfacet
  facet normal 0.52523 0.85096 -0
    outer loop
      vertex 13.6242 23.595 3.49188
      vertex 13.0795 23.9312 5.89188
      vertex 13.6242 23.595 5.89188
    endloop
  endfacet
  facet normal 0.52523 0.85096 0
    outer loop
      vertex 13.0795 23.9312 5.89188
      vertex 13.6242 23.595 3.49188
      vertex 13.0795 23.9312 3.49188
    endloop
  endfacet
  facet normal -0.371328 -0.601724 0.707138
    outer loop
      vertex -13.4667 -23.3397 6.19188
      vertex -13.0795 -23.9312 5.89188
      vertex -12.9219 -23.6759 6.19188
    endloop
  endfacet
  facet normal -0.37141 -0.601746 0.707076
    outer loop
      vertex -13.0795 -23.9312 5.89188
      vertex -13.4667 -23.3397 6.19188
      vertex -13.6242 -23.595 5.89188
    endloop
  endfacet
  facet normal 0.549093 -0.445499 0.707126
    outer loop
      vertex 15.844 -21.0869 6.19188
      vertex 15.6547 -21.7964 5.89188
      vertex 16.077 -21.2759 5.89188
    endloop
  endfacet
  facet normal 0.549193 -0.445494 0.707052
    outer loop
      vertex 15.6547 -21.7964 5.89188
      vertex 15.844 -21.0869 6.19188
      vertex 15.4217 -21.6075 6.19188
    endloop
  endfacet
  facet normal 0.519177 0.480101 -0.707077
    outer loop
      vertex 15.4217 21.6075 3.19188
      vertex 15.1911 22.2987 3.49188
      vertex 15.642 21.8111 3.49188
    endloop
  endfacet
  facet normal 0.519186 0.480101 -0.707071
    outer loop
      vertex 15.1911 22.2987 3.49188
      vertex 15.4217 21.6075 3.19188
      vertex 14.9709 22.095 3.19188
    endloop
  endfacet
  facet normal 0.632559 0.31628 0.706991
    outer loop
      vertex 17.186 19.4922 5.89188
      vertex 16.9218 19.35 6.19188
      vertex 17.1941 19.476 5.89188
    endloop
  endfacet
  facet normal -0.834511 0.550991 0
    outer loop
      vertex -16.4907 20.6937 3.49188
      vertex -16.4804 20.7093 5.89188
      vertex -16.4804 20.7093 3.49188
    endloop
  endfacet
  facet normal -0.834511 0.550991 0
    outer loop
      vertex -16.4804 20.7093 5.89188
      vertex -16.4907 20.6937 3.49188
      vertex -16.4907 20.6937 5.89188
    endloop
  endfacet
  facet normal -0.590203 0.389685 -0.70697
    outer loop
      vertex -16.2358 20.5355 3.19188
      vertex -16.4907 20.6937 3.49188
      vertex -16.4804 20.7093 3.49188
    endloop
  endfacet
  facet normal -0.622525 0.335261 0.707151
    outer loop
      vertex -16.8598 20.0979 5.89188
      vertex -16.9218 19.35 6.19188
      vertex -16.5956 19.9557 6.19188
    endloop
  endfacet
  facet normal -0.622525 0.335261 0.707151
    outer loop
      vertex -16.9218 19.35 6.19188
      vertex -16.8598 20.0979 5.89188
      vertex -17.186 19.4922 5.89188
    endloop
  endfacet
  facet normal -0.641654 0.297011 -0.707153
    outer loop
      vertex -17.213 18.7209 3.19188
      vertex -17.1941 19.476 3.49188
      vertex -16.9218 19.35 3.19188
    endloop
  endfacet
  facet normal -0.641591 0.297029 -0.707202
    outer loop
      vertex -17.1941 19.476 3.49188
      vertex -17.213 18.7209 3.19188
      vertex -17.4853 18.847 3.49188
    endloop
  endfacet
  facet normal -0.974097 0.22613 0
    outer loop
      vertex -18.1589 16.7805 3.49188
      vertex -18.155 16.7973 5.89188
      vertex -18.155 16.7973 3.49188
    endloop
  endfacet
  facet normal -0.974097 0.22613 0
    outer loop
      vertex -18.155 16.7973 5.89188
      vertex -18.1589 16.7805 3.49188
      vertex -18.1589 16.7805 5.89188
    endloop
  endfacet
  facet normal 0.519177 -0.480101 0.707077
    outer loop
      vertex 15.4217 -21.6075 6.19188
      vertex 15.1911 -22.2987 5.89188
      vertex 15.642 -21.8111 5.89188
    endloop
  endfacet
  facet normal 0.519186 -0.480101 0.707071
    outer loop
      vertex 15.1911 -22.2987 5.89188
      vertex 15.4217 -21.6075 6.19188
      vertex 14.9709 -22.095 6.19188
    endloop
  endfacet
  facet normal -0.469418 0.52897 0.706992
    outer loop
      vertex -14.6846 22.7787 5.89188
      vertex -14.6997 22.7653 5.89188
      vertex -14.4933 22.5475 6.19188
    endloop
  endfacet
  facet normal -0.0800124 0.702658 0.707015
    outer loop
      vertex -9.39813 25.0747 5.89188
      vertex -9.97896 24.7067 6.19188
      vertex -9.36423 24.7767 6.19188
    endloop
  endfacet
  facet normal -0.0798806 0.70255 0.707137
    outer loop
      vertex -9.97896 24.7067 6.19188
      vertex -9.39813 25.0747 5.89188
      vertex -10.0129 25.0048 5.89188
    endloop
  endfacet
  facet normal 0.549093 0.445499 0.707126
    outer loop
      vertex 15.6547 21.7964 5.89188
      vertex 15.844 21.0869 6.19188
      vertex 16.077 21.2759 5.89188
    endloop
  endfacet
  facet normal 0.549193 0.445494 0.707052
    outer loop
      vertex 15.844 21.0869 6.19188
      vertex 15.6547 21.7964 5.89188
      vertex 15.4217 21.6075 6.19188
    endloop
  endfacet
  facet normal -0.0531125 0.705459 0.706758
    outer loop
      vertex -9.37555 25.0764 5.89188
      vertex -9.39813 25.0747 5.89188
      vertex -9.36423 24.7767 6.19188
    endloop
  endfacet
  facet normal -0.107083 -0.699187 0.706874
    outer loop
      vertex -9.97896 -24.7067 6.19188
      vertex -10.0351 -25.0014 5.89188
      vertex -10.0129 -25.0048 5.89188
    endloop
  endfacet
  facet normal -0.0378743 -0.999283 0
    outer loop
      vertex -9.37555 -25.0764 3.49188
      vertex -8.75816 -25.0998 5.89188
      vertex -9.37555 -25.0764 5.89188
    endloop
  endfacet
  facet normal -0.0378743 -0.999283 -0
    outer loop
      vertex -8.75816 -25.0998 5.89188
      vertex -9.37555 -25.0764 3.49188
      vertex -8.75816 -25.0998 3.49188
    endloop
  endfacet
  facet normal -0.52523 -0.85096 0
    outer loop
      vertex -13.6242 -23.595 3.49188
      vertex -13.0795 -23.9312 5.89188
      vertex -13.6242 -23.595 5.89188
    endloop
  endfacet
  facet normal -0.52523 -0.85096 -0
    outer loop
      vertex -13.0795 -23.9312 5.89188
      vertex -13.6242 -23.595 3.49188
      vertex -13.0795 -23.9312 3.49188
    endloop
  endfacet
  facet normal -0.330514 -0.943801 0
    outer loop
      vertex -11.8803 -24.5047 3.49188
      vertex -11.2892 -24.7117 5.89188
      vertex -11.8803 -24.5047 5.89188
    endloop
  endfacet
  facet normal -0.330514 -0.943801 -0
    outer loop
      vertex -11.2892 -24.7117 5.89188
      vertex -11.8803 -24.5047 3.49188
      vertex -11.2892 -24.7117 3.49188
    endloop
  endfacet
  facet normal -0.365088 -0.930973 0
    outer loop
      vertex -11.9007 -24.4967 3.49188
      vertex -11.8803 -24.5047 5.89188
      vertex -11.9007 -24.4967 5.89188
    endloop
  endfacet
  facet normal -0.365088 -0.930973 -0
    outer loop
      vertex -11.8803 -24.5047 5.89188
      vertex -11.9007 -24.4967 3.49188
      vertex -11.8803 -24.5047 3.49188
    endloop
  endfacet
  facet normal 0.304518 0.638506 -0.706809
    outer loop
      vertex 12.4983 24.2361 3.49188
      vertex 12.3593 23.9703 3.19188
      vertex 12.4788 24.2454 3.49188
    endloop
  endfacet
  facet normal 0.683974 0.179661 -0.707037
    outer loop
      vertex 17.8649 16.7211 3.19188
      vertex 17.9757 17.4799 3.49188
      vertex 18.155 16.7973 3.49188
    endloop
  endfacet
  facet normal 0.683839 0.179726 -0.707151
    outer loop
      vertex 17.9757 17.4799 3.49188
      vertex 17.8649 16.7211 3.19188
      vertex 17.6855 17.4037 3.19188
    endloop
  endfacet
  facet normal -0.756707 -0.653754 0
    outer loop
      vertex -15.642 -21.8111 3.49188
      vertex -15.6547 -21.7964 5.89188
      vertex -15.6547 -21.7964 3.49188
    endloop
  endfacet
  facet normal -0.756707 -0.653754 0
    outer loop
      vertex -15.6547 -21.7964 5.89188
      vertex -15.642 -21.8111 3.49188
      vertex -15.642 -21.8111 5.89188
    endloop
  endfacet
  facet normal -0.304518 -0.638506 -0.706809
    outer loop
      vertex -12.4788 -24.2454 3.49188
      vertex -12.4983 -24.2361 3.49188
      vertex -12.3593 -23.9703 3.19188
    endloop
  endfacet
  facet normal -0.697153 -0.118926 0.70699
    outer loop
      vertex -18.0051 -16.0265 6.19188
      vertex -18.3021 -16.0689 5.89188
      vertex -18.2992 -16.0859 5.89188
    endloop
  endfacet
  facet normal -0.678904 0.198014 0.707022
    outer loop
      vertex -17.9708 17.4967 5.89188
      vertex -17.9757 17.4799 5.89188
      vertex -17.6855 17.4037 6.19188
    endloop
  endfacet
  facet normal 0.5547 0.83205 -0
    outer loop
      vertex 13.6416 23.5834 3.49188
      vertex 13.6242 23.595 5.89188
      vertex 13.6416 23.5834 5.89188
    endloop
  endfacet
  facet normal 0.5547 0.83205 0
    outer loop
      vertex 13.6242 23.595 5.89188
      vertex 13.6416 23.5834 3.49188
      vertex 13.6242 23.595 3.49188
    endloop
  endfacet
  facet normal -0.704569 -0.0600541 0.70709
    outer loop
      vertex -18.1663 -14.6129 6.19188
      vertex -18.4047 -15.3482 5.89188
      vertex -18.1058 -15.3227 6.19188
    endloop
  endfacet
  facet normal -0.704569 -0.0600541 0.70709
    outer loop
      vertex -18.4047 -15.3482 5.89188
      vertex -18.1663 -14.6129 6.19188
      vertex -18.4652 -14.6384 5.89188
    endloop
  endfacet
  facet normal -0.930917 -0.365231 0
    outer loop
      vertex -17.4923 -18.8305 3.49188
      vertex -17.7472 -18.1808 5.89188
      vertex -17.7472 -18.1808 3.49188
    endloop
  endfacet
  facet normal -0.930917 -0.365231 0
    outer loop
      vertex -17.7472 -18.1808 5.89188
      vertex -17.4923 -18.8305 3.49188
      vertex -17.4923 -18.8305 5.89188
    endloop
  endfacet
  facet normal -0.894427 -0.447214 0
    outer loop
      vertex -17.186 -19.4922 3.49188
      vertex -17.1941 -19.476 5.89188
      vertex -17.1941 -19.476 3.49188
    endloop
  endfacet
  facet normal -0.894427 -0.447214 0
    outer loop
      vertex -17.1941 -19.476 5.89188
      vertex -17.186 -19.4922 3.49188
      vertex -17.186 -19.4922 5.89188
    endloop
  endfacet
  facet normal -0.864562 -0.502527 0
    outer loop
      vertex -16.8505 -20.1139 3.49188
      vertex -16.8598 -20.0979 5.89188
      vertex -16.8598 -20.0979 3.49188
    endloop
  endfacet
  facet normal -0.864562 -0.502527 0
    outer loop
      vertex -16.8598 -20.0979 5.89188
      vertex -16.8505 -20.1139 3.49188
      vertex -16.8505 -20.1139 5.89188
    endloop
  endfacet
  facet normal -0.641654 -0.297011 0.707153
    outer loop
      vertex -17.213 -18.7209 6.19188
      vertex -17.1941 -19.476 5.89188
      vertex -16.9218 -19.35 6.19188
    endloop
  endfacet
  facet normal -0.641591 -0.297029 0.707202
    outer loop
      vertex -17.1941 -19.476 5.89188
      vertex -17.213 -18.7209 6.19188
      vertex -17.4853 -18.847 5.89188
    endloop
  endfacet
  facet normal -0.632559 -0.31628 0.706991
    outer loop
      vertex -16.9218 -19.35 6.19188
      vertex -17.1941 -19.476 5.89188
      vertex -17.186 -19.4922 5.89188
    endloop
  endfacet
  facet normal -0.658185 -0.25833 0.707147
    outer loop
      vertex -17.468 -18.0712 6.19188
      vertex -17.4923 -18.8305 5.89188
      vertex -17.213 -18.7209 6.19188
    endloop
  endfacet
  facet normal -0.658322 -0.258283 0.707038
    outer loop
      vertex -17.4923 -18.8305 5.89188
      vertex -17.468 -18.0712 6.19188
      vertex -17.7472 -18.1808 5.89188
    endloop
  endfacet
  facet normal -0.665189 -0.24043 -0.706906
    outer loop
      vertex -17.7472 -18.1808 3.49188
      vertex -17.7532 -18.1642 3.49188
      vertex -17.468 -18.0712 3.19188
    endloop
  endfacet
  facet normal -0.349135 -0.615142 0.706898
    outer loop
      vertex -12.9219 -23.6759 6.19188
      vertex -13.0795 -23.9312 5.89188
      vertex -13.061 -23.9417 5.89188
    endloop
  endfacet
  facet normal -0.658185 0.25833 -0.707147
    outer loop
      vertex -17.468 18.0712 3.19188
      vertex -17.4923 18.8305 3.49188
      vertex -17.213 18.7209 3.19188
    endloop
  endfacet
  facet normal -0.658322 0.258283 -0.707038
    outer loop
      vertex -17.4923 18.8305 3.49188
      vertex -17.468 18.0712 3.19188
      vertex -17.7472 18.1808 3.49188
    endloop
  endfacet
  facet normal -0.699965 -0.100151 -0.70712
    outer loop
      vertex -18.3021 -16.0689 3.49188
      vertex -18.1058 -15.3227 3.19188
      vertex -18.0051 -16.0265 3.19188
    endloop
  endfacet
  facet normal -0.700076 -0.100082 -0.70702
    outer loop
      vertex -18.1058 -15.3227 3.19188
      vertex -18.3021 -16.0689 3.49188
      vertex -18.4027 -15.3652 3.49188
    endloop
  endfacet
  facet normal -0.993151 -0.116841 0
    outer loop
      vertex -18.4027 -15.3652 3.49188
      vertex -18.4047 -15.3482 5.89188
      vertex -18.4047 -15.3482 3.49188
    endloop
  endfacet
  facet normal -0.993151 -0.116841 0
    outer loop
      vertex -18.4047 -15.3482 5.89188
      vertex -18.4027 -15.3652 3.49188
      vertex -18.4027 -15.3652 5.89188
    endloop
  endfacet
  facet normal 0.37141 0.601746 0.707076
    outer loop
      vertex 13.0795 23.9312 5.89188
      vertex 13.4667 23.3397 6.19188
      vertex 13.6242 23.595 5.89188
    endloop
  endfacet
  facet normal 0.371328 0.601724 0.707138
    outer loop
      vertex 13.4667 23.3397 6.19188
      vertex 13.0795 23.9312 5.89188
      vertex 12.9219 23.6759 6.19188
    endloop
  endfacet
  facet normal 0.37141 0.601746 -0.707076
    outer loop
      vertex 13.4667 23.3397 3.19188
      vertex 13.0795 23.9312 3.49188
      vertex 13.6242 23.595 3.49188
    endloop
  endfacet
  facet normal 0.371328 0.601724 -0.707138
    outer loop
      vertex 13.0795 23.9312 3.49188
      vertex 13.4667 23.3397 3.19188
      vertex 12.9219 23.6759 3.19188
    endloop
  endfacet
  facet normal 0.392371 0.588557 -0.706856
    outer loop
      vertex 13.6416 23.5834 3.49188
      vertex 13.4667 23.3397 3.19188
      vertex 13.6242 23.595 3.49188
    endloop
  endfacet
  facet normal 0.503711 0.496566 0.706892
    outer loop
      vertex 15.1772 22.3128 5.89188
      vertex 14.9709 22.095 6.19188
      vertex 15.1911 22.2987 5.89188
    endloop
  endfacet
  facet normal 0.68785 0.725853 -0
    outer loop
      vertex 15.1772 22.3128 3.49188
      vertex 14.6997 22.7653 5.89188
      vertex 15.1772 22.3128 5.89188
    endloop
  endfacet
  facet normal 0.68785 0.725853 0
    outer loop
      vertex 14.6997 22.7653 5.89188
      vertex 15.1772 22.3128 3.49188
      vertex 14.6997 22.7653 3.49188
    endloop
  endfacet
  facet normal 0.712139 0.702038 0
    outer loop
      vertex 15.1911 22.2987 5.89188
      vertex 15.1772 22.3128 3.49188
      vertex 15.1772 22.3128 5.89188
    endloop
  endfacet
  facet normal 0.712139 0.702038 0
    outer loop
      vertex 15.1772 22.3128 3.49188
      vertex 15.1911 22.2987 5.89188
      vertex 15.1911 22.2987 3.49188
    endloop
  endfacet
  facet normal 0.576305 0.409601 -0.707177
    outer loop
      vertex 16.2358 20.5355 3.19188
      vertex 16.0885 21.2607 3.49188
      vertex 16.4804 20.7093 3.49188
    endloop
  endfacet
  facet normal 0.576433 0.409587 -0.707081
    outer loop
      vertex 16.0885 21.2607 3.49188
      vertex 16.2358 20.5355 3.19188
      vertex 15.844 21.0869 3.19188
    endloop
  endfacet
  facet normal 0.519177 0.480101 0.707077
    outer loop
      vertex 15.1911 22.2987 5.89188
      vertex 15.4217 21.6075 6.19188
      vertex 15.642 21.8111 5.89188
    endloop
  endfacet
  facet normal 0.519186 0.480101 0.707071
    outer loop
      vertex 15.4217 21.6075 6.19188
      vertex 15.1911 22.2987 5.89188
      vertex 14.9709 22.095 6.19188
    endloop
  endfacet
  facet normal 0.600819 0.372844 0.707109
    outer loop
      vertex 16.4907 20.6937 5.89188
      vertex 16.5956 19.9557 6.19188
      vertex 16.8505 20.1139 5.89188
    endloop
  endfacet
  facet normal 0.600819 0.372844 0.707109
    outer loop
      vertex 16.5956 19.9557 6.19188
      vertex 16.4907 20.6937 5.89188
      vertex 16.2358 20.5355 6.19188
    endloop
  endfacet
  facet normal -0.281731 -0.648474 -0.707184
    outer loop
      vertex -11.9007 -24.4967 3.49188
      vertex -12.3593 -23.9703 3.19188
      vertex -11.7811 -24.2215 3.19188
    endloop
  endfacet
  facet normal -0.281928 -0.648558 -0.707029
    outer loop
      vertex -12.3593 -23.9703 3.19188
      vertex -11.9007 -24.4967 3.49188
      vertex -12.4788 -24.2454 3.49188
    endloop
  endfacet
  facet normal 0.678904 0.198014 0.707022
    outer loop
      vertex 17.9708 17.4967 5.89188
      vertex 17.6855 17.4037 6.19188
      vertex 17.9757 17.4799 5.89188
    endloop
  endfacet
  facet normal 0.658322 0.258283 0.707038
    outer loop
      vertex 17.4923 18.8305 5.89188
      vertex 17.468 18.0712 6.19188
      vertex 17.7472 18.1808 5.89188
    endloop
  endfacet
  facet normal 0.658185 0.25833 0.707147
    outer loop
      vertex 17.468 18.0712 6.19188
      vertex 17.4923 18.8305 5.89188
      vertex 17.213 18.7209 6.19188
    endloop
  endfacet
  facet normal 0.930917 0.365231 0
    outer loop
      vertex 17.7472 18.1808 5.89188
      vertex 17.4923 18.8305 3.49188
      vertex 17.4923 18.8305 5.89188
    endloop
  endfacet
  facet normal 0.930917 0.365231 0
    outer loop
      vertex 17.4923 18.8305 3.49188
      vertex 17.7472 18.1808 5.89188
      vertex 17.7472 18.1808 3.49188
    endloop
  endfacet
  facet normal 0.98576 -0.168159 0
    outer loop
      vertex 18.2992 -16.0859 5.89188
      vertex 18.3021 -16.0689 3.49188
      vertex 18.3021 -16.0689 5.89188
    endloop
  endfacet
  facet normal 0.98576 -0.168159 0
    outer loop
      vertex 18.3021 -16.0689 3.49188
      vertex 18.2992 -16.0859 5.89188
      vertex 18.2992 -16.0859 3.49188
    endloop
  endfacet
  facet normal 0.330514 -0.943801 0
    outer loop
      vertex 11.2892 -24.7117 3.49188
      vertex 11.8803 -24.5047 5.89188
      vertex 11.2892 -24.7117 5.89188
    endloop
  endfacet
  facet normal 0.330514 -0.943801 0
    outer loop
      vertex 11.8803 -24.5047 5.89188
      vertex 11.2892 -24.7117 3.49188
      vertex 11.8803 -24.5047 3.49188
    endloop
  endfacet
  facet normal -0.5547 -0.83205 0
    outer loop
      vertex -13.6416 -23.5834 3.49188
      vertex -13.6242 -23.595 5.89188
      vertex -13.6416 -23.5834 5.89188
    endloop
  endfacet
  facet normal -0.5547 -0.83205 -0
    outer loop
      vertex -13.6242 -23.595 5.89188
      vertex -13.6416 -23.5834 3.49188
      vertex -13.6242 -23.595 3.49188
    endloop
  endfacet
  facet normal -0.683839 0.179726 0.707151
    outer loop
      vertex -17.9757 17.4799 5.89188
      vertex -17.8649 16.7211 6.19188
      vertex -17.6855 17.4037 6.19188
    endloop
  endfacet
  facet normal -0.683974 0.179661 0.707037
    outer loop
      vertex -17.8649 16.7211 6.19188
      vertex -17.9757 17.4799 5.89188
      vertex -18.155 16.7973 5.89188
    endloop
  endfacet
  facet normal -0.519186 -0.480101 -0.707071
    outer loop
      vertex -15.1911 -22.2987 3.49188
      vertex -15.4217 -21.6075 3.19188
      vertex -14.9709 -22.095 3.19188
    endloop
  endfacet
  facet normal -0.519177 -0.480101 -0.707077
    outer loop
      vertex -15.4217 -21.6075 3.19188
      vertex -15.1911 -22.2987 3.49188
      vertex -15.642 -21.8111 3.49188
    endloop
  endfacet
  facet normal 0.25987 0.965644 -0
    outer loop
      vertex 11.268 24.7183 3.49188
      vertex 10.6664 24.8802 5.89188
      vertex 11.268 24.7183 5.89188
    endloop
  endfacet
  facet normal 0.25987 0.965644 0
    outer loop
      vertex 10.6664 24.8802 5.89188
      vertex 11.268 24.7183 3.49188
      vertex 10.6664 24.8802 3.49188
    endloop
  endfacet
  facet normal 0.756707 -0.653754 0
    outer loop
      vertex 15.642 -21.8111 5.89188
      vertex 15.6547 -21.7964 3.49188
      vertex 15.6547 -21.7964 5.89188
    endloop
  endfacet
  facet normal 0.756707 -0.653754 0
    outer loop
      vertex 15.6547 -21.7964 3.49188
      vertex 15.642 -21.8111 5.89188
      vertex 15.642 -21.8111 3.49188
    endloop
  endfacet
  facet normal 0.486388 -0.51326 -0.7071
    outer loop
      vertex 14.6997 -22.7653 3.49188
      vertex 14.9709 -22.095 3.19188
      vertex 15.1772 -22.3128 3.49188
    endloop
  endfacet
  facet normal 0.486279 -0.513252 -0.707181
    outer loop
      vertex 14.9709 -22.095 3.19188
      vertex 14.6997 -22.7653 3.49188
      vertex 14.4933 -22.5475 3.19188
    endloop
  endfacet
  facet normal 0.608534 -0.793528 0
    outer loop
      vertex 14.1662 -23.2067 3.49188
      vertex 14.1825 -23.1942 5.89188
      vertex 14.1662 -23.2067 5.89188
    endloop
  endfacet
  facet normal 0.608534 -0.793528 0
    outer loop
      vertex 14.1825 -23.1942 5.89188
      vertex 14.1662 -23.2067 3.49188
      vertex 14.1825 -23.1942 3.49188
    endloop
  endfacet
  facet normal 0.25987 -0.965644 0
    outer loop
      vertex 10.6664 -24.8802 3.49188
      vertex 11.268 -24.7183 5.89188
      vertex 10.6664 -24.8802 5.89188
    endloop
  endfacet
  facet normal 0.25987 -0.965644 0
    outer loop
      vertex 11.268 -24.7183 5.89188
      vertex 10.6664 -24.8802 3.49188
      vertex 11.268 -24.7183 3.49188
    endloop
  endfacet
  facet normal 0.223553 -0.974692 0
    outer loop
      vertex 10.6446 -24.8852 3.49188
      vertex 10.6664 -24.8802 5.89188
      vertex 10.6446 -24.8852 5.89188
    endloop
  endfacet
  facet normal 0.223553 -0.974692 0
    outer loop
      vertex 10.6664 -24.8802 5.89188
      vertex 10.6446 -24.8852 3.49188
      vertex 10.6664 -24.8802 3.49188
    endloop
  endfacet
  facet normal 0.0124921 -0.707052 -0.707052
    outer loop
      vertex 8.75816 -25.0998 3.49188
      vertex 8.74684 -25.1 3.49188
      vertex 8.74684 -24.8 3.19188
    endloop
  endfacet
  facet normal 0.026785 -0.706701 -0.707005
    outer loop
      vertex 8.75816 -25.0998 3.49188
      vertex 9.36423 -24.7767 3.19188
      vertex 9.37555 -25.0764 3.49188
    endloop
  endfacet
  facet normal 0.0266663 -0.706588 -0.707123
    outer loop
      vertex 9.36423 -24.7767 3.19188
      vertex 8.75816 -25.0998 3.49188
      vertex 8.74684 -24.8 3.19188
    endloop
  endfacet
  facet normal -0.503711 0.496566 -0.706892
    outer loop
      vertex -14.9709 22.095 3.19188
      vertex -15.1911 22.2987 3.49188
      vertex -15.1772 22.3128 3.49188
    endloop
  endfacet
  facet normal -0.8151 0.579321 0
    outer loop
      vertex -16.4804 20.7093 3.49188
      vertex -16.0885 21.2607 5.89188
      vertex -16.0885 21.2607 3.49188
    endloop
  endfacet
  facet normal -0.8151 0.579321 0
    outer loop
      vertex -16.0885 21.2607 5.89188
      vertex -16.4804 20.7093 3.49188
      vertex -16.4804 20.7093 5.89188
    endloop
  endfacet
  facet normal -0.637539 0.770418 0
    outer loop
      vertex -14.1825 23.1942 3.49188
      vertex -14.6846 22.7787 5.89188
      vertex -14.1825 23.1942 5.89188
    endloop
  endfacet
  facet normal -0.637539 0.770418 0
    outer loop
      vertex -14.6846 22.7787 5.89188
      vertex -14.1825 23.1942 3.49188
      vertex -14.6846 22.7787 3.49188
    endloop
  endfacet
  facet normal -0.392371 0.588557 0.706856
    outer loop
      vertex -13.6242 23.595 5.89188
      vertex -13.6416 23.5834 5.89188
      vertex -13.4667 23.3397 6.19188
    endloop
  endfacet
  facet normal -0.392371 0.588557 -0.706856
    outer loop
      vertex -13.4667 23.3397 3.19188
      vertex -13.6416 23.5834 3.49188
      vertex -13.6242 23.595 3.49188
    endloop
  endfacet
  facet normal -0.463577 0.886056 0
    outer loop
      vertex -12.4983 24.2361 3.49188
      vertex -13.061 23.9417 5.89188
      vertex -12.4983 24.2361 5.89188
    endloop
  endfacet
  facet normal -0.463577 0.886056 0
    outer loop
      vertex -13.061 23.9417 5.89188
      vertex -12.4983 24.2361 3.49188
      vertex -13.061 23.9417 3.49188
    endloop
  endfacet
  facet normal -0.493606 0.869686 0
    outer loop
      vertex -13.061 23.9417 3.49188
      vertex -13.0795 23.9312 5.89188
      vertex -13.061 23.9417 5.89188
    endloop
  endfacet
  facet normal -0.493606 0.869686 0
    outer loop
      vertex -13.0795 23.9312 5.89188
      vertex -13.061 23.9417 3.49188
      vertex -13.0795 23.9312 3.49188
    endloop
  endfacet
  facet normal -0.132436 0.694594 0.707106
    outer loop
      vertex -10.0351 25.0014 5.89188
      vertex -10.5884 24.5905 6.19188
      vertex -9.97896 24.7067 6.19188
    endloop
  endfacet
  facet normal -0.132421 0.694584 0.70712
    outer loop
      vertex -10.5884 24.5905 6.19188
      vertex -10.0351 25.0014 5.89188
      vertex -10.6446 24.8852 5.89188
    endloop
  endfacet
  facet normal -0.365088 0.930973 0
    outer loop
      vertex -11.8803 24.5047 3.49188
      vertex -11.9007 24.4967 5.89188
      vertex -11.8803 24.5047 5.89188
    endloop
  endfacet
  facet normal -0.365088 0.930973 0
    outer loop
      vertex -11.9007 24.4967 5.89188
      vertex -11.8803 24.5047 3.49188
      vertex -11.9007 24.4967 3.49188
    endloop
  endfacet
  facet normal -0.398662 0.917098 0
    outer loop
      vertex -11.9007 24.4967 3.49188
      vertex -12.4788 24.2454 5.89188
      vertex -11.9007 24.4967 5.89188
    endloop
  endfacet
  facet normal -0.398662 0.917098 0
    outer loop
      vertex -12.4788 24.2454 5.89188
      vertex -11.9007 24.4967 3.49188
      vertex -12.4788 24.2454 3.49188
    endloop
  endfacet
  facet normal -0.183751 0.682794 0.707127
    outer loop
      vertex -10.6664 24.8802 5.89188
      vertex -11.19 24.4286 6.19188
      vertex -10.5884 24.5905 6.19188
    endloop
  endfacet
  facet normal -0.183751 0.682794 0.707127
    outer loop
      vertex -11.19 24.4286 6.19188
      vertex -10.6664 24.8802 5.89188
      vertex -11.268 24.7183 5.89188
    endloop
  endfacet
  facet normal 0.132421 0.694584 -0.70712
    outer loop
      vertex 10.5884 24.5905 3.19188
      vertex 10.0351 25.0014 3.49188
      vertex 10.6446 24.8852 3.49188
    endloop
  endfacet
  facet normal 0.132436 0.694594 -0.707106
    outer loop
      vertex 10.0351 25.0014 3.49188
      vertex 10.5884 24.5905 3.19188
      vertex 9.97896 24.7067 3.19188
    endloop
  endfacet
  facet normal 0.107083 0.699187 -0.706874
    outer loop
      vertex 10.0351 25.0014 3.49188
      vertex 9.97896 24.7067 3.19188
      vertex 10.0129 25.0048 3.49188
    endloop
  endfacet
  facet normal 0.158127 0.689435 -0.706877
    outer loop
      vertex 10.6664 24.8802 3.49188
      vertex 10.5884 24.5905 3.19188
      vertex 10.6446 24.8852 3.49188
    endloop
  endfacet
  facet normal -0.349135 0.615142 0.706898
    outer loop
      vertex -13.061 23.9417 5.89188
      vertex -13.0795 23.9312 5.89188
      vertex -12.9219 23.6759 6.19188
    endloop
  endfacet
  facet normal 0.026785 0.706701 0.707005
    outer loop
      vertex 8.75816 25.0998 5.89188
      vertex 9.36423 24.7767 6.19188
      vertex 9.37555 25.0764 5.89188
    endloop
  endfacet
  facet normal 0.0266663 0.706588 0.707123
    outer loop
      vertex 9.36423 24.7767 6.19188
      vertex 8.75816 25.0998 5.89188
      vertex 8.74684 24.8 6.19188
    endloop
  endfacet
  facet normal 0.564045 0.426745 0.706924
    outer loop
      vertex 16.077 21.2759 5.89188
      vertex 15.844 21.0869 6.19188
      vertex 16.0885 21.2607 5.89188
    endloop
  endfacet
  facet normal -0.576433 0.409587 -0.707081
    outer loop
      vertex -16.2358 20.5355 3.19188
      vertex -16.0885 21.2607 3.49188
      vertex -15.844 21.0869 3.19188
    endloop
  endfacet
  facet normal -0.576305 0.409601 -0.707177
    outer loop
      vertex -16.0885 21.2607 3.49188
      vertex -16.2358 20.5355 3.19188
      vertex -16.4804 20.7093 3.49188
    endloop
  endfacet
  facet normal -0.797475 0.603353 0
    outer loop
      vertex -16.0885 21.2607 3.49188
      vertex -16.077 21.2759 5.89188
      vertex -16.077 21.2759 3.49188
    endloop
  endfacet
  facet normal -0.797475 0.603353 0
    outer loop
      vertex -16.077 21.2759 5.89188
      vertex -16.0885 21.2607 3.49188
      vertex -16.0885 21.2607 5.89188
    endloop
  endfacet
  facet normal -0.84969 0.527283 0
    outer loop
      vertex -16.8505 20.1139 3.49188
      vertex -16.4907 20.6937 5.89188
      vertex -16.4907 20.6937 3.49188
    endloop
  endfacet
  facet normal -0.84969 0.527283 0
    outer loop
      vertex -16.4907 20.6937 5.89188
      vertex -16.8505 20.1139 3.49188
      vertex -16.8505 20.1139 5.89188
    endloop
  endfacet
  facet normal -0.600819 0.372844 -0.707109
    outer loop
      vertex -16.5956 19.9557 3.19188
      vertex -16.4907 20.6937 3.49188
      vertex -16.2358 20.5355 3.19188
    endloop
  endfacet
  facet normal -0.600819 0.372844 -0.707109
    outer loop
      vertex -16.4907 20.6937 3.49188
      vertex -16.5956 19.9557 3.19188
      vertex -16.8505 20.1139 3.49188
    endloop
  endfacet
  facet normal -0.632559 0.31628 -0.706991
    outer loop
      vertex -16.9218 19.35 3.19188
      vertex -17.1941 19.476 3.49188
      vertex -17.186 19.4922 3.49188
    endloop
  endfacet
  facet normal -0.950756 0.309939 0
    outer loop
      vertex -17.9708 17.4967 3.49188
      vertex -17.7532 18.1642 5.89188
      vertex -17.7532 18.1642 3.49188
    endloop
  endfacet
  facet normal -0.950756 0.309939 0
    outer loop
      vertex -17.7532 18.1642 5.89188
      vertex -17.9708 17.4967 3.49188
      vertex -17.9708 17.4967 5.89188
    endloop
  endfacet
  facet normal -0.96 0.28 0
    outer loop
      vertex -17.9757 17.4799 3.49188
      vertex -17.9708 17.4967 5.89188
      vertex -17.9708 17.4967 3.49188
    endloop
  endfacet
  facet normal -0.96 0.28 0
    outer loop
      vertex -17.9708 17.4967 5.89188
      vertex -17.9757 17.4799 3.49188
      vertex -17.9757 17.4799 5.89188
    endloop
  endfacet
  facet normal -0.371328 0.601724 0.707138
    outer loop
      vertex -13.0795 23.9312 5.89188
      vertex -13.4667 23.3397 6.19188
      vertex -12.9219 23.6759 6.19188
    endloop
  endfacet
  facet normal -0.37141 0.601746 0.707076
    outer loop
      vertex -13.4667 23.3397 6.19188
      vertex -13.0795 23.9312 5.89188
      vertex -13.6242 23.595 5.89188
    endloop
  endfacet
  facet normal -0.158127 -0.689435 -0.706877
    outer loop
      vertex -10.6446 -24.8852 3.49188
      vertex -10.6664 -24.8802 3.49188
      vertex -10.5884 -24.5905 3.19188
    endloop
  endfacet
  facet normal -0.493606 -0.869686 0
    outer loop
      vertex -13.0795 -23.9312 3.49188
      vertex -13.061 -23.9417 5.89188
      vertex -13.0795 -23.9312 5.89188
    endloop
  endfacet
  facet normal -0.493606 -0.869686 -0
    outer loop
      vertex -13.061 -23.9417 5.89188
      vertex -13.0795 -23.9312 3.49188
      vertex -13.061 -23.9417 3.49188
    endloop
  endfacet
  facet normal -0.233818 -0.667358 0.70708
    outer loop
      vertex -11.7811 -24.2215 6.19188
      vertex -11.2892 -24.7117 5.89188
      vertex -11.19 -24.4286 6.19188
    endloop
  endfacet
  facet normal -0.233681 -0.667289 0.707191
    outer loop
      vertex -11.2892 -24.7117 5.89188
      vertex -11.7811 -24.2215 6.19188
      vertex -11.8803 -24.5047 5.89188
    endloop
  endfacet
  facet normal -0.258213 -0.658442 0.706952
    outer loop
      vertex -11.7811 -24.2215 6.19188
      vertex -11.9007 -24.4967 5.89188
      vertex -11.8803 -24.5047 5.89188
    endloop
  endfacet
  facet normal -0.486279 -0.513252 -0.707181
    outer loop
      vertex -14.6997 -22.7653 3.49188
      vertex -14.9709 -22.095 3.19188
      vertex -14.4933 -22.5475 3.19188
    endloop
  endfacet
  facet normal -0.486388 -0.51326 -0.7071
    outer loop
      vertex -14.9709 -22.095 3.19188
      vertex -14.6997 -22.7653 3.49188
      vertex -15.1772 -22.3128 3.49188
    endloop
  endfacet
  facet normal -0.576433 -0.409587 -0.707081
    outer loop
      vertex -16.0885 -21.2607 3.49188
      vertex -16.2358 -20.5355 3.19188
      vertex -15.844 -21.0869 3.19188
    endloop
  endfacet
  facet normal -0.576305 -0.409601 -0.707177
    outer loop
      vertex -16.2358 -20.5355 3.19188
      vertex -16.0885 -21.2607 3.49188
      vertex -16.4804 -20.7093 3.49188
    endloop
  endfacet
  facet normal -0.989935 -0.14152 0
    outer loop
      vertex -18.3021 -16.0689 3.49188
      vertex -18.4027 -15.3652 5.89188
      vertex -18.4027 -15.3652 3.49188
    endloop
  endfacet
  facet normal -0.989935 -0.14152 0
    outer loop
      vertex -18.4027 -15.3652 5.89188
      vertex -18.3021 -16.0689 3.49188
      vertex -18.3021 -16.0689 5.89188
    endloop
  endfacet
  facet normal -0.706026 -0.0415309 0.706967
    outer loop
      vertex -18.1663 -14.6129 6.19188
      vertex -18.4662 -14.6214 5.89188
      vertex -18.4652 -14.6384 5.89188
    endloop
  endfacet
  facet normal -0.658185 -0.25833 -0.707147
    outer loop
      vertex -17.4923 -18.8305 3.49188
      vertex -17.468 -18.0712 3.19188
      vertex -17.213 -18.7209 3.19188
    endloop
  endfacet
  facet normal -0.658322 -0.258283 -0.707038
    outer loop
      vertex -17.468 -18.0712 3.19188
      vertex -17.4923 -18.8305 3.49188
      vertex -17.7472 -18.1808 3.49188
    endloop
  endfacet
  facet normal -0.651033 -0.276196 0.707016
    outer loop
      vertex -17.213 -18.7209 6.19188
      vertex -17.4923 -18.8305 5.89188
      vertex -17.4853 -18.847 5.89188
    endloop
  endfacet
  facet normal -0.907469 -0.420119 0
    outer loop
      vertex -17.1941 -19.476 3.49188
      vertex -17.4853 -18.847 5.89188
      vertex -17.4853 -18.847 3.49188
    endloop
  endfacet
  facet normal -0.907469 -0.420119 0
    outer loop
      vertex -17.4853 -18.847 5.89188
      vertex -17.1941 -19.476 3.49188
      vertex -17.1941 -19.476 5.89188
    endloop
  endfacet
  facet normal 0.3278 0.626539 0.707104
    outer loop
      vertex 12.4983 24.2361 5.89188
      vertex 12.9219 23.6759 6.19188
      vertex 13.061 23.9417 5.89188
    endloop
  endfacet
  facet normal 0.327871 0.626564 0.707049
    outer loop
      vertex 12.9219 23.6759 6.19188
      vertex 12.4983 24.2361 5.89188
      vertex 12.3593 23.9703 6.19188
    endloop
  endfacet
  facet normal 0.132421 -0.694584 -0.70712
    outer loop
      vertex 10.0351 -25.0014 3.49188
      vertex 10.5884 -24.5905 3.19188
      vertex 10.6446 -24.8852 3.49188
    endloop
  endfacet
  facet normal 0.132436 -0.694594 -0.707106
    outer loop
      vertex 10.5884 -24.5905 3.19188
      vertex 10.0351 -25.0014 3.49188
      vertex 9.97896 -24.7067 3.19188
    endloop
  endfacet
  facet normal 0.158127 -0.689435 -0.706877
    outer loop
      vertex 10.6446 -24.8852 3.49188
      vertex 10.5884 -24.5905 3.19188
      vertex 10.6664 -24.8802 3.49188
    endloop
  endfacet
  facet normal 0.637539 0.770418 -0
    outer loop
      vertex 14.6846 22.7787 3.49188
      vertex 14.1825 23.1942 5.89188
      vertex 14.6846 22.7787 5.89188
    endloop
  endfacet
  facet normal 0.637539 0.770418 0
    outer loop
      vertex 14.1825 23.1942 5.89188
      vertex 14.6846 22.7787 3.49188
      vertex 14.1825 23.1942 3.49188
    endloop
  endfacet
  facet normal 0.469418 0.52897 -0.706992
    outer loop
      vertex 14.6997 22.7653 3.49188
      vertex 14.4933 22.5475 3.19188
      vertex 14.6846 22.7787 3.49188
    endloop
  endfacet
  facet normal 0.450747 0.544693 -0.707203
    outer loop
      vertex 14.4933 22.5475 3.19188
      vertex 14.1825 23.1942 3.49188
      vertex 14.6846 22.7787 3.49188
    endloop
  endfacet
  facet normal 0.450747 0.544693 -0.707203
    outer loop
      vertex 14.1825 23.1942 3.49188
      vertex 14.4933 22.5475 3.19188
      vertex 13.9912 22.963 3.19188
    endloop
  endfacet
  facet normal 0.756707 0.653754 0
    outer loop
      vertex 15.6547 21.7964 5.89188
      vertex 15.642 21.8111 3.49188
      vertex 15.642 21.8111 5.89188
    endloop
  endfacet
  facet normal 0.756707 0.653754 0
    outer loop
      vertex 15.642 21.8111 3.49188
      vertex 15.6547 21.7964 5.89188
      vertex 15.6547 21.7964 3.49188
    endloop
  endfacet
  facet normal 0.84969 0.527283 0
    outer loop
      vertex 16.8505 20.1139 5.89188
      vertex 16.4907 20.6937 3.49188
      vertex 16.4907 20.6937 5.89188
    endloop
  endfacet
  facet normal 0.84969 0.527283 0
    outer loop
      vertex 16.4907 20.6937 3.49188
      vertex 16.8505 20.1139 5.89188
      vertex 16.8505 20.1139 3.49188
    endloop
  endfacet
  facet normal 0.8151 0.579321 0
    outer loop
      vertex 16.4804 20.7093 5.89188
      vertex 16.0885 21.2607 3.49188
      vertex 16.0885 21.2607 5.89188
    endloop
  endfacet
  facet normal 0.8151 0.579321 0
    outer loop
      vertex 16.0885 21.2607 3.49188
      vertex 16.4804 20.7093 5.89188
      vertex 16.4804 20.7093 3.49188
    endloop
  endfacet
  facet normal 0.632559 0.31628 -0.706991
    outer loop
      vertex 17.1941 19.476 3.49188
      vertex 16.9218 19.35 3.19188
      vertex 17.186 19.4922 3.49188
    endloop
  endfacet
  facet normal 0.392371 -0.588557 -0.706856
    outer loop
      vertex 13.6242 -23.595 3.49188
      vertex 13.4667 -23.3397 3.19188
      vertex 13.6416 -23.5834 3.49188
    endloop
  endfacet
  facet normal 0.463577 -0.886056 0
    outer loop
      vertex 12.4983 -24.2361 3.49188
      vertex 13.061 -23.9417 5.89188
      vertex 12.4983 -24.2361 5.89188
    endloop
  endfacet
  facet normal 0.463577 -0.886056 0
    outer loop
      vertex 13.061 -23.9417 5.89188
      vertex 12.4983 -24.2361 3.49188
      vertex 13.061 -23.9417 3.49188
    endloop
  endfacet
  facet normal 0.3278 -0.626539 -0.707104
    outer loop
      vertex 12.4983 -24.2361 3.49188
      vertex 12.9219 -23.6759 3.19188
      vertex 13.061 -23.9417 3.49188
    endloop
  endfacet
  facet normal 0.327871 -0.626564 -0.707049
    outer loop
      vertex 12.9219 -23.6759 3.19188
      vertex 12.4983 -24.2361 3.49188
      vertex 12.3593 -23.9703 3.19188
    endloop
  endfacet
  facet normal -0.392371 -0.588557 -0.706856
    outer loop
      vertex -13.6242 -23.595 3.49188
      vertex -13.6416 -23.5834 3.49188
      vertex -13.4667 -23.3397 3.19188
    endloop
  endfacet
  facet normal 0.535245 -0.462423 0.706879
    outer loop
      vertex 15.6547 -21.7964 5.89188
      vertex 15.4217 -21.6075 6.19188
      vertex 15.642 -21.8111 5.89188
    endloop
  endfacet
  facet normal -0.158127 0.689435 0.706877
    outer loop
      vertex -10.6446 24.8852 5.89188
      vertex -10.6664 24.8802 5.89188
      vertex -10.5884 24.5905 6.19188
    endloop
  endfacet
  facet normal -0.756707 0.653754 0
    outer loop
      vertex -15.6547 21.7964 3.49188
      vertex -15.642 21.8111 5.89188
      vertex -15.642 21.8111 3.49188
    endloop
  endfacet
  facet normal -0.756707 0.653754 0
    outer loop
      vertex -15.642 21.8111 5.89188
      vertex -15.6547 21.7964 3.49188
      vertex -15.6547 21.7964 5.89188
    endloop
  endfacet
  facet normal -0.68785 0.725853 0
    outer loop
      vertex -14.6997 22.7653 3.49188
      vertex -15.1772 22.3128 5.89188
      vertex -14.6997 22.7653 5.89188
    endloop
  endfacet
  facet normal -0.68785 0.725853 0
    outer loop
      vertex -15.1772 22.3128 5.89188
      vertex -14.6997 22.7653 3.49188
      vertex -15.1772 22.3128 3.49188
    endloop
  endfacet
  facet normal -0.712139 0.702038 0
    outer loop
      vertex -15.1911 22.2987 3.49188
      vertex -15.1772 22.3128 5.89188
      vertex -15.1772 22.3128 3.49188
    endloop
  endfacet
  facet normal -0.712139 0.702038 0
    outer loop
      vertex -15.1772 22.3128 5.89188
      vertex -15.1911 22.2987 3.49188
      vertex -15.1911 22.2987 5.89188
    endloop
  endfacet
  facet normal -0.430387 0.561225 0.706961
    outer loop
      vertex -14.1662 23.2067 5.89188
      vertex -14.1825 23.1942 5.89188
      vertex -13.9912 22.963 6.19188
    endloop
  endfacet
  facet normal -0.412511 0.574362 0.707067
    outer loop
      vertex -13.6416 23.5834 5.89188
      vertex -13.9912 22.963 6.19188
      vertex -13.4667 23.3397 6.19188
    endloop
  endfacet
  facet normal -0.412419 0.574343 0.707136
    outer loop
      vertex -13.9912 22.963 6.19188
      vertex -13.6416 23.5834 5.89188
      vertex -14.1662 23.2067 5.89188
    endloop
  endfacet
  facet normal -0.583272 0.812277 0
    outer loop
      vertex -13.6416 23.5834 3.49188
      vertex -14.1662 23.2067 5.89188
      vertex -13.6416 23.5834 5.89188
    endloop
  endfacet
  facet normal -0.583272 0.812277 0
    outer loop
      vertex -14.1662 23.2067 5.89188
      vertex -13.6416 23.5834 3.49188
      vertex -14.1662 23.2067 3.49188
    endloop
  endfacet
  facet normal -0.412511 0.574362 -0.707067
    outer loop
      vertex -13.9912 22.963 3.19188
      vertex -13.6416 23.5834 3.49188
      vertex -13.4667 23.3397 3.19188
    endloop
  endfacet
  facet normal -0.412419 0.574343 -0.707136
    outer loop
      vertex -13.6416 23.5834 3.49188
      vertex -13.9912 22.963 3.19188
      vertex -14.1662 23.2067 3.49188
    endloop
  endfacet
  facet normal 0.0531125 0.705459 0.706758
    outer loop
      vertex 9.37555 25.0764 5.89188
      vertex 9.36423 24.7767 6.19188
      vertex 9.39813 25.0747 5.89188
    endloop
  endfacet
  facet normal -0.349135 0.615142 -0.706898
    outer loop
      vertex -12.9219 23.6759 3.19188
      vertex -13.0795 23.9312 3.49188
      vertex -13.061 23.9417 3.49188
    endloop
  endfacet
  facet normal -0.297249 0.9548 0
    outer loop
      vertex -11.268 24.7183 3.49188
      vertex -11.2892 24.7117 5.89188
      vertex -11.268 24.7183 5.89188
    endloop
  endfacet
  facet normal -0.297249 0.9548 0
    outer loop
      vertex -11.2892 24.7117 5.89188
      vertex -11.268 24.7183 3.49188
      vertex -11.2892 24.7117 3.49188
    endloop
  endfacet
  facet normal -0.151388 0.988474 0
    outer loop
      vertex -10.0129 25.0048 3.49188
      vertex -10.0351 25.0014 5.89188
      vertex -10.0129 25.0048 5.89188
    endloop
  endfacet
  facet normal -0.151388 0.988474 0
    outer loop
      vertex -10.0351 25.0014 5.89188
      vertex -10.0129 25.0048 3.49188
      vertex -10.0351 25.0014 3.49188
    endloop
  endfacet
  facet normal -0.107083 0.699187 0.706874
    outer loop
      vertex -10.0129 25.0048 5.89188
      vertex -10.0351 25.0014 5.89188
      vertex -9.97896 24.7067 6.19188
    endloop
  endfacet
  facet normal 0.183751 0.682794 0.707127
    outer loop
      vertex 10.6664 24.8802 5.89188
      vertex 11.19 24.4286 6.19188
      vertex 11.268 24.7183 5.89188
    endloop
  endfacet
  facet normal 0.183751 0.682794 0.707127
    outer loop
      vertex 11.19 24.4286 6.19188
      vertex 10.6664 24.8802 5.89188
      vertex 10.5884 24.5905 6.19188
    endloop
  endfacet
  facet normal 0.330514 0.943801 -0
    outer loop
      vertex 11.8803 24.5047 3.49188
      vertex 11.2892 24.7117 5.89188
      vertex 11.8803 24.5047 5.89188
    endloop
  endfacet
  facet normal 0.330514 0.943801 0
    outer loop
      vertex 11.2892 24.7117 5.89188
      vertex 11.8803 24.5047 3.49188
      vertex 11.2892 24.7117 3.49188
    endloop
  endfacet
  facet normal 0.412419 0.574343 -0.707136
    outer loop
      vertex 13.9912 22.963 3.19188
      vertex 13.6416 23.5834 3.49188
      vertex 14.1662 23.2067 3.49188
    endloop
  endfacet
  facet normal 0.412511 0.574362 -0.707067
    outer loop
      vertex 13.6416 23.5834 3.49188
      vertex 13.9912 22.963 3.19188
      vertex 13.4667 23.3397 3.19188
    endloop
  endfacet
  facet normal 0.412419 0.574343 0.707136
    outer loop
      vertex 13.6416 23.5834 5.89188
      vertex 13.9912 22.963 6.19188
      vertex 14.1662 23.2067 5.89188
    endloop
  endfacet
  facet normal 0.412511 0.574362 0.707067
    outer loop
      vertex 13.9912 22.963 6.19188
      vertex 13.6416 23.5834 5.89188
      vertex 13.4667 23.3397 6.19188
    endloop
  endfacet
  facet normal 0.734197 0.678936 0
    outer loop
      vertex 15.642 21.8111 5.89188
      vertex 15.1911 22.2987 3.49188
      vertex 15.1911 22.2987 5.89188
    endloop
  endfacet
  facet normal 0.734197 0.678936 0
    outer loop
      vertex 15.1911 22.2987 3.49188
      vertex 15.642 21.8111 5.89188
      vertex 15.642 21.8111 3.49188
    endloop
  endfacet
  facet normal 0.797475 0.603353 0
    outer loop
      vertex 16.0885 21.2607 5.89188
      vertex 16.077 21.2759 3.49188
      vertex 16.077 21.2759 5.89188
    endloop
  endfacet
  facet normal 0.797475 0.603353 0
    outer loop
      vertex 16.077 21.2759 3.49188
      vertex 16.0885 21.2607 5.89188
      vertex 16.0885 21.2607 3.49188
    endloop
  endfacet
  facet normal -0.564045 0.426745 -0.706924
    outer loop
      vertex -15.844 21.0869 3.19188
      vertex -16.0885 21.2607 3.49188
      vertex -16.077 21.2759 3.49188
    endloop
  endfacet
  facet normal -0.622525 0.335261 -0.707151
    outer loop
      vertex -16.9218 19.35 3.19188
      vertex -16.8598 20.0979 3.49188
      vertex -16.5956 19.9557 3.19188
    endloop
  endfacet
  facet normal -0.622525 0.335261 -0.707151
    outer loop
      vertex -16.8598 20.0979 3.49188
      vertex -16.9218 19.35 3.19188
      vertex -17.186 19.4922 3.49188
    endloop
  endfacet
  facet normal -0.187275 -0.982308 0
    outer loop
      vertex -10.6446 -24.8852 3.49188
      vertex -10.0351 -25.0014 5.89188
      vertex -10.6446 -24.8852 5.89188
    endloop
  endfacet
  facet normal -0.187275 -0.982308 -0
    outer loop
      vertex -10.0351 -25.0014 5.89188
      vertex -10.6446 -24.8852 3.49188
      vertex -10.0351 -25.0014 3.49188
    endloop
  endfacet
  facet normal -0.834511 -0.550991 0
    outer loop
      vertex -16.4804 -20.7093 3.49188
      vertex -16.4907 -20.6937 5.89188
      vertex -16.4907 -20.6937 3.49188
    endloop
  endfacet
  facet normal -0.834511 -0.550991 0
    outer loop
      vertex -16.4907 -20.6937 5.89188
      vertex -16.4804 -20.7093 3.49188
      vertex -16.4804 -20.7093 5.89188
    endloop
  endfacet
  facet normal -0.96719 -0.254054 0
    outer loop
      vertex -17.9757 -17.4799 3.49188
      vertex -18.155 -16.7973 5.89188
      vertex -18.155 -16.7973 3.49188
    endloop
  endfacet
  facet normal -0.96719 -0.254054 0
    outer loop
      vertex -18.155 -16.7973 5.89188
      vertex -17.9757 -17.4799 3.49188
      vertex -17.9757 -17.4799 5.89188
    endloop
  endfacet
  facet normal -0.920582 -0.39055 0
    outer loop
      vertex -17.4853 -18.847 3.49188
      vertex -17.4923 -18.8305 5.89188
      vertex -17.4923 -18.8305 3.49188
    endloop
  endfacet
  facet normal -0.920582 -0.39055 0
    outer loop
      vertex -17.4923 -18.8305 5.89188
      vertex -17.4853 -18.847 3.49188
      vertex -17.4853 -18.847 5.89188
    endloop
  endfacet
  facet normal 0.349135 0.615142 -0.706898
    outer loop
      vertex 13.0795 23.9312 3.49188
      vertex 12.9219 23.6759 3.19188
      vertex 13.061 23.9417 3.49188
    endloop
  endfacet
  facet normal 0.398662 0.917098 -0
    outer loop
      vertex 12.4788 24.2454 3.49188
      vertex 11.9007 24.4967 5.89188
      vertex 12.4788 24.2454 5.89188
    endloop
  endfacet
  facet normal 0.398662 0.917098 0
    outer loop
      vertex 11.9007 24.4967 5.89188
      vertex 12.4788 24.2454 3.49188
      vertex 11.9007 24.4967 3.49188
    endloop
  endfacet
  facet normal 0.611463 0.355413 -0.706961
    outer loop
      vertex 16.8598 20.0979 3.49188
      vertex 16.5956 19.9557 3.19188
      vertex 16.8505 20.1139 3.49188
    endloop
  endfacet
  facet normal 0.864562 0.502527 0
    outer loop
      vertex 16.8598 20.0979 5.89188
      vertex 16.8505 20.1139 3.49188
      vertex 16.8505 20.1139 5.89188
    endloop
  endfacet
  facet normal 0.864562 0.502527 0
    outer loop
      vertex 16.8505 20.1139 3.49188
      vertex 16.8598 20.0979 5.89188
      vertex 16.8598 20.0979 3.49188
    endloop
  endfacet
  facet normal 0.365088 -0.930973 0
    outer loop
      vertex 11.8803 -24.5047 3.49188
      vertex 11.9007 -24.4967 5.89188
      vertex 11.8803 -24.5047 5.89188
    endloop
  endfacet
  facet normal 0.365088 -0.930973 0
    outer loop
      vertex 11.9007 -24.4967 5.89188
      vertex 11.8803 -24.5047 3.49188
      vertex 11.9007 -24.4967 3.49188
    endloop
  endfacet
  facet normal -0.519186 0.480101 -0.707071
    outer loop
      vertex -15.4217 21.6075 3.19188
      vertex -15.1911 22.2987 3.49188
      vertex -14.9709 22.095 3.19188
    endloop
  endfacet
  facet normal -0.519177 0.480101 -0.707077
    outer loop
      vertex -15.1911 22.2987 3.49188
      vertex -15.4217 21.6075 3.19188
      vertex -15.642 21.8111 3.49188
    endloop
  endfacet
  facet normal -0.304518 0.638506 0.706809
    outer loop
      vertex -12.4788 24.2454 5.89188
      vertex -12.4983 24.2361 5.89188
      vertex -12.3593 23.9703 6.19188
    endloop
  endfacet
  facet normal -0.21026 0.675381 0.70686
    outer loop
      vertex -11.268 24.7183 5.89188
      vertex -11.2892 24.7117 5.89188
      vertex -11.19 24.4286 6.19188
    endloop
  endfacet
  facet normal 0.132421 0.694584 0.70712
    outer loop
      vertex 10.0351 25.0014 5.89188
      vertex 10.5884 24.5905 6.19188
      vertex 10.6446 24.8852 5.89188
    endloop
  endfacet
  facet normal 0.132436 0.694594 0.707106
    outer loop
      vertex 10.5884 24.5905 6.19188
      vertex 10.0351 25.0014 5.89188
      vertex 9.97896 24.7067 6.19188
    endloop
  endfacet
  facet normal 0.258213 0.658442 0.706952
    outer loop
      vertex 11.8803 24.5047 5.89188
      vertex 11.7811 24.2215 6.19188
      vertex 11.9007 24.4967 5.89188
    endloop
  endfacet
  facet normal 0.187275 0.982308 -0
    outer loop
      vertex 10.6446 24.8852 3.49188
      vertex 10.0351 25.0014 5.89188
      vertex 10.6446 24.8852 5.89188
    endloop
  endfacet
  facet normal 0.187275 0.982308 0
    outer loop
      vertex 10.0351 25.0014 5.89188
      vertex 10.6446 24.8852 3.49188
      vertex 10.0351 25.0014 3.49188
    endloop
  endfacet
  facet normal 0.0750754 0.997178 -0
    outer loop
      vertex 9.39813 25.0747 3.49188
      vertex 9.37555 25.0764 5.89188
      vertex 9.39813 25.0747 5.89188
    endloop
  endfacet
  facet normal 0.0750754 0.997178 0
    outer loop
      vertex 9.37555 25.0764 5.89188
      vertex 9.39813 25.0747 3.49188
      vertex 9.37555 25.0764 3.49188
    endloop
  endfacet
  facet normal 0.0531125 0.705459 -0.706758
    outer loop
      vertex 9.39813 25.0747 3.49188
      vertex 9.36423 24.7767 3.19188
      vertex 9.37555 25.0764 3.49188
    endloop
  endfacet
  facet normal 0 0.707107 -0.707107
    outer loop
      vertex -8.74684 24.8 3.19188
      vertex 8.74684 25.1 3.49188
      vertex 8.74684 24.8 3.19188
    endloop
  endfacet
  facet normal 0 0.707107 -0.707107
    outer loop
      vertex 8.74684 25.1 3.49188
      vertex -8.74684 24.8 3.19188
      vertex -8.74684 25.1 3.49188
    endloop
  endfacet
  facet normal 0.0798806 0.70255 0.707137
    outer loop
      vertex 9.39813 25.0747 5.89188
      vertex 9.97896 24.7067 6.19188
      vertex 10.0129 25.0048 5.89188
    endloop
  endfacet
  facet normal 0.0800124 0.702658 0.707015
    outer loop
      vertex 9.97896 24.7067 6.19188
      vertex 9.39813 25.0747 5.89188
      vertex 9.36423 24.7767 6.19188
    endloop
  endfacet
  facet normal 0.450747 0.544693 0.707203
    outer loop
      vertex 14.1825 23.1942 5.89188
      vertex 14.4933 22.5475 6.19188
      vertex 14.6846 22.7787 5.89188
    endloop
  endfacet
  facet normal 0.450747 0.544693 0.707203
    outer loop
      vertex 14.4933 22.5475 6.19188
      vertex 14.1825 23.1942 5.89188
      vertex 13.9912 22.963 6.19188
    endloop
  endfacet
  facet normal 0.608534 0.793528 -0
    outer loop
      vertex 14.1825 23.1942 3.49188
      vertex 14.1662 23.2067 5.89188
      vertex 14.1825 23.1942 5.89188
    endloop
  endfacet
  facet normal 0.608534 0.793528 0
    outer loop
      vertex 14.1662 23.2067 5.89188
      vertex 14.1825 23.1942 3.49188
      vertex 14.1662 23.2067 3.49188
    endloop
  endfacet
  facet normal 0.430387 0.561225 -0.706961
    outer loop
      vertex 14.1825 23.1942 3.49188
      vertex 13.9912 22.963 3.19188
      vertex 14.1662 23.2067 3.49188
    endloop
  endfacet
  facet normal -0.0378743 0.999283 0
    outer loop
      vertex -8.75816 25.0998 3.49188
      vertex -9.37555 25.0764 5.89188
      vertex -8.75816 25.0998 5.89188
    endloop
  endfacet
  facet normal -0.0378743 0.999283 0
    outer loop
      vertex -9.37555 25.0764 5.89188
      vertex -8.75816 25.0998 3.49188
      vertex -9.37555 25.0764 3.49188
    endloop
  endfacet
  facet normal -0.576433 0.409587 0.707081
    outer loop
      vertex -16.0885 21.2607 5.89188
      vertex -16.2358 20.5355 6.19188
      vertex -15.844 21.0869 6.19188
    endloop
  endfacet
  facet normal -0.576305 0.409601 0.707177
    outer loop
      vertex -16.2358 20.5355 6.19188
      vertex -16.0885 21.2607 5.89188
      vertex -16.4804 20.7093 5.89188
    endloop
  endfacet
  facet normal 0.463577 0.886056 -0
    outer loop
      vertex 13.061 23.9417 3.49188
      vertex 12.4983 24.2361 5.89188
      vertex 13.061 23.9417 5.89188
    endloop
  endfacet
  facet normal 0.463577 0.886056 0
    outer loop
      vertex 12.4983 24.2361 5.89188
      vertex 13.061 23.9417 3.49188
      vertex 12.4983 24.2361 3.49188
    endloop
  endfacet
  facet normal 0.304518 0.638506 0.706809
    outer loop
      vertex 12.4788 24.2454 5.89188
      vertex 12.3593 23.9703 6.19188
      vertex 12.4983 24.2361 5.89188
    endloop
  endfacet
  facet normal 0.622525 0.335261 -0.707151
    outer loop
      vertex 16.9218 19.35 3.19188
      vertex 16.8598 20.0979 3.49188
      vertex 17.186 19.4922 3.49188
    endloop
  endfacet
  facet normal 0.622525 0.335261 -0.707151
    outer loop
      vertex 16.8598 20.0979 3.49188
      vertex 16.9218 19.35 3.19188
      vertex 16.5956 19.9557 3.19188
    endloop
  endfacet
  facet normal -0.519186 0.480101 0.707071
    outer loop
      vertex -15.1911 22.2987 5.89188
      vertex -15.4217 21.6075 6.19188
      vertex -14.9709 22.095 6.19188
    endloop
  endfacet
  facet normal -0.519177 0.480101 0.707077
    outer loop
      vertex -15.4217 21.6075 6.19188
      vertex -15.1911 22.2987 5.89188
      vertex -15.642 21.8111 5.89188
    endloop
  endfacet
  facet normal -0.25987 0.965644 0
    outer loop
      vertex -10.6664 24.8802 3.49188
      vertex -11.268 24.7183 5.89188
      vertex -10.6664 24.8802 5.89188
    endloop
  endfacet
  facet normal -0.25987 0.965644 0
    outer loop
      vertex -11.268 24.7183 5.89188
      vertex -10.6664 24.8802 3.49188
      vertex -11.268 24.7183 3.49188
    endloop
  endfacet
  facet normal 0.183751 0.682794 -0.707127
    outer loop
      vertex 11.19 24.4286 3.19188
      vertex 10.6664 24.8802 3.49188
      vertex 11.268 24.7183 3.49188
    endloop
  endfacet
  facet normal 0.183751 0.682794 -0.707127
    outer loop
      vertex 10.6664 24.8802 3.49188
      vertex 11.19 24.4286 3.19188
      vertex 10.5884 24.5905 3.19188
    endloop
  endfacet
  facet normal 0.365088 0.930973 -0
    outer loop
      vertex 11.9007 24.4967 3.49188
      vertex 11.8803 24.5047 5.89188
      vertex 11.9007 24.4967 5.89188
    endloop
  endfacet
  facet normal 0.365088 0.930973 0
    outer loop
      vertex 11.8803 24.5047 5.89188
      vertex 11.9007 24.4967 3.49188
      vertex 11.8803 24.5047 3.49188
    endloop
  endfacet
  facet normal 0.0176651 0.999844 -0
    outer loop
      vertex 8.75816 25.0998 3.49188
      vertex 8.74684 25.1 5.89188
      vertex 8.75816 25.0998 5.89188
    endloop
  endfacet
  facet normal 0.0176651 0.999844 0
    outer loop
      vertex 8.74684 25.1 5.89188
      vertex 8.75816 25.0998 3.49188
      vertex 8.74684 25.1 3.49188
    endloop
  endfacet
  facet normal 0.0124921 0.707052 0.707052
    outer loop
      vertex 8.74684 25.1 5.89188
      vertex 8.74684 24.8 6.19188
      vertex 8.75816 25.0998 5.89188
    endloop
  endfacet
  facet normal 0.112973 0.993598 -0
    outer loop
      vertex 10.0129 25.0048 3.49188
      vertex 9.39813 25.0747 5.89188
      vertex 10.0129 25.0048 5.89188
    endloop
  endfacet
  facet normal 0.112973 0.993598 0
    outer loop
      vertex 9.39813 25.0747 5.89188
      vertex 10.0129 25.0048 3.49188
      vertex 9.39813 25.0747 3.49188
    endloop
  endfacet
  facet normal 0.21026 0.675381 0.70686
    outer loop
      vertex 11.268 24.7183 5.89188
      vertex 11.19 24.4286 6.19188
      vertex 11.2892 24.7117 5.89188
    endloop
  endfacet
  facet normal 0.233681 0.667289 -0.707191
    outer loop
      vertex 11.7811 24.2215 3.19188
      vertex 11.2892 24.7117 3.49188
      vertex 11.8803 24.5047 3.49188
    endloop
  endfacet
  facet normal 0.233818 0.667358 -0.70708
    outer loop
      vertex 11.2892 24.7117 3.49188
      vertex 11.7811 24.2215 3.19188
      vertex 11.19 24.4286 3.19188
    endloop
  endfacet
  facet normal 0.233681 0.667289 0.707191
    outer loop
      vertex 11.2892 24.7117 5.89188
      vertex 11.7811 24.2215 6.19188
      vertex 11.8803 24.5047 5.89188
    endloop
  endfacet
  facet normal 0.233818 0.667358 0.70708
    outer loop
      vertex 11.7811 24.2215 6.19188
      vertex 11.2892 24.7117 5.89188
      vertex 11.19 24.4286 6.19188
    endloop
  endfacet
  facet normal 0.223553 0.974692 -0
    outer loop
      vertex 10.6664 24.8802 3.49188
      vertex 10.6446 24.8852 5.89188
      vertex 10.6664 24.8802 5.89188
    endloop
  endfacet
  facet normal 0.223553 0.974692 0
    outer loop
      vertex 10.6446 24.8852 5.89188
      vertex 10.6664 24.8802 3.49188
      vertex 10.6446 24.8852 3.49188
    endloop
  endfacet
  facet normal 0.258213 0.658442 -0.706952
    outer loop
      vertex 11.9007 24.4967 3.49188
      vertex 11.7811 24.2215 3.19188
      vertex 11.8803 24.5047 3.49188
    endloop
  endfacet
  facet normal -0.500011 0 0.866019
    outer loop
      vertex 18.1865 13.9 32.3838
      vertex 16.4545 13.9 31.3838
      vertex 18.1865 -13.9 32.3838
    endloop
  endfacet
  facet normal -0.500011 0 0.866019
    outer loop
      vertex 16.4545 -13.9 31.3838
      vertex 18.1865 -13.9 32.3838
      vertex 16.4545 13.9 31.3838
    endloop
  endfacet
  facet normal -0.499986 0.000110196 0.866033
    outer loop
      vertex 14.5368 14.3382 30.2766
      vertex 16.4545 13.9 31.3838
      vertex 16.438 14.4821 31.3742
    endloop
  endfacet
  facet normal -0.499991 0 0.86603
    outer loop
      vertex 16.4545 13.9 31.3838
      vertex 14.5492 13.9 30.2838
      vertex 16.4545 -13.9 31.3838
    endloop
  endfacet
  facet normal -0.500001 -0.000117953 0.866025
    outer loop
      vertex 14.4996 14.7745 30.2551
      vertex 16.438 14.4821 31.3742
      vertex 16.3885 15.0617 31.3457
    endloop
  endfacet
  facet normal -0.499991 0 0.86603
    outer loop
      vertex 14.5492 -13.9 30.2838
      vertex 16.4545 -13.9 31.3838
      vertex 14.5492 13.9 30.2838
    endloop
  endfacet
  facet normal -0.499993 0.000151318 0.866029
    outer loop
      vertex 14.4377 15.2071 30.2194
      vertex 16.3885 15.0617 31.3457
      vertex 16.3064 15.6363 31.2982
    endloop
  endfacet
  facet normal -0.499991 -8.10741e-05 0.86603
    outer loop
      vertex 14.5368 -14.3382 30.2766
      vertex 16.4545 -13.9 31.3838
      vertex 14.5492 -13.9 30.2838
    endloop
  endfacet
  facet normal -0.499979 -9.26655e-05 0.866037
    outer loop
      vertex 14.3515 15.6341 30.1696
      vertex 16.3064 15.6363 31.2982
      vertex 16.1918 16.2035 31.2321
    endloop
  endfacet
  facet normal -0.499986 -0.000110196 0.866033
    outer loop
      vertex 16.4545 -13.9 31.3838
      vertex 14.5368 -14.3382 30.2766
      vertex 16.438 -14.4821 31.3742
    endloop
  endfacet
  facet normal -0.499991 -3.41974e-05 0.866031
    outer loop
      vertex 14.2413 16.0536 30.106
      vertex 16.1918 16.2035 31.2321
      vertex 16.0454 16.7608 31.1476
    endloop
  endfacet
  facet normal -0.499983 -4.67641e-05 0.866035
    outer loop
      vertex 14.4996 -14.7745 30.2551
      vertex 16.438 -14.4821 31.3742
      vertex 14.5368 -14.3382 30.2766
    endloop
  endfacet
  facet normal -0.500028 8.7377e-05 0.866009
    outer loop
      vertex 14.1075 16.464 30.0287
      vertex 16.0454 16.7608 31.1476
      vertex 15.8678 17.3059 31.045
    endloop
  endfacet
  facet normal -0.500001 0.000117953 0.866025
    outer loop
      vertex 16.438 -14.4821 31.3742
      vertex 14.4996 -14.7745 30.2551
      vertex 16.3885 -15.0617 31.3457
    endloop
  endfacet
  facet normal -0.499974 6.60588e-06 0.86604
    outer loop
      vertex 13.9508 16.8633 29.9383
      vertex 15.8678 17.3059 31.045
      vertex 15.6596 17.8364 30.9248
    endloop
  endfacet
  facet normal -0.500006 7.71823e-05 0.866022
    outer loop
      vertex 14.4377 -15.2071 30.2194
      vertex 16.3885 -15.0617 31.3457
      vertex 14.4996 -14.7745 30.2551
    endloop
  endfacet
  facet normal -0.499961 -0.000134364 0.866048
    outer loop
      vertex 13.7718 17.25 29.8349
      vertex 15.6596 17.8364 30.9248
      vertex 15.4218 18.35 30.7876
    endloop
  endfacet
  facet normal -0.499993 -0.000151318 0.866029
    outer loop
      vertex 16.3885 -15.0617 31.3457
      vertex 14.4377 -15.2071 30.2194
      vertex 16.3064 -15.6363 31.2982
    endloop
  endfacet
  facet normal -0.500026 7.18237e-05 0.86601
    outer loop
      vertex 13.5713 17.6223 29.7192
      vertex 15.4218 18.35 30.7876
      vertex 15.1555 18.8446 30.6338
    endloop
  endfacet
  facet normal -0.499979 -7.12594e-05 0.866037
    outer loop
      vertex 14.3515 -15.6341 30.1696
      vertex 16.3064 -15.6363 31.2982
      vertex 14.4377 -15.2071 30.2194
    endloop
  endfacet
  facet normal -0.49999 -3.81543e-05 0.866031
    outer loop
      vertex 13.3502 17.9787 29.5915
      vertex 15.1555 18.8446 30.6338
      vertex 14.8617 19.318 30.4642
    endloop
  endfacet
  facet normal -0.499979 9.26655e-05 0.866037
    outer loop
      vertex 16.3064 -15.6363 31.2982
      vertex 14.3515 -15.6341 30.1696
      vertex 16.1918 -16.2035 31.2321
    endloop
  endfacet
  facet normal -0.49999 4.60844e-05 0.866031
    outer loop
      vertex 14.2413 -16.0536 30.106
      vertex 16.1918 -16.2035 31.2321
      vertex 14.3515 -15.6341 30.1696
    endloop
  endfacet
  facet normal -0.500042 5.27226e-05 0.866001
    outer loop
      vertex 13.1093 18.3176 29.4524
      vertex 14.8617 19.318 30.4642
      vertex 14.5417 19.7682 30.2794
    endloop
  endfacet
  facet normal -0.499991 8.10741e-05 0.86603
    outer loop
      vertex 16.4545 13.9 31.3838
      vertex 14.5368 14.3382 30.2766
      vertex 14.5492 13.9 30.2838
    endloop
  endfacet
  facet normal -0.499983 4.67641e-05 0.866035
    outer loop
      vertex 16.438 14.4821 31.3742
      vertex 14.4996 14.7745 30.2551
      vertex 14.5368 14.3382 30.2766
    endloop
  endfacet
  facet normal -0.500006 -7.71823e-05 0.866022
    outer loop
      vertex 16.3885 15.0617 31.3457
      vertex 14.4377 15.2071 30.2194
      vertex 14.4996 14.7745 30.2551
    endloop
  endfacet
  facet normal -0.499979 7.12594e-05 0.866037
    outer loop
      vertex 16.3064 15.6363 31.2982
      vertex 14.3515 15.6341 30.1696
      vertex 14.4377 15.2071 30.2194
    endloop
  endfacet
  facet normal -0.49999 -4.60844e-05 0.866031
    outer loop
      vertex 16.1918 16.2035 31.2321
      vertex 14.2413 16.0536 30.106
      vertex 14.3515 15.6341 30.1696
    endloop
  endfacet
  facet normal -0.499973 3.93649e-06 0.866041
    outer loop
      vertex 12.8497 18.6376 29.3026
      vertex 14.5417 19.7682 30.2794
      vertex 14.197 20.1932 30.0804
    endloop
  endfacet
  facet normal -0.500029 9.42209e-05 0.866009
    outer loop
      vertex 16.0454 16.7608 31.1476
      vertex 14.1075 16.464 30.0287
      vertex 14.2413 16.0536 30.106
    endloop
  endfacet
  facet normal -0.499951 -0.000127696 0.866054
    outer loop
      vertex 15.8678 17.3059 31.045
      vertex 13.9508 16.8633 29.9383
      vertex 14.1075 16.464 30.0287
    endloop
  endfacet
  facet normal -0.500003 3.86302e-05 0.866024
    outer loop
      vertex 12.5726 18.9373 29.1426
      vertex 14.197 20.1932 30.0804
      vertex 13.8288 20.5914 29.8678
    endloop
  endfacet
  facet normal -0.500018 0.000110376 0.866015
    outer loop
      vertex 15.6596 17.8364 30.9248
      vertex 13.7718 17.25 29.8349
      vertex 13.9508 16.8633 29.9383
    endloop
  endfacet
  facet normal -0.499971 -0.000115511 0.866042
    outer loop
      vertex 15.4218 18.35 30.7876
      vertex 13.5713 17.6223 29.7192
      vertex 13.7718 17.25 29.8349
    endloop
  endfacet
  facet normal -0.500035 6.51465e-05 0.866005
    outer loop
      vertex 12.2791 19.2155 28.9731
      vertex 13.8288 20.5914 29.8678
      vertex 13.439 20.9608 29.6427
    endloop
  endfacet
  facet normal -0.500035 8.74242e-05 0.866005
    outer loop
      vertex 15.1555 18.8446 30.6338
      vertex 13.3502 17.9787 29.5915
      vertex 13.5713 17.6223 29.7192
    endloop
  endfacet
  facet normal -0.500026 1.68247e-05 0.86601
    outer loop
      vertex 14.8617 19.318 30.4642
      vertex 13.1093 18.3176 29.4524
      vertex 13.3502 17.9787 29.5915
    endloop
  endfacet
  facet normal -0.49998 -3.16225e-06 0.866037
    outer loop
      vertex 11.9705 19.4708 28.7949
      vertex 13.439 20.9608 29.6427
      vertex 13.029 21.3001 29.406
    endloop
  endfacet
  facet normal -0.49991 -0.000119993 0.866077
    outer loop
      vertex 14.5417 19.7682 30.2794
      vertex 12.8497 18.6376 29.3026
      vertex 13.1093 18.3176 29.4524
    endloop
  endfacet
  facet normal -0.499904 -4.49538e-05 0.866081
    outer loop
      vertex 11.648 19.7024 28.6088
      vertex 13.029 21.3001 29.406
      vertex 12.6007 21.6076 29.1588
    endloop
  endfacet
  facet normal -0.500005 4.10997e-05 0.866023
    outer loop
      vertex 14.197 20.1932 30.0804
      vertex 12.5726 18.9373 29.1426
      vertex 12.8497 18.6376 29.3026
    endloop
  endfacet
  facet normal -0.500047 8.26634e-05 0.865998
    outer loop
      vertex 13.8288 20.5914 29.8678
      vertex 12.2791 19.2155 28.9731
      vertex 12.5726 18.9373 29.1426
    endloop
  endfacet
  facet normal -0.500047 1.56843e-05 0.865999
    outer loop
      vertex 11.3132 19.909 28.4154
      vertex 12.6007 21.6076 29.1588
      vertex 12.1558 21.8822 28.9019
    endloop
  endfacet
  facet normal -0.500027 5.77048e-05 0.86601
    outer loop
      vertex 13.439 20.9608 29.6427
      vertex 11.9705 19.4708 28.7949
      vertex 12.2791 19.2155 28.9731
    endloop
  endfacet
  facet normal -0.499966 -3.9111e-05 0.866045
    outer loop
      vertex 10.9673 20.09 28.2157
      vertex 12.1558 21.8822 28.9019
      vertex 11.6964 22.1225 28.6367
    endloop
  endfacet
  facet normal -0.49986 -9.63495e-05 0.866106
    outer loop
      vertex 13.029 21.3001 29.406
      vertex 11.648 19.7024 28.6088
      vertex 11.9705 19.4708 28.7949
    endloop
  endfacet
  facet normal -0.500146 0.00011638 0.865941
    outer loop
      vertex 12.6007 21.6076 29.1588
      vertex 11.3132 19.909 28.4154
      vertex 11.648 19.7024 28.6088
    endloop
  endfacet
  facet normal -0.499992 -1.57746e-05 0.86603
    outer loop
      vertex 10.612 20.2444 28.0106
      vertex 11.6964 22.1225 28.6367
      vertex 11.2244 22.3277 28.3642
    endloop
  endfacet
  facet normal -0.499995 -1.36172e-05 0.866028
    outer loop
      vertex 12.1558 21.8822 28.9019
      vertex 10.9673 20.09 28.2157
      vertex 11.3132 19.909 28.4154
    endloop
  endfacet
  facet normal -0.500017 1.78033e-06 0.866016
    outer loop
      vertex 10.2486 20.3717 27.8008
      vertex 11.2244 22.3277 28.3642
      vertex 10.7417 22.4967 28.0855
    endloop
  endfacet
  facet normal -0.499955 -4.44999e-05 0.866051
    outer loop
      vertex 11.6964 22.1225 28.6367
      vertex 10.612 20.2444 28.0106
      vertex 10.9673 20.09 28.2157
    endloop
  endfacet
  facet normal -0.500009 -6.82801e-06 0.86602
    outer loop
      vertex 9.87884 20.4713 27.5873
      vertex 10.7417 22.4967 28.0855
      vertex 10.2505 22.629 27.8019
    endloop
  endfacet
  facet normal -0.499988 -1.73408e-05 0.866032
    outer loop
      vertex 11.2244 22.3277 28.3642
      vertex 10.2486 20.3717 27.8008
      vertex 10.612 20.2444 28.0106
    endloop
  endfacet
  facet normal -0.500032 6.40854e-06 0.866007
    outer loop
      vertex 10.7417 22.4967 28.0855
      vertex 9.87884 20.4713 27.5873
      vertex 10.2486 20.3717 27.8008
    endloop
  endfacet
  facet normal -0.500007 -8.6156e-06 0.866021
    outer loop
      vertex 9.50421 20.5427 27.371
      vertex 10.2505 22.629 27.8019
      vertex 9.75289 22.7238 27.5146
    endloop
  endfacet
  facet normal -0.500013 -5.74665e-06 0.866018
    outer loop
      vertex 10.2505 22.629 27.8019
      vertex 9.50421 20.5427 27.371
      vertex 9.87884 20.4713 27.5873
    endloop
  endfacet
  facet normal -0.500012 2.03885e-05 0.866019
    outer loop
      vertex 9.12634 20.5856 27.1529
      vertex 9.75289 22.7238 27.5146
      vertex 9.25096 22.7809 27.2248
    endloop
  endfacet
  facet normal -0.499893 -2.59606e-05 0.866087
    outer loop
      vertex 9.75289 22.7238 27.5146
      vertex 9.12634 20.5856 27.1529
      vertex 9.50421 20.5427 27.371
    endloop
  endfacet
  facet normal -0.499938 0 0.866061
    outer loop
      vertex 8.74685 20.6 26.9338
      vertex 9.25096 22.7809 27.2248
      vertex 8.74685 22.8 26.9338
    endloop
  endfacet
  facet normal -0.500002 1.96162e-05 0.866024
    outer loop
      vertex 9.25096 22.7809 27.2248
      vertex 8.74685 20.6 26.9338
      vertex 9.12634 20.5856 27.1529
    endloop
  endfacet
  facet normal -0.5 0 0.866025
    outer loop
      vertex 8.74685 22.8 26.9338
      vertex -8.74685 20.6 16.8338
      vertex 8.74685 20.6 26.9338
    endloop
  endfacet
  facet normal -0.5 0 0.866025
    outer loop
      vertex -8.74685 22.8 16.8338
      vertex -8.74685 20.6 16.8338
      vertex 8.74685 22.8 26.9338
    endloop
  endfacet
  facet normal -0.500067 0 0.865987
    outer loop
      vertex -9.25096 22.7809 16.5427
      vertex -8.74685 20.6 16.8338
      vertex -8.74685 22.8 16.8338
    endloop
  endfacet
  facet normal -0.500003 1.9748e-05 0.866024
    outer loop
      vertex -8.74685 20.6 16.8338
      vertex -9.25096 22.7809 16.5427
      vertex -9.12634 20.5856 16.6147
    endloop
  endfacet
  facet normal -0.500008 1.93691e-05 0.866021
    outer loop
      vertex -9.7529 22.7238 16.2529
      vertex -9.12634 20.5856 16.6147
      vertex -9.25096 22.7809 16.5427
    endloop
  endfacet
  facet normal -0.500063 -2.10159e-06 0.865989
    outer loop
      vertex -9.12634 20.5856 16.6147
      vertex -9.7529 22.7238 16.2529
      vertex -9.50421 20.5427 16.3965
    endloop
  endfacet
  facet normal -0.500014 5.2505e-06 0.866017
    outer loop
      vertex -10.2505 22.629 15.9656
      vertex -9.50421 20.5427 16.3965
      vertex -9.7529 22.7238 16.2529
    endloop
  endfacet
  facet normal -0.500013 5.74665e-06 0.866018
    outer loop
      vertex -9.50421 20.5427 16.3965
      vertex -10.2505 22.629 15.9656
      vertex -9.87884 20.4713 16.1802
    endloop
  endfacet
  facet normal -0.500009 6.82801e-06 0.86602
    outer loop
      vertex -10.7417 22.4967 15.682
      vertex -9.87884 20.4713 16.1802
      vertex -10.2505 22.629 15.9656
    endloop
  endfacet
  facet normal -0.500032 -6.40854e-06 0.866007
    outer loop
      vertex -9.87884 20.4713 16.1802
      vertex -10.7417 22.4967 15.682
      vertex -10.2486 20.3717 15.9667
    endloop
  endfacet
  facet normal -0.499893 3.67263e-05 0.866087
    outer loop
      vertex -11.2244 22.3277 15.4034
      vertex -10.2486 20.3717 15.9667
      vertex -10.7417 22.4967 15.682
    endloop
  endfacet
  facet normal -0.499978 -2.03486e-05 0.866038
    outer loop
      vertex -10.2486 20.3717 15.9667
      vertex -11.2244 22.3277 15.4034
      vertex -10.612 20.2444 15.7569
    endloop
  endfacet
  facet normal -0.500102 -6.89036e-05 0.865966
    outer loop
      vertex -11.6964 22.1225 15.1308
      vertex -10.612 20.2444 15.7569
      vertex -11.2244 22.3277 15.4034
    endloop
  endfacet
  facet normal -0.499955 4.44999e-05 0.866051
    outer loop
      vertex -10.612 20.2444 15.7569
      vertex -11.6964 22.1225 15.1308
      vertex -10.9673 20.09 15.5518
    endloop
  endfacet
  facet normal -0.499966 3.9111e-05 0.866045
    outer loop
      vertex -12.1558 21.8822 14.8656
      vertex -10.9673 20.09 15.5518
      vertex -11.6964 22.1225 15.1308
    endloop
  endfacet
  facet normal -0.499995 1.36172e-05 0.866028
    outer loop
      vertex -10.9673 20.09 15.5518
      vertex -12.1558 21.8822 14.8656
      vertex -11.3132 19.909 15.3521
    endloop
  endfacet
  facet normal -0.499931 5.01016e-05 0.866065
    outer loop
      vertex -12.6007 21.6076 14.6088
      vertex -11.3132 19.909 15.3521
      vertex -12.1558 21.8822 14.8656
    endloop
  endfacet
  facet normal -0.499998 -1.75449e-05 0.866027
    outer loop
      vertex -11.3132 19.909 15.3521
      vertex -12.6007 21.6076 14.6088
      vertex -11.648 19.7024 15.1588
    endloop
  endfacet
  facet normal -0.500016 -2.94489e-05 0.866016
    outer loop
      vertex -13.029 21.3001 14.3615
      vertex -11.648 19.7024 15.1588
      vertex -12.6007 21.6076 14.6088
    endloop
  endfacet
  facet normal -0.500002 -1.34296e-05 0.866024
    outer loop
      vertex -11.648 19.7024 15.1588
      vertex -13.029 21.3001 14.3615
      vertex -11.9705 19.4708 14.9726
    endloop
  endfacet
  facet normal -0.49998 3.16225e-06 0.866037
    outer loop
      vertex -13.439 20.9608 14.1248
      vertex -11.9705 19.4708 14.9726
      vertex -13.029 21.3001 14.3615
    endloop
  endfacet
  facet normal -0.500027 -5.77048e-05 0.86601
    outer loop
      vertex -11.9705 19.4708 14.9726
      vertex -13.439 20.9608 14.1248
      vertex -12.2791 19.2155 14.7944
    endloop
  endfacet
  facet normal -0.500035 -6.51465e-05 0.866005
    outer loop
      vertex -13.8288 20.5914 13.8997
      vertex -12.2791 19.2155 14.7944
      vertex -13.439 20.9608 14.1248
    endloop
  endfacet
  facet normal -0.49994 7.80743e-05 0.86606
    outer loop
      vertex -12.2791 19.2155 14.7944
      vertex -13.8288 20.5914 13.8997
      vertex -12.5726 18.9373 14.625
    endloop
  endfacet
  facet normal -0.500027 -9.8838e-06 0.86601
    outer loop
      vertex -14.197 20.1932 13.6871
      vertex -12.5726 18.9373 14.625
      vertex -13.8288 20.5914 13.8997
    endloop
  endfacet
  facet normal -0.500028 -1.23546e-05 0.866009
    outer loop
      vertex -12.5726 18.9373 14.625
      vertex -14.197 20.1932 13.6871
      vertex -12.8497 18.6376 14.465
    endloop
  endfacet
  facet normal -0.499997 2.29859e-05 0.866027
    outer loop
      vertex -14.5417 19.7682 13.4881
      vertex -12.8497 18.6376 14.465
      vertex -14.197 20.1932 13.6871
    endloop
  endfacet
  facet normal -0.500023 -2.85855e-05 0.866012
    outer loop
      vertex -12.8497 18.6376 14.465
      vertex -14.5417 19.7682 13.4881
      vertex -13.1093 18.3176 14.3151
    endloop
  endfacet
  facet normal -0.500042 -5.27226e-05 0.866001
    outer loop
      vertex -14.8617 19.318 13.3033
      vertex -13.1093 18.3176 14.3151
      vertex -14.5417 19.7682 13.4881
    endloop
  endfacet
  facet normal -0.500026 -1.68247e-05 0.86601
    outer loop
      vertex -13.1093 18.3176 14.3151
      vertex -14.8617 19.318 13.3033
      vertex -13.3502 17.9787 14.176
    endloop
  endfacet
  facet normal -0.49999 3.81543e-05 0.866031
    outer loop
      vertex -15.1555 18.8446 13.1337
      vertex -13.3502 17.9787 14.176
      vertex -14.8617 19.318 13.3033
    endloop
  endfacet
  facet normal -0.500035 -8.74242e-05 0.866005
    outer loop
      vertex -13.3502 17.9787 14.176
      vertex -15.1555 18.8446 13.1337
      vertex -13.5713 17.6223 14.0483
    endloop
  endfacet
  facet normal -0.500026 -7.18237e-05 0.86601
    outer loop
      vertex -15.4218 18.35 12.9799
      vertex -13.5713 17.6223 14.0483
      vertex -15.1555 18.8446 13.1337
    endloop
  endfacet
  facet normal -0.499971 0.000115511 0.866042
    outer loop
      vertex -13.5713 17.6223 14.0483
      vertex -15.4218 18.35 12.9799
      vertex -13.7718 17.25 13.9326
    endloop
  endfacet
  facet normal -0.499961 0.000134364 0.866048
    outer loop
      vertex -15.6596 17.8364 12.8427
      vertex -13.7718 17.25 13.9326
      vertex -15.4218 18.35 12.9799
    endloop
  endfacet
  facet normal -0.500018 -0.000110376 0.866015
    outer loop
      vertex -13.7718 17.25 13.9326
      vertex -15.6596 17.8364 12.8427
      vertex -13.9508 16.8633 13.8292
    endloop
  endfacet
  facet normal -0.499974 -6.60588e-06 0.86604
    outer loop
      vertex -15.8678 17.3059 12.7225
      vertex -13.9508 16.8633 13.8292
      vertex -15.6596 17.8364 12.8427
    endloop
  endfacet
  facet normal -0.499951 0.000127696 0.866054
    outer loop
      vertex -13.9508 16.8633 13.8292
      vertex -15.8678 17.3059 12.7225
      vertex -14.1075 16.464 13.7388
    endloop
  endfacet
  facet normal -0.500028 -8.7377e-05 0.866009
    outer loop
      vertex -16.0454 16.7608 12.6199
      vertex -14.1075 16.464 13.7388
      vertex -15.8678 17.3059 12.7225
    endloop
  endfacet
  facet normal -0.499991 3.41974e-05 0.866031
    outer loop
      vertex -16.1918 16.2035 12.5354
      vertex -14.2413 16.0536 13.6615
      vertex -16.0454 16.7608 12.6199
    endloop
  endfacet
  facet normal -0.500029 -9.42209e-05 0.866009
    outer loop
      vertex -14.1075 16.464 13.7388
      vertex -16.0454 16.7608 12.6199
      vertex -14.2413 16.0536 13.6615
    endloop
  endfacet
  facet normal -0.499991 3.41974e-05 0.866031
    outer loop
      vertex 16.1918 -16.2035 31.2321
      vertex 14.2413 -16.0536 30.106
      vertex 16.0454 -16.7608 31.1476
    endloop
  endfacet
  facet normal -0.500029 -9.42209e-05 0.866009
    outer loop
      vertex 14.1075 -16.464 30.0287
      vertex 16.0454 -16.7608 31.1476
      vertex 14.2413 -16.0536 30.106
    endloop
  endfacet
  facet normal -0.500028 -8.7377e-05 0.866009
    outer loop
      vertex 16.0454 -16.7608 31.1476
      vertex 14.1075 -16.464 30.0287
      vertex 15.8678 -17.3059 31.045
    endloop
  endfacet
  facet normal -0.499951 0.000127696 0.866054
    outer loop
      vertex 13.9508 -16.8633 29.9383
      vertex 15.8678 -17.3059 31.045
      vertex 14.1075 -16.464 30.0287
    endloop
  endfacet
  facet normal -0.499974 -6.60588e-06 0.86604
    outer loop
      vertex 15.8678 -17.3059 31.045
      vertex 13.9508 -16.8633 29.9383
      vertex 15.6596 -17.8364 30.9248
    endloop
  endfacet
  facet normal -0.500018 -0.000110376 0.866015
    outer loop
      vertex 13.7718 -17.25 29.8349
      vertex 15.6596 -17.8364 30.9248
      vertex 13.9508 -16.8633 29.9383
    endloop
  endfacet
  facet normal -0.499961 0.000134364 0.866048
    outer loop
      vertex 15.6596 -17.8364 30.9248
      vertex 13.7718 -17.25 29.8349
      vertex 15.4218 -18.35 30.7876
    endloop
  endfacet
  facet normal -0.499971 0.000115511 0.866042
    outer loop
      vertex 13.5713 -17.6223 29.7192
      vertex 15.4218 -18.35 30.7876
      vertex 13.7718 -17.25 29.8349
    endloop
  endfacet
  facet normal -0.500026 -7.18237e-05 0.86601
    outer loop
      vertex 15.4218 -18.35 30.7876
      vertex 13.5713 -17.6223 29.7192
      vertex 15.1555 -18.8446 30.6338
    endloop
  endfacet
  facet normal -0.500035 -8.74242e-05 0.866005
    outer loop
      vertex 13.3502 -17.9787 29.5915
      vertex 15.1555 -18.8446 30.6338
      vertex 13.5713 -17.6223 29.7192
    endloop
  endfacet
  facet normal -0.49999 3.81543e-05 0.866031
    outer loop
      vertex 15.1555 -18.8446 30.6338
      vertex 13.3502 -17.9787 29.5915
      vertex 14.8617 -19.318 30.4642
    endloop
  endfacet
  facet normal -0.500026 -1.68247e-05 0.86601
    outer loop
      vertex 13.1093 -18.3176 29.4524
      vertex 14.8617 -19.318 30.4642
      vertex 13.3502 -17.9787 29.5915
    endloop
  endfacet
  facet normal -0.500042 -5.27226e-05 0.866001
    outer loop
      vertex 14.8617 -19.318 30.4642
      vertex 13.1093 -18.3176 29.4524
      vertex 14.5417 -19.7682 30.2794
    endloop
  endfacet
  facet normal -0.49991 0.000119993 0.866077
    outer loop
      vertex 12.8497 -18.6376 29.3026
      vertex 14.5417 -19.7682 30.2794
      vertex 13.1093 -18.3176 29.4524
    endloop
  endfacet
  facet normal -0.499973 -3.93649e-06 0.866041
    outer loop
      vertex 14.5417 -19.7682 30.2794
      vertex 12.8497 -18.6376 29.3026
      vertex 14.197 -20.1932 30.0804
    endloop
  endfacet
  facet normal -0.500005 -4.10997e-05 0.866023
    outer loop
      vertex 12.5726 -18.9373 29.1426
      vertex 14.197 -20.1932 30.0804
      vertex 12.8497 -18.6376 29.3026
    endloop
  endfacet
  facet normal -0.500003 -3.86302e-05 0.866024
    outer loop
      vertex 14.197 -20.1932 30.0804
      vertex 12.5726 -18.9373 29.1426
      vertex 13.8288 -20.5914 29.8678
    endloop
  endfacet
  facet normal -0.500047 -8.26634e-05 0.865998
    outer loop
      vertex 12.2791 -19.2155 28.9731
      vertex 13.8288 -20.5914 29.8678
      vertex 12.5726 -18.9373 29.1426
    endloop
  endfacet
  facet normal -0.500035 -6.51465e-05 0.866005
    outer loop
      vertex 13.8288 -20.5914 29.8678
      vertex 12.2791 -19.2155 28.9731
      vertex 13.439 -20.9608 29.6427
    endloop
  endfacet
  facet normal -0.500027 -5.77048e-05 0.86601
    outer loop
      vertex 11.9705 -19.4708 28.7949
      vertex 13.439 -20.9608 29.6427
      vertex 12.2791 -19.2155 28.9731
    endloop
  endfacet
  facet normal -0.49998 3.16225e-06 0.866037
    outer loop
      vertex 13.439 -20.9608 29.6427
      vertex 11.9705 -19.4708 28.7949
      vertex 13.029 -21.3001 29.406
    endloop
  endfacet
  facet normal -0.49986 9.63495e-05 0.866106
    outer loop
      vertex 11.648 -19.7024 28.6088
      vertex 13.029 -21.3001 29.406
      vertex 11.9705 -19.4708 28.7949
    endloop
  endfacet
  facet normal -0.499904 4.49538e-05 0.866081
    outer loop
      vertex 13.029 -21.3001 29.406
      vertex 11.648 -19.7024 28.6088
      vertex 12.6007 -21.6076 29.1588
    endloop
  endfacet
  facet normal -0.500146 -0.00011638 0.865941
    outer loop
      vertex 11.3132 -19.909 28.4154
      vertex 12.6007 -21.6076 29.1588
      vertex 11.648 -19.7024 28.6088
    endloop
  endfacet
  facet normal -0.500047 -1.56843e-05 0.865999
    outer loop
      vertex 12.6007 -21.6076 29.1588
      vertex 11.3132 -19.909 28.4154
      vertex 12.1558 -21.8822 28.9019
    endloop
  endfacet
  facet normal -0.499995 1.36172e-05 0.866028
    outer loop
      vertex 10.9673 -20.09 28.2157
      vertex 12.1558 -21.8822 28.9019
      vertex 11.3132 -19.909 28.4154
    endloop
  endfacet
  facet normal -0.499966 3.9111e-05 0.866045
    outer loop
      vertex 12.1558 -21.8822 28.9019
      vertex 10.9673 -20.09 28.2157
      vertex 11.6964 -22.1225 28.6367
    endloop
  endfacet
  facet normal -0.499955 4.44999e-05 0.866051
    outer loop
      vertex 10.612 -20.2444 28.0106
      vertex 11.6964 -22.1225 28.6367
      vertex 10.9673 -20.09 28.2157
    endloop
  endfacet
  facet normal -0.499992 1.57746e-05 0.86603
    outer loop
      vertex 11.6964 -22.1225 28.6367
      vertex 10.612 -20.2444 28.0106
      vertex 11.2244 -22.3277 28.3642
    endloop
  endfacet
  facet normal -0.499988 1.73408e-05 0.866032
    outer loop
      vertex 10.2486 -20.3717 27.8008
      vertex 11.2244 -22.3277 28.3642
      vertex 10.612 -20.2444 28.0106
    endloop
  endfacet
  facet normal -0.500017 -1.78033e-06 0.866016
    outer loop
      vertex 11.2244 -22.3277 28.3642
      vertex 10.2486 -20.3717 27.8008
      vertex 10.7417 -22.4967 28.0855
    endloop
  endfacet
  facet normal -0.500032 -6.40854e-06 0.866007
    outer loop
      vertex 9.87884 -20.4713 27.5873
      vertex 10.7417 -22.4967 28.0855
      vertex 10.2486 -20.3717 27.8008
    endloop
  endfacet
  facet normal -0.500009 6.82801e-06 0.86602
    outer loop
      vertex 10.7417 -22.4967 28.0855
      vertex 9.87884 -20.4713 27.5873
      vertex 10.2505 -22.629 27.8019
    endloop
  endfacet
  facet normal -0.500013 5.74665e-06 0.866018
    outer loop
      vertex 9.50421 -20.5427 27.371
      vertex 10.2505 -22.629 27.8019
      vertex 9.87884 -20.4713 27.5873
    endloop
  endfacet
  facet normal -0.500007 8.6156e-06 0.866021
    outer loop
      vertex 10.2505 -22.629 27.8019
      vertex 9.50421 -20.5427 27.371
      vertex 9.75289 -22.7238 27.5146
    endloop
  endfacet
  facet normal -0.499893 2.59606e-05 0.866087
    outer loop
      vertex 9.12634 -20.5856 27.1529
      vertex 9.75289 -22.7238 27.5146
      vertex 9.50421 -20.5427 27.371
    endloop
  endfacet
  facet normal -0.500012 -2.03885e-05 0.866019
    outer loop
      vertex 9.75289 -22.7238 27.5146
      vertex 9.12634 -20.5856 27.1529
      vertex 9.25096 -22.7809 27.2248
    endloop
  endfacet
  facet normal -0.500002 -1.96162e-05 0.866024
    outer loop
      vertex 8.74685 -20.6 26.9338
      vertex 9.25096 -22.7809 27.2248
      vertex 9.12634 -20.5856 27.1529
    endloop
  endfacet
  facet normal -0.499938 0 0.866061
    outer loop
      vertex 8.74685 -20.6 26.9338
      vertex 8.74685 -22.8 26.9338
      vertex 9.25096 -22.7809 27.2248
    endloop
  endfacet
  facet normal -0.5 0 0.866025
    outer loop
      vertex -8.74685 -20.6 16.8338
      vertex 8.74685 -22.8 26.9338
      vertex 8.74685 -20.6 26.9338
    endloop
  endfacet
  facet normal -0.5 0 0.866025
    outer loop
      vertex -8.74685 -20.6 16.8338
      vertex -8.74685 -22.8 16.8338
      vertex 8.74685 -22.8 26.9338
    endloop
  endfacet
  facet normal -0.500003 -1.9748e-05 0.866024
    outer loop
      vertex -9.25096 -22.7809 16.5427
      vertex -8.74685 -20.6 16.8338
      vertex -9.12634 -20.5856 16.6147
    endloop
  endfacet
  facet normal -0.500067 0 0.865987
    outer loop
      vertex -8.74685 -20.6 16.8338
      vertex -9.25096 -22.7809 16.5427
      vertex -8.74685 -22.8 16.8338
    endloop
  endfacet
  facet normal -0.500063 2.10159e-06 0.865989
    outer loop
      vertex -9.7529 -22.7238 16.2529
      vertex -9.12634 -20.5856 16.6147
      vertex -9.50421 -20.5427 16.3965
    endloop
  endfacet
  facet normal -0.500008 -1.93691e-05 0.866021
    outer loop
      vertex -9.12634 -20.5856 16.6147
      vertex -9.7529 -22.7238 16.2529
      vertex -9.25096 -22.7809 16.5427
    endloop
  endfacet
  facet normal -0.500013 -5.74665e-06 0.866018
    outer loop
      vertex -10.2505 -22.629 15.9656
      vertex -9.50421 -20.5427 16.3965
      vertex -9.87884 -20.4713 16.1802
    endloop
  endfacet
  facet normal -0.500032 6.40854e-06 0.866007
    outer loop
      vertex -10.7417 -22.4967 15.682
      vertex -9.87884 -20.4713 16.1802
      vertex -10.2486 -20.3717 15.9667
    endloop
  endfacet
  facet normal -0.500014 -5.2505e-06 0.866017
    outer loop
      vertex -9.50421 -20.5427 16.3965
      vertex -10.2505 -22.629 15.9656
      vertex -9.7529 -22.7238 16.2529
    endloop
  endfacet
  facet normal -0.499978 2.03486e-05 0.866038
    outer loop
      vertex -11.2244 -22.3277 15.4034
      vertex -10.2486 -20.3717 15.9667
      vertex -10.612 -20.2444 15.7569
    endloop
  endfacet
  facet normal -0.500009 -6.82801e-06 0.86602
    outer loop
      vertex -9.87884 -20.4713 16.1802
      vertex -10.7417 -22.4967 15.682
      vertex -10.2505 -22.629 15.9656
    endloop
  endfacet
  facet normal -0.499955 -4.44999e-05 0.866051
    outer loop
      vertex -11.6964 -22.1225 15.1308
      vertex -10.612 -20.2444 15.7569
      vertex -10.9673 -20.09 15.5518
    endloop
  endfacet
  facet normal -0.499893 -3.67263e-05 0.866087
    outer loop
      vertex -10.2486 -20.3717 15.9667
      vertex -11.2244 -22.3277 15.4034
      vertex -10.7417 -22.4967 15.682
    endloop
  endfacet
  facet normal -0.499995 -1.36172e-05 0.866028
    outer loop
      vertex -12.1558 -21.8822 14.8656
      vertex -10.9673 -20.09 15.5518
      vertex -11.3132 -19.909 15.3521
    endloop
  endfacet
  facet normal -0.499998 1.75449e-05 0.866027
    outer loop
      vertex -12.6007 -21.6076 14.6088
      vertex -11.3132 -19.909 15.3521
      vertex -11.648 -19.7024 15.1588
    endloop
  endfacet
  facet normal -0.500102 6.89036e-05 0.865966
    outer loop
      vertex -10.612 -20.2444 15.7569
      vertex -11.6964 -22.1225 15.1308
      vertex -11.2244 -22.3277 15.4034
    endloop
  endfacet
  facet normal -0.500002 1.34296e-05 0.866024
    outer loop
      vertex -13.029 -21.3001 14.3615
      vertex -11.648 -19.7024 15.1588
      vertex -11.9705 -19.4708 14.9726
    endloop
  endfacet
  facet normal -0.499966 -3.9111e-05 0.866045
    outer loop
      vertex -10.9673 -20.09 15.5518
      vertex -12.1558 -21.8822 14.8656
      vertex -11.6964 -22.1225 15.1308
    endloop
  endfacet
  facet normal -0.500027 5.77048e-05 0.86601
    outer loop
      vertex -13.439 -20.9608 14.1248
      vertex -11.9705 -19.4708 14.9726
      vertex -12.2791 -19.2155 14.7944
    endloop
  endfacet
  facet normal -0.49994 -7.80743e-05 0.86606
    outer loop
      vertex -13.8288 -20.5914 13.8997
      vertex -12.2791 -19.2155 14.7944
      vertex -12.5726 -18.9373 14.625
    endloop
  endfacet
  facet normal -0.499931 -5.01016e-05 0.866065
    outer loop
      vertex -11.3132 -19.909 15.3521
      vertex -12.6007 -21.6076 14.6088
      vertex -12.1558 -21.8822 14.8656
    endloop
  endfacet
  facet normal -0.500028 1.23546e-05 0.866009
    outer loop
      vertex -14.197 -20.1932 13.6871
      vertex -12.5726 -18.9373 14.625
      vertex -12.8497 -18.6376 14.465
    endloop
  endfacet
  facet normal -0.500016 2.94489e-05 0.866016
    outer loop
      vertex -11.648 -19.7024 15.1588
      vertex -13.029 -21.3001 14.3615
      vertex -12.6007 -21.6076 14.6088
    endloop
  endfacet
  facet normal -0.500023 2.85855e-05 0.866012
    outer loop
      vertex -14.5417 -19.7682 13.4881
      vertex -12.8497 -18.6376 14.465
      vertex -13.1093 -18.3176 14.3151
    endloop
  endfacet
  facet normal -0.500026 1.68247e-05 0.86601
    outer loop
      vertex -14.8617 -19.318 13.3033
      vertex -13.1093 -18.3176 14.3151
      vertex -13.3502 -17.9787 14.176
    endloop
  endfacet
  facet normal -0.49998 -3.16225e-06 0.866037
    outer loop
      vertex -11.9705 -19.4708 14.9726
      vertex -13.439 -20.9608 14.1248
      vertex -13.029 -21.3001 14.3615
    endloop
  endfacet
  facet normal -0.500035 8.74242e-05 0.866005
    outer loop
      vertex -15.1555 -18.8446 13.1337
      vertex -13.3502 -17.9787 14.176
      vertex -13.5713 -17.6223 14.0483
    endloop
  endfacet
  facet normal -0.499971 -0.000115511 0.866042
    outer loop
      vertex -15.4218 -18.35 12.9799
      vertex -13.5713 -17.6223 14.0483
      vertex -13.7718 -17.25 13.9326
    endloop
  endfacet
  facet normal -0.500035 6.51465e-05 0.866005
    outer loop
      vertex -12.2791 -19.2155 14.7944
      vertex -13.8288 -20.5914 13.8997
      vertex -13.439 -20.9608 14.1248
    endloop
  endfacet
  facet normal -0.500018 0.000110376 0.866015
    outer loop
      vertex -15.6596 -17.8364 12.8427
      vertex -13.7718 -17.25 13.9326
      vertex -13.9508 -16.8633 13.8292
    endloop
  endfacet
  facet normal -0.499951 -0.000127696 0.866054
    outer loop
      vertex -15.8678 -17.3059 12.7225
      vertex -13.9508 -16.8633 13.8292
      vertex -14.1075 -16.464 13.7388
    endloop
  endfacet
  facet normal -0.500027 9.8838e-06 0.86601
    outer loop
      vertex -12.5726 -18.9373 14.625
      vertex -14.197 -20.1932 13.6871
      vertex -13.8288 -20.5914 13.8997
    endloop
  endfacet
  facet normal -0.500029 9.42209e-05 0.866009
    outer loop
      vertex -16.0454 -16.7608 12.6199
      vertex -14.1075 -16.464 13.7388
      vertex -14.2413 -16.0536 13.6615
    endloop
  endfacet
  facet normal -0.49999 -4.60844e-05 0.866031
    outer loop
      vertex -16.1918 -16.2035 12.5354
      vertex -14.2413 -16.0536 13.6615
      vertex -14.3515 -15.6341 13.5979
    endloop
  endfacet
  facet normal -0.499979 7.12594e-05 0.866037
    outer loop
      vertex -16.3064 -15.6363 12.4693
      vertex -14.3515 -15.6341 13.5979
      vertex -14.4377 -15.2071 13.5481
    endloop
  endfacet
  facet normal -0.500006 -7.71823e-05 0.866022
    outer loop
      vertex -16.3885 -15.0617 12.4218
      vertex -14.4377 -15.2071 13.5481
      vertex -14.4996 -14.7745 13.5124
    endloop
  endfacet
  facet normal -0.499983 4.67641e-05 0.866035
    outer loop
      vertex -16.438 -14.4821 12.3933
      vertex -14.4996 -14.7745 13.5124
      vertex -14.5368 -14.3382 13.4909
    endloop
  endfacet
  facet normal -0.499997 -2.29859e-05 0.866027
    outer loop
      vertex -12.8497 -18.6376 14.465
      vertex -14.5417 -19.7682 13.4881
      vertex -14.197 -20.1932 13.6871
    endloop
  endfacet
  facet normal -0.499991 -0.00011656 0.86603
    outer loop
      vertex -16.4545 -13.9 12.3838
      vertex -14.5368 -14.3382 13.4909
      vertex -14.5492 -13.9 13.4838
    endloop
  endfacet
  facet normal -0.499991 0 0.86603
    outer loop
      vertex -14.5492 13.9 13.4838
      vertex -16.4545 13.9 12.3838
      vertex -14.5492 -13.9 13.4838
    endloop
  endfacet
  facet normal -0.499991 0 0.86603
    outer loop
      vertex -16.4545 -13.9 12.3838
      vertex -14.5492 -13.9 13.4838
      vertex -16.4545 13.9 12.3838
    endloop
  endfacet
  facet normal -0.49999 4.60844e-05 0.866031
    outer loop
      vertex -14.2413 16.0536 13.6615
      vertex -16.1918 16.2035 12.5354
      vertex -14.3515 15.6341 13.5979
    endloop
  endfacet
  facet normal -0.499978 -3.82628e-05 0.866038
    outer loop
      vertex -14.5368 -14.3382 13.4909
      vertex -16.4545 -13.9 12.3838
      vertex -16.438 -14.4821 12.3933
    endloop
  endfacet
  facet normal -0.499979 9.26655e-05 0.866037
    outer loop
      vertex -16.3064 15.6363 12.4693
      vertex -14.3515 15.6341 13.5979
      vertex -16.1918 16.2035 12.5354
    endloop
  endfacet
  facet normal -0.500042 5.27226e-05 0.866001
    outer loop
      vertex -13.1093 -18.3176 14.3151
      vertex -14.8617 -19.318 13.3033
      vertex -14.5417 -19.7682 13.4881
    endloop
  endfacet
  facet normal -0.499979 -7.12594e-05 0.866037
    outer loop
      vertex -14.3515 15.6341 13.5979
      vertex -16.3064 15.6363 12.4693
      vertex -14.4377 15.2071 13.5481
    endloop
  endfacet
  facet normal -0.49999 -3.81543e-05 0.866031
    outer loop
      vertex -13.3502 -17.9787 14.176
      vertex -15.1555 -18.8446 13.1337
      vertex -14.8617 -19.318 13.3033
    endloop
  endfacet
  facet normal -0.499993 -0.000151318 0.866029
    outer loop
      vertex -16.3885 15.0617 12.4218
      vertex -14.4377 15.2071 13.5481
      vertex -16.3064 15.6363 12.4693
    endloop
  endfacet
  facet normal -0.500026 7.18237e-05 0.86601
    outer loop
      vertex -13.5713 -17.6223 14.0483
      vertex -15.4218 -18.35 12.9799
      vertex -15.1555 -18.8446 13.1337
    endloop
  endfacet
  facet normal -0.500006 7.71823e-05 0.866022
    outer loop
      vertex -14.4377 15.2071 13.5481
      vertex -16.3885 15.0617 12.4218
      vertex -14.4996 14.7745 13.5124
    endloop
  endfacet
  facet normal -0.499961 -0.000134364 0.866048
    outer loop
      vertex -13.7718 -17.25 13.9326
      vertex -15.6596 -17.8364 12.8427
      vertex -15.4218 -18.35 12.9799
    endloop
  endfacet
  facet normal -0.500001 0.000117953 0.866025
    outer loop
      vertex -16.438 14.4821 12.3933
      vertex -14.4996 14.7745 13.5124
      vertex -16.3885 15.0617 12.4218
    endloop
  endfacet
  facet normal -0.499974 6.60588e-06 0.86604
    outer loop
      vertex -13.9508 -16.8633 13.8292
      vertex -15.8678 -17.3059 12.7225
      vertex -15.6596 -17.8364 12.8427
    endloop
  endfacet
  facet normal -0.499983 -4.67641e-05 0.866035
    outer loop
      vertex -14.4996 14.7745 13.5124
      vertex -16.438 14.4821 12.3933
      vertex -14.5368 14.3382 13.4909
    endloop
  endfacet
  facet normal -0.500028 8.7377e-05 0.866009
    outer loop
      vertex -14.1075 -16.464 13.7388
      vertex -16.0454 -16.7608 12.6199
      vertex -15.8678 -17.3059 12.7225
    endloop
  endfacet
  facet normal -0.499978 3.82628e-05 0.866038
    outer loop
      vertex -16.4545 13.9 12.3838
      vertex -14.5368 14.3382 13.4909
      vertex -16.438 14.4821 12.3933
    endloop
  endfacet
  facet normal -0.499991 -3.41974e-05 0.866031
    outer loop
      vertex -14.2413 -16.0536 13.6615
      vertex -16.1918 -16.2035 12.5354
      vertex -16.0454 -16.7608 12.6199
    endloop
  endfacet
  facet normal -0.499991 0.00011656 0.86603
    outer loop
      vertex -14.5368 14.3382 13.4909
      vertex -16.4545 13.9 12.3838
      vertex -14.5492 13.9 13.4838
    endloop
  endfacet
  facet normal -0.499979 -9.26655e-05 0.866037
    outer loop
      vertex -14.3515 -15.6341 13.5979
      vertex -16.3064 -15.6363 12.4693
      vertex -16.1918 -16.2035 12.5354
    endloop
  endfacet
  facet normal -0.499993 0.000151318 0.866029
    outer loop
      vertex -14.4377 -15.2071 13.5481
      vertex -16.3885 -15.0617 12.4218
      vertex -16.3064 -15.6363 12.4693
    endloop
  endfacet
  facet normal -0.500001 -0.000117953 0.866025
    outer loop
      vertex -14.4996 -14.7745 13.5124
      vertex -16.438 -14.4821 12.3933
      vertex -16.3885 -15.0617 12.4218
    endloop
  endfacet
  facet normal 0.412603 0 -0.910911
    outer loop
      vertex -1.28075 -24.8 24.259
      vertex -1.20922 -22.8 24.2914
      vertex -1.20922 -24.8 24.2914
    endloop
  endfacet
  facet normal 0.412603 0 -0.910911
    outer loop
      vertex -1.20922 -22.8 24.2914
      vertex -1.28075 -24.8 24.259
      vertex -1.28075 -22.8 24.259
    endloop
  endfacet
  facet normal -0.910812 0 -0.412821
    outer loop
      vertex 0.358655 -24.8 23.642
      vertex 0.326248 -22.8 23.7135
      vertex 0.358655 -22.8 23.642
    endloop
  endfacet
  facet normal -0.910812 -0 -0.412821
    outer loop
      vertex 0.326248 -22.8 23.7135
      vertex 0.358655 -24.8 23.642
      vertex 0.326248 -24.8 23.7135
    endloop
  endfacet
  facet normal -0.812717 0 -0.582659
    outer loop
      vertex 0.247764 -24.8 23.8495
      vertex 0.202024 -22.8 23.9133
      vertex 0.247764 -22.8 23.8495
    endloop
  endfacet
  facet normal -0.812717 -0 -0.582659
    outer loop
      vertex 0.202024 -22.8 23.9133
      vertex 0.247764 -24.8 23.8495
      vertex 0.202024 -24.8 23.9133
    endloop
  endfacet
  facet normal -0.849263 0 -0.527969
    outer loop
      vertex 0.28923 -24.8 23.7828
      vertex 0.247764 -22.8 23.8495
      vertex 0.28923 -22.8 23.7828
    endloop
  endfacet
  facet normal -0.849263 -0 -0.527969
    outer loop
      vertex 0.247764 -22.8 23.8495
      vertex 0.28923 -24.8 23.7828
      vertex 0.247764 -24.8 23.8495
    endloop
  endfacet
  facet normal 0.881753 -0 0.471712
    outer loop
      vertex -1.82625 -24.8 22.652
      vertex -1.78923 -22.8 22.5828
      vertex -1.82625 -22.8 22.652
    endloop
  endfacet
  facet normal 0.881753 0 0.471712
    outer loop
      vertex -1.78923 -22.8 22.5828
      vertex -1.82625 -24.8 22.652
      vertex -1.78923 -24.8 22.5828
    endloop
  endfacet
  facet normal 0.527477 0 0.849569
    outer loop
      vertex -1.41668 -22.8 22.185
      vertex -1.35 -24.8 22.1436
      vertex -1.35 -22.8 22.1436
    endloop
  endfacet
  facet normal 0.527477 0 0.849569
    outer loop
      vertex -1.35 -24.8 22.1436
      vertex -1.41668 -22.8 22.185
      vertex -1.41668 -24.8 22.185
    endloop
  endfacet
  facet normal -0.98665 0 0.162855
    outer loop
      vertex 0.426942 -24.8 22.9487
      vertex 0.439734 -22.8 23.0262
      vertex 0.426942 -22.8 22.9487
    endloop
  endfacet
  facet normal -0.98665 0 0.162855
    outer loop
      vertex 0.439734 -22.8 23.0262
      vertex 0.426942 -24.8 22.9487
      vertex 0.439734 -24.8 23.0262
    endloop
  endfacet
  facet normal -0.999465 0 0.0327213
    outer loop
      vertex 0.44743 -24.8 23.1043
      vertex 0.45 -22.8 23.1828
      vertex 0.44743 -22.8 23.1043
    endloop
  endfacet
  facet normal -0.999465 0 0.0327213
    outer loop
      vertex 0.45 -22.8 23.1828
      vertex 0.44743 -24.8 23.1043
      vertex 0.45 -24.8 23.1828
    endloop
  endfacet
  facet normal 0.93592 0 -0.352212
    outer loop
      vertex -1.85866 -24.8 23.642
      vertex -1.88632 -22.8 23.5685
      vertex -1.85866 -22.8 23.642
    endloop
  endfacet
  facet normal 0.93592 0 -0.352212
    outer loop
      vertex -1.88632 -22.8 23.5685
      vertex -1.85866 -24.8 23.642
      vertex -1.88632 -24.8 23.5685
    endloop
  endfacet
  facet normal -0.773005 0 -0.634399
    outer loop
      vertex 0.202024 -24.8 23.9133
      vertex 0.152208 -22.8 23.974
      vertex 0.202024 -22.8 23.9133
    endloop
  endfacet
  facet normal -0.773005 -0 -0.634399
    outer loop
      vertex 0.152208 -22.8 23.974
      vertex 0.202024 -24.8 23.9133
      vertex 0.152208 -24.8 23.974
    endloop
  endfacet
  facet normal -0.0331096 0 -0.999452
    outer loop
      vertex -0.75 -24.8 24.3828
      vertex -0.671516 -22.8 24.3802
      vertex -0.671516 -24.8 24.3802
    endloop
  endfacet
  facet normal -0.0331096 0 -0.999452
    outer loop
      vertex -0.671516 -22.8 24.3802
      vertex -0.75 -24.8 24.3828
      vertex -0.75 -22.8 24.3828
    endloop
  endfacet
  facet normal -0.582991 0 0.812478
    outer loop
      vertex -0.0833154 -22.8 22.185
      vertex -0.0194868 -24.8 22.2308
      vertex -0.0194868 -22.8 22.2308
    endloop
  endfacet
  facet normal -0.582991 0 0.812478
    outer loop
      vertex -0.0194868 -24.8 22.2308
      vertex -0.0833154 -22.8 22.185
      vertex -0.0833154 -24.8 22.185
    endloop
  endfacet
  facet normal 0.910798 0 -0.412853
    outer loop
      vertex -1.82625 -24.8 23.7135
      vertex -1.85866 -22.8 23.642
      vertex -1.82625 -22.8 23.7135
    endloop
  endfacet
  facet normal 0.910798 0 -0.412853
    outer loop
      vertex -1.85866 -22.8 23.642
      vertex -1.82625 -24.8 23.7135
      vertex -1.85866 -24.8 23.642
    endloop
  endfacet
  facet normal 0.729783 0 -0.683678
    outer loop
      vertex -1.59853 -24.8 24.0313
      vertex -1.65221 -22.8 23.974
      vertex -1.59853 -22.8 24.0313
    endloop
  endfacet
  facet normal 0.729783 0 -0.683678
    outer loop
      vertex -1.65221 -22.8 23.974
      vertex -1.59853 -24.8 24.0313
      vertex -1.65221 -24.8 23.974
    endloop
  endfacet
  facet normal -0.995179 0 -0.098078
    outer loop
      vertex 0.447431 -24.8 23.2613
      vertex 0.439734 -22.8 23.3394
      vertex 0.447431 -22.8 23.2613
    endloop
  endfacet
  facet normal -0.995179 -0 -0.098078
    outer loop
      vertex 0.439734 -22.8 23.3394
      vertex 0.447431 -24.8 23.2613
      vertex 0.439734 -24.8 23.3394
    endloop
  endfacet
  facet normal 0.812717 -0 0.582659
    outer loop
      vertex -1.74776 -24.8 22.5161
      vertex -1.70202 -22.8 22.4523
      vertex -1.74776 -22.8 22.5161
    endloop
  endfacet
  facet normal 0.812717 0 0.582659
    outer loop
      vertex -1.70202 -22.8 22.4523
      vertex -1.74776 -24.8 22.5161
      vertex -1.70202 -24.8 22.4523
    endloop
  endfacet
  facet normal 0.163001 0 -0.986626
    outer loop
      vertex -0.984108 -24.8 24.3597
      vertex -0.906631 -22.8 24.3725
      vertex -0.906631 -24.8 24.3725
    endloop
  endfacet
  facet normal 0.163001 0 -0.986626
    outer loop
      vertex -0.906631 -22.8 24.3725
      vertex -0.984108 -24.8 24.3597
      vertex -0.984108 -22.8 24.3597
    endloop
  endfacet
  facet normal -0.527451 0 0.849586
    outer loop
      vertex -0.15 -22.8 22.1436
      vertex -0.0833154 -24.8 22.185
      vertex -0.0833154 -22.8 22.185
    endloop
  endfacet
  facet normal -0.527451 0 0.849586
    outer loop
      vertex -0.0833154 -24.8 22.185
      vertex -0.15 -22.8 22.1436
      vertex -0.15 -24.8 22.1436
    endloop
  endfacet
  facet normal -0.683733 0 0.729732
    outer loop
      vertex 0.0412149 -22.8 22.2806
      vertex 0.0985276 -24.8 22.3343
      vertex 0.0985276 -22.8 22.3343
    endloop
  endfacet
  facet normal -0.683733 0 0.729732
    outer loop
      vertex 0.0985276 -24.8 22.3343
      vertex 0.0412149 -22.8 22.2806
      vertex 0.0412149 -24.8 22.2806
    endloop
  endfacet
  facet normal -0.0980574 0 0.995181
    outer loop
      vertex -0.671515 -22.8 21.9854
      vertex -0.593368 -24.8 21.9931
      vertex -0.593368 -22.8 21.9931
    endloop
  endfacet
  facet normal -0.0980574 0 0.995181
    outer loop
      vertex -0.593368 -24.8 21.9931
      vertex -0.671515 -22.8 21.9854
      vertex -0.671515 -24.8 21.9854
    endloop
  endfacet
  facet normal 0.95691 0 -0.290386
    outer loop
      vertex -1.88632 -24.8 23.5685
      vertex -1.90911 -22.8 23.4934
      vertex -1.88632 -22.8 23.5685
    endloop
  endfacet
  facet normal 0.95691 0 -0.290386
    outer loop
      vertex -1.90911 -22.8 23.4934
      vertex -1.88632 -24.8 23.5685
      vertex -1.90911 -24.8 23.4934
    endloop
  endfacet
  facet normal 0.582983 0 0.812485
    outer loop
      vertex -1.48051 -22.8 22.2308
      vertex -1.41668 -24.8 22.185
      vertex -1.41668 -22.8 22.185
    endloop
  endfacet
  facet normal 0.582983 0 0.812485
    outer loop
      vertex -1.41668 -24.8 22.185
      vertex -1.48051 -22.8 22.2308
      vertex -1.48051 -24.8 22.2308
    endloop
  endfacet
  facet normal -0.163001 0 -0.986626
    outer loop
      vertex -0.593368 -24.8 24.3725
      vertex -0.515891 -22.8 24.3597
      vertex -0.515891 -24.8 24.3597
    endloop
  endfacet
  facet normal -0.163001 0 -0.986626
    outer loop
      vertex -0.515891 -22.8 24.3597
      vertex -0.593368 -24.8 24.3725
      vertex -0.593368 -22.8 24.3725
    endloop
  endfacet
  facet normal 0.290325 0 -0.956928
    outer loop
      vertex -1.13573 -24.8 24.3191
      vertex -1.06058 -22.8 24.3419
      vertex -1.06058 -24.8 24.3419
    endloop
  endfacet
  facet normal 0.290325 0 -0.956928
    outer loop
      vertex -1.06058 -22.8 24.3419
      vertex -1.13573 -24.8 24.3191
      vertex -1.13573 -22.8 24.3191
    endloop
  endfacet
  facet normal -0.351572 0 -0.936161
    outer loop
      vertex -0.364273 -24.8 24.3191
      vertex -0.29078 -22.8 24.2915
      vertex -0.29078 -24.8 24.2915
    endloop
  endfacet
  facet normal -0.351572 0 -0.936161
    outer loop
      vertex -0.29078 -22.8 24.2915
      vertex -0.364273 -24.8 24.3191
      vertex -0.364273 -22.8 24.3191
    endloop
  endfacet
  facet normal -0.772999 0 0.634407
    outer loop
      vertex 0.152207 -24.8 22.3916
      vertex 0.202024 -22.8 22.4523
      vertex 0.152207 -22.8 22.3916
    endloop
  endfacet
  facet normal -0.772999 0 0.634407
    outer loop
      vertex 0.202024 -22.8 22.4523
      vertex 0.152207 -24.8 22.3916
      vertex 0.202024 -24.8 22.4523
    endloop
  endfacet
  facet normal 0.849241 0 -0.528006
    outer loop
      vertex -1.74776 -24.8 23.8495
      vertex -1.78923 -22.8 23.7828
      vertex -1.74776 -22.8 23.8495
    endloop
  endfacet
  facet normal 0.849241 0 -0.528006
    outer loop
      vertex -1.78923 -22.8 23.7828
      vertex -1.74776 -24.8 23.8495
      vertex -1.78923 -24.8 23.7828
    endloop
  endfacet
  facet normal -0.99518 0 0.0980654
    outer loop
      vertex 0.439734 -24.8 23.0262
      vertex 0.44743 -22.8 23.1043
      vertex 0.439734 -22.8 23.0262
    endloop
  endfacet
  facet normal -0.99518 0 0.0980654
    outer loop
      vertex 0.44743 -22.8 23.1043
      vertex 0.439734 -24.8 23.0262
      vertex 0.44743 -24.8 23.1043
    endloop
  endfacet
  facet normal -0.812723 0 0.582651
    outer loop
      vertex 0.202024 -24.8 22.4523
      vertex 0.247763 -22.8 22.5161
      vertex 0.202024 -22.8 22.4523
    endloop
  endfacet
  facet normal -0.812723 0 0.582651
    outer loop
      vertex 0.247763 -22.8 22.5161
      vertex 0.202024 -24.8 22.4523
      vertex 0.247763 -24.8 22.5161
    endloop
  endfacet
  facet normal -0.729782 0 -0.68368
    outer loop
      vertex 0.152208 -24.8 23.974
      vertex 0.0985277 -22.8 24.0313
      vertex 0.152208 -22.8 23.974
    endloop
  endfacet
  facet normal -0.729782 -0 -0.68368
    outer loop
      vertex 0.0985277 -22.8 24.0313
      vertex 0.152208 -24.8 23.974
      vertex 0.0985277 -24.8 24.0313
    endloop
  endfacet
  facet normal -0.290343 0 0.956923
    outer loop
      vertex -0.439417 -22.8 22.0237
      vertex -0.364272 -24.8 22.0465
      vertex -0.364272 -22.8 22.0465
    endloop
  endfacet
  facet normal -0.290343 0 0.956923
    outer loop
      vertex -0.364272 -24.8 22.0465
      vertex -0.439417 -22.8 22.0237
      vertex -0.439417 -24.8 22.0237
    endloop
  endfacet
  facet normal 0.163001 0 0.986626
    outer loop
      vertex -0.984108 -22.8 22.0059
      vertex -0.906631 -24.8 21.9931
      vertex -0.906631 -22.8 21.9931
    endloop
  endfacet
  facet normal 0.163001 0 0.986626
    outer loop
      vertex -0.906631 -24.8 21.9931
      vertex -0.984108 -22.8 22.0059
      vertex -0.984108 -24.8 22.0059
    endloop
  endfacet
  facet normal 0.973898 -0 0.226988
    outer loop
      vertex -1.92694 -24.8 22.9487
      vertex -1.90911 -22.8 22.8722
      vertex -1.92694 -22.8 22.9487
    endloop
  endfacet
  facet normal 0.973898 0 0.226988
    outer loop
      vertex -1.90911 -22.8 22.8722
      vertex -1.92694 -24.8 22.9487
      vertex -1.90911 -24.8 22.8722
    endloop
  endfacet
  facet normal -0.471228 0 -0.882011
    outer loop
      vertex -0.219254 -24.8 24.259
      vertex -0.15 -22.8 24.222
      vertex -0.15 -24.8 24.222
    endloop
  endfacet
  facet normal -0.471228 0 -0.882011
    outer loop
      vertex -0.15 -22.8 24.222
      vertex -0.219254 -24.8 24.259
      vertex -0.219254 -22.8 24.259
    endloop
  endfacet
  facet normal 0.290325 0 0.956928
    outer loop
      vertex -1.13573 -22.8 22.0465
      vertex -1.06058 -24.8 22.0237
      vertex -1.06058 -22.8 22.0237
    endloop
  endfacet
  facet normal 0.290325 0 0.956928
    outer loop
      vertex -1.06058 -24.8 22.0237
      vertex -1.13573 -22.8 22.0465
      vertex -1.13573 -24.8 22.0465
    endloop
  endfacet
  facet normal -0.849258 0 0.527979
    outer loop
      vertex 0.247763 -24.8 22.5161
      vertex 0.28923 -22.8 22.5828
      vertex 0.247763 -22.8 22.5161
    endloop
  endfacet
  facet normal -0.849258 0 0.527979
    outer loop
      vertex 0.28923 -22.8 22.5828
      vertex 0.247763 -24.8 22.5161
      vertex 0.28923 -24.8 22.5828
    endloop
  endfacet
  facet normal -0.68373 0 -0.729735
    outer loop
      vertex 0.0412145 -24.8 24.085
      vertex 0.0985277 -22.8 24.0313
      vertex 0.0985277 -24.8 24.0313
    endloop
  endfacet
  facet normal -0.68373 0 -0.729735
    outer loop
      vertex 0.0985277 -22.8 24.0313
      vertex 0.0412145 -24.8 24.085
      vertex 0.0412145 -22.8 24.085
    endloop
  endfacet
  facet normal -0.956896 0 -0.290432
    outer loop
      vertex 0.40911 -24.8 23.4934
      vertex 0.386316 -22.8 23.5685
      vertex 0.40911 -22.8 23.4934
    endloop
  endfacet
  facet normal -0.956896 -0 -0.290432
    outer loop
      vertex 0.386316 -22.8 23.5685
      vertex 0.40911 -24.8 23.4934
      vertex 0.386316 -24.8 23.5685
    endloop
  endfacet
  facet normal 0.812717 0 -0.582659
    outer loop
      vertex -1.70202 -24.8 23.9133
      vertex -1.74776 -22.8 23.8495
      vertex -1.70202 -22.8 23.9133
    endloop
  endfacet
  facet normal 0.812717 0 -0.582659
    outer loop
      vertex -1.74776 -22.8 23.8495
      vertex -1.70202 -24.8 23.9133
      vertex -1.74776 -24.8 23.8495
    endloop
  endfacet
  facet normal -0.882046 0 -0.471163
    outer loop
      vertex 0.326248 -24.8 23.7135
      vertex 0.28923 -22.8 23.7828
      vertex 0.326248 -22.8 23.7135
    endloop
  endfacet
  facet normal -0.882046 -0 -0.471163
    outer loop
      vertex 0.28923 -22.8 23.7828
      vertex 0.326248 -24.8 23.7135
      vertex 0.28923 -24.8 23.7828
    endloop
  endfacet
  facet normal 0.773043 0 -0.634354
    outer loop
      vertex -1.65221 -24.8 23.974
      vertex -1.70202 -22.8 23.9133
      vertex -1.65221 -22.8 23.974
    endloop
  endfacet
  facet normal 0.773043 0 -0.634354
    outer loop
      vertex -1.70202 -22.8 23.9133
      vertex -1.65221 -24.8 23.974
      vertex -1.70202 -24.8 23.9133
    endloop
  endfacet
  facet normal -0.290347 0 -0.956922
    outer loop
      vertex -0.439417 -24.8 24.3419
      vertex -0.364273 -22.8 24.3191
      vertex -0.364273 -24.8 24.3191
    endloop
  endfacet
  facet normal -0.290347 0 -0.956922
    outer loop
      vertex -0.364273 -22.8 24.3191
      vertex -0.439417 -24.8 24.3419
      vertex -0.439417 -22.8 24.3419
    endloop
  endfacet
  facet normal 0.0980574 0 0.995181
    outer loop
      vertex -0.906631 -22.8 21.9931
      vertex -0.828484 -24.8 21.9854
      vertex -0.828484 -22.8 21.9854
    endloop
  endfacet
  facet normal 0.0980574 0 0.995181
    outer loop
      vertex -0.828484 -24.8 21.9854
      vertex -0.906631 -22.8 21.9931
      vertex -0.906631 -24.8 21.9931
    endloop
  endfacet
  facet normal -0.956892 0 0.290444
    outer loop
      vertex 0.386316 -24.8 22.7971
      vertex 0.409111 -22.8 22.8722
      vertex 0.386316 -22.8 22.7971
    endloop
  endfacet
  facet normal -0.956892 0 0.290444
    outer loop
      vertex 0.409111 -22.8 22.8722
      vertex 0.386316 -24.8 22.7971
      vertex 0.409111 -24.8 22.8722
    endloop
  endfacet
  facet normal -0.582991 0 -0.812479
    outer loop
      vertex -0.0833153 -24.8 24.1806
      vertex -0.0194866 -22.8 24.1348
      vertex -0.0194866 -24.8 24.1348
    endloop
  endfacet
  facet normal -0.582991 0 -0.812479
    outer loop
      vertex -0.0194866 -22.8 24.1348
      vertex -0.0833153 -24.8 24.1806
      vertex -0.0833153 -22.8 24.1806
    endloop
  endfacet
  facet normal 0.527477 0 -0.849569
    outer loop
      vertex -1.41668 -24.8 24.1806
      vertex -1.35 -22.8 24.222
      vertex -1.35 -24.8 24.222
    endloop
  endfacet
  facet normal 0.527477 0 -0.849569
    outer loop
      vertex -1.35 -22.8 24.222
      vertex -1.41668 -24.8 24.1806
      vertex -1.41668 -22.8 24.1806
    endloop
  endfacet
  facet normal -0.413678 0 -0.910423
    outer loop
      vertex -0.29078 -24.8 24.2915
      vertex -0.219254 -22.8 24.259
      vertex -0.219254 -24.8 24.259
    endloop
  endfacet
  facet normal -0.413678 0 -0.910423
    outer loop
      vertex -0.219254 -22.8 24.259
      vertex -0.29078 -24.8 24.2915
      vertex -0.29078 -22.8 24.2915
    endloop
  endfacet
  facet normal 0.935878 -0 0.352323
    outer loop
      vertex -1.88632 -24.8 22.7971
      vertex -1.85865 -22.8 22.7236
      vertex -1.88632 -22.8 22.7971
    endloop
  endfacet
  facet normal 0.935878 0 0.352323
    outer loop
      vertex -1.85865 -22.8 22.7236
      vertex -1.88632 -24.8 22.7971
      vertex -1.85865 -24.8 22.7236
    endloop
  endfacet
  facet normal 0.351584 0 0.936156
    outer loop
      vertex -1.20922 -22.8 22.0741
      vertex -1.13573 -24.8 22.0465
      vertex -1.13573 -22.8 22.0465
    endloop
  endfacet
  facet normal 0.351584 0 0.936156
    outer loop
      vertex -1.13573 -24.8 22.0465
      vertex -1.20922 -22.8 22.0741
      vertex -1.20922 -24.8 22.0741
    endloop
  endfacet
  facet normal -0.52745 0 -0.849586
    outer loop
      vertex -0.15 -24.8 24.222
      vertex -0.0833153 -22.8 24.1806
      vertex -0.0833153 -24.8 24.1806
    endloop
  endfacet
  facet normal -0.52745 0 -0.849586
    outer loop
      vertex -0.0833153 -22.8 24.1806
      vertex -0.15 -24.8 24.222
      vertex -0.15 -22.8 24.222
    endloop
  endfacet
  facet normal 0.973898 0 -0.226988
    outer loop
      vertex -1.90911 -24.8 23.4934
      vertex -1.92694 -22.8 23.4169
      vertex -1.90911 -22.8 23.4934
    endloop
  endfacet
  facet normal 0.973898 0 -0.226988
    outer loop
      vertex -1.92694 -22.8 23.4169
      vertex -1.90911 -24.8 23.4934
      vertex -1.92694 -24.8 23.4169
    endloop
  endfacet
  facet normal 0.226705 0 0.973964
    outer loop
      vertex -1.06058 -22.8 22.0237
      vertex -0.984108 -24.8 22.0059
      vertex -0.984108 -22.8 22.0059
    endloop
  endfacet
  facet normal 0.226705 0 0.973964
    outer loop
      vertex -0.984108 -24.8 22.0059
      vertex -1.06058 -22.8 22.0237
      vertex -1.06058 -24.8 22.0237
    endloop
  endfacet
  facet normal -0.973895 0 0.227
    outer loop
      vertex 0.409111 -24.8 22.8722
      vertex 0.426942 -22.8 22.9487
      vertex 0.409111 -22.8 22.8722
    endloop
  endfacet
  facet normal -0.973895 0 0.227
    outer loop
      vertex 0.426942 -22.8 22.9487
      vertex 0.409111 -24.8 22.8722
      vertex 0.426942 -24.8 22.9487
    endloop
  endfacet
  facet normal 0.683687 0 -0.729775
    outer loop
      vertex -1.59853 -24.8 24.0313
      vertex -1.54121 -22.8 24.085
      vertex -1.54121 -24.8 24.085
    endloop
  endfacet
  facet normal 0.683687 0 -0.729775
    outer loop
      vertex -1.54121 -22.8 24.085
      vertex -1.59853 -24.8 24.0313
      vertex -1.59853 -22.8 24.0313
    endloop
  endfacet
  facet normal -0.999465 0 -0.0327086
    outer loop
      vertex 0.45 -24.8 23.1828
      vertex 0.447431 -22.8 23.2613
      vertex 0.45 -22.8 23.1828
    endloop
  endfacet
  facet normal -0.999465 -0 -0.0327086
    outer loop
      vertex 0.447431 -22.8 23.2613
      vertex 0.45 -24.8 23.1828
      vertex 0.447431 -24.8 23.2613
    endloop
  endfacet
  facet normal -0.226699 0 0.973965
    outer loop
      vertex -0.515891 -22.8 22.0059
      vertex -0.439417 -24.8 22.0237
      vertex -0.439417 -22.8 22.0237
    endloop
  endfacet
  facet normal -0.226699 0 0.973965
    outer loop
      vertex -0.439417 -24.8 22.0237
      vertex -0.515891 -22.8 22.0059
      vertex -0.515891 -24.8 22.0059
    endloop
  endfacet
  facet normal 0.471249 0 -0.882
    outer loop
      vertex -1.35 -24.8 24.222
      vertex -1.28075 -22.8 24.259
      vertex -1.28075 -24.8 24.259
    endloop
  endfacet
  facet normal 0.471249 0 -0.882
    outer loop
      vertex -1.28075 -22.8 24.259
      vertex -1.35 -24.8 24.222
      vertex -1.35 -22.8 24.222
    endloop
  endfacet
  facet normal 0.729783 -0 0.683678
    outer loop
      vertex -1.65221 -24.8 22.3916
      vertex -1.59853 -22.8 22.3343
      vertex -1.65221 -22.8 22.3916
    endloop
  endfacet
  facet normal 0.729783 0 0.683678
    outer loop
      vertex -1.59853 -22.8 22.3343
      vertex -1.65221 -24.8 22.3916
      vertex -1.59853 -24.8 22.3343
    endloop
  endfacet
  facet normal -0.634267 0 0.773114
    outer loop
      vertex -0.0194868 -22.8 22.2308
      vertex 0.0412149 -24.8 22.2806
      vertex 0.0412149 -22.8 22.2806
    endloop
  endfacet
  facet normal -0.634267 0 0.773114
    outer loop
      vertex 0.0412149 -24.8 22.2806
      vertex -0.0194868 -22.8 22.2308
      vertex -0.0194868 -24.8 22.2308
    endloop
  endfacet
  facet normal 0.882036 0 -0.471183
    outer loop
      vertex -1.78923 -24.8 23.7828
      vertex -1.82625 -22.8 23.7135
      vertex -1.78923 -22.8 23.7828
    endloop
  endfacet
  facet normal 0.882036 0 -0.471183
    outer loop
      vertex -1.82625 -22.8 23.7135
      vertex -1.78923 -24.8 23.7828
      vertex -1.82625 -24.8 23.7135
    endloop
  endfacet
  facet normal -0.472223 0 0.881479
    outer loop
      vertex -0.219253 -22.8 22.1065
      vertex -0.15 -24.8 22.1436
      vertex -0.15 -22.8 22.1436
    endloop
  endfacet
  facet normal -0.472223 0 0.881479
    outer loop
      vertex -0.15 -24.8 22.1436
      vertex -0.219253 -22.8 22.1065
      vertex -0.219253 -24.8 22.1065
    endloop
  endfacet
  facet normal -0.881768 0 0.471682
    outer loop
      vertex 0.28923 -24.8 22.5828
      vertex 0.326247 -22.8 22.652
      vertex 0.28923 -22.8 22.5828
    endloop
  endfacet
  facet normal -0.881768 0 0.471682
    outer loop
      vertex 0.326247 -22.8 22.652
      vertex 0.28923 -24.8 22.5828
      vertex 0.326247 -24.8 22.652
    endloop
  endfacet
  facet normal 0.412603 0 0.910911
    outer loop
      vertex -1.28075 -22.8 22.1065
      vertex -1.20922 -24.8 22.0741
      vertex -1.20922 -22.8 22.0741
    endloop
  endfacet
  facet normal 0.412603 0 0.910911
    outer loop
      vertex -1.20922 -24.8 22.0741
      vertex -1.28075 -22.8 22.1065
      vertex -1.28075 -24.8 22.1065
    endloop
  endfacet
  facet normal 0.582983 0 -0.812485
    outer loop
      vertex -1.48051 -24.8 24.1348
      vertex -1.41668 -22.8 24.1806
      vertex -1.41668 -24.8 24.1806
    endloop
  endfacet
  facet normal 0.582983 0 -0.812485
    outer loop
      vertex -1.41668 -22.8 24.1806
      vertex -1.48051 -24.8 24.1348
      vertex -1.48051 -22.8 24.1348
    endloop
  endfacet
  facet normal 0.0980586 0 -0.995181
    outer loop
      vertex -0.906631 -24.8 24.3725
      vertex -0.828485 -22.8 24.3802
      vertex -0.828485 -24.8 24.3802
    endloop
  endfacet
  facet normal 0.0980586 0 -0.995181
    outer loop
      vertex -0.828485 -22.8 24.3802
      vertex -0.906631 -24.8 24.3725
      vertex -0.906631 -22.8 24.3725
    endloop
  endfacet
  facet normal 0.634278 0 0.773105
    outer loop
      vertex -1.54121 -22.8 22.2806
      vertex -1.48051 -24.8 22.2308
      vertex -1.48051 -22.8 22.2308
    endloop
  endfacet
  facet normal 0.634278 0 0.773105
    outer loop
      vertex -1.48051 -24.8 22.2308
      vertex -1.54121 -22.8 22.2806
      vertex -1.54121 -24.8 22.2806
    endloop
  endfacet
  facet normal 0.999465 0 -0.0327213
    outer loop
      vertex -1.94743 -24.8 23.2613
      vertex -1.95 -22.8 23.1828
      vertex -1.94743 -22.8 23.2613
    endloop
  endfacet
  facet normal 0.999465 0 -0.0327213
    outer loop
      vertex -1.95 -22.8 23.1828
      vertex -1.94743 -24.8 23.2613
      vertex -1.95 -24.8 23.1828
    endloop
  endfacet
  facet normal -0.0980562 0 -0.995181
    outer loop
      vertex -0.671516 -24.8 24.3802
      vertex -0.593368 -22.8 24.3725
      vertex -0.593368 -24.8 24.3725
    endloop
  endfacet
  facet normal -0.0980562 0 -0.995181
    outer loop
      vertex -0.593368 -22.8 24.3725
      vertex -0.671516 -24.8 24.3802
      vertex -0.671516 -22.8 24.3802
    endloop
  endfacet
  facet normal -0.98665 0 -0.162855
    outer loop
      vertex 0.439734 -24.8 23.3394
      vertex 0.426942 -22.8 23.4169
      vertex 0.439734 -22.8 23.3394
    endloop
  endfacet
  facet normal -0.98665 -0 -0.162855
    outer loop
      vertex 0.426942 -22.8 23.4169
      vertex 0.439734 -24.8 23.3394
      vertex 0.426942 -24.8 23.4169
    endloop
  endfacet
  facet normal -0.634271 0 -0.773111
    outer loop
      vertex -0.0194866 -24.8 24.1348
      vertex 0.0412145 -22.8 24.085
      vertex 0.0412145 -24.8 24.085
    endloop
  endfacet
  facet normal -0.634271 0 -0.773111
    outer loop
      vertex 0.0412145 -22.8 24.085
      vertex -0.0194866 -24.8 24.1348
      vertex -0.0194866 -22.8 24.1348
    endloop
  endfacet
  facet normal -0.351572 0 0.936161
    outer loop
      vertex -0.364272 -22.8 22.0465
      vertex -0.290779 -24.8 22.0741
      vertex -0.290779 -22.8 22.0741
    endloop
  endfacet
  facet normal -0.351572 0 0.936161
    outer loop
      vertex -0.290779 -24.8 22.0741
      vertex -0.364272 -22.8 22.0465
      vertex -0.364272 -24.8 22.0465
    endloop
  endfacet
  facet normal 0.995175 0 -0.0981158
    outer loop
      vertex -1.93973 -24.8 23.3394
      vertex -1.94743 -22.8 23.2613
      vertex -1.93973 -22.8 23.3394
    endloop
  endfacet
  facet normal 0.995175 0 -0.0981158
    outer loop
      vertex -1.94743 -22.8 23.2613
      vertex -1.93973 -24.8 23.3394
      vertex -1.94743 -24.8 23.2613
    endloop
  endfacet
  facet normal 0.95691 -0 0.290386
    outer loop
      vertex -1.90911 -24.8 22.8722
      vertex -1.88632 -22.8 22.7971
      vertex -1.90911 -22.8 22.8722
    endloop
  endfacet
  facet normal 0.95691 0 0.290386
    outer loop
      vertex -1.88632 -22.8 22.7971
      vertex -1.90911 -24.8 22.8722
      vertex -1.88632 -24.8 22.7971
    endloop
  endfacet
  facet normal -0.226699 0 -0.973965
    outer loop
      vertex -0.515891 -24.8 24.3597
      vertex -0.439417 -22.8 24.3419
      vertex -0.439417 -24.8 24.3419
    endloop
  endfacet
  facet normal -0.226699 0 -0.973965
    outer loop
      vertex -0.439417 -22.8 24.3419
      vertex -0.515891 -24.8 24.3597
      vertex -0.515891 -22.8 24.3597
    endloop
  endfacet
  facet normal 0.683687 0 0.729775
    outer loop
      vertex -1.59853 -22.8 22.3343
      vertex -1.54121 -24.8 22.2806
      vertex -1.54121 -22.8 22.2806
    endloop
  endfacet
  facet normal 0.683687 0 0.729775
    outer loop
      vertex -1.54121 -24.8 22.2806
      vertex -1.59853 -22.8 22.3343
      vertex -1.59853 -24.8 22.3343
    endloop
  endfacet
  facet normal -0.973892 0 -0.227012
    outer loop
      vertex 0.426942 -24.8 23.4169
      vertex 0.40911 -22.8 23.4934
      vertex 0.426942 -22.8 23.4169
    endloop
  endfacet
  facet normal -0.973892 -0 -0.227012
    outer loop
      vertex 0.40911 -22.8 23.4934
      vertex 0.426942 -24.8 23.4169
      vertex 0.40911 -24.8 23.4934
    endloop
  endfacet
  facet normal 0.226705 0 -0.973964
    outer loop
      vertex -1.06058 -24.8 24.3419
      vertex -0.984108 -22.8 24.3597
      vertex -0.984108 -24.8 24.3597
    endloop
  endfacet
  facet normal 0.226705 0 -0.973964
    outer loop
      vertex -0.984108 -22.8 24.3597
      vertex -1.06058 -24.8 24.3419
      vertex -1.06058 -22.8 24.3419
    endloop
  endfacet
  facet normal 0.634278 0 -0.773105
    outer loop
      vertex -1.54121 -24.8 24.085
      vertex -1.48051 -22.8 24.1348
      vertex -1.48051 -24.8 24.1348
    endloop
  endfacet
  facet normal 0.634278 0 -0.773105
    outer loop
      vertex -1.48051 -22.8 24.1348
      vertex -1.54121 -24.8 24.085
      vertex -1.54121 -22.8 24.085
    endloop
  endfacet
  facet normal -0.729787 0 0.683674
    outer loop
      vertex 0.0985276 -24.8 22.3343
      vertex 0.152207 -22.8 22.3916
      vertex 0.0985276 -22.8 22.3343
    endloop
  endfacet
  facet normal -0.729787 0 0.683674
    outer loop
      vertex 0.152207 -22.8 22.3916
      vertex 0.0985276 -24.8 22.3343
      vertex 0.152207 -24.8 22.3916
    endloop
  endfacet
  facet normal 0.911062 -0 0.412268
    outer loop
      vertex -1.85865 -24.8 22.7236
      vertex -1.82625 -22.8 22.652
      vertex -1.85865 -22.8 22.7236
    endloop
  endfacet
  facet normal 0.911062 0 0.412268
    outer loop
      vertex -1.82625 -22.8 22.652
      vertex -1.85865 -24.8 22.7236
      vertex -1.82625 -24.8 22.652
    endloop
  endfacet
  facet normal -0.935916 0 -0.352223
    outer loop
      vertex 0.386316 -24.8 23.5685
      vertex 0.358655 -22.8 23.642
      vertex 0.386316 -22.8 23.5685
    endloop
  endfacet
  facet normal -0.935916 -0 -0.352223
    outer loop
      vertex 0.358655 -22.8 23.642
      vertex 0.386316 -24.8 23.5685
      vertex 0.358655 -24.8 23.642
    endloop
  endfacet
  facet normal -0.163001 0 0.986626
    outer loop
      vertex -0.593368 -22.8 21.9931
      vertex -0.515891 -24.8 22.0059
      vertex -0.515891 -22.8 22.0059
    endloop
  endfacet
  facet normal -0.163001 0 0.986626
    outer loop
      vertex -0.515891 -24.8 22.0059
      vertex -0.593368 -22.8 21.9931
      vertex -0.593368 -24.8 21.9931
    endloop
  endfacet
  facet normal 0.986654 0 -0.16283
    outer loop
      vertex -1.92694 -24.8 23.4169
      vertex -1.93973 -22.8 23.3394
      vertex -1.92694 -22.8 23.4169
    endloop
  endfacet
  facet normal 0.986654 0 -0.16283
    outer loop
      vertex -1.93973 -22.8 23.3394
      vertex -1.92694 -24.8 23.4169
      vertex -1.93973 -24.8 23.3394
    endloop
  endfacet
  facet normal -0.412622 0 0.910902
    outer loop
      vertex -0.290779 -22.8 22.0741
      vertex -0.219253 -24.8 22.1065
      vertex -0.219253 -22.8 22.1065
    endloop
  endfacet
  facet normal -0.412622 0 0.910902
    outer loop
      vertex -0.219253 -24.8 22.1065
      vertex -0.290779 -22.8 22.0741
      vertex -0.290779 -24.8 22.0741
    endloop
  endfacet
  facet normal 0.0331092 0 0.999452
    outer loop
      vertex -0.828484 -22.8 21.9854
      vertex -0.749999 -24.8 21.9828
      vertex -0.749999 -22.8 21.9828
    endloop
  endfacet
  facet normal 0.0331092 0 0.999452
    outer loop
      vertex -0.749999 -24.8 21.9828
      vertex -0.828484 -22.8 21.9854
      vertex -0.828484 -24.8 21.9854
    endloop
  endfacet
  facet normal 0.773043 -0 0.634354
    outer loop
      vertex -1.70202 -24.8 22.4523
      vertex -1.65221 -22.8 22.3916
      vertex -1.70202 -22.8 22.4523
    endloop
  endfacet
  facet normal 0.773043 0 0.634354
    outer loop
      vertex -1.65221 -22.8 22.3916
      vertex -1.70202 -24.8 22.4523
      vertex -1.65221 -24.8 22.3916
    endloop
  endfacet
  facet normal -0.93592 0 0.352212
    outer loop
      vertex 0.358656 -24.8 22.7236
      vertex 0.386316 -22.8 22.7971
      vertex 0.358656 -22.8 22.7236
    endloop
  endfacet
  facet normal -0.93592 0 0.352212
    outer loop
      vertex 0.386316 -22.8 22.7971
      vertex 0.358656 -24.8 22.7236
      vertex 0.386316 -24.8 22.7971
    endloop
  endfacet
  facet normal 0.0331092 0 -0.999452
    outer loop
      vertex -0.828485 -24.8 24.3802
      vertex -0.75 -22.8 24.3828
      vertex -0.75 -24.8 24.3828
    endloop
  endfacet
  facet normal 0.0331092 0 -0.999452
    outer loop
      vertex -0.75 -22.8 24.3828
      vertex -0.828485 -24.8 24.3802
      vertex -0.828485 -22.8 24.3802
    endloop
  endfacet
  facet normal 0.3527 0 -0.935737
    outer loop
      vertex -1.20922 -24.8 24.2914
      vertex -1.13573 -22.8 24.3191
      vertex -1.13573 -24.8 24.3191
    endloop
  endfacet
  facet normal 0.3527 0 -0.935737
    outer loop
      vertex -1.13573 -22.8 24.3191
      vertex -1.20922 -24.8 24.2914
      vertex -1.20922 -22.8 24.2914
    endloop
  endfacet
  facet normal -0.0331096 0 0.999452
    outer loop
      vertex -0.749999 -22.8 21.9828
      vertex -0.671515 -24.8 21.9854
      vertex -0.671515 -22.8 21.9854
    endloop
  endfacet
  facet normal -0.0331096 0 0.999452
    outer loop
      vertex -0.671515 -24.8 21.9854
      vertex -0.749999 -22.8 21.9828
      vertex -0.749999 -24.8 21.9828
    endloop
  endfacet
  facet normal -0.911019 0 0.412364
    outer loop
      vertex 0.326247 -24.8 22.652
      vertex 0.358656 -22.8 22.7236
      vertex 0.326247 -22.8 22.652
    endloop
  endfacet
  facet normal -0.911019 0 0.412364
    outer loop
      vertex 0.358656 -22.8 22.7236
      vertex 0.326247 -24.8 22.652
      vertex 0.358656 -24.8 22.7236
    endloop
  endfacet
  facet normal 0.999465 -0 0.0327213
    outer loop
      vertex -1.95 -24.8 23.1828
      vertex -1.94743 -22.8 23.1043
      vertex -1.95 -22.8 23.1828
    endloop
  endfacet
  facet normal 0.999465 0 0.0327213
    outer loop
      vertex -1.94743 -22.8 23.1043
      vertex -1.95 -24.8 23.1828
      vertex -1.94743 -24.8 23.1043
    endloop
  endfacet
  facet normal 0.995175 -0 0.0981158
    outer loop
      vertex -1.94743 -24.8 23.1043
      vertex -1.93973 -22.8 23.0262
      vertex -1.94743 -22.8 23.1043
    endloop
  endfacet
  facet normal 0.995175 0 0.0981158
    outer loop
      vertex -1.93973 -22.8 23.0262
      vertex -1.94743 -24.8 23.1043
      vertex -1.93973 -24.8 23.0262
    endloop
  endfacet
  facet normal 0.472239 0 0.881471
    outer loop
      vertex -1.35 -22.8 22.1436
      vertex -1.28075 -24.8 22.1065
      vertex -1.28075 -22.8 22.1065
    endloop
  endfacet
  facet normal 0.472239 0 0.881471
    outer loop
      vertex -1.28075 -24.8 22.1065
      vertex -1.35 -22.8 22.1436
      vertex -1.35 -24.8 22.1436
    endloop
  endfacet
  facet normal 0.849241 -0 0.528006
    outer loop
      vertex -1.78923 -24.8 22.5828
      vertex -1.74776 -22.8 22.5161
      vertex -1.78923 -22.8 22.5828
    endloop
  endfacet
  facet normal 0.849241 0 0.528006
    outer loop
      vertex -1.74776 -22.8 22.5161
      vertex -1.78923 -24.8 22.5828
      vertex -1.74776 -24.8 22.5161
    endloop
  endfacet
  facet normal 0.986654 -0 0.16283
    outer loop
      vertex -1.93973 -24.8 23.0262
      vertex -1.92694 -22.8 22.9487
      vertex -1.93973 -22.8 23.0262
    endloop
  endfacet
  facet normal 0.986654 0 0.16283
    outer loop
      vertex -1.92694 -22.8 22.9487
      vertex -1.93973 -24.8 23.0262
      vertex -1.92694 -24.8 22.9487
    endloop
  endfacet
  facet normal 0.412603 0 -0.910911
    outer loop
      vertex -1.28075 22.8 24.259
      vertex -1.20922 24.8 24.2914
      vertex -1.20922 22.8 24.2914
    endloop
  endfacet
  facet normal 0.412603 0 -0.910911
    outer loop
      vertex -1.20922 24.8 24.2914
      vertex -1.28075 22.8 24.259
      vertex -1.28075 24.8 24.259
    endloop
  endfacet
  facet normal -0.910812 0 -0.412821
    outer loop
      vertex 0.358655 22.8 23.642
      vertex 0.326248 24.8 23.7135
      vertex 0.358655 24.8 23.642
    endloop
  endfacet
  facet normal -0.910812 -0 -0.412821
    outer loop
      vertex 0.326248 24.8 23.7135
      vertex 0.358655 22.8 23.642
      vertex 0.326248 22.8 23.7135
    endloop
  endfacet
  facet normal -0.812717 0 -0.582659
    outer loop
      vertex 0.247764 22.8 23.8495
      vertex 0.202024 24.8 23.9133
      vertex 0.247764 24.8 23.8495
    endloop
  endfacet
  facet normal -0.812717 -0 -0.582659
    outer loop
      vertex 0.202024 24.8 23.9133
      vertex 0.247764 22.8 23.8495
      vertex 0.202024 22.8 23.9133
    endloop
  endfacet
  facet normal -0.849263 0 -0.527969
    outer loop
      vertex 0.28923 22.8 23.7828
      vertex 0.247764 24.8 23.8495
      vertex 0.28923 24.8 23.7828
    endloop
  endfacet
  facet normal -0.849263 -0 -0.527969
    outer loop
      vertex 0.247764 24.8 23.8495
      vertex 0.28923 22.8 23.7828
      vertex 0.247764 22.8 23.8495
    endloop
  endfacet
  facet normal 0.881753 -0 0.471712
    outer loop
      vertex -1.82625 22.8 22.652
      vertex -1.78923 24.8 22.5828
      vertex -1.82625 24.8 22.652
    endloop
  endfacet
  facet normal 0.881753 0 0.471712
    outer loop
      vertex -1.78923 24.8 22.5828
      vertex -1.82625 22.8 22.652
      vertex -1.78923 22.8 22.5828
    endloop
  endfacet
  facet normal 0.527477 0 0.849569
    outer loop
      vertex -1.41668 24.8 22.185
      vertex -1.35 22.8 22.1436
      vertex -1.35 24.8 22.1436
    endloop
  endfacet
  facet normal 0.527477 0 0.849569
    outer loop
      vertex -1.35 22.8 22.1436
      vertex -1.41668 24.8 22.185
      vertex -1.41668 22.8 22.185
    endloop
  endfacet
  facet normal -0.98665 0 0.162855
    outer loop
      vertex 0.426942 22.8 22.9487
      vertex 0.439734 24.8 23.0262
      vertex 0.426942 24.8 22.9487
    endloop
  endfacet
  facet normal -0.98665 0 0.162855
    outer loop
      vertex 0.439734 24.8 23.0262
      vertex 0.426942 22.8 22.9487
      vertex 0.439734 22.8 23.0262
    endloop
  endfacet
  facet normal -0.999465 0 0.0327213
    outer loop
      vertex 0.44743 22.8 23.1043
      vertex 0.45 24.8 23.1828
      vertex 0.44743 24.8 23.1043
    endloop
  endfacet
  facet normal -0.999465 0 0.0327213
    outer loop
      vertex 0.45 24.8 23.1828
      vertex 0.44743 22.8 23.1043
      vertex 0.45 22.8 23.1828
    endloop
  endfacet
  facet normal 0.93592 0 -0.352212
    outer loop
      vertex -1.85866 22.8 23.642
      vertex -1.88632 24.8 23.5685
      vertex -1.85866 24.8 23.642
    endloop
  endfacet
  facet normal 0.93592 0 -0.352212
    outer loop
      vertex -1.88632 24.8 23.5685
      vertex -1.85866 22.8 23.642
      vertex -1.88632 22.8 23.5685
    endloop
  endfacet
  facet normal -0.773005 0 -0.634399
    outer loop
      vertex 0.202024 22.8 23.9133
      vertex 0.152208 24.8 23.974
      vertex 0.202024 24.8 23.9133
    endloop
  endfacet
  facet normal -0.773005 -0 -0.634399
    outer loop
      vertex 0.152208 24.8 23.974
      vertex 0.202024 22.8 23.9133
      vertex 0.152208 22.8 23.974
    endloop
  endfacet
  facet normal -0.0331096 0 -0.999452
    outer loop
      vertex -0.75 22.8 24.3828
      vertex -0.671516 24.8 24.3802
      vertex -0.671516 22.8 24.3802
    endloop
  endfacet
  facet normal -0.0331096 0 -0.999452
    outer loop
      vertex -0.671516 24.8 24.3802
      vertex -0.75 22.8 24.3828
      vertex -0.75 24.8 24.3828
    endloop
  endfacet
  facet normal -0.582991 0 0.812478
    outer loop
      vertex -0.0833154 24.8 22.185
      vertex -0.0194868 22.8 22.2308
      vertex -0.0194868 24.8 22.2308
    endloop
  endfacet
  facet normal -0.582991 0 0.812478
    outer loop
      vertex -0.0194868 22.8 22.2308
      vertex -0.0833154 24.8 22.185
      vertex -0.0833154 22.8 22.185
    endloop
  endfacet
  facet normal 0.910798 0 -0.412853
    outer loop
      vertex -1.82625 22.8 23.7135
      vertex -1.85866 24.8 23.642
      vertex -1.82625 24.8 23.7135
    endloop
  endfacet
  facet normal 0.910798 0 -0.412853
    outer loop
      vertex -1.85866 24.8 23.642
      vertex -1.82625 22.8 23.7135
      vertex -1.85866 22.8 23.642
    endloop
  endfacet
  facet normal 0.729783 0 -0.683678
    outer loop
      vertex -1.59853 22.8 24.0313
      vertex -1.65221 24.8 23.974
      vertex -1.59853 24.8 24.0313
    endloop
  endfacet
  facet normal 0.729783 0 -0.683678
    outer loop
      vertex -1.65221 24.8 23.974
      vertex -1.59853 22.8 24.0313
      vertex -1.65221 22.8 23.974
    endloop
  endfacet
  facet normal -0.995179 0 -0.098078
    outer loop
      vertex 0.447431 22.8 23.2613
      vertex 0.439734 24.8 23.3394
      vertex 0.447431 24.8 23.2613
    endloop
  endfacet
  facet normal -0.995179 -0 -0.098078
    outer loop
      vertex 0.439734 24.8 23.3394
      vertex 0.447431 22.8 23.2613
      vertex 0.439734 22.8 23.3394
    endloop
  endfacet
  facet normal 0.812717 -0 0.582659
    outer loop
      vertex -1.74776 22.8 22.5161
      vertex -1.70202 24.8 22.4523
      vertex -1.74776 24.8 22.5161
    endloop
  endfacet
  facet normal 0.812717 0 0.582659
    outer loop
      vertex -1.70202 24.8 22.4523
      vertex -1.74776 22.8 22.5161
      vertex -1.70202 22.8 22.4523
    endloop
  endfacet
  facet normal 0.163001 0 -0.986626
    outer loop
      vertex -0.984108 22.8 24.3597
      vertex -0.906631 24.8 24.3725
      vertex -0.906631 22.8 24.3725
    endloop
  endfacet
  facet normal 0.163001 0 -0.986626
    outer loop
      vertex -0.906631 24.8 24.3725
      vertex -0.984108 22.8 24.3597
      vertex -0.984108 24.8 24.3597
    endloop
  endfacet
  facet normal -0.527451 0 0.849586
    outer loop
      vertex -0.15 24.8 22.1436
      vertex -0.0833154 22.8 22.185
      vertex -0.0833154 24.8 22.185
    endloop
  endfacet
  facet normal -0.527451 0 0.849586
    outer loop
      vertex -0.0833154 22.8 22.185
      vertex -0.15 24.8 22.1436
      vertex -0.15 22.8 22.1436
    endloop
  endfacet
  facet normal -0.683733 0 0.729732
    outer loop
      vertex 0.0412149 24.8 22.2806
      vertex 0.0985276 22.8 22.3343
      vertex 0.0985276 24.8 22.3343
    endloop
  endfacet
  facet normal -0.683733 0 0.729732
    outer loop
      vertex 0.0985276 22.8 22.3343
      vertex 0.0412149 24.8 22.2806
      vertex 0.0412149 22.8 22.2806
    endloop
  endfacet
  facet normal -0.0980574 0 0.995181
    outer loop
      vertex -0.671515 24.8 21.9854
      vertex -0.593368 22.8 21.9931
      vertex -0.593368 24.8 21.9931
    endloop
  endfacet
  facet normal -0.0980574 0 0.995181
    outer loop
      vertex -0.593368 22.8 21.9931
      vertex -0.671515 24.8 21.9854
      vertex -0.671515 22.8 21.9854
    endloop
  endfacet
  facet normal 0.95691 0 -0.290386
    outer loop
      vertex -1.88632 22.8 23.5685
      vertex -1.90911 24.8 23.4934
      vertex -1.88632 24.8 23.5685
    endloop
  endfacet
  facet normal 0.95691 0 -0.290386
    outer loop
      vertex -1.90911 24.8 23.4934
      vertex -1.88632 22.8 23.5685
      vertex -1.90911 22.8 23.4934
    endloop
  endfacet
  facet normal 0.582983 0 0.812485
    outer loop
      vertex -1.48051 24.8 22.2308
      vertex -1.41668 22.8 22.185
      vertex -1.41668 24.8 22.185
    endloop
  endfacet
  facet normal 0.582983 0 0.812485
    outer loop
      vertex -1.41668 22.8 22.185
      vertex -1.48051 24.8 22.2308
      vertex -1.48051 22.8 22.2308
    endloop
  endfacet
  facet normal -0.163001 0 -0.986626
    outer loop
      vertex -0.593368 22.8 24.3725
      vertex -0.515891 24.8 24.3597
      vertex -0.515891 22.8 24.3597
    endloop
  endfacet
  facet normal -0.163001 0 -0.986626
    outer loop
      vertex -0.515891 24.8 24.3597
      vertex -0.593368 22.8 24.3725
      vertex -0.593368 24.8 24.3725
    endloop
  endfacet
  facet normal 0.290325 0 -0.956928
    outer loop
      vertex -1.13573 22.8 24.3191
      vertex -1.06058 24.8 24.3419
      vertex -1.06058 22.8 24.3419
    endloop
  endfacet
  facet normal 0.290325 0 -0.956928
    outer loop
      vertex -1.06058 24.8 24.3419
      vertex -1.13573 22.8 24.3191
      vertex -1.13573 24.8 24.3191
    endloop
  endfacet
  facet normal -0.351572 0 -0.936161
    outer loop
      vertex -0.364273 22.8 24.3191
      vertex -0.29078 24.8 24.2915
      vertex -0.29078 22.8 24.2915
    endloop
  endfacet
  facet normal -0.351572 0 -0.936161
    outer loop
      vertex -0.29078 24.8 24.2915
      vertex -0.364273 22.8 24.3191
      vertex -0.364273 24.8 24.3191
    endloop
  endfacet
  facet normal -0.772999 0 0.634407
    outer loop
      vertex 0.152207 22.8 22.3916
      vertex 0.202024 24.8 22.4523
      vertex 0.152207 24.8 22.3916
    endloop
  endfacet
  facet normal -0.772999 0 0.634407
    outer loop
      vertex 0.202024 24.8 22.4523
      vertex 0.152207 22.8 22.3916
      vertex 0.202024 22.8 22.4523
    endloop
  endfacet
  facet normal 0.849241 0 -0.528006
    outer loop
      vertex -1.74776 22.8 23.8495
      vertex -1.78923 24.8 23.7828
      vertex -1.74776 24.8 23.8495
    endloop
  endfacet
  facet normal 0.849241 0 -0.528006
    outer loop
      vertex -1.78923 24.8 23.7828
      vertex -1.74776 22.8 23.8495
      vertex -1.78923 22.8 23.7828
    endloop
  endfacet
  facet normal -0.99518 0 0.0980654
    outer loop
      vertex 0.439734 22.8 23.0262
      vertex 0.44743 24.8 23.1043
      vertex 0.439734 24.8 23.0262
    endloop
  endfacet
  facet normal -0.99518 0 0.0980654
    outer loop
      vertex 0.44743 24.8 23.1043
      vertex 0.439734 22.8 23.0262
      vertex 0.44743 22.8 23.1043
    endloop
  endfacet
  facet normal -0.812723 0 0.582651
    outer loop
      vertex 0.202024 22.8 22.4523
      vertex 0.247763 24.8 22.5161
      vertex 0.202024 24.8 22.4523
    endloop
  endfacet
  facet normal -0.812723 0 0.582651
    outer loop
      vertex 0.247763 24.8 22.5161
      vertex 0.202024 22.8 22.4523
      vertex 0.247763 22.8 22.5161
    endloop
  endfacet
  facet normal -0.729782 0 -0.68368
    outer loop
      vertex 0.152208 22.8 23.974
      vertex 0.0985277 24.8 24.0313
      vertex 0.152208 24.8 23.974
    endloop
  endfacet
  facet normal -0.729782 -0 -0.68368
    outer loop
      vertex 0.0985277 24.8 24.0313
      vertex 0.152208 22.8 23.974
      vertex 0.0985277 22.8 24.0313
    endloop
  endfacet
  facet normal -0.290343 0 0.956923
    outer loop
      vertex -0.439417 24.8 22.0237
      vertex -0.364272 22.8 22.0465
      vertex -0.364272 24.8 22.0465
    endloop
  endfacet
  facet normal -0.290343 0 0.956923
    outer loop
      vertex -0.364272 22.8 22.0465
      vertex -0.439417 24.8 22.0237
      vertex -0.439417 22.8 22.0237
    endloop
  endfacet
  facet normal 0.163001 0 0.986626
    outer loop
      vertex -0.984108 24.8 22.0059
      vertex -0.906631 22.8 21.9931
      vertex -0.906631 24.8 21.9931
    endloop
  endfacet
  facet normal 0.163001 0 0.986626
    outer loop
      vertex -0.906631 22.8 21.9931
      vertex -0.984108 24.8 22.0059
      vertex -0.984108 22.8 22.0059
    endloop
  endfacet
  facet normal 0.973898 -0 0.226988
    outer loop
      vertex -1.92694 22.8 22.9487
      vertex -1.90911 24.8 22.8722
      vertex -1.92694 24.8 22.9487
    endloop
  endfacet
  facet normal 0.973898 0 0.226988
    outer loop
      vertex -1.90911 24.8 22.8722
      vertex -1.92694 22.8 22.9487
      vertex -1.90911 22.8 22.8722
    endloop
  endfacet
  facet normal -0.471228 0 -0.882011
    outer loop
      vertex -0.219254 22.8 24.259
      vertex -0.15 24.8 24.222
      vertex -0.15 22.8 24.222
    endloop
  endfacet
  facet normal -0.471228 0 -0.882011
    outer loop
      vertex -0.15 24.8 24.222
      vertex -0.219254 22.8 24.259
      vertex -0.219254 24.8 24.259
    endloop
  endfacet
  facet normal 0.290325 0 0.956928
    outer loop
      vertex -1.13573 24.8 22.0465
      vertex -1.06058 22.8 22.0237
      vertex -1.06058 24.8 22.0237
    endloop
  endfacet
  facet normal 0.290325 0 0.956928
    outer loop
      vertex -1.06058 22.8 22.0237
      vertex -1.13573 24.8 22.0465
      vertex -1.13573 22.8 22.0465
    endloop
  endfacet
  facet normal -0.849258 0 0.527979
    outer loop
      vertex 0.247763 22.8 22.5161
      vertex 0.28923 24.8 22.5828
      vertex 0.247763 24.8 22.5161
    endloop
  endfacet
  facet normal -0.849258 0 0.527979
    outer loop
      vertex 0.28923 24.8 22.5828
      vertex 0.247763 22.8 22.5161
      vertex 0.28923 22.8 22.5828
    endloop
  endfacet
  facet normal -0.68373 0 -0.729735
    outer loop
      vertex 0.0412145 22.8 24.085
      vertex 0.0985277 24.8 24.0313
      vertex 0.0985277 22.8 24.0313
    endloop
  endfacet
  facet normal -0.68373 0 -0.729735
    outer loop
      vertex 0.0985277 24.8 24.0313
      vertex 0.0412145 22.8 24.085
      vertex 0.0412145 24.8 24.085
    endloop
  endfacet
  facet normal -0.956896 0 -0.290432
    outer loop
      vertex 0.40911 22.8 23.4934
      vertex 0.386316 24.8 23.5685
      vertex 0.40911 24.8 23.4934
    endloop
  endfacet
  facet normal -0.956896 -0 -0.290432
    outer loop
      vertex 0.386316 24.8 23.5685
      vertex 0.40911 22.8 23.4934
      vertex 0.386316 22.8 23.5685
    endloop
  endfacet
  facet normal 0.812717 0 -0.582659
    outer loop
      vertex -1.70202 22.8 23.9133
      vertex -1.74776 24.8 23.8495
      vertex -1.70202 24.8 23.9133
    endloop
  endfacet
  facet normal 0.812717 0 -0.582659
    outer loop
      vertex -1.74776 24.8 23.8495
      vertex -1.70202 22.8 23.9133
      vertex -1.74776 22.8 23.8495
    endloop
  endfacet
  facet normal -0.882046 0 -0.471163
    outer loop
      vertex 0.326248 22.8 23.7135
      vertex 0.28923 24.8 23.7828
      vertex 0.326248 24.8 23.7135
    endloop
  endfacet
  facet normal -0.882046 -0 -0.471163
    outer loop
      vertex 0.28923 24.8 23.7828
      vertex 0.326248 22.8 23.7135
      vertex 0.28923 22.8 23.7828
    endloop
  endfacet
  facet normal -0.0331096 0 0.999452
    outer loop
      vertex -0.749999 24.8 21.9828
      vertex -0.671515 22.8 21.9854
      vertex -0.671515 24.8 21.9854
    endloop
  endfacet
  facet normal -0.0331096 0 0.999452
    outer loop
      vertex -0.671515 22.8 21.9854
      vertex -0.749999 24.8 21.9828
      vertex -0.749999 22.8 21.9828
    endloop
  endfacet
  facet normal 0.773043 0 -0.634354
    outer loop
      vertex -1.65221 22.8 23.974
      vertex -1.70202 24.8 23.9133
      vertex -1.65221 24.8 23.974
    endloop
  endfacet
  facet normal 0.773043 0 -0.634354
    outer loop
      vertex -1.70202 24.8 23.9133
      vertex -1.65221 22.8 23.974
      vertex -1.70202 22.8 23.9133
    endloop
  endfacet
  facet normal 0.0980574 0 0.995181
    outer loop
      vertex -0.906631 24.8 21.9931
      vertex -0.828484 22.8 21.9854
      vertex -0.828484 24.8 21.9854
    endloop
  endfacet
  facet normal 0.0980574 0 0.995181
    outer loop
      vertex -0.828484 22.8 21.9854
      vertex -0.906631 24.8 21.9931
      vertex -0.906631 22.8 21.9931
    endloop
  endfacet
  facet normal -0.956892 0 0.290444
    outer loop
      vertex 0.386316 22.8 22.7971
      vertex 0.409111 24.8 22.8722
      vertex 0.386316 24.8 22.7971
    endloop
  endfacet
  facet normal -0.956892 0 0.290444
    outer loop
      vertex 0.409111 24.8 22.8722
      vertex 0.386316 22.8 22.7971
      vertex 0.409111 22.8 22.8722
    endloop
  endfacet
  facet normal -0.582991 0 -0.812479
    outer loop
      vertex -0.0833153 22.8 24.1806
      vertex -0.0194866 24.8 24.1348
      vertex -0.0194866 22.8 24.1348
    endloop
  endfacet
  facet normal -0.582991 0 -0.812479
    outer loop
      vertex -0.0194866 24.8 24.1348
      vertex -0.0833153 22.8 24.1806
      vertex -0.0833153 24.8 24.1806
    endloop
  endfacet
  facet normal 0.527477 0 -0.849569
    outer loop
      vertex -1.41668 22.8 24.1806
      vertex -1.35 24.8 24.222
      vertex -1.35 22.8 24.222
    endloop
  endfacet
  facet normal 0.527477 0 -0.849569
    outer loop
      vertex -1.35 24.8 24.222
      vertex -1.41668 22.8 24.1806
      vertex -1.41668 24.8 24.1806
    endloop
  endfacet
  facet normal -0.413678 0 -0.910423
    outer loop
      vertex -0.29078 22.8 24.2915
      vertex -0.219254 24.8 24.259
      vertex -0.219254 22.8 24.259
    endloop
  endfacet
  facet normal -0.413678 0 -0.910423
    outer loop
      vertex -0.219254 24.8 24.259
      vertex -0.29078 22.8 24.2915
      vertex -0.29078 24.8 24.2915
    endloop
  endfacet
  facet normal 0.935878 -0 0.352323
    outer loop
      vertex -1.88632 22.8 22.7971
      vertex -1.85865 24.8 22.7236
      vertex -1.88632 24.8 22.7971
    endloop
  endfacet
  facet normal 0.935878 0 0.352323
    outer loop
      vertex -1.85865 24.8 22.7236
      vertex -1.88632 22.8 22.7971
      vertex -1.85865 22.8 22.7236
    endloop
  endfacet
  facet normal 0.351584 0 0.936156
    outer loop
      vertex -1.20922 24.8 22.0741
      vertex -1.13573 22.8 22.0465
      vertex -1.13573 24.8 22.0465
    endloop
  endfacet
  facet normal 0.351584 0 0.936156
    outer loop
      vertex -1.13573 22.8 22.0465
      vertex -1.20922 24.8 22.0741
      vertex -1.20922 22.8 22.0741
    endloop
  endfacet
  facet normal -0.52745 0 -0.849586
    outer loop
      vertex -0.15 22.8 24.222
      vertex -0.0833153 24.8 24.1806
      vertex -0.0833153 22.8 24.1806
    endloop
  endfacet
  facet normal -0.52745 0 -0.849586
    outer loop
      vertex -0.0833153 24.8 24.1806
      vertex -0.15 22.8 24.222
      vertex -0.15 24.8 24.222
    endloop
  endfacet
  facet normal 0.973898 0 -0.226988
    outer loop
      vertex -1.90911 22.8 23.4934
      vertex -1.92694 24.8 23.4169
      vertex -1.90911 24.8 23.4934
    endloop
  endfacet
  facet normal 0.973898 0 -0.226988
    outer loop
      vertex -1.92694 24.8 23.4169
      vertex -1.90911 22.8 23.4934
      vertex -1.92694 22.8 23.4169
    endloop
  endfacet
  facet normal 0.226705 0 0.973964
    outer loop
      vertex -1.06058 24.8 22.0237
      vertex -0.984108 22.8 22.0059
      vertex -0.984108 24.8 22.0059
    endloop
  endfacet
  facet normal 0.226705 0 0.973964
    outer loop
      vertex -0.984108 22.8 22.0059
      vertex -1.06058 24.8 22.0237
      vertex -1.06058 22.8 22.0237
    endloop
  endfacet
  facet normal -0.973895 0 0.227
    outer loop
      vertex 0.409111 22.8 22.8722
      vertex 0.426942 24.8 22.9487
      vertex 0.409111 24.8 22.8722
    endloop
  endfacet
  facet normal -0.973895 0 0.227
    outer loop
      vertex 0.426942 24.8 22.9487
      vertex 0.409111 22.8 22.8722
      vertex 0.426942 22.8 22.9487
    endloop
  endfacet
  facet normal 0.683687 0 -0.729775
    outer loop
      vertex -1.59853 22.8 24.0313
      vertex -1.54121 24.8 24.085
      vertex -1.54121 22.8 24.085
    endloop
  endfacet
  facet normal 0.683687 0 -0.729775
    outer loop
      vertex -1.54121 24.8 24.085
      vertex -1.59853 22.8 24.0313
      vertex -1.59853 24.8 24.0313
    endloop
  endfacet
  facet normal -0.999465 0 -0.0327086
    outer loop
      vertex 0.45 22.8 23.1828
      vertex 0.447431 24.8 23.2613
      vertex 0.45 24.8 23.1828
    endloop
  endfacet
  facet normal -0.999465 -0 -0.0327086
    outer loop
      vertex 0.447431 24.8 23.2613
      vertex 0.45 22.8 23.1828
      vertex 0.447431 22.8 23.2613
    endloop
  endfacet
  facet normal -0.226699 0 0.973965
    outer loop
      vertex -0.515891 24.8 22.0059
      vertex -0.439417 22.8 22.0237
      vertex -0.439417 24.8 22.0237
    endloop
  endfacet
  facet normal -0.226699 0 0.973965
    outer loop
      vertex -0.439417 22.8 22.0237
      vertex -0.515891 24.8 22.0059
      vertex -0.515891 22.8 22.0059
    endloop
  endfacet
  facet normal 0.471249 0 -0.882
    outer loop
      vertex -1.35 22.8 24.222
      vertex -1.28075 24.8 24.259
      vertex -1.28075 22.8 24.259
    endloop
  endfacet
  facet normal 0.471249 0 -0.882
    outer loop
      vertex -1.28075 24.8 24.259
      vertex -1.35 22.8 24.222
      vertex -1.35 24.8 24.222
    endloop
  endfacet
  facet normal 0.729783 -0 0.683678
    outer loop
      vertex -1.65221 22.8 22.3916
      vertex -1.59853 24.8 22.3343
      vertex -1.65221 24.8 22.3916
    endloop
  endfacet
  facet normal 0.729783 0 0.683678
    outer loop
      vertex -1.59853 24.8 22.3343
      vertex -1.65221 22.8 22.3916
      vertex -1.59853 22.8 22.3343
    endloop
  endfacet
  facet normal -0.634267 0 0.773114
    outer loop
      vertex -0.0194868 24.8 22.2308
      vertex 0.0412149 22.8 22.2806
      vertex 0.0412149 24.8 22.2806
    endloop
  endfacet
  facet normal -0.634267 0 0.773114
    outer loop
      vertex 0.0412149 22.8 22.2806
      vertex -0.0194868 24.8 22.2308
      vertex -0.0194868 22.8 22.2308
    endloop
  endfacet
  facet normal 0.882036 0 -0.471183
    outer loop
      vertex -1.78923 22.8 23.7828
      vertex -1.82625 24.8 23.7135
      vertex -1.78923 24.8 23.7828
    endloop
  endfacet
  facet normal 0.882036 0 -0.471183
    outer loop
      vertex -1.82625 24.8 23.7135
      vertex -1.78923 22.8 23.7828
      vertex -1.82625 22.8 23.7135
    endloop
  endfacet
  facet normal -0.472223 0 0.881479
    outer loop
      vertex -0.219253 24.8 22.1065
      vertex -0.15 22.8 22.1436
      vertex -0.15 24.8 22.1436
    endloop
  endfacet
  facet normal -0.472223 0 0.881479
    outer loop
      vertex -0.15 22.8 22.1436
      vertex -0.219253 24.8 22.1065
      vertex -0.219253 22.8 22.1065
    endloop
  endfacet
  facet normal -0.881768 0 0.471682
    outer loop
      vertex 0.28923 22.8 22.5828
      vertex 0.326247 24.8 22.652
      vertex 0.28923 24.8 22.5828
    endloop
  endfacet
  facet normal -0.881768 0 0.471682
    outer loop
      vertex 0.326247 24.8 22.652
      vertex 0.28923 22.8 22.5828
      vertex 0.326247 22.8 22.652
    endloop
  endfacet
  facet normal 0.412603 0 0.910911
    outer loop
      vertex -1.28075 24.8 22.1065
      vertex -1.20922 22.8 22.0741
      vertex -1.20922 24.8 22.0741
    endloop
  endfacet
  facet normal 0.412603 0 0.910911
    outer loop
      vertex -1.20922 22.8 22.0741
      vertex -1.28075 24.8 22.1065
      vertex -1.28075 22.8 22.1065
    endloop
  endfacet
  facet normal 0.582983 0 -0.812485
    outer loop
      vertex -1.48051 22.8 24.1348
      vertex -1.41668 24.8 24.1806
      vertex -1.41668 22.8 24.1806
    endloop
  endfacet
  facet normal 0.582983 0 -0.812485
    outer loop
      vertex -1.41668 24.8 24.1806
      vertex -1.48051 22.8 24.1348
      vertex -1.48051 24.8 24.1348
    endloop
  endfacet
  facet normal 0.0980586 0 -0.995181
    outer loop
      vertex -0.906631 22.8 24.3725
      vertex -0.828485 24.8 24.3802
      vertex -0.828485 22.8 24.3802
    endloop
  endfacet
  facet normal 0.0980586 0 -0.995181
    outer loop
      vertex -0.828485 24.8 24.3802
      vertex -0.906631 22.8 24.3725
      vertex -0.906631 24.8 24.3725
    endloop
  endfacet
  facet normal 0.634278 0 0.773105
    outer loop
      vertex -1.54121 24.8 22.2806
      vertex -1.48051 22.8 22.2308
      vertex -1.48051 24.8 22.2308
    endloop
  endfacet
  facet normal 0.634278 0 0.773105
    outer loop
      vertex -1.48051 22.8 22.2308
      vertex -1.54121 24.8 22.2806
      vertex -1.54121 22.8 22.2806
    endloop
  endfacet
  facet normal 0.999465 0 -0.0327213
    outer loop
      vertex -1.94743 22.8 23.2613
      vertex -1.95 24.8 23.1828
      vertex -1.94743 24.8 23.2613
    endloop
  endfacet
  facet normal 0.999465 0 -0.0327213
    outer loop
      vertex -1.95 24.8 23.1828
      vertex -1.94743 22.8 23.2613
      vertex -1.95 22.8 23.1828
    endloop
  endfacet
  facet normal -0.0980562 0 -0.995181
    outer loop
      vertex -0.671516 22.8 24.3802
      vertex -0.593368 24.8 24.3725
      vertex -0.593368 22.8 24.3725
    endloop
  endfacet
  facet normal -0.0980562 0 -0.995181
    outer loop
      vertex -0.593368 24.8 24.3725
      vertex -0.671516 22.8 24.3802
      vertex -0.671516 24.8 24.3802
    endloop
  endfacet
  facet normal -0.98665 0 -0.162855
    outer loop
      vertex 0.439734 22.8 23.3394
      vertex 0.426942 24.8 23.4169
      vertex 0.439734 24.8 23.3394
    endloop
  endfacet
  facet normal -0.98665 -0 -0.162855
    outer loop
      vertex 0.426942 24.8 23.4169
      vertex 0.439734 22.8 23.3394
      vertex 0.426942 22.8 23.4169
    endloop
  endfacet
  facet normal -0.634271 0 -0.773111
    outer loop
      vertex -0.0194866 22.8 24.1348
      vertex 0.0412145 24.8 24.085
      vertex 0.0412145 22.8 24.085
    endloop
  endfacet
  facet normal -0.634271 0 -0.773111
    outer loop
      vertex 0.0412145 24.8 24.085
      vertex -0.0194866 22.8 24.1348
      vertex -0.0194866 24.8 24.1348
    endloop
  endfacet
  facet normal -0.351572 0 0.936161
    outer loop
      vertex -0.364272 24.8 22.0465
      vertex -0.290779 22.8 22.0741
      vertex -0.290779 24.8 22.0741
    endloop
  endfacet
  facet normal -0.351572 0 0.936161
    outer loop
      vertex -0.290779 22.8 22.0741
      vertex -0.364272 24.8 22.0465
      vertex -0.364272 22.8 22.0465
    endloop
  endfacet
  facet normal 0.995175 0 -0.0981158
    outer loop
      vertex -1.93973 22.8 23.3394
      vertex -1.94743 24.8 23.2613
      vertex -1.93973 24.8 23.3394
    endloop
  endfacet
  facet normal 0.995175 0 -0.0981158
    outer loop
      vertex -1.94743 24.8 23.2613
      vertex -1.93973 22.8 23.3394
      vertex -1.94743 22.8 23.2613
    endloop
  endfacet
  facet normal 0.95691 -0 0.290386
    outer loop
      vertex -1.90911 22.8 22.8722
      vertex -1.88632 24.8 22.7971
      vertex -1.90911 24.8 22.8722
    endloop
  endfacet
  facet normal 0.95691 0 0.290386
    outer loop
      vertex -1.88632 24.8 22.7971
      vertex -1.90911 22.8 22.8722
      vertex -1.88632 22.8 22.7971
    endloop
  endfacet
  facet normal -0.290347 0 -0.956922
    outer loop
      vertex -0.439417 22.8 24.3419
      vertex -0.364273 24.8 24.3191
      vertex -0.364273 22.8 24.3191
    endloop
  endfacet
  facet normal -0.290347 0 -0.956922
    outer loop
      vertex -0.364273 24.8 24.3191
      vertex -0.439417 22.8 24.3419
      vertex -0.439417 24.8 24.3419
    endloop
  endfacet
  facet normal -0.226699 0 -0.973965
    outer loop
      vertex -0.515891 22.8 24.3597
      vertex -0.439417 24.8 24.3419
      vertex -0.439417 22.8 24.3419
    endloop
  endfacet
  facet normal -0.226699 0 -0.973965
    outer loop
      vertex -0.439417 24.8 24.3419
      vertex -0.515891 22.8 24.3597
      vertex -0.515891 24.8 24.3597
    endloop
  endfacet
  facet normal 0.683687 0 0.729775
    outer loop
      vertex -1.59853 24.8 22.3343
      vertex -1.54121 22.8 22.2806
      vertex -1.54121 24.8 22.2806
    endloop
  endfacet
  facet normal 0.683687 0 0.729775
    outer loop
      vertex -1.54121 22.8 22.2806
      vertex -1.59853 24.8 22.3343
      vertex -1.59853 22.8 22.3343
    endloop
  endfacet
  facet normal -0.973892 0 -0.227012
    outer loop
      vertex 0.426942 22.8 23.4169
      vertex 0.40911 24.8 23.4934
      vertex 0.426942 24.8 23.4169
    endloop
  endfacet
  facet normal -0.973892 -0 -0.227012
    outer loop
      vertex 0.40911 24.8 23.4934
      vertex 0.426942 22.8 23.4169
      vertex 0.40911 22.8 23.4934
    endloop
  endfacet
  facet normal 0.226705 0 -0.973964
    outer loop
      vertex -1.06058 22.8 24.3419
      vertex -0.984108 24.8 24.3597
      vertex -0.984108 22.8 24.3597
    endloop
  endfacet
  facet normal 0.226705 0 -0.973964
    outer loop
      vertex -0.984108 24.8 24.3597
      vertex -1.06058 22.8 24.3419
      vertex -1.06058 24.8 24.3419
    endloop
  endfacet
  facet normal 0.634278 0 -0.773105
    outer loop
      vertex -1.54121 22.8 24.085
      vertex -1.48051 24.8 24.1348
      vertex -1.48051 22.8 24.1348
    endloop
  endfacet
  facet normal 0.634278 0 -0.773105
    outer loop
      vertex -1.48051 24.8 24.1348
      vertex -1.54121 22.8 24.085
      vertex -1.54121 24.8 24.085
    endloop
  endfacet
  facet normal -0.729787 0 0.683674
    outer loop
      vertex 0.0985276 22.8 22.3343
      vertex 0.152207 24.8 22.3916
      vertex 0.0985276 24.8 22.3343
    endloop
  endfacet
  facet normal -0.729787 0 0.683674
    outer loop
      vertex 0.152207 24.8 22.3916
      vertex 0.0985276 22.8 22.3343
      vertex 0.152207 22.8 22.3916
    endloop
  endfacet
  facet normal 0.911062 -0 0.412268
    outer loop
      vertex -1.85865 22.8 22.7236
      vertex -1.82625 24.8 22.652
      vertex -1.85865 24.8 22.7236
    endloop
  endfacet
  facet normal 0.911062 0 0.412268
    outer loop
      vertex -1.82625 24.8 22.652
      vertex -1.85865 22.8 22.7236
      vertex -1.82625 22.8 22.652
    endloop
  endfacet
  facet normal -0.935916 0 -0.352223
    outer loop
      vertex 0.386316 22.8 23.5685
      vertex 0.358655 24.8 23.642
      vertex 0.386316 24.8 23.5685
    endloop
  endfacet
  facet normal -0.935916 -0 -0.352223
    outer loop
      vertex 0.358655 24.8 23.642
      vertex 0.386316 22.8 23.5685
      vertex 0.358655 22.8 23.642
    endloop
  endfacet
  facet normal -0.163001 0 0.986626
    outer loop
      vertex -0.593368 24.8 21.9931
      vertex -0.515891 22.8 22.0059
      vertex -0.515891 24.8 22.0059
    endloop
  endfacet
  facet normal -0.163001 0 0.986626
    outer loop
      vertex -0.515891 22.8 22.0059
      vertex -0.593368 24.8 21.9931
      vertex -0.593368 22.8 21.9931
    endloop
  endfacet
  facet normal 0.986654 0 -0.16283
    outer loop
      vertex -1.92694 22.8 23.4169
      vertex -1.93973 24.8 23.3394
      vertex -1.92694 24.8 23.4169
    endloop
  endfacet
  facet normal 0.986654 0 -0.16283
    outer loop
      vertex -1.93973 24.8 23.3394
      vertex -1.92694 22.8 23.4169
      vertex -1.93973 22.8 23.3394
    endloop
  endfacet
  facet normal -0.412622 0 0.910902
    outer loop
      vertex -0.290779 24.8 22.0741
      vertex -0.219253 22.8 22.1065
      vertex -0.219253 24.8 22.1065
    endloop
  endfacet
  facet normal -0.412622 0 0.910902
    outer loop
      vertex -0.219253 22.8 22.1065
      vertex -0.290779 24.8 22.0741
      vertex -0.290779 22.8 22.0741
    endloop
  endfacet
  facet normal 0.0331092 0 0.999452
    outer loop
      vertex -0.828484 24.8 21.9854
      vertex -0.749999 22.8 21.9828
      vertex -0.749999 24.8 21.9828
    endloop
  endfacet
  facet normal 0.0331092 0 0.999452
    outer loop
      vertex -0.749999 22.8 21.9828
      vertex -0.828484 24.8 21.9854
      vertex -0.828484 22.8 21.9854
    endloop
  endfacet
  facet normal 0.773043 -0 0.634354
    outer loop
      vertex -1.70202 22.8 22.4523
      vertex -1.65221 24.8 22.3916
      vertex -1.70202 24.8 22.4523
    endloop
  endfacet
  facet normal 0.773043 0 0.634354
    outer loop
      vertex -1.65221 24.8 22.3916
      vertex -1.70202 22.8 22.4523
      vertex -1.65221 22.8 22.3916
    endloop
  endfacet
  facet normal -0.93592 0 0.352212
    outer loop
      vertex 0.358656 22.8 22.7236
      vertex 0.386316 24.8 22.7971
      vertex 0.358656 24.8 22.7236
    endloop
  endfacet
  facet normal -0.93592 0 0.352212
    outer loop
      vertex 0.386316 24.8 22.7971
      vertex 0.358656 22.8 22.7236
      vertex 0.386316 22.8 22.7971
    endloop
  endfacet
  facet normal 0.0331092 0 -0.999452
    outer loop
      vertex -0.828485 22.8 24.3802
      vertex -0.75 24.8 24.3828
      vertex -0.75 22.8 24.3828
    endloop
  endfacet
  facet normal 0.0331092 0 -0.999452
    outer loop
      vertex -0.75 24.8 24.3828
      vertex -0.828485 22.8 24.3802
      vertex -0.828485 24.8 24.3802
    endloop
  endfacet
  facet normal 0.3527 0 -0.935737
    outer loop
      vertex -1.20922 22.8 24.2914
      vertex -1.13573 24.8 24.3191
      vertex -1.13573 22.8 24.3191
    endloop
  endfacet
  facet normal 0.3527 0 -0.935737
    outer loop
      vertex -1.13573 24.8 24.3191
      vertex -1.20922 22.8 24.2914
      vertex -1.20922 24.8 24.2914
    endloop
  endfacet
  facet normal -0.911019 0 0.412364
    outer loop
      vertex 0.326247 22.8 22.652
      vertex 0.358656 24.8 22.7236
      vertex 0.326247 24.8 22.652
    endloop
  endfacet
  facet normal -0.911019 0 0.412364
    outer loop
      vertex 0.358656 24.8 22.7236
      vertex 0.326247 22.8 22.652
      vertex 0.358656 22.8 22.7236
    endloop
  endfacet
  facet normal 0.999465 -0 0.0327213
    outer loop
      vertex -1.95 22.8 23.1828
      vertex -1.94743 24.8 23.1043
      vertex -1.95 24.8 23.1828
    endloop
  endfacet
  facet normal 0.999465 0 0.0327213
    outer loop
      vertex -1.94743 24.8 23.1043
      vertex -1.95 22.8 23.1828
      vertex -1.94743 22.8 23.1043
    endloop
  endfacet
  facet normal 0.995175 -0 0.0981158
    outer loop
      vertex -1.94743 22.8 23.1043
      vertex -1.93973 24.8 23.0262
      vertex -1.94743 24.8 23.1043
    endloop
  endfacet
  facet normal 0.995175 0 0.0981158
    outer loop
      vertex -1.93973 24.8 23.0262
      vertex -1.94743 22.8 23.1043
      vertex -1.93973 22.8 23.0262
    endloop
  endfacet
  facet normal 0.472239 0 0.881471
    outer loop
      vertex -1.35 24.8 22.1436
      vertex -1.28075 22.8 22.1065
      vertex -1.28075 24.8 22.1065
    endloop
  endfacet
  facet normal 0.472239 0 0.881471
    outer loop
      vertex -1.28075 22.8 22.1065
      vertex -1.35 24.8 22.1436
      vertex -1.35 22.8 22.1436
    endloop
  endfacet
  facet normal 0.849241 -0 0.528006
    outer loop
      vertex -1.78923 22.8 22.5828
      vertex -1.74776 24.8 22.5161
      vertex -1.78923 24.8 22.5828
    endloop
  endfacet
  facet normal 0.849241 0 0.528006
    outer loop
      vertex -1.74776 24.8 22.5161
      vertex -1.78923 22.8 22.5828
      vertex -1.74776 22.8 22.5161
    endloop
  endfacet
  facet normal 0.986654 -0 0.16283
    outer loop
      vertex -1.93973 22.8 23.0262
      vertex -1.92694 24.8 22.9487
      vertex -1.93973 24.8 23.0262
    endloop
  endfacet
  facet normal 0.986654 0 0.16283
    outer loop
      vertex -1.92694 24.8 22.9487
      vertex -1.93973 22.8 23.0262
      vertex -1.92694 22.8 22.9487
    endloop
  endfacet
  facet normal 0.501718 -1.94144e-05 -0.865031
    outer loop
      vertex 18.1713 -14.6129 32.3634
      vertex 18.1865 -13.9 32.3722
      vertex 18.1915 -13.9 32.3751
    endloop
  endfacet
  facet normal 0.501718 -1.94144e-05 -0.865031
    outer loop
      vertex 18.1713 -14.6129 32.3634
      vertex 18.1663 -14.6129 32.3605
      vertex 18.1865 -13.9 32.3722
    endloop
  endfacet
  facet normal 0.501718 -0.000231552 -0.865031
    outer loop
      vertex 18.1108 -15.3227 32.3285
      vertex 18.1663 -14.6129 32.3605
      vertex 18.1713 -14.6129 32.3634
    endloop
  endfacet
  facet normal 0.501718 -0.000231552 -0.865031
    outer loop
      vertex 18.1108 -15.3227 32.3285
      vertex 18.1058 -15.3227 32.3256
      vertex 18.1663 -14.6129 32.3605
    endloop
  endfacet
  facet normal 0.501718 -0.000304813 -0.865031
    outer loop
      vertex 18.0102 -16.0265 32.2704
      vertex 18.1058 -15.3227 32.3256
      vertex 18.1108 -15.3227 32.3285
    endloop
  endfacet
  facet normal 0.494302 0.00103655 -0.86929
    outer loop
      vertex 18.0102 -16.0265 32.2704
      vertex 18.0051 -16.0265 32.2675
      vertex 18.1058 -15.3227 32.3256
    endloop
  endfacet
  facet normal 0.494302 0.00152879 -0.869289
    outer loop
      vertex 17.8699 -16.7211 32.1894
      vertex 18.0051 -16.0265 32.2675
      vertex 18.0102 -16.0265 32.2704
    endloop
  endfacet
  facet normal 0.501718 -0.000393536 -0.865031
    outer loop
      vertex 17.8699 -16.7211 32.1894
      vertex 17.8649 -16.7211 32.1865
      vertex 18.0051 -16.0265 32.2675
    endloop
  endfacet
  facet normal 0.501718 -0.000626026 -0.865031
    outer loop
      vertex 17.6906 -17.4037 32.0859
      vertex 17.8649 -16.7211 32.1865
      vertex 17.8699 -16.7211 32.1894
    endloop
  endfacet
  facet normal 0.494301 0.00189526 -0.869289
    outer loop
      vertex 17.6906 -17.4037 32.0859
      vertex 17.6855 -17.4037 32.083
      vertex 17.8649 -16.7211 32.1865
    endloop
  endfacet
  facet normal 0.494301 0.0025612 -0.869287
    outer loop
      vertex 17.473 -18.0712 31.9602
      vertex 17.6855 -17.4037 32.083
      vertex 17.6906 -17.4037 32.0859
    endloop
  endfacet
  facet normal 0.501718 -0.000583167 -0.865031
    outer loop
      vertex 17.473 -18.0712 31.9602
      vertex 17.468 -18.0712 31.9573
      vertex 17.6855 -17.4037 32.083
    endloop
  endfacet
  facet normal 0.501718 -0.000932002 -0.865031
    outer loop
      vertex 17.218 -18.7209 31.813
      vertex 17.468 -18.0712 31.9573
      vertex 17.473 -18.0712 31.9602
    endloop
  endfacet
  facet normal 0.488595 0.00577453 -0.872491
    outer loop
      vertex 17.218 -18.7209 31.813
      vertex 17.213 -18.7209 31.8102
      vertex 17.468 -18.0712 31.9573
    endloop
  endfacet
  facet normal 0.488591 0.00705088 -0.872484
    outer loop
      vertex 16.9269 -19.35 31.6449
      vertex 17.213 -18.7209 31.8102
      vertex 17.218 -18.7209 31.813
    endloop
  endfacet
  facet normal 0.494299 0.00361433 -0.869284
    outer loop
      vertex 16.9269 -19.35 31.6449
      vertex 16.9218 -19.35 31.642
      vertex 17.213 -18.7209 31.8102
    endloop
  endfacet
  facet normal 0.494298 0.00403818 -0.869283
    outer loop
      vertex 16.6007 -19.9557 31.4566
      vertex 16.9218 -19.35 31.642
      vertex 16.9269 -19.35 31.6449
    endloop
  endfacet
  facet normal 0.494298 0.00403818 -0.869283
    outer loop
      vertex 16.6007 -19.9557 31.4566
      vertex 16.5956 -19.9557 31.4537
      vertex 16.9218 -19.35 31.642
    endloop
  endfacet
  facet normal 0.494297 0.00457427 -0.869281
    outer loop
      vertex 16.2408 -20.5355 31.2489
      vertex 16.5956 -19.9557 31.4537
      vertex 16.6007 -19.9557 31.4566
    endloop
  endfacet
  facet normal 0.501718 -0.00146807 -0.86503
    outer loop
      vertex 16.2408 -20.5355 31.2489
      vertex 16.2358 -20.5355 31.246
      vertex 16.5956 -19.9557 31.4537
    endloop
  endfacet
  facet normal 0.501718 -0.00148094 -0.86503
    outer loop
      vertex 15.849 -21.0869 31.0226
      vertex 16.2358 -20.5355 31.246
      vertex 16.2408 -20.5355 31.2489
    endloop
  endfacet
  facet normal 0.501718 -0.00148094 -0.86503
    outer loop
      vertex 15.849 -21.0869 31.0226
      vertex 15.844 -21.0869 31.0197
      vertex 16.2358 -20.5355 31.246
    endloop
  endfacet
  facet normal 0.501717 -0.00188426 -0.86503
    outer loop
      vertex 15.4267 -21.6075 30.7788
      vertex 15.844 -21.0869 31.0197
      vertex 15.849 -21.0869 31.0226
    endloop
  endfacet
  facet normal 0.501717 -0.00188426 -0.86503
    outer loop
      vertex 15.4267 -21.6075 30.7788
      vertex 15.4217 -21.6075 30.7759
      vertex 15.844 -21.0869 31.0197
    endloop
  endfacet
  facet normal 0.501717 -0.00206542 -0.865029
    outer loop
      vertex 14.9759 -22.095 30.5185
      vertex 15.4217 -21.6075 30.7759
      vertex 15.4267 -21.6075 30.7788
    endloop
  endfacet
  facet normal 0.501717 -0.00206542 -0.865029
    outer loop
      vertex 14.9759 -22.095 30.5185
      vertex 14.9709 -22.095 30.5156
      vertex 15.4217 -21.6075 30.7759
    endloop
  endfacet
  facet normal 0.501717 -0.00238958 -0.865029
    outer loop
      vertex 14.4984 -22.5475 30.2428
      vertex 14.9709 -22.095 30.5156
      vertex 14.9759 -22.095 30.5185
    endloop
  endfacet
  facet normal 0.494287 0.00792139 -0.869263
    outer loop
      vertex 14.4984 -22.5475 30.2428
      vertex 14.4933 -22.5475 30.2399
      vertex 14.9709 -22.095 30.5156
    endloop
  endfacet
  facet normal 0.494282 0.00906973 -0.869254
    outer loop
      vertex 13.9962 -22.963 29.9529
      vertex 14.4933 -22.5475 30.2399
      vertex 14.4984 -22.5475 30.2428
    endloop
  endfacet
  facet normal 0.488523 0.0181065 -0.872363
    outer loop
      vertex 13.9962 -22.963 29.9529
      vertex 13.9912 -22.963 29.9501
      vertex 14.4933 -22.5475 30.2399
    endloop
  endfacet
  facet normal 0.488495 0.0210263 -0.872313
    outer loop
      vertex 13.4717 -23.3397 29.6501
      vertex 13.9912 -22.963 29.9501
      vertex 13.9962 -22.963 29.9529
    endloop
  endfacet
  facet normal 0.501716 -0.00300819 -0.865027
    outer loop
      vertex 13.4717 -23.3397 29.6501
      vertex 13.4667 -23.3397 29.6472
      vertex 13.9912 -22.963 29.9501
    endloop
  endfacet
  facet normal 0.501714 -0.00381825 -0.865025
    outer loop
      vertex 12.9269 -23.6759 29.3356
      vertex 13.4667 -23.3397 29.6472
      vertex 13.4717 -23.3397 29.6501
    endloop
  endfacet
  facet normal 0.501714 -0.00381825 -0.865025
    outer loop
      vertex 12.9269 -23.6759 29.3356
      vertex 12.9219 -23.6759 29.3327
      vertex 13.4667 -23.3397 29.6472
    endloop
  endfacet
  facet normal 0.501714 -0.00413707 -0.865024
    outer loop
      vertex 12.3643 -23.9703 29.0107
      vertex 12.9219 -23.6759 29.3327
      vertex 12.9269 -23.6759 29.3356
    endloop
  endfacet
  facet normal 0.501714 -0.00413707 -0.865024
    outer loop
      vertex 12.3643 -23.9703 29.0107
      vertex 12.3593 -23.9703 29.0078
      vertex 12.9219 -23.6759 29.3327
    endloop
  endfacet
  facet normal 0.501711 -0.00535816 -0.865019
    outer loop
      vertex 11.7861 -24.2215 28.6769
      vertex 12.3593 -23.9703 29.0078
      vertex 12.3643 -23.9703 29.0107
    endloop
  endfacet
  facet normal 0.501711 -0.00535816 -0.865019
    outer loop
      vertex 11.7861 -24.2215 28.6769
      vertex 11.7811 -24.2215 28.674
      vertex 12.3593 -23.9703 29.0078
    endloop
  endfacet
  facet normal 0.501706 -0.00684156 -0.865011
    outer loop
      vertex 11.195 -24.4286 28.3357
      vertex 11.7811 -24.2215 28.674
      vertex 11.7861 -24.2215 28.6769
    endloop
  endfacet
  facet normal 0.501706 -0.00684156 -0.865011
    outer loop
      vertex 11.195 -24.4286 28.3357
      vertex 11.19 -24.4286 28.3328
      vertex 11.7811 -24.2215 28.674
    endloop
  endfacet
  facet normal 0.501701 -0.00816383 -0.865002
    outer loop
      vertex 10.5934 -24.5905 27.9883
      vertex 11.19 -24.4286 28.3328
      vertex 11.195 -24.4286 28.3357
    endloop
  endfacet
  facet normal 0.501701 -0.00816383 -0.865002
    outer loop
      vertex 10.5934 -24.5905 27.9883
      vertex 10.5884 -24.5905 27.9854
      vertex 11.19 -24.4286 28.3328
    endloop
  endfacet
  facet normal 0.501679 -0.0124266 -0.864964
    outer loop
      vertex 9.98397 -24.7067 27.6365
      vertex 10.5884 -24.5905 27.9854
      vertex 10.5934 -24.5905 27.9883
    endloop
  endfacet
  facet normal 0.500955 -0.00722191 -0.865443
    outer loop
      vertex 9.98397 -24.7067 27.6365
      vertex 9.97896 -24.7067 27.6336
      vertex 10.5884 -24.5905 27.9854
    endloop
  endfacet
  facet normal 0.500941 -0.0103544 -0.865419
    outer loop
      vertex 9.36923 -24.7767 27.2815
      vertex 9.97896 -24.7067 27.6336
      vertex 9.98397 -24.7067 27.6365
    endloop
  endfacet
  facet normal 0.484354 0.131606 -0.864917
    outer loop
      vertex 9.36923 -24.7767 27.2815
      vertex 9.36423 -24.7767 27.2787
      vertex 9.97896 -24.7067 27.6336
    endloop
  endfacet
  facet normal 0.453743 0.370951 -0.810255
    outer loop
      vertex 8.75185 -24.8 26.9251
      vertex 9.36423 -24.7767 27.2787
      vertex 9.36923 -24.7767 27.2815
    endloop
  endfacet
  facet normal 0.500706 -0.0323528 -0.865013
    outer loop
      vertex 9.36423 -24.7767 27.2787
      vertex 8.75185 -24.8 26.9251
      vertex 8.74684 -24.8 26.9222
    endloop
  endfacet
  facet normal 0.501718 1.94144e-05 -0.865031
    outer loop
      vertex 18.1865 13.9 32.3722
      vertex 18.1713 14.6129 32.3634
      vertex 18.1915 13.9 32.3751
    endloop
  endfacet
  facet normal 0.501718 1.94144e-05 -0.865031
    outer loop
      vertex 18.1663 14.6129 32.3605
      vertex 18.1713 14.6129 32.3634
      vertex 18.1865 13.9 32.3722
    endloop
  endfacet
  facet normal 0.501718 0.000231552 -0.865031
    outer loop
      vertex 18.1663 14.6129 32.3605
      vertex 18.1108 15.3227 32.3285
      vertex 18.1713 14.6129 32.3634
    endloop
  endfacet
  facet normal 0.501718 0.000231552 -0.865031
    outer loop
      vertex 18.1058 15.3227 32.3256
      vertex 18.1108 15.3227 32.3285
      vertex 18.1663 14.6129 32.3605
    endloop
  endfacet
  facet normal 0.501718 0.000304813 -0.865031
    outer loop
      vertex 18.1058 15.3227 32.3256
      vertex 18.0102 16.0265 32.2704
      vertex 18.1108 15.3227 32.3285
    endloop
  endfacet
  facet normal 0.494302 -0.00103655 -0.86929
    outer loop
      vertex 18.0051 16.0265 32.2675
      vertex 18.0102 16.0265 32.2704
      vertex 18.1058 15.3227 32.3256
    endloop
  endfacet
  facet normal 0.494302 -0.00152879 -0.869289
    outer loop
      vertex 18.0051 16.0265 32.2675
      vertex 17.8699 16.7211 32.1894
      vertex 18.0102 16.0265 32.2704
    endloop
  endfacet
  facet normal 0.501718 0.000393536 -0.865031
    outer loop
      vertex 17.8649 16.7211 32.1865
      vertex 17.8699 16.7211 32.1894
      vertex 18.0051 16.0265 32.2675
    endloop
  endfacet
  facet normal 0.501718 0.000626026 -0.865031
    outer loop
      vertex 17.8649 16.7211 32.1865
      vertex 17.6906 17.4037 32.0859
      vertex 17.8699 16.7211 32.1894
    endloop
  endfacet
  facet normal 0.494301 -0.00189526 -0.869289
    outer loop
      vertex 17.6855 17.4037 32.083
      vertex 17.6906 17.4037 32.0859
      vertex 17.8649 16.7211 32.1865
    endloop
  endfacet
  facet normal 0.494301 -0.0025612 -0.869287
    outer loop
      vertex 17.6855 17.4037 32.083
      vertex 17.473 18.0712 31.9602
      vertex 17.6906 17.4037 32.0859
    endloop
  endfacet
  facet normal 0.501718 0.000583167 -0.865031
    outer loop
      vertex 17.468 18.0712 31.9573
      vertex 17.473 18.0712 31.9602
      vertex 17.6855 17.4037 32.083
    endloop
  endfacet
  facet normal 0.501718 0.000932002 -0.865031
    outer loop
      vertex 17.468 18.0712 31.9573
      vertex 17.218 18.7209 31.813
      vertex 17.473 18.0712 31.9602
    endloop
  endfacet
  facet normal 0.488595 -0.00577453 -0.872491
    outer loop
      vertex 17.213 18.7209 31.8102
      vertex 17.218 18.7209 31.813
      vertex 17.468 18.0712 31.9573
    endloop
  endfacet
  facet normal 0.488591 -0.00705088 -0.872484
    outer loop
      vertex 17.213 18.7209 31.8102
      vertex 16.9269 19.35 31.6449
      vertex 17.218 18.7209 31.813
    endloop
  endfacet
  facet normal 0.494299 -0.00361433 -0.869284
    outer loop
      vertex 16.9218 19.35 31.642
      vertex 16.9269 19.35 31.6449
      vertex 17.213 18.7209 31.8102
    endloop
  endfacet
  facet normal 0.494298 -0.00403818 -0.869283
    outer loop
      vertex 16.9218 19.35 31.642
      vertex 16.6007 19.9557 31.4566
      vertex 16.9269 19.35 31.6449
    endloop
  endfacet
  facet normal 0.494298 -0.00403818 -0.869283
    outer loop
      vertex 16.5956 19.9557 31.4537
      vertex 16.6007 19.9557 31.4566
      vertex 16.9218 19.35 31.642
    endloop
  endfacet
  facet normal 0.494297 -0.00457427 -0.869281
    outer loop
      vertex 16.5956 19.9557 31.4537
      vertex 16.2408 20.5355 31.2489
      vertex 16.6007 19.9557 31.4566
    endloop
  endfacet
  facet normal 0.501718 0.00146807 -0.86503
    outer loop
      vertex 16.2358 20.5355 31.246
      vertex 16.2408 20.5355 31.2489
      vertex 16.5956 19.9557 31.4537
    endloop
  endfacet
  facet normal 0.501718 0.00148094 -0.86503
    outer loop
      vertex 16.2358 20.5355 31.246
      vertex 15.849 21.0869 31.0226
      vertex 16.2408 20.5355 31.2489
    endloop
  endfacet
  facet normal 0.501718 0.00148094 -0.86503
    outer loop
      vertex 15.844 21.0869 31.0197
      vertex 15.849 21.0869 31.0226
      vertex 16.2358 20.5355 31.246
    endloop
  endfacet
  facet normal 0.501717 0.00188426 -0.86503
    outer loop
      vertex 15.844 21.0869 31.0197
      vertex 15.4267 21.6075 30.7788
      vertex 15.849 21.0869 31.0226
    endloop
  endfacet
  facet normal 0.501717 0.00188426 -0.86503
    outer loop
      vertex 15.4217 21.6075 30.7759
      vertex 15.4267 21.6075 30.7788
      vertex 15.844 21.0869 31.0197
    endloop
  endfacet
  facet normal 0.501717 0.00206542 -0.865029
    outer loop
      vertex 15.4217 21.6075 30.7759
      vertex 14.9759 22.095 30.5185
      vertex 15.4267 21.6075 30.7788
    endloop
  endfacet
  facet normal 0.501717 0.00206542 -0.865029
    outer loop
      vertex 14.9709 22.095 30.5156
      vertex 14.9759 22.095 30.5185
      vertex 15.4217 21.6075 30.7759
    endloop
  endfacet
  facet normal 0.501717 0.00238958 -0.865029
    outer loop
      vertex 14.9709 22.095 30.5156
      vertex 14.4984 22.5475 30.2428
      vertex 14.9759 22.095 30.5185
    endloop
  endfacet
  facet normal 0.494287 -0.00792139 -0.869263
    outer loop
      vertex 14.4933 22.5475 30.2399
      vertex 14.4984 22.5475 30.2428
      vertex 14.9709 22.095 30.5156
    endloop
  endfacet
  facet normal 0.494282 -0.00906973 -0.869254
    outer loop
      vertex 14.4933 22.5475 30.2399
      vertex 13.9962 22.963 29.9529
      vertex 14.4984 22.5475 30.2428
    endloop
  endfacet
  facet normal 0.488523 -0.0181065 -0.872363
    outer loop
      vertex 13.9912 22.963 29.9501
      vertex 13.9962 22.963 29.9529
      vertex 14.4933 22.5475 30.2399
    endloop
  endfacet
  facet normal 0.488495 -0.0210263 -0.872313
    outer loop
      vertex 13.9912 22.963 29.9501
      vertex 13.4717 23.3397 29.6501
      vertex 13.9962 22.963 29.9529
    endloop
  endfacet
  facet normal 0.501716 0.00300819 -0.865027
    outer loop
      vertex 13.4667 23.3397 29.6472
      vertex 13.4717 23.3397 29.6501
      vertex 13.9912 22.963 29.9501
    endloop
  endfacet
  facet normal 0.501714 0.00381825 -0.865025
    outer loop
      vertex 13.4667 23.3397 29.6472
      vertex 12.9269 23.6759 29.3356
      vertex 13.4717 23.3397 29.6501
    endloop
  endfacet
  facet normal 0.501714 0.00381825 -0.865025
    outer loop
      vertex 12.9219 23.6759 29.3327
      vertex 12.9269 23.6759 29.3356
      vertex 13.4667 23.3397 29.6472
    endloop
  endfacet
  facet normal 0.501714 0.00413707 -0.865024
    outer loop
      vertex 12.9219 23.6759 29.3327
      vertex 12.3643 23.9703 29.0107
      vertex 12.9269 23.6759 29.3356
    endloop
  endfacet
  facet normal 0.501714 0.00413707 -0.865024
    outer loop
      vertex 12.3593 23.9703 29.0078
      vertex 12.3643 23.9703 29.0107
      vertex 12.9219 23.6759 29.3327
    endloop
  endfacet
  facet normal 0.501711 0.00535816 -0.865019
    outer loop
      vertex 12.3593 23.9703 29.0078
      vertex 11.7861 24.2215 28.6769
      vertex 12.3643 23.9703 29.0107
    endloop
  endfacet
  facet normal 0.501711 0.00535816 -0.865019
    outer loop
      vertex 11.7811 24.2215 28.674
      vertex 11.7861 24.2215 28.6769
      vertex 12.3593 23.9703 29.0078
    endloop
  endfacet
  facet normal 0.501706 0.00684156 -0.865011
    outer loop
      vertex 11.7811 24.2215 28.674
      vertex 11.195 24.4286 28.3357
      vertex 11.7861 24.2215 28.6769
    endloop
  endfacet
  facet normal 0.501706 0.00684156 -0.865011
    outer loop
      vertex 11.19 24.4286 28.3328
      vertex 11.195 24.4286 28.3357
      vertex 11.7811 24.2215 28.674
    endloop
  endfacet
  facet normal 0.501701 0.00816383 -0.865002
    outer loop
      vertex 11.19 24.4286 28.3328
      vertex 10.5934 24.5905 27.9883
      vertex 11.195 24.4286 28.3357
    endloop
  endfacet
  facet normal 0.501701 0.00816383 -0.865002
    outer loop
      vertex 10.5884 24.5905 27.9854
      vertex 10.5934 24.5905 27.9883
      vertex 11.19 24.4286 28.3328
    endloop
  endfacet
  facet normal 0.501679 0.0124266 -0.864964
    outer loop
      vertex 10.5884 24.5905 27.9854
      vertex 9.98397 24.7067 27.6365
      vertex 10.5934 24.5905 27.9883
    endloop
  endfacet
  facet normal 0.500955 0.00722191 -0.865443
    outer loop
      vertex 9.97896 24.7067 27.6336
      vertex 9.98397 24.7067 27.6365
      vertex 10.5884 24.5905 27.9854
    endloop
  endfacet
  facet normal 0.500941 0.0103544 -0.865419
    outer loop
      vertex 9.97896 24.7067 27.6336
      vertex 9.36923 24.7767 27.2815
      vertex 9.98397 24.7067 27.6365
    endloop
  endfacet
  facet normal 0.484354 -0.131606 -0.864917
    outer loop
      vertex 9.36423 24.7767 27.2787
      vertex 9.36923 24.7767 27.2815
      vertex 9.97896 24.7067 27.6336
    endloop
  endfacet
  facet normal 0.453743 -0.370951 -0.810255
    outer loop
      vertex 9.36423 24.7767 27.2787
      vertex 8.75185 24.8 26.9251
      vertex 9.36923 24.7767 27.2815
    endloop
  endfacet
  facet normal 0.500706 0.0323528 -0.865013
    outer loop
      vertex 8.75185 24.8 26.9251
      vertex 9.36423 24.7767 27.2787
      vertex 8.74684 24.8 26.9222
    endloop
  endfacet
  facet normal -0.499978 8.82359e-05 0.866038
    outer loop
      vertex 14.8885 15.0617 33.9438
      vertex 16.6663 14.6129 34.9702
      vertex 16.6058 15.3227 34.9352
    endloop
  endfacet
  facet normal -0.500003 2.23016e-05 0.866024
    outer loop
      vertex 14.8064 15.6363 33.8963
      vertex 16.6058 15.3227 34.9352
      vertex 16.5052 16.0265 34.8771
    endloop
  endfacet
  facet normal -0.499976 3.73839e-06 0.866039
    outer loop
      vertex 14.6918 16.2035 33.8302
      vertex 16.5052 16.0265 34.8771
      vertex 16.3649 16.7211 34.7961
    endloop
  endfacet
  facet normal -0.499969 -1.29534e-05 0.866044
    outer loop
      vertex 14.5454 16.7608 33.7457
      vertex 16.3649 16.7211 34.7961
      vertex 16.1856 17.4037 34.6926
    endloop
  endfacet
  facet normal -0.499996 -3.89433e-05 0.866028
    outer loop
      vertex 14.3678 17.3059 33.6431
      vertex 16.1856 17.4037 34.6926
      vertex 15.968 18.0712 34.567
    endloop
  endfacet
  facet normal -0.500004 -3.43803e-05 0.866023
    outer loop
      vertex 14.1596 17.8364 33.5229
      vertex 15.968 18.0712 34.567
      vertex 15.713 18.7209 34.4198
    endloop
  endfacet
  facet normal -0.500023 3.163e-05 0.866012
    outer loop
      vertex 13.9218 18.35 33.3856
      vertex 15.713 18.7209 34.4198
      vertex 15.4219 19.35 34.2517
    endloop
  endfacet
  facet normal -0.500008 9.18784e-05 0.866021
    outer loop
      vertex 13.6555 18.8446 33.2319
      vertex 15.4219 19.35 34.2517
      vertex 15.0957 19.9557 34.0633
    endloop
  endfacet
  facet normal -0.499969 -2.64659e-05 0.866043
    outer loop
      vertex 16.3649 16.7211 34.7961
      vertex 14.5454 16.7608 33.7457
      vertex 14.6918 16.2035 33.8302
    endloop
  endfacet
  facet normal -0.500011 -3.9513e-05 0.866019
    outer loop
      vertex 16.6865 13.9 34.9818
      vertex 14.938 14.4821 33.9723
      vertex 14.9545 13.9 33.9818
    endloop
  endfacet
  facet normal -0.50002 -7.66597e-05 0.866014
    outer loop
      vertex 16.6663 14.6129 34.9702
      vertex 14.938 14.4821 33.9723
      vertex 16.6865 13.9 34.9818
    endloop
  endfacet
  facet normal -0.500018 -0.000119827 0.866015
    outer loop
      vertex 16.6663 14.6129 34.9702
      vertex 14.8885 15.0617 33.9438
      vertex 14.938 14.4821 33.9723
    endloop
  endfacet
  facet normal -0.499932 -7.58142e-05 0.866065
    outer loop
      vertex 13.3617 19.318 33.0623
      vertex 15.0957 19.9557 34.0633
      vertex 14.7358 20.5355 33.8556
    endloop
  endfacet
  facet normal -0.499986 0.000152739 0.866034
    outer loop
      vertex 16.6058 15.3227 34.9352
      vertex 14.8064 15.6363 33.8963
      vertex 14.8885 15.0617 33.9438
    endloop
  endfacet
  facet normal -0.499983 -9.3623e-05 0.866035
    outer loop
      vertex 16.5052 16.0265 34.8771
      vertex 14.6918 16.2035 33.8302
      vertex 14.8064 15.6363 33.8963
    endloop
  endfacet
  facet normal -0.500001 9.88464e-05 0.866025
    outer loop
      vertex 16.1856 17.4037 34.6926
      vertex 14.3678 17.3059 33.6431
      vertex 14.5454 16.7608 33.7457
    endloop
  endfacet
  facet normal -0.500001 -9.93146e-06 0.866025
    outer loop
      vertex 13.0417 19.7682 32.8775
      vertex 14.7358 20.5355 33.8556
      vertex 14.344 21.0869 33.6294
    endloop
  endfacet
  facet normal -0.500006 -1.02558e-05 0.866022
    outer loop
      vertex 15.968 18.0712 34.567
      vertex 14.1596 17.8364 33.5229
      vertex 14.3678 17.3059 33.6431
    endloop
  endfacet
  facet normal -0.500018 -8.59005e-07 0.866015
    outer loop
      vertex 15.713 18.7209 34.4198
      vertex 13.9218 18.35 33.3856
      vertex 14.1596 17.8364 33.5229
    endloop
  endfacet
  facet normal -0.499994 -1.85642e-05 0.866029
    outer loop
      vertex 12.697 20.1932 32.6785
      vertex 14.344 21.0869 33.6294
      vertex 13.9217 21.6075 33.3856
    endloop
  endfacet
  facet normal -0.499974 -6.6191e-05 0.86604
    outer loop
      vertex 15.4219 19.35 34.2517
      vertex 13.6555 18.8446 33.2319
      vertex 13.9218 18.35 33.3856
    endloop
  endfacet
  facet normal -0.500026 2.18222e-05 0.86601
    outer loop
      vertex 12.3288 20.5914 32.4659
      vertex 13.9217 21.6075 33.3856
      vertex 13.4709 22.095 33.1253
    endloop
  endfacet
  facet normal -0.499951 -6.35647e-06 0.866054
    outer loop
      vertex 15.0957 19.9557 34.0633
      vertex 13.3617 19.318 33.0623
      vertex 13.6555 18.8446 33.2319
    endloop
  endfacet
  facet normal -0.500027 6.67232e-05 0.86601
    outer loop
      vertex 14.7358 20.5355 33.8556
      vertex 13.0417 19.7682 32.8775
      vertex 13.3617 19.318 33.0623
    endloop
  endfacet
  facet normal -0.500023 -2.74932e-06 0.866012
    outer loop
      vertex 11.939 20.9608 32.2408
      vertex 13.4709 22.095 33.1253
      vertex 12.9934 22.5475 32.8496
    endloop
  endfacet
  facet normal -0.499994 -1.90984e-05 0.866029
    outer loop
      vertex 14.344 21.0869 33.6294
      vertex 12.697 20.1932 32.6785
      vertex 13.0417 19.7682 32.8775
    endloop
  endfacet
  facet normal -0.499976 -5.64828e-05 0.866039
    outer loop
      vertex 11.529 21.3001 32.0041
      vertex 12.9934 22.5475 32.8496
      vertex 12.4912 22.963 32.5597
    endloop
  endfacet
  facet normal -0.500023 1.45993e-05 0.866012
    outer loop
      vertex 13.9217 21.6075 33.3856
      vertex 12.3288 20.5914 32.4659
      vertex 12.697 20.1932 32.6785
    endloop
  endfacet
  facet normal -0.500076 4.30638e-05 0.865982
    outer loop
      vertex 11.1007 21.6076 31.7568
      vertex 12.4912 22.963 32.5597
      vertex 11.9667 23.3397 32.2568
    endloop
  endfacet
  facet normal -0.500049 4.51816e-05 0.865997
    outer loop
      vertex 13.4709 22.095 33.1253
      vertex 11.939 20.9608 32.2408
      vertex 12.3288 20.5914 32.4659
    endloop
  endfacet
  facet normal -0.499995 -2.70724e-05 0.866028
    outer loop
      vertex 12.9934 22.5475 32.8496
      vertex 11.529 21.3001 32.0041
      vertex 11.939 20.9608 32.2408
    endloop
  endfacet
  facet normal -0.49996 -1.86498e-05 0.866048
    outer loop
      vertex 10.6558 21.8822 31.5
      vertex 11.9667 23.3397 32.2568
      vertex 11.4219 23.6759 31.9423
    endloop
  endfacet
  facet normal -0.500037 -9.81034e-06 0.866004
    outer loop
      vertex 12.4912 22.963 32.5597
      vertex 11.1007 21.6076 31.7568
      vertex 11.529 21.3001 32.0041
    endloop
  endfacet
  facet normal -0.499979 2.03405e-06 0.866037
    outer loop
      vertex 10.1964 22.1225 31.2348
      vertex 11.4219 23.6759 31.9423
      vertex 10.8593 23.9703 31.6175
    endloop
  endfacet
  facet normal -0.499932 -5.25609e-05 0.866065
    outer loop
      vertex 11.9667 23.3397 32.2568
      vertex 10.6558 21.8822 31.5
      vertex 11.1007 21.6076 31.7568
    endloop
  endfacet
  facet normal -0.499986 -4.07922e-05 0.866033
    outer loop
      vertex 9.72438 22.3277 30.9622
      vertex 10.8593 23.9703 31.6175
      vertex 10.2811 24.2215 31.2837
    endloop
  endfacet
  facet normal -0.499959 -1.96728e-05 0.866049
    outer loop
      vertex 11.4219 23.6759 31.9423
      vertex 10.1964 22.1225 31.2348
      vertex 10.6558 21.8822 31.5
    endloop
  endfacet
  facet normal -0.500091 5.53875e-05 0.865973
    outer loop
      vertex 10.8593 23.9703 31.6175
      vertex 9.72438 22.3277 30.9622
      vertex 10.1964 22.1225 31.2348
    endloop
  endfacet
  facet normal -0.500039 1.8558e-05 0.866003
    outer loop
      vertex 9.24174 22.4967 30.6836
      vertex 10.2811 24.2215 31.2837
      vertex 9.69002 24.4286 30.9424
    endloop
  endfacet
  facet normal -0.499945 -5.7188e-05 0.866057
    outer loop
      vertex 10.2811 24.2215 31.2837
      vertex 9.24174 22.4967 30.6836
      vertex 9.72438 22.3277 30.9622
    endloop
  endfacet
  facet normal -0.499973 -1.47379e-05 0.866041
    outer loop
      vertex 8.75054 22.629 30.4
      vertex 9.69002 24.4286 30.9424
      vertex 9.08843 24.5905 30.5951
    endloop
  endfacet
  facet normal -0.500006 8.28696e-06 0.866022
    outer loop
      vertex 9.69002 24.4286 30.9424
      vertex 8.75054 22.629 30.4
      vertex 9.24174 22.4967 30.6836
    endloop
  endfacet
  facet normal -0.500028 1.36785e-05 0.866009
    outer loop
      vertex 8.2529 22.7238 30.1127
      vertex 9.08843 24.5905 30.5951
      vertex 8.47897 24.7067 30.2432
    endloop
  endfacet
  facet normal -0.499985 -1.18263e-05 0.866034
    outer loop
      vertex 9.08843 24.5905 30.5951
      vertex 8.2529 22.7238 30.1127
      vertex 8.75054 22.629 30.4
    endloop
  endfacet
  facet normal -0.499979 -3.13711e-06 0.866038
    outer loop
      vertex 7.75096 22.7809 29.8229
      vertex 8.47897 24.7067 30.2432
      vertex 7.86423 24.7767 29.8883
    endloop
  endfacet
  facet normal -0.500005 1.02355e-05 0.866022
    outer loop
      vertex 8.47897 24.7067 30.2432
      vertex 7.75096 22.7809 29.8229
      vertex 8.2529 22.7238 30.1127
    endloop
  endfacet
  facet normal -0.500058 0 0.865992
    outer loop
      vertex 7.24685 22.8 29.5318
      vertex 7.86423 24.7767 29.8883
      vertex 7.24685 24.8 29.5318
    endloop
  endfacet
  facet normal -0.500067 3.52401e-06 0.865987
    outer loop
      vertex 7.86423 24.7767 29.8883
      vertex 7.24685 22.8 29.5318
      vertex 7.75096 22.7809 29.8229
    endloop
  endfacet
  facet normal -0.500001 0 0.866025
    outer loop
      vertex -10.2468 24.8 19.4318
      vertex 7.24685 22.8 29.5318
      vertex 7.24685 24.8 29.5318
    endloop
  endfacet
  facet normal -0.500001 0 0.866025
    outer loop
      vertex -10.2468 24.8 19.4318
      vertex -10.2468 22.8 19.4318
      vertex 7.24685 22.8 29.5318
    endloop
  endfacet
  facet normal -0.499941 0 0.866059
    outer loop
      vertex -10.8642 24.7767 19.0754
      vertex -10.2468 22.8 19.4318
      vertex -10.2468 24.8 19.4318
    endloop
  endfacet
  facet normal -0.499872 2.87542e-05 0.866099
    outer loop
      vertex -10.2468 22.8 19.4318
      vertex -10.8642 24.7767 19.0754
      vertex -10.751 22.7809 19.1408
    endloop
  endfacet
  facet normal -0.499944 2.3311e-05 0.866058
    outer loop
      vertex -11.479 24.7067 18.7205
      vertex -10.751 22.7809 19.1408
      vertex -10.8642 24.7767 19.0754
    endloop
  endfacet
  facet normal -0.500034 -2.21886e-05 0.866006
    outer loop
      vertex -10.751 22.7809 19.1408
      vertex -11.479 24.7067 18.7205
      vertex -11.2529 22.7238 18.851
    endloop
  endfacet
  facet normal -0.500063 -2.65762e-05 0.865989
    outer loop
      vertex -12.0884 24.5905 18.3686
      vertex -11.2529 22.7238 18.851
      vertex -11.479 24.7067 18.7205
    endloop
  endfacet
  facet normal -0.500014 2.65456e-06 0.866017
    outer loop
      vertex -11.2529 22.7238 18.851
      vertex -12.0884 24.5905 18.3686
      vertex -11.7505 22.629 18.5637
    endloop
  endfacet
  facet normal -0.499966 1.36702e-05 0.866045
    outer loop
      vertex -12.69 24.4286 18.0213
      vertex -11.7505 22.629 18.5637
      vertex -12.0884 24.5905 18.3686
    endloop
  endfacet
  facet normal -0.500005 -1.31588e-05 0.866023
    outer loop
      vertex -11.7505 22.629 18.5637
      vertex -12.69 24.4286 18.0213
      vertex -12.2417 22.4967 18.2801
    endloop
  endfacet
  facet normal -0.500026 -1.97147e-05 0.86601
    outer loop
      vertex -13.2811 24.2215 17.68
      vertex -12.2417 22.4967 18.2801
      vertex -12.69 24.4286 18.0213
    endloop
  endfacet
  facet normal -0.500015 -1.07455e-05 0.866017
    outer loop
      vertex -12.2417 22.4967 18.2801
      vertex -13.2811 24.2215 17.68
      vertex -12.7244 22.3277 18.0014
    endloop
  endfacet
  facet normal -0.499975 4.9234e-06 0.86604
    outer loop
      vertex -13.8593 23.9703 17.3462
      vertex -12.7244 22.3277 18.0014
      vertex -13.2811 24.2215 17.68
    endloop
  endfacet
  facet normal -0.499986 -5.02515e-06 0.866034
    outer loop
      vertex -12.7244 22.3277 18.0014
      vertex -13.8593 23.9703 17.3462
      vertex -13.1964 22.1225 17.7289
    endloop
  endfacet
  facet normal -0.499979 -2.03405e-06 0.866037
    outer loop
      vertex -14.4219 23.6759 17.0214
      vertex -13.1964 22.1225 17.7289
      vertex -13.8593 23.9703 17.3462
    endloop
  endfacet
  facet normal -0.499959 1.96728e-05 0.866049
    outer loop
      vertex -13.1964 22.1225 17.7289
      vertex -14.4219 23.6759 17.0214
      vertex -13.6558 21.8822 17.4637
    endloop
  endfacet
  facet normal -0.500055 -3.5081e-05 0.865994
    outer loop
      vertex -14.9667 23.3397 16.7068
      vertex -13.6558 21.8822 17.4637
      vertex -14.4219 23.6759 17.0214
    endloop
  endfacet
  facet normal -0.500044 -2.18129e-05 0.866
    outer loop
      vertex -13.6558 21.8822 17.4637
      vertex -14.9667 23.3397 16.7068
      vertex -14.1007 21.6076 17.2068
    endloop
  endfacet
  facet normal -0.499984 1.76755e-05 0.866034
    outer loop
      vertex -15.4912 22.963 16.404
      vertex -14.1007 21.6076 17.2068
      vertex -14.9667 23.3397 16.7068
    endloop
  endfacet
  facet normal -0.500017 -2.69831e-05 0.866016
    outer loop
      vertex -14.1007 21.6076 17.2068
      vertex -15.4912 22.963 16.404
      vertex -14.529 21.3001 16.9595
    endloop
  endfacet
  facet normal -0.499955 2.12638e-05 0.866052
    outer loop
      vertex -15.9934 22.5475 16.1141
      vertex -14.529 21.3001 16.9595
      vertex -15.4912 22.963 16.404
    endloop
  endfacet
  facet normal -0.499973 -8.14244e-06 0.866041
    outer loop
      vertex -14.529 21.3001 16.9595
      vertex -15.9934 22.5475 16.1141
      vertex -14.939 20.9608 16.7228
    endloop
  endfacet
  facet normal -0.499999 -3.0741e-05 0.866026
    outer loop
      vertex -16.4709 22.095 15.8384
      vertex -14.939 20.9608 16.7228
      vertex -15.9934 22.5475 16.1141
    endloop
  endfacet
  facet normal -0.500026 -7.86716e-05 0.866011
    outer loop
      vertex -14.939 20.9608 16.7228
      vertex -16.4709 22.095 15.8384
      vertex -15.3288 20.5914 16.4977
    endloop
  endfacet
  facet normal -0.500001 -5.34445e-05 0.866025
    outer loop
      vertex -16.9217 21.6075 15.5781
      vertex -15.3288 20.5914 16.4977
      vertex -16.4709 22.095 15.8384
    endloop
  endfacet
  facet normal -0.499932 9.05811e-05 0.866065
    outer loop
      vertex -15.3288 20.5914 16.4977
      vertex -16.9217 21.6075 15.5781
      vertex -15.697 20.1932 16.2852
    endloop
  endfacet
  facet normal -0.499994 1.85642e-05 0.866029
    outer loop
      vertex -17.344 21.0869 15.3343
      vertex -15.697 20.1932 16.2852
      vertex -16.9217 21.6075 15.5781
    endloop
  endfacet
  facet normal -0.500051 -0.000122395 0.865996
    outer loop
      vertex -15.697 20.1932 16.2852
      vertex -17.344 21.0869 15.3343
      vertex -16.0417 19.7682 16.0861
    endloop
  endfacet
  facet normal -0.499972 -1.75487e-05 0.866042
    outer loop
      vertex -17.7358 20.5355 15.1081
      vertex -16.0417 19.7682 16.0861
      vertex -17.344 21.0869 15.3343
    endloop
  endfacet
  facet normal -0.499948 5.13077e-05 0.866055
    outer loop
      vertex -16.0417 19.7682 16.0861
      vertex -17.7358 20.5355 15.1081
      vertex -16.3617 19.318 15.9014
    endloop
  endfacet
  facet normal -0.499996 -2.05552e-05 0.866028
    outer loop
      vertex -18.0957 19.9557 14.9003
      vertex -16.3617 19.318 15.9014
      vertex -17.7358 20.5355 15.1081
    endloop
  endfacet
  facet normal -0.499982 3.15927e-05 0.866036
    outer loop
      vertex -16.3617 19.318 15.9014
      vertex -18.0957 19.9557 14.9003
      vertex -16.6555 18.8446 15.7318
    endloop
  endfacet
  facet normal -0.499982 3.20107e-05 0.866036
    outer loop
      vertex -18.4219 19.35 14.712
      vertex -16.6555 18.8446 15.7318
      vertex -18.0957 19.9557 14.9003
    endloop
  endfacet
  facet normal -0.500007 -8.55328e-05 0.866021
    outer loop
      vertex -16.6555 18.8446 15.7318
      vertex -18.4219 19.35 14.712
      vertex -16.9218 18.35 15.578
    endloop
  endfacet
  facet normal -0.49999 -5.20469e-05 0.866031
    outer loop
      vertex -18.713 18.7209 14.5439
      vertex -16.9218 18.35 15.578
      vertex -18.4219 19.35 14.712
    endloop
  endfacet
  facet normal -0.499961 0.000134302 0.866048
    outer loop
      vertex -16.9218 18.35 15.578
      vertex -18.713 18.7209 14.5439
      vertex -17.1596 17.8364 15.4408
    endloop
  endfacet
  facet normal -0.500004 3.43803e-05 0.866023
    outer loop
      vertex -18.968 18.0712 14.3967
      vertex -17.1596 17.8364 15.4408
      vertex -18.713 18.7209 14.5439
    endloop
  endfacet
  facet normal -0.500006 1.02558e-05 0.866022
    outer loop
      vertex -17.1596 17.8364 15.4408
      vertex -18.968 18.0712 14.3967
      vertex -17.3678 17.3059 15.3206
    endloop
  endfacet
  facet normal -0.499996 3.89433e-05 0.866028
    outer loop
      vertex -19.1856 17.4037 14.2711
      vertex -17.3678 17.3059 15.3206
      vertex -18.968 18.0712 14.3967
    endloop
  endfacet
  facet normal -0.500005 3.90408e-05 0.866023
    outer loop
      vertex -17.5454 16.7608 15.218
      vertex -19.3649 16.7211 14.1675
      vertex -17.6918 16.2035 15.1335
    endloop
  endfacet
  facet normal -0.500002 -0.000102075 0.866024
    outer loop
      vertex -19.3649 16.7211 14.1675
      vertex -17.5454 16.7608 15.218
      vertex -19.1856 17.4037 14.2711
    endloop
  endfacet
  facet normal -0.500001 -9.88464e-05 0.866025
    outer loop
      vertex -17.3678 17.3059 15.3206
      vertex -19.1856 17.4037 14.2711
      vertex -17.5454 16.7608 15.218
    endloop
  endfacet
  facet normal -0.50002 7.66597e-05 0.866014
    outer loop
      vertex 14.938 -14.4821 33.9723
      vertex 16.6663 -14.6129 34.9702
      vertex 16.6865 -13.9 34.9818
    endloop
  endfacet
  facet normal -0.500018 0.000119827 0.866015
    outer loop
      vertex 14.8885 -15.0617 33.9438
      vertex 16.6663 -14.6129 34.9702
      vertex 14.938 -14.4821 33.9723
    endloop
  endfacet
  facet normal -0.499986 -0.000152739 0.866034
    outer loop
      vertex 14.8064 -15.6363 33.8963
      vertex 16.6058 -15.3227 34.9352
      vertex 14.8885 -15.0617 33.9438
    endloop
  endfacet
  facet normal -0.500003 -2.23016e-05 0.866024
    outer loop
      vertex 16.6058 -15.3227 34.9352
      vertex 14.8064 -15.6363 33.8963
      vertex 16.5052 -16.0265 34.8771
    endloop
  endfacet
  facet normal -0.499976 -3.73839e-06 0.866039
    outer loop
      vertex 16.5052 -16.0265 34.8771
      vertex 14.6918 -16.2035 33.8302
      vertex 16.3649 -16.7211 34.7961
    endloop
  endfacet
  facet normal -0.499969 2.64659e-05 0.866043
    outer loop
      vertex 14.5454 -16.7608 33.7457
      vertex 16.3649 -16.7211 34.7961
      vertex 14.6918 -16.2035 33.8302
    endloop
  endfacet
  facet normal -0.500001 -9.88464e-05 0.866025
    outer loop
      vertex 14.3678 -17.3059 33.6431
      vertex 16.1856 -17.4037 34.6926
      vertex 14.5454 -16.7608 33.7457
    endloop
  endfacet
  facet normal -0.499996 3.89433e-05 0.866028
    outer loop
      vertex 16.1856 -17.4037 34.6926
      vertex 14.3678 -17.3059 33.6431
      vertex 15.968 -18.0712 34.567
    endloop
  endfacet
  facet normal -0.500011 3.9513e-05 0.866019
    outer loop
      vertex 14.938 -14.4821 33.9723
      vertex 16.6865 -13.9 34.9818
      vertex 14.9545 -13.9 33.9818
    endloop
  endfacet
  facet normal -0.499978 -8.82359e-05 0.866038
    outer loop
      vertex 16.6663 -14.6129 34.9702
      vertex 14.8885 -15.0617 33.9438
      vertex 16.6058 -15.3227 34.9352
    endloop
  endfacet
  facet normal -0.499983 9.3623e-05 0.866035
    outer loop
      vertex 14.6918 -16.2035 33.8302
      vertex 16.5052 -16.0265 34.8771
      vertex 14.8064 -15.6363 33.8963
    endloop
  endfacet
  facet normal -0.499969 1.29534e-05 0.866044
    outer loop
      vertex 16.3649 -16.7211 34.7961
      vertex 14.5454 -16.7608 33.7457
      vertex 16.1856 -17.4037 34.6926
    endloop
  endfacet
  facet normal -0.500006 1.02558e-05 0.866022
    outer loop
      vertex 14.1596 -17.8364 33.5229
      vertex 15.968 -18.0712 34.567
      vertex 14.3678 -17.3059 33.6431
    endloop
  endfacet
  facet normal -0.500004 3.43803e-05 0.866023
    outer loop
      vertex 15.968 -18.0712 34.567
      vertex 14.1596 -17.8364 33.5229
      vertex 15.713 -18.7209 34.4198
    endloop
  endfacet
  facet normal -0.500018 8.59005e-07 0.866015
    outer loop
      vertex 13.9218 -18.35 33.3856
      vertex 15.713 -18.7209 34.4198
      vertex 14.1596 -17.8364 33.5229
    endloop
  endfacet
  facet normal -0.500023 -3.163e-05 0.866012
    outer loop
      vertex 15.713 -18.7209 34.4198
      vertex 13.9218 -18.35 33.3856
      vertex 15.4219 -19.35 34.2517
    endloop
  endfacet
  facet normal -0.499974 6.6191e-05 0.86604
    outer loop
      vertex 13.6555 -18.8446 33.2319
      vertex 15.4219 -19.35 34.2517
      vertex 13.9218 -18.35 33.3856
    endloop
  endfacet
  facet normal -0.500008 -9.18784e-05 0.866021
    outer loop
      vertex 15.4219 -19.35 34.2517
      vertex 13.6555 -18.8446 33.2319
      vertex 15.0957 -19.9557 34.0633
    endloop
  endfacet
  facet normal -0.499951 6.35647e-06 0.866054
    outer loop
      vertex 13.3617 -19.318 33.0623
      vertex 15.0957 -19.9557 34.0633
      vertex 13.6555 -18.8446 33.2319
    endloop
  endfacet
  facet normal -0.499932 7.58142e-05 0.866065
    outer loop
      vertex 15.0957 -19.9557 34.0633
      vertex 13.3617 -19.318 33.0623
      vertex 14.7358 -20.5355 33.8556
    endloop
  endfacet
  facet normal -0.500027 -6.67232e-05 0.86601
    outer loop
      vertex 13.0417 -19.7682 32.8775
      vertex 14.7358 -20.5355 33.8556
      vertex 13.3617 -19.318 33.0623
    endloop
  endfacet
  facet normal -0.500001 9.93146e-06 0.866025
    outer loop
      vertex 14.7358 -20.5355 33.8556
      vertex 13.0417 -19.7682 32.8775
      vertex 14.344 -21.0869 33.6294
    endloop
  endfacet
  facet normal -0.499994 1.90984e-05 0.866029
    outer loop
      vertex 12.697 -20.1932 32.6785
      vertex 14.344 -21.0869 33.6294
      vertex 13.0417 -19.7682 32.8775
    endloop
  endfacet
  facet normal -0.499994 1.85642e-05 0.866029
    outer loop
      vertex 14.344 -21.0869 33.6294
      vertex 12.697 -20.1932 32.6785
      vertex 13.9217 -21.6075 33.3856
    endloop
  endfacet
  facet normal -0.500023 -1.45993e-05 0.866012
    outer loop
      vertex 12.3288 -20.5914 32.4659
      vertex 13.9217 -21.6075 33.3856
      vertex 12.697 -20.1932 32.6785
    endloop
  endfacet
  facet normal -0.500026 -2.18222e-05 0.86601
    outer loop
      vertex 13.9217 -21.6075 33.3856
      vertex 12.3288 -20.5914 32.4659
      vertex 13.4709 -22.095 33.1253
    endloop
  endfacet
  facet normal -0.500049 -4.51816e-05 0.865997
    outer loop
      vertex 11.939 -20.9608 32.2408
      vertex 13.4709 -22.095 33.1253
      vertex 12.3288 -20.5914 32.4659
    endloop
  endfacet
  facet normal -0.500023 2.74932e-06 0.866012
    outer loop
      vertex 13.4709 -22.095 33.1253
      vertex 11.939 -20.9608 32.2408
      vertex 12.9934 -22.5475 32.8496
    endloop
  endfacet
  facet normal -0.499995 2.70724e-05 0.866028
    outer loop
      vertex 11.529 -21.3001 32.0041
      vertex 12.9934 -22.5475 32.8496
      vertex 11.939 -20.9608 32.2408
    endloop
  endfacet
  facet normal -0.499976 5.64828e-05 0.866039
    outer loop
      vertex 12.9934 -22.5475 32.8496
      vertex 11.529 -21.3001 32.0041
      vertex 12.4912 -22.963 32.5597
    endloop
  endfacet
  facet normal -0.500037 9.81034e-06 0.866004
    outer loop
      vertex 11.1007 -21.6076 31.7568
      vertex 12.4912 -22.963 32.5597
      vertex 11.529 -21.3001 32.0041
    endloop
  endfacet
  facet normal -0.500076 -4.30638e-05 0.865982
    outer loop
      vertex 12.4912 -22.963 32.5597
      vertex 11.1007 -21.6076 31.7568
      vertex 11.9667 -23.3397 32.2568
    endloop
  endfacet
  facet normal -0.499932 5.25609e-05 0.866065
    outer loop
      vertex 10.6558 -21.8822 31.5
      vertex 11.9667 -23.3397 32.2568
      vertex 11.1007 -21.6076 31.7568
    endloop
  endfacet
  facet normal -0.49996 1.86498e-05 0.866048
    outer loop
      vertex 11.9667 -23.3397 32.2568
      vertex 10.6558 -21.8822 31.5
      vertex 11.4219 -23.6759 31.9423
    endloop
  endfacet
  facet normal -0.499959 1.96728e-05 0.866049
    outer loop
      vertex 10.1964 -22.1225 31.2348
      vertex 11.4219 -23.6759 31.9423
      vertex 10.6558 -21.8822 31.5
    endloop
  endfacet
  facet normal -0.499979 -2.03405e-06 0.866037
    outer loop
      vertex 11.4219 -23.6759 31.9423
      vertex 10.1964 -22.1225 31.2348
      vertex 10.8593 -23.9703 31.6175
    endloop
  endfacet
  facet normal -0.500091 -5.53875e-05 0.865973
    outer loop
      vertex 9.72438 -22.3277 30.9622
      vertex 10.8593 -23.9703 31.6175
      vertex 10.1964 -22.1225 31.2348
    endloop
  endfacet
  facet normal -0.499986 4.07922e-05 0.866033
    outer loop
      vertex 10.8593 -23.9703 31.6175
      vertex 9.72438 -22.3277 30.9622
      vertex 10.2811 -24.2215 31.2837
    endloop
  endfacet
  facet normal -0.499945 5.7188e-05 0.866057
    outer loop
      vertex 9.24174 -22.4967 30.6836
      vertex 10.2811 -24.2215 31.2837
      vertex 9.72438 -22.3277 30.9622
    endloop
  endfacet
  facet normal -0.500039 -1.8558e-05 0.866003
    outer loop
      vertex 10.2811 -24.2215 31.2837
      vertex 9.24174 -22.4967 30.6836
      vertex 9.69002 -24.4286 30.9424
    endloop
  endfacet
  facet normal -0.500006 -8.28696e-06 0.866022
    outer loop
      vertex 8.75054 -22.629 30.4
      vertex 9.69002 -24.4286 30.9424
      vertex 9.24174 -22.4967 30.6836
    endloop
  endfacet
  facet normal -0.499973 1.47379e-05 0.866041
    outer loop
      vertex 9.69002 -24.4286 30.9424
      vertex 8.75054 -22.629 30.4
      vertex 9.08843 -24.5905 30.5951
    endloop
  endfacet
  facet normal -0.499985 1.18263e-05 0.866034
    outer loop
      vertex 8.2529 -22.7238 30.1127
      vertex 9.08843 -24.5905 30.5951
      vertex 8.75054 -22.629 30.4
    endloop
  endfacet
  facet normal -0.500028 -1.36785e-05 0.866009
    outer loop
      vertex 9.08843 -24.5905 30.5951
      vertex 8.2529 -22.7238 30.1127
      vertex 8.47897 -24.7067 30.2432
    endloop
  endfacet
  facet normal -0.500005 -1.02355e-05 0.866022
    outer loop
      vertex 7.75096 -22.7809 29.8229
      vertex 8.47897 -24.7067 30.2432
      vertex 8.2529 -22.7238 30.1127
    endloop
  endfacet
  facet normal -0.499979 3.13711e-06 0.866038
    outer loop
      vertex 8.47897 -24.7067 30.2432
      vertex 7.75096 -22.7809 29.8229
      vertex 7.86423 -24.7767 29.8883
    endloop
  endfacet
  facet normal -0.500067 -3.52401e-06 0.865987
    outer loop
      vertex 7.24685 -22.8 29.5318
      vertex 7.86423 -24.7767 29.8883
      vertex 7.75096 -22.7809 29.8229
    endloop
  endfacet
  facet normal -0.500058 0 0.865992
    outer loop
      vertex 7.24685 -22.8 29.5318
      vertex 7.24685 -24.8 29.5318
      vertex 7.86423 -24.7767 29.8883
    endloop
  endfacet
  facet normal -0.500001 0 0.866025
    outer loop
      vertex -10.2468 -22.8 19.4318
      vertex 7.24685 -24.8 29.5318
      vertex 7.24685 -22.8 29.5318
    endloop
  endfacet
  facet normal -0.500001 0 0.866025
    outer loop
      vertex -10.2468 -22.8 19.4318
      vertex -10.2468 -24.8 19.4318
      vertex 7.24685 -24.8 29.5318
    endloop
  endfacet
  facet normal -0.499872 -2.87542e-05 0.866099
    outer loop
      vertex -10.8642 -24.7767 19.0754
      vertex -10.2468 -22.8 19.4318
      vertex -10.751 -22.7809 19.1408
    endloop
  endfacet
  facet normal -0.499941 0 0.866059
    outer loop
      vertex -10.2468 -22.8 19.4318
      vertex -10.8642 -24.7767 19.0754
      vertex -10.2468 -24.8 19.4318
    endloop
  endfacet
  facet normal -0.500034 2.21886e-05 0.866006
    outer loop
      vertex -11.479 -24.7067 18.7205
      vertex -10.751 -22.7809 19.1408
      vertex -11.2529 -22.7238 18.851
    endloop
  endfacet
  facet normal -0.499944 -2.3311e-05 0.866058
    outer loop
      vertex -10.751 -22.7809 19.1408
      vertex -11.479 -24.7067 18.7205
      vertex -10.8642 -24.7767 19.0754
    endloop
  endfacet
  facet normal -0.500014 -2.65456e-06 0.866017
    outer loop
      vertex -12.0884 -24.5905 18.3686
      vertex -11.2529 -22.7238 18.851
      vertex -11.7505 -22.629 18.5637
    endloop
  endfacet
  facet normal -0.500063 2.65762e-05 0.865989
    outer loop
      vertex -11.2529 -22.7238 18.851
      vertex -12.0884 -24.5905 18.3686
      vertex -11.479 -24.7067 18.7205
    endloop
  endfacet
  facet normal -0.500005 1.31588e-05 0.866023
    outer loop
      vertex -12.69 -24.4286 18.0213
      vertex -11.7505 -22.629 18.5637
      vertex -12.2417 -22.4967 18.2801
    endloop
  endfacet
  facet normal -0.499966 -1.36702e-05 0.866045
    outer loop
      vertex -11.7505 -22.629 18.5637
      vertex -12.69 -24.4286 18.0213
      vertex -12.0884 -24.5905 18.3686
    endloop
  endfacet
  facet normal -0.500015 1.07455e-05 0.866017
    outer loop
      vertex -13.2811 -24.2215 17.68
      vertex -12.2417 -22.4967 18.2801
      vertex -12.7244 -22.3277 18.0014
    endloop
  endfacet
  facet normal -0.499986 5.02515e-06 0.866034
    outer loop
      vertex -13.8593 -23.9703 17.3462
      vertex -12.7244 -22.3277 18.0014
      vertex -13.1964 -22.1225 17.7289
    endloop
  endfacet
  facet normal -0.500026 1.97147e-05 0.86601
    outer loop
      vertex -12.2417 -22.4967 18.2801
      vertex -13.2811 -24.2215 17.68
      vertex -12.69 -24.4286 18.0213
    endloop
  endfacet
  facet normal -0.499959 -1.96728e-05 0.866049
    outer loop
      vertex -14.4219 -23.6759 17.0214
      vertex -13.1964 -22.1225 17.7289
      vertex -13.6558 -21.8822 17.4637
    endloop
  endfacet
  facet normal -0.499975 -4.9234e-06 0.86604
    outer loop
      vertex -12.7244 -22.3277 18.0014
      vertex -13.8593 -23.9703 17.3462
      vertex -13.2811 -24.2215 17.68
    endloop
  endfacet
  facet normal -0.500044 2.18129e-05 0.866
    outer loop
      vertex -14.9667 -23.3397 16.7068
      vertex -13.6558 -21.8822 17.4637
      vertex -14.1007 -21.6076 17.2068
    endloop
  endfacet
  facet normal -0.499979 2.03405e-06 0.866037
    outer loop
      vertex -13.1964 -22.1225 17.7289
      vertex -14.4219 -23.6759 17.0214
      vertex -13.8593 -23.9703 17.3462
    endloop
  endfacet
  facet normal -0.500017 2.69831e-05 0.866016
    outer loop
      vertex -15.4912 -22.963 16.404
      vertex -14.1007 -21.6076 17.2068
      vertex -14.529 -21.3001 16.9595
    endloop
  endfacet
  facet normal -0.499973 8.14244e-06 0.866041
    outer loop
      vertex -15.9934 -22.5475 16.1141
      vertex -14.529 -21.3001 16.9595
      vertex -14.939 -20.9608 16.7228
    endloop
  endfacet
  facet normal -0.500055 3.5081e-05 0.865994
    outer loop
      vertex -13.6558 -21.8822 17.4637
      vertex -14.9667 -23.3397 16.7068
      vertex -14.4219 -23.6759 17.0214
    endloop
  endfacet
  facet normal -0.500026 7.86716e-05 0.866011
    outer loop
      vertex -16.4709 -22.095 15.8384
      vertex -14.939 -20.9608 16.7228
      vertex -15.3288 -20.5914 16.4977
    endloop
  endfacet
  facet normal -0.499984 -1.76755e-05 0.866034
    outer loop
      vertex -14.1007 -21.6076 17.2068
      vertex -15.4912 -22.963 16.404
      vertex -14.9667 -23.3397 16.7068
    endloop
  endfacet
  facet normal -0.499932 -9.05811e-05 0.866065
    outer loop
      vertex -16.9217 -21.6075 15.5781
      vertex -15.3288 -20.5914 16.4977
      vertex -15.697 -20.1932 16.2852
    endloop
  endfacet
  facet normal -0.499955 -2.12638e-05 0.866052
    outer loop
      vertex -14.529 -21.3001 16.9595
      vertex -15.9934 -22.5475 16.1141
      vertex -15.4912 -22.963 16.404
    endloop
  endfacet
  facet normal -0.500051 0.000122395 0.865996
    outer loop
      vertex -17.344 -21.0869 15.3343
      vertex -15.697 -20.1932 16.2852
      vertex -16.0417 -19.7682 16.0861
    endloop
  endfacet
  facet normal -0.499948 -5.13077e-05 0.866055
    outer loop
      vertex -17.7358 -20.5355 15.1081
      vertex -16.0417 -19.7682 16.0861
      vertex -16.3617 -19.318 15.9014
    endloop
  endfacet
  facet normal -0.499999 3.0741e-05 0.866026
    outer loop
      vertex -14.939 -20.9608 16.7228
      vertex -16.4709 -22.095 15.8384
      vertex -15.9934 -22.5475 16.1141
    endloop
  endfacet
  facet normal -0.499982 -3.15927e-05 0.866036
    outer loop
      vertex -18.0957 -19.9557 14.9003
      vertex -16.3617 -19.318 15.9014
      vertex -16.6555 -18.8446 15.7318
    endloop
  endfacet
  facet normal -0.500001 5.34445e-05 0.866025
    outer loop
      vertex -15.3288 -20.5914 16.4977
      vertex -16.9217 -21.6075 15.5781
      vertex -16.4709 -22.095 15.8384
    endloop
  endfacet
  facet normal -0.500007 8.55328e-05 0.866021
    outer loop
      vertex -18.4219 -19.35 14.712
      vertex -16.6555 -18.8446 15.7318
      vertex -16.9218 -18.35 15.578
    endloop
  endfacet
  facet normal -0.499961 -0.000134302 0.866048
    outer loop
      vertex -18.713 -18.7209 14.5439
      vertex -16.9218 -18.35 15.578
      vertex -17.1596 -17.8364 15.4408
    endloop
  endfacet
  facet normal -0.499994 -1.85642e-05 0.866029
    outer loop
      vertex -15.697 -20.1932 16.2852
      vertex -17.344 -21.0869 15.3343
      vertex -16.9217 -21.6075 15.5781
    endloop
  endfacet
  facet normal -0.500006 -1.02558e-05 0.866022
    outer loop
      vertex -18.968 -18.0712 14.3967
      vertex -17.1596 -17.8364 15.4408
      vertex -17.3678 -17.3059 15.3206
    endloop
  endfacet
  facet normal -0.500001 9.88464e-05 0.866025
    outer loop
      vertex -19.1856 -17.4037 14.2711
      vertex -17.3678 -17.3059 15.3206
      vertex -17.5454 -16.7608 15.218
    endloop
  endfacet
  facet normal -0.500005 -3.90408e-05 0.866023
    outer loop
      vertex -19.3649 -16.7211 14.1675
      vertex -17.5454 -16.7608 15.218
      vertex -17.6918 -16.2035 15.1335
    endloop
  endfacet
  facet normal -0.499972 1.75487e-05 0.866042
    outer loop
      vertex -16.0417 -19.7682 16.0861
      vertex -17.7358 -20.5355 15.1081
      vertex -17.344 -21.0869 15.3343
    endloop
  endfacet
  facet normal -0.499971 6.21352e-05 0.866042
    outer loop
      vertex -19.5052 -16.0265 14.0866
      vertex -17.6918 -16.2035 15.1335
      vertex -17.8064 -15.6363 15.0673
    endloop
  endfacet
  facet normal -0.499969 5.22278e-06 0.866043
    outer loop
      vertex -19.6058 -15.3227 14.0285
      vertex -17.8064 -15.6363 15.0673
      vertex -17.8885 -15.0617 15.0199
    endloop
  endfacet
  facet normal -0.500018 -0.000119827 0.866015
    outer loop
      vertex -19.6663 -14.6129 13.9935
      vertex -17.8885 -15.0617 15.0199
      vertex -17.938 -14.4821 14.9914
    endloop
  endfacet
  facet normal -0.499996 2.05552e-05 0.866028
    outer loop
      vertex -16.3617 -19.318 15.9014
      vertex -18.0957 -19.9557 14.9003
      vertex -17.7358 -20.5355 15.1081
    endloop
  endfacet
  facet normal -0.500011 0.000109262 0.866019
    outer loop
      vertex -19.6865 -13.9 13.9818
      vertex -17.938 -14.4821 14.9914
      vertex -17.9545 -13.9 14.9818
    endloop
  endfacet
  facet normal -0.500011 0 0.866019
    outer loop
      vertex -17.9545 13.9 14.9818
      vertex -19.6865 13.9 13.9818
      vertex -17.9545 -13.9 14.9818
    endloop
  endfacet
  facet normal -0.499985 0.00012345 0.866034
    outer loop
      vertex -19.5052 16.0265 14.0866
      vertex -17.6918 16.2035 15.1335
      vertex -19.3649 16.7211 14.1675
    endloop
  endfacet
  facet normal -0.500011 0 0.866019
    outer loop
      vertex -19.6865 -13.9 13.9818
      vertex -17.9545 -13.9 14.9818
      vertex -19.6865 13.9 13.9818
    endloop
  endfacet
  facet normal -0.499971 -6.21352e-05 0.866042
    outer loop
      vertex -17.6918 16.2035 15.1335
      vertex -19.5052 16.0265 14.0866
      vertex -17.8064 15.6363 15.0673
    endloop
  endfacet
  facet normal -0.500027 4.45578e-05 0.86601
    outer loop
      vertex -17.938 -14.4821 14.9914
      vertex -19.6865 -13.9 13.9818
      vertex -19.6663 -14.6129 13.9935
    endloop
  endfacet
  facet normal -0.499966 -2.93575e-05 0.866045
    outer loop
      vertex -19.6058 15.3227 14.0285
      vertex -17.8064 15.6363 15.0673
      vertex -19.5052 16.0265 14.0866
    endloop
  endfacet
  facet normal -0.499982 -3.20107e-05 0.866036
    outer loop
      vertex -16.6555 -18.8446 15.7318
      vertex -18.4219 -19.35 14.712
      vertex -18.0957 -19.9557 14.9003
    endloop
  endfacet
  facet normal -0.499969 -5.22278e-06 0.866043
    outer loop
      vertex -17.8064 15.6363 15.0673
      vertex -19.6058 15.3227 14.0285
      vertex -17.8885 15.0617 15.0199
    endloop
  endfacet
  facet normal -0.49999 5.20469e-05 0.866031
    outer loop
      vertex -16.9218 -18.35 15.578
      vertex -18.713 -18.7209 14.5439
      vertex -18.4219 -19.35 14.712
    endloop
  endfacet
  facet normal -0.499978 -8.82359e-05 0.866038
    outer loop
      vertex -19.6663 14.6129 13.9935
      vertex -17.8885 15.0617 15.0199
      vertex -19.6058 15.3227 14.0285
    endloop
  endfacet
  facet normal -0.500004 -3.43803e-05 0.866023
    outer loop
      vertex -17.1596 -17.8364 15.4408
      vertex -18.968 -18.0712 14.3967
      vertex -18.713 -18.7209 14.5439
    endloop
  endfacet
  facet normal -0.500018 0.000119827 0.866015
    outer loop
      vertex -17.8885 15.0617 15.0199
      vertex -19.6663 14.6129 13.9935
      vertex -17.938 14.4821 14.9914
    endloop
  endfacet
  facet normal -0.499996 -3.89433e-05 0.866028
    outer loop
      vertex -17.3678 -17.3059 15.3206
      vertex -19.1856 -17.4037 14.2711
      vertex -18.968 -18.0712 14.3967
    endloop
  endfacet
  facet normal -0.500027 -4.45578e-05 0.86601
    outer loop
      vertex -19.6865 13.9 13.9818
      vertex -17.938 14.4821 14.9914
      vertex -19.6663 14.6129 13.9935
    endloop
  endfacet
  facet normal -0.500002 0.000102075 0.866024
    outer loop
      vertex -17.5454 -16.7608 15.218
      vertex -19.3649 -16.7211 14.1675
      vertex -19.1856 -17.4037 14.2711
    endloop
  endfacet
  facet normal -0.500011 -0.000109262 0.866019
    outer loop
      vertex -17.938 14.4821 14.9914
      vertex -19.6865 13.9 13.9818
      vertex -17.9545 13.9 14.9818
    endloop
  endfacet
  facet normal -0.499985 -0.00012345 0.866034
    outer loop
      vertex -17.6918 -16.2035 15.1335
      vertex -19.5052 -16.0265 14.0866
      vertex -19.3649 -16.7211 14.1675
    endloop
  endfacet
  facet normal -0.499966 2.93575e-05 0.866045
    outer loop
      vertex -17.8064 -15.6363 15.0673
      vertex -19.6058 -15.3227 14.0285
      vertex -19.5052 -16.0265 14.0866
    endloop
  endfacet
  facet normal -0.499978 8.82359e-05 0.866038
    outer loop
      vertex -17.8885 -15.0617 15.0199
      vertex -19.6663 -14.6129 13.9935
      vertex -19.6058 -15.3227 14.0285
    endloop
  endfacet
  facet normal 0.0849906 -0.995173 0.04907
    outer loop
      vertex 7.86423 -24.7767 29.8883
      vertex 9.98397 -24.7067 27.6365
      vertex 8.47897 -24.7067 30.2432
    endloop
  endfacet
  facet normal 0.0849855 -0.995173 0.0490652
    outer loop
      vertex 9.98397 -24.7067 27.6365
      vertex 7.86423 -24.7767 29.8883
      vertex 9.36923 -24.7767 27.2815
    endloop
  endfacet
  facet normal 0.141084 -0.986641 0.0814512
    outer loop
      vertex 8.47897 -24.7067 30.2432
      vertex 10.5934 -24.5905 27.9883
      vertex 9.08843 -24.5905 30.5951
    endloop
  endfacet
  facet normal 0.141097 -0.986638 0.0814634
    outer loop
      vertex 10.5934 -24.5905 27.9883
      vertex 8.47897 -24.7067 30.2432
      vertex 9.98397 -24.7067 27.6365
    endloop
  endfacet
  facet normal 0.196576 -0.973898 0.113493
    outer loop
      vertex 9.08843 -24.5905 30.5951
      vertex 11.195 -24.4286 28.3357
      vertex 9.69002 -24.4286 30.9424
    endloop
  endfacet
  facet normal 0.196562 -0.973902 0.11348
    outer loop
      vertex 11.195 -24.4286 28.3357
      vertex 9.08843 -24.5905 30.5951
      vertex 10.5934 -24.5905 27.9883
    endloop
  endfacet
  facet normal 0.251455 -0.956919 0.145174
    outer loop
      vertex 9.69002 -24.4286 30.9424
      vertex 11.7861 -24.2215 28.6769
      vertex 10.2811 -24.2215 31.2837
    endloop
  endfacet
  facet normal 0.251465 -0.956916 0.145183
    outer loop
      vertex 11.7861 -24.2215 28.6769
      vertex 9.69002 -24.4286 30.9424
      vertex 11.195 -24.4286 28.3357
    endloop
  endfacet
  facet normal 0.304974 -0.935943 0.176072
    outer loop
      vertex 10.2811 -24.2215 31.2837
      vertex 12.3643 -23.9703 29.0107
      vertex 10.8593 -23.9703 31.6175
    endloop
  endfacet
  facet normal 0.304974 -0.935943 0.176072
    outer loop
      vertex 12.3643 -23.9703 29.0107
      vertex 10.2811 -24.2215 31.2837
      vertex 11.7861 -24.2215 28.6769
    endloop
  endfacet
  facet normal 0.357472 -0.910833 0.20639
    outer loop
      vertex 10.8593 -23.9703 31.6175
      vertex 12.9269 -23.6759 29.3356
      vertex 11.4219 -23.6759 31.9423
    endloop
  endfacet
  facet normal 0.357453 -0.910845 0.20637
    outer loop
      vertex 12.9269 -23.6759 29.3356
      vertex 10.8593 -23.9703 31.6175
      vertex 12.3643 -23.9703 29.0107
    endloop
  endfacet
  facet normal 0.408202 -0.881945 0.235679
    outer loop
      vertex 11.4219 -23.6759 31.9423
      vertex 13.4717 -23.3397 29.6501
      vertex 11.9667 -23.3397 32.2568
    endloop
  endfacet
  facet normal 0.408202 -0.881945 0.235679
    outer loop
      vertex 13.4717 -23.3397 29.6501
      vertex 11.4219 -23.6759 31.9423
      vertex 12.9269 -23.6759 29.3356
    endloop
  endfacet
  facet normal 0.457379 -0.849162 0.264061
    outer loop
      vertex 11.9667 -23.3397 32.2568
      vertex 13.9962 -22.963 29.9529
      vertex 12.4912 -22.963 32.5597
    endloop
  endfacet
  facet normal 0.457402 -0.849143 0.264085
    outer loop
      vertex 13.9962 -22.963 29.9529
      vertex 11.9667 -23.3397 32.2568
      vertex 13.4717 -23.3397 29.6501
    endloop
  endfacet
  facet normal 0.504421 -0.812865 0.291221
    outer loop
      vertex 12.4912 -22.963 32.5597
      vertex 14.4984 -22.5475 30.2428
      vertex 12.9934 -22.5475 32.8496
    endloop
  endfacet
  facet normal 0.504421 -0.812865 0.291221
    outer loop
      vertex 14.4984 -22.5475 30.2428
      vertex 12.4912 -22.963 32.5597
      vertex 13.9962 -22.963 29.9529
    endloop
  endfacet
  facet normal 0.549401 -0.773013 0.317189
    outer loop
      vertex 12.9934 -22.5475 32.8496
      vertex 14.9759 -22.095 30.5185
      vertex 13.4709 -22.095 33.1253
    endloop
  endfacet
  facet normal 0.549401 -0.773013 0.317189
    outer loop
      vertex 14.9759 -22.095 30.5185
      vertex 12.9934 -22.5475 32.8496
      vertex 14.4984 -22.5475 30.2428
    endloop
  endfacet
  facet normal 0.591978 -0.729901 0.34177
    outer loop
      vertex 13.4709 -22.095 33.1253
      vertex 15.4267 -21.6075 30.7788
      vertex 13.9217 -21.6075 33.3856
    endloop
  endfacet
  facet normal 0.591978 -0.729901 0.34177
    outer loop
      vertex 15.4267 -21.6075 30.7788
      vertex 13.4709 -22.095 33.1253
      vertex 14.9759 -22.095 30.5185
    endloop
  endfacet
  facet normal 0.632068 -0.683613 0.364916
    outer loop
      vertex 13.9217 -21.6075 33.3856
      vertex 15.849 -21.0869 31.0226
      vertex 14.344 -21.0869 33.6294
    endloop
  endfacet
  facet normal 0.632068 -0.683613 0.364916
    outer loop
      vertex 15.849 -21.0869 31.0226
      vertex 13.9217 -21.6075 33.3856
      vertex 15.4267 -21.6075 30.7788
    endloop
  endfacet
  facet normal 0.669512 -0.634298 0.386548
    outer loop
      vertex 14.344 -21.0869 33.6294
      vertex 16.2408 -20.5355 31.2489
      vertex 14.7358 -20.5355 33.8556
    endloop
  endfacet
  facet normal 0.669489 -0.63434 0.38652
    outer loop
      vertex 16.2408 -20.5355 31.2489
      vertex 14.344 -21.0869 33.6294
      vertex 15.849 -21.0869 31.0226
    endloop
  endfacet
  facet normal 0.703913 -0.582527 0.40641
    outer loop
      vertex 14.7358 -20.5355 33.8556
      vertex 16.6007 -19.9557 31.4566
      vertex 15.0957 -19.9557 34.0633
    endloop
  endfacet
  facet normal 0.703913 -0.582527 0.40641
    outer loop
      vertex 16.6007 -19.9557 31.4566
      vertex 14.7358 -20.5355 33.8556
      vertex 16.2408 -20.5355 31.2489
    endloop
  endfacet
  facet normal 0.735408 -0.528117 0.424578
    outer loop
      vertex 15.0957 -19.9557 34.0633
      vertex 16.9269 -19.35 31.6449
      vertex 15.4219 -19.35 34.2517
    endloop
  endfacet
  facet normal 0.735429 -0.528067 0.424606
    outer loop
      vertex 16.9269 -19.35 31.6449
      vertex 15.0957 -19.9557 34.0633
      vertex 16.6007 -19.9557 31.4566
    endloop
  endfacet
  facet normal 0.763827 -0.471276 0.440985
    outer loop
      vertex 15.4219 -19.35 34.2517
      vertex 17.218 -18.7209 31.813
      vertex 15.713 -18.7209 34.4198
    endloop
  endfacet
  facet normal 0.763827 -0.471276 0.440985
    outer loop
      vertex 17.218 -18.7209 31.813
      vertex 15.4219 -19.35 34.2517
      vertex 16.9269 -19.35 31.6449
    endloop
  endfacet
  facet normal 0.788808 -0.412778 0.455407
    outer loop
      vertex 15.713 -18.7209 34.4198
      vertex 17.473 -18.0712 31.9602
      vertex 15.968 -18.0712 34.567
    endloop
  endfacet
  facet normal 0.788808 -0.412778 0.455407
    outer loop
      vertex 17.473 -18.0712 31.9602
      vertex 15.713 -18.7209 34.4198
      vertex 17.218 -18.7209 31.813
    endloop
  endfacet
  facet normal 0.810508 -0.352272 0.467954
    outer loop
      vertex 15.968 -18.0712 34.567
      vertex 17.6906 -17.4037 32.0859
      vertex 16.1856 -17.4037 34.6926
    endloop
  endfacet
  facet normal 0.810496 -0.352333 0.467929
    outer loop
      vertex 17.6906 -17.4037 32.0859
      vertex 15.968 -18.0712 34.567
      vertex 17.473 -18.0712 31.9602
    endloop
  endfacet
  facet normal 0.828744 -0.290238 0.478482
    outer loop
      vertex 16.1856 -17.4037 34.6926
      vertex 17.8699 -16.7211 32.1894
      vertex 16.3649 -16.7211 34.7961
    endloop
  endfacet
  facet normal 0.828744 -0.290238 0.478482
    outer loop
      vertex 17.8699 -16.7211 32.1894
      vertex 16.1856 -17.4037 34.6926
      vertex 17.6906 -17.4037 32.0859
    endloop
  endfacet
  facet normal 0.843387 -0.227137 0.486937
    outer loop
      vertex 16.3649 -16.7211 34.7961
      vertex 18.0102 -16.0265 32.2704
      vertex 16.5052 -16.0265 34.8771
    endloop
  endfacet
  facet normal 0.843387 -0.227137 0.486937
    outer loop
      vertex 18.0102 -16.0265 32.2704
      vertex 16.3649 -16.7211 34.7961
      vertex 17.8699 -16.7211 32.1894
    endloop
  endfacet
  facet normal 0.85446 -0.16286 0.49333
    outer loop
      vertex 16.5052 -16.0265 34.8771
      vertex 18.1108 -15.3227 32.3285
      vertex 16.6058 -15.3227 34.9352
    endloop
  endfacet
  facet normal 0.85446 -0.16286 0.49333
    outer loop
      vertex 18.1108 -15.3227 32.3285
      vertex 16.5052 -16.0265 34.8771
      vertex 18.0102 -16.0265 32.2704
    endloop
  endfacet
  facet normal 0.861862 -0.0979968 0.497584
    outer loop
      vertex 16.6058 -15.3227 34.9352
      vertex 18.1713 -14.6129 32.3634
      vertex 16.6663 -14.6129 34.9702
    endloop
  endfacet
  facet normal 0.86186 -0.0979274 0.497602
    outer loop
      vertex 18.1713 -14.6129 32.3634
      vertex 16.6058 -15.3227 34.9352
      vertex 18.1108 -15.3227 32.3285
    endloop
  endfacet
  facet normal 0.86556 -0.0326572 0.499739
    outer loop
      vertex 16.6663 -14.6129 34.9702
      vertex 18.1915 -13.9 32.3751
      vertex 16.6865 -13.9 34.9818
    endloop
  endfacet
  facet normal 0.865567 -0.0327272 0.499723
    outer loop
      vertex 18.1915 -13.9 32.3751
      vertex 16.6663 -14.6129 34.9702
      vertex 18.1713 -14.6129 32.3634
    endloop
  endfacet
  facet normal 0.86556 0.0326572 0.499739
    outer loop
      vertex 18.1915 13.9 32.3751
      vertex 16.6663 14.6129 34.9702
      vertex 16.6865 13.9 34.9818
    endloop
  endfacet
  facet normal 0.865567 0.0327272 0.499723
    outer loop
      vertex 16.6663 14.6129 34.9702
      vertex 18.1915 13.9 32.3751
      vertex 18.1713 14.6129 32.3634
    endloop
  endfacet
  facet normal 0.861862 0.0979968 0.497584
    outer loop
      vertex 18.1713 14.6129 32.3634
      vertex 16.6058 15.3227 34.9352
      vertex 16.6663 14.6129 34.9702
    endloop
  endfacet
  facet normal 0.86186 0.0979274 0.497602
    outer loop
      vertex 16.6058 15.3227 34.9352
      vertex 18.1713 14.6129 32.3634
      vertex 18.1108 15.3227 32.3285
    endloop
  endfacet
  facet normal 0.85446 0.16286 0.49333
    outer loop
      vertex 18.1108 15.3227 32.3285
      vertex 16.5052 16.0265 34.8771
      vertex 16.6058 15.3227 34.9352
    endloop
  endfacet
  facet normal 0.85446 0.16286 0.49333
    outer loop
      vertex 16.5052 16.0265 34.8771
      vertex 18.1108 15.3227 32.3285
      vertex 18.0102 16.0265 32.2704
    endloop
  endfacet
  facet normal 0.843387 0.227137 0.486937
    outer loop
      vertex 18.0102 16.0265 32.2704
      vertex 16.3649 16.7211 34.7961
      vertex 16.5052 16.0265 34.8771
    endloop
  endfacet
  facet normal 0.843387 0.227137 0.486937
    outer loop
      vertex 16.3649 16.7211 34.7961
      vertex 18.0102 16.0265 32.2704
      vertex 17.8699 16.7211 32.1894
    endloop
  endfacet
  facet normal 0.828744 0.290238 0.478482
    outer loop
      vertex 17.8699 16.7211 32.1894
      vertex 16.1856 17.4037 34.6926
      vertex 16.3649 16.7211 34.7961
    endloop
  endfacet
  facet normal 0.828744 0.290238 0.478482
    outer loop
      vertex 16.1856 17.4037 34.6926
      vertex 17.8699 16.7211 32.1894
      vertex 17.6906 17.4037 32.0859
    endloop
  endfacet
  facet normal 0.810508 0.352272 0.467954
    outer loop
      vertex 17.6906 17.4037 32.0859
      vertex 15.968 18.0712 34.567
      vertex 16.1856 17.4037 34.6926
    endloop
  endfacet
  facet normal 0.810496 0.352333 0.467929
    outer loop
      vertex 15.968 18.0712 34.567
      vertex 17.6906 17.4037 32.0859
      vertex 17.473 18.0712 31.9602
    endloop
  endfacet
  facet normal 0.788808 0.412778 0.455407
    outer loop
      vertex 17.473 18.0712 31.9602
      vertex 15.713 18.7209 34.4198
      vertex 15.968 18.0712 34.567
    endloop
  endfacet
  facet normal 0.788808 0.412778 0.455407
    outer loop
      vertex 15.713 18.7209 34.4198
      vertex 17.473 18.0712 31.9602
      vertex 17.218 18.7209 31.813
    endloop
  endfacet
  facet normal 0.763827 0.471276 0.440985
    outer loop
      vertex 17.218 18.7209 31.813
      vertex 15.4219 19.35 34.2517
      vertex 15.713 18.7209 34.4198
    endloop
  endfacet
  facet normal 0.763827 0.471276 0.440985
    outer loop
      vertex 15.4219 19.35 34.2517
      vertex 17.218 18.7209 31.813
      vertex 16.9269 19.35 31.6449
    endloop
  endfacet
  facet normal 0.735408 0.528117 0.424578
    outer loop
      vertex 16.9269 19.35 31.6449
      vertex 15.0957 19.9557 34.0633
      vertex 15.4219 19.35 34.2517
    endloop
  endfacet
  facet normal 0.735429 0.528067 0.424606
    outer loop
      vertex 15.0957 19.9557 34.0633
      vertex 16.9269 19.35 31.6449
      vertex 16.6007 19.9557 31.4566
    endloop
  endfacet
  facet normal 0.703913 0.582527 0.40641
    outer loop
      vertex 16.6007 19.9557 31.4566
      vertex 14.7358 20.5355 33.8556
      vertex 15.0957 19.9557 34.0633
    endloop
  endfacet
  facet normal 0.703913 0.582527 0.40641
    outer loop
      vertex 14.7358 20.5355 33.8556
      vertex 16.6007 19.9557 31.4566
      vertex 16.2408 20.5355 31.2489
    endloop
  endfacet
  facet normal 0.669512 0.634298 0.386548
    outer loop
      vertex 16.2408 20.5355 31.2489
      vertex 14.344 21.0869 33.6294
      vertex 14.7358 20.5355 33.8556
    endloop
  endfacet
  facet normal 0.669489 0.63434 0.38652
    outer loop
      vertex 14.344 21.0869 33.6294
      vertex 16.2408 20.5355 31.2489
      vertex 15.849 21.0869 31.0226
    endloop
  endfacet
  facet normal 0.632068 0.683613 0.364916
    outer loop
      vertex 15.849 21.0869 31.0226
      vertex 13.9217 21.6075 33.3856
      vertex 14.344 21.0869 33.6294
    endloop
  endfacet
  facet normal 0.632068 0.683613 0.364916
    outer loop
      vertex 13.9217 21.6075 33.3856
      vertex 15.849 21.0869 31.0226
      vertex 15.4267 21.6075 30.7788
    endloop
  endfacet
  facet normal 0.591978 0.729901 0.34177
    outer loop
      vertex 15.4267 21.6075 30.7788
      vertex 13.4709 22.095 33.1253
      vertex 13.9217 21.6075 33.3856
    endloop
  endfacet
  facet normal 0.591978 0.729901 0.34177
    outer loop
      vertex 13.4709 22.095 33.1253
      vertex 15.4267 21.6075 30.7788
      vertex 14.9759 22.095 30.5185
    endloop
  endfacet
  facet normal 0.549401 0.773013 0.317189
    outer loop
      vertex 14.9759 22.095 30.5185
      vertex 12.9934 22.5475 32.8496
      vertex 13.4709 22.095 33.1253
    endloop
  endfacet
  facet normal 0.549401 0.773013 0.317189
    outer loop
      vertex 12.9934 22.5475 32.8496
      vertex 14.9759 22.095 30.5185
      vertex 14.4984 22.5475 30.2428
    endloop
  endfacet
  facet normal 0.504421 0.812865 0.291221
    outer loop
      vertex 14.4984 22.5475 30.2428
      vertex 12.4912 22.963 32.5597
      vertex 12.9934 22.5475 32.8496
    endloop
  endfacet
  facet normal 0.504421 0.812865 0.291221
    outer loop
      vertex 12.4912 22.963 32.5597
      vertex 14.4984 22.5475 30.2428
      vertex 13.9962 22.963 29.9529
    endloop
  endfacet
  facet normal 0.457379 0.849162 0.264061
    outer loop
      vertex 13.9962 22.963 29.9529
      vertex 11.9667 23.3397 32.2568
      vertex 12.4912 22.963 32.5597
    endloop
  endfacet
  facet normal 0.457402 0.849143 0.264085
    outer loop
      vertex 11.9667 23.3397 32.2568
      vertex 13.9962 22.963 29.9529
      vertex 13.4717 23.3397 29.6501
    endloop
  endfacet
  facet normal 0.408202 0.881945 0.235679
    outer loop
      vertex 13.4717 23.3397 29.6501
      vertex 11.4219 23.6759 31.9423
      vertex 11.9667 23.3397 32.2568
    endloop
  endfacet
  facet normal 0.408202 0.881945 0.235679
    outer loop
      vertex 11.4219 23.6759 31.9423
      vertex 13.4717 23.3397 29.6501
      vertex 12.9269 23.6759 29.3356
    endloop
  endfacet
  facet normal 0.357472 0.910833 0.20639
    outer loop
      vertex 12.9269 23.6759 29.3356
      vertex 10.8593 23.9703 31.6175
      vertex 11.4219 23.6759 31.9423
    endloop
  endfacet
  facet normal 0.357453 0.910845 0.20637
    outer loop
      vertex 10.8593 23.9703 31.6175
      vertex 12.9269 23.6759 29.3356
      vertex 12.3643 23.9703 29.0107
    endloop
  endfacet
  facet normal 0.304974 0.935943 0.176072
    outer loop
      vertex 12.3643 23.9703 29.0107
      vertex 10.2811 24.2215 31.2837
      vertex 10.8593 23.9703 31.6175
    endloop
  endfacet
  facet normal 0.304974 0.935943 0.176072
    outer loop
      vertex 10.2811 24.2215 31.2837
      vertex 12.3643 23.9703 29.0107
      vertex 11.7861 24.2215 28.6769
    endloop
  endfacet
  facet normal 0.251455 0.956919 0.145174
    outer loop
      vertex 11.7861 24.2215 28.6769
      vertex 9.69002 24.4286 30.9424
      vertex 10.2811 24.2215 31.2837
    endloop
  endfacet
  facet normal 0.251465 0.956916 0.145183
    outer loop
      vertex 9.69002 24.4286 30.9424
      vertex 11.7861 24.2215 28.6769
      vertex 11.195 24.4286 28.3357
    endloop
  endfacet
  facet normal 0.196576 0.973898 0.113493
    outer loop
      vertex 11.195 24.4286 28.3357
      vertex 9.08843 24.5905 30.5951
      vertex 9.69002 24.4286 30.9424
    endloop
  endfacet
  facet normal 0.196562 0.973902 0.11348
    outer loop
      vertex 9.08843 24.5905 30.5951
      vertex 11.195 24.4286 28.3357
      vertex 10.5934 24.5905 27.9883
    endloop
  endfacet
  facet normal 0.141084 0.986641 0.0814512
    outer loop
      vertex 10.5934 24.5905 27.9883
      vertex 8.47897 24.7067 30.2432
      vertex 9.08843 24.5905 30.5951
    endloop
  endfacet
  facet normal 0.141097 0.986638 0.0814634
    outer loop
      vertex 8.47897 24.7067 30.2432
      vertex 10.5934 24.5905 27.9883
      vertex 9.98397 24.7067 27.6365
    endloop
  endfacet
  facet normal 0.0849906 0.995173 0.04907
    outer loop
      vertex 9.98397 24.7067 27.6365
      vertex 7.86423 24.7767 29.8883
      vertex 8.47897 24.7067 30.2432
    endloop
  endfacet
  facet normal 0.0849855 0.995173 0.0490652
    outer loop
      vertex 7.86423 24.7767 29.8883
      vertex 9.98397 24.7067 27.6365
      vertex 9.36923 24.7767 27.2815
    endloop
  endfacet
  facet normal 0.0282891 0.999466 0.0163323
    outer loop
      vertex 9.36923 24.7767 27.2815
      vertex 7.24685 24.8 29.5318
      vertex 7.86423 24.7767 29.8883
    endloop
  endfacet
  facet normal 0.0282908 0.999466 0.0163339
    outer loop
      vertex 7.24685 24.8 29.5318
      vertex 9.36923 24.7767 27.2815
      vertex 8.75185 24.8 26.9251
    endloop
  endfacet
  facet normal -0.0282904 0.999466 -0.0163329
    outer loop
      vertex -8.74684 24.8 16.8337
      vertex -10.8642 24.7767 19.0754
      vertex -10.2468 24.8 19.4318
    endloop
  endfacet
  facet normal -0.0282907 0.999466 -0.0163332
    outer loop
      vertex -10.8642 24.7767 19.0754
      vertex -8.74684 24.8 16.8337
      vertex -9.36423 24.7767 16.4773
    endloop
  endfacet
  facet normal -0.0849854 0.995173 -0.0490649
    outer loop
      vertex -9.36423 24.7767 16.4773
      vertex -11.479 24.7067 18.7205
      vertex -10.8642 24.7767 19.0754
    endloop
  endfacet
  facet normal -0.0849916 0.995173 -0.0490708
    outer loop
      vertex -11.479 24.7067 18.7205
      vertex -9.36423 24.7767 16.4773
      vertex -9.97896 24.7067 16.1224
    endloop
  endfacet
  facet normal -0.141092 0.986639 -0.0814609
    outer loop
      vertex -9.97896 24.7067 16.1224
      vertex -12.0884 24.5905 18.3686
      vertex -11.479 24.7067 18.7205
    endloop
  endfacet
  facet normal -0.141086 0.986641 -0.0814553
    outer loop
      vertex -12.0884 24.5905 18.3686
      vertex -9.97896 24.7067 16.1224
      vertex -10.5884 24.5905 15.7705
    endloop
  endfacet
  facet normal -0.196574 0.973899 -0.113491
    outer loop
      vertex -10.5884 24.5905 15.7705
      vertex -12.69 24.4286 18.0213
      vertex -12.0884 24.5905 18.3686
    endloop
  endfacet
  facet normal -0.196574 0.973899 -0.113491
    outer loop
      vertex -12.69 24.4286 18.0213
      vertex -10.5884 24.5905 15.7705
      vertex -11.19 24.4286 15.4232
    endloop
  endfacet
  facet normal -0.251448 0.956921 -0.145172
    outer loop
      vertex -11.19 24.4286 15.4232
      vertex -13.2811 24.2215 17.68
      vertex -12.69 24.4286 18.0213
    endloop
  endfacet
  facet normal -0.251448 0.956921 -0.145172
    outer loop
      vertex -13.2811 24.2215 17.68
      vertex -11.19 24.4286 15.4232
      vertex -11.7811 24.2215 15.0819
    endloop
  endfacet
  facet normal -0.304973 0.935943 -0.176074
    outer loop
      vertex -11.7811 24.2215 15.0819
      vertex -13.8593 23.9703 17.3462
      vertex -13.2811 24.2215 17.68
    endloop
  endfacet
  facet normal -0.304973 0.935943 -0.176074
    outer loop
      vertex -13.8593 23.9703 17.3462
      vertex -11.7811 24.2215 15.0819
      vertex -12.3593 23.9703 14.7481
    endloop
  endfacet
  facet normal -0.357474 0.910833 -0.206386
    outer loop
      vertex -12.3593 23.9703 14.7481
      vertex -14.4219 23.6759 17.0214
      vertex -13.8593 23.9703 17.3462
    endloop
  endfacet
  facet normal -0.357474 0.910833 -0.206386
    outer loop
      vertex -14.4219 23.6759 17.0214
      vertex -12.3593 23.9703 14.7481
      vertex -12.9219 23.6759 14.4233
    endloop
  endfacet
  facet normal -0.40818 0.88196 -0.23566
    outer loop
      vertex -12.9219 23.6759 14.4233
      vertex -14.9667 23.3397 16.7068
      vertex -14.4219 23.6759 17.0214
    endloop
  endfacet
  facet normal -0.40818 0.88196 -0.23566
    outer loop
      vertex -14.9667 23.3397 16.7068
      vertex -12.9219 23.6759 14.4233
      vertex -13.4667 23.3397 14.1087
    endloop
  endfacet
  facet normal -0.457404 0.849143 -0.26408
    outer loop
      vertex -13.4667 23.3397 14.1087
      vertex -15.4912 22.963 16.404
      vertex -14.9667 23.3397 16.7068
    endloop
  endfacet
  facet normal -0.457404 0.849143 -0.26408
    outer loop
      vertex -15.4912 22.963 16.404
      vertex -13.4667 23.3397 14.1087
      vertex -13.9912 22.963 13.8059
    endloop
  endfacet
  facet normal -0.50442 0.812865 -0.291224
    outer loop
      vertex -13.9912 22.963 13.8059
      vertex -15.9934 22.5475 16.1141
      vertex -15.4912 22.963 16.404
    endloop
  endfacet
  facet normal -0.504461 0.812824 -0.291267
    outer loop
      vertex -15.9934 22.5475 16.1141
      vertex -13.9912 22.963 13.8059
      vertex -14.4933 22.5475 13.516
    endloop
  endfacet
  facet normal -0.54939 0.773013 -0.317209
    outer loop
      vertex -14.4933 22.5475 13.516
      vertex -16.4709 22.095 15.8384
      vertex -15.9934 22.5475 16.1141
    endloop
  endfacet
  facet normal -0.549348 0.773062 -0.317163
    outer loop
      vertex -16.4709 22.095 15.8384
      vertex -14.4933 22.5475 13.516
      vertex -14.9709 22.095 13.2403
    endloop
  endfacet
  facet normal -0.591976 0.729901 -0.341774
    outer loop
      vertex -14.9709 22.095 13.2403
      vertex -16.9217 21.6075 15.5781
      vertex -16.4709 22.095 15.8384
    endloop
  endfacet
  facet normal -0.591976 0.729901 -0.341774
    outer loop
      vertex -16.9217 21.6075 15.5781
      vertex -14.9709 22.095 13.2403
      vertex -15.4217 21.6075 12.98
    endloop
  endfacet
  facet normal -0.632066 0.683613 -0.36492
    outer loop
      vertex -15.4217 21.6075 12.98
      vertex -17.344 21.0869 15.3343
      vertex -16.9217 21.6075 15.5781
    endloop
  endfacet
  facet normal -0.632066 0.683613 -0.36492
    outer loop
      vertex -17.344 21.0869 15.3343
      vertex -15.4217 21.6075 12.98
      vertex -15.844 21.0869 12.7362
    endloop
  endfacet
  facet normal -0.669516 0.634298 -0.386542
    outer loop
      vertex -17.7358 20.5355 15.1081
      vertex -15.844 21.0869 12.7362
      vertex -16.2358 20.5355 12.51
    endloop
  endfacet
  facet normal -0.669516 0.634298 -0.386542
    outer loop
      vertex -15.844 21.0869 12.7362
      vertex -17.7358 20.5355 15.1081
      vertex -17.344 21.0869 15.3343
    endloop
  endfacet
  facet normal -0.703926 0.582494 -0.406435
    outer loop
      vertex -18.0957 19.9557 14.9003
      vertex -16.2358 20.5355 12.51
      vertex -16.5956 19.9557 12.3022
    endloop
  endfacet
  facet normal -0.703888 0.582574 -0.406386
    outer loop
      vertex -16.2358 20.5355 12.51
      vertex -18.0957 19.9557 14.9003
      vertex -17.7358 20.5355 15.1081
    endloop
  endfacet
  facet normal -0.735421 0.528067 -0.42462
    outer loop
      vertex -18.4219 19.35 14.712
      vertex -16.5956 19.9557 12.3022
      vertex -16.9218 19.35 12.1139
    endloop
  endfacet
  facet normal -0.735421 0.528067 -0.42462
    outer loop
      vertex -16.5956 19.9557 12.3022
      vertex -18.4219 19.35 14.712
      vertex -18.0957 19.9557 14.9003
    endloop
  endfacet
  facet normal -0.76378 0.47137 -0.440965
    outer loop
      vertex -18.713 18.7209 14.5439
      vertex -16.9218 19.35 12.1139
      vertex -17.213 18.7209 11.9458
    endloop
  endfacet
  facet normal -0.763811 0.471276 -0.441012
    outer loop
      vertex -16.9218 19.35 12.1139
      vertex -18.713 18.7209 14.5439
      vertex -18.4219 19.35 14.712
    endloop
  endfacet
  facet normal -0.788805 0.412778 -0.455413
    outer loop
      vertex -18.968 18.0712 14.3967
      vertex -17.213 18.7209 11.9458
      vertex -17.468 18.0712 11.7986
    endloop
  endfacet
  facet normal -0.788805 0.412778 -0.455413
    outer loop
      vertex -17.213 18.7209 11.9458
      vertex -18.968 18.0712 14.3967
      vertex -18.713 18.7209 14.5439
    endloop
  endfacet
  facet normal -0.810534 0.352166 -0.467989
    outer loop
      vertex -19.1856 17.4037 14.2711
      vertex -17.468 18.0712 11.7986
      vertex -17.6855 17.4037 11.673
    endloop
  endfacet
  facet normal -0.810513 0.352272 -0.467946
    outer loop
      vertex -17.468 18.0712 11.7986
      vertex -19.1856 17.4037 14.2711
      vertex -18.968 18.0712 14.3967
    endloop
  endfacet
  facet normal -0.828703 0.290414 -0.478447
    outer loop
      vertex -19.3649 16.7211 14.1675
      vertex -17.6855 17.4037 11.673
      vertex -17.8649 16.7211 11.5694
    endloop
  endfacet
  facet normal -0.828718 0.290303 -0.478488
    outer loop
      vertex -17.6855 17.4037 11.673
      vertex -19.3649 16.7211 14.1675
      vertex -19.1856 17.4037 14.2711
    endloop
  endfacet
  facet normal -0.843415 0.226955 -0.486974
    outer loop
      vertex -19.5052 16.0265 14.0866
      vertex -17.8649 16.7211 11.5694
      vertex -18.0051 16.0265 11.4885
    endloop
  endfacet
  facet normal -0.843405 0.22707 -0.486936
    outer loop
      vertex -17.8649 16.7211 11.5694
      vertex -19.5052 16.0265 14.0866
      vertex -19.3649 16.7211 14.1675
    endloop
  endfacet
  facet normal -0.854448 0.162979 -0.493311
    outer loop
      vertex -19.6058 15.3227 14.0285
      vertex -18.0051 16.0265 11.4885
      vertex -18.1058 15.3227 11.4304
    endloop
  endfacet
  facet normal -0.854451 0.16286 -0.493346
    outer loop
      vertex -18.0051 16.0265 11.4885
      vertex -19.6058 15.3227 14.0285
      vertex -19.5052 16.0265 14.0866
    endloop
  endfacet
  facet normal -0.861859 0.0979968 -0.49759
    outer loop
      vertex -19.6663 14.6129 13.9935
      vertex -18.1058 15.3227 11.4304
      vertex -18.1663 14.6129 11.3954
    endloop
  endfacet
  facet normal -0.861859 0.0979968 -0.49759
    outer loop
      vertex -18.1058 15.3227 11.4304
      vertex -19.6663 14.6129 13.9935
      vertex -19.6058 15.3227 14.0285
    endloop
  endfacet
  facet normal -0.865563 0.0327272 -0.499729
    outer loop
      vertex -19.6865 13.9 13.9818
      vertex -18.1663 14.6129 11.3954
      vertex -18.1865 13.9 11.3837
    endloop
  endfacet
  facet normal -0.865563 0.0327272 -0.499729
    outer loop
      vertex -18.1663 14.6129 11.3954
      vertex -19.6865 13.9 13.9818
      vertex -19.6663 14.6129 13.9935
    endloop
  endfacet
  facet normal -0.866027 0 -0.499997
    outer loop
      vertex -18.1865 -13.9 11.3837
      vertex -19.6865 13.9 13.9818
      vertex -18.1865 13.9 11.3837
    endloop
  endfacet
  facet normal -0.866027 -0 -0.499997
    outer loop
      vertex -19.6865 13.9 13.9818
      vertex -18.1865 -13.9 11.3837
      vertex -19.6865 -13.9 13.9818
    endloop
  endfacet
  facet normal -0.865563 -0.0327272 -0.499729
    outer loop
      vertex -18.1663 -14.6129 11.3954
      vertex -19.6865 -13.9 13.9818
      vertex -18.1865 -13.9 11.3837
    endloop
  endfacet
  facet normal -0.865563 -0.0327272 -0.499729
    outer loop
      vertex -19.6865 -13.9 13.9818
      vertex -18.1663 -14.6129 11.3954
      vertex -19.6663 -14.6129 13.9935
    endloop
  endfacet
  facet normal -0.861859 -0.0979968 -0.49759
    outer loop
      vertex -18.1058 -15.3227 11.4304
      vertex -19.6663 -14.6129 13.9935
      vertex -18.1663 -14.6129 11.3954
    endloop
  endfacet
  facet normal -0.861859 -0.0979968 -0.49759
    outer loop
      vertex -19.6663 -14.6129 13.9935
      vertex -18.1058 -15.3227 11.4304
      vertex -19.6058 -15.3227 14.0285
    endloop
  endfacet
  facet normal -0.854448 -0.162979 -0.493311
    outer loop
      vertex -18.0051 -16.0265 11.4885
      vertex -19.6058 -15.3227 14.0285
      vertex -18.1058 -15.3227 11.4304
    endloop
  endfacet
  facet normal -0.854451 -0.16286 -0.493346
    outer loop
      vertex -19.6058 -15.3227 14.0285
      vertex -18.0051 -16.0265 11.4885
      vertex -19.5052 -16.0265 14.0866
    endloop
  endfacet
  facet normal -0.843415 -0.226955 -0.486974
    outer loop
      vertex -17.8649 -16.7211 11.5694
      vertex -19.5052 -16.0265 14.0866
      vertex -18.0051 -16.0265 11.4885
    endloop
  endfacet
  facet normal -0.843405 -0.22707 -0.486936
    outer loop
      vertex -19.5052 -16.0265 14.0866
      vertex -17.8649 -16.7211 11.5694
      vertex -19.3649 -16.7211 14.1675
    endloop
  endfacet
  facet normal -0.828703 -0.290414 -0.478447
    outer loop
      vertex -17.6855 -17.4037 11.673
      vertex -19.3649 -16.7211 14.1675
      vertex -17.8649 -16.7211 11.5694
    endloop
  endfacet
  facet normal -0.828718 -0.290303 -0.478488
    outer loop
      vertex -19.3649 -16.7211 14.1675
      vertex -17.6855 -17.4037 11.673
      vertex -19.1856 -17.4037 14.2711
    endloop
  endfacet
  facet normal -0.810534 -0.352166 -0.467989
    outer loop
      vertex -17.468 -18.0712 11.7986
      vertex -19.1856 -17.4037 14.2711
      vertex -17.6855 -17.4037 11.673
    endloop
  endfacet
  facet normal -0.810513 -0.352272 -0.467946
    outer loop
      vertex -19.1856 -17.4037 14.2711
      vertex -17.468 -18.0712 11.7986
      vertex -18.968 -18.0712 14.3967
    endloop
  endfacet
  facet normal -0.788805 -0.412778 -0.455413
    outer loop
      vertex -17.213 -18.7209 11.9458
      vertex -18.968 -18.0712 14.3967
      vertex -17.468 -18.0712 11.7986
    endloop
  endfacet
  facet normal -0.788805 -0.412778 -0.455413
    outer loop
      vertex -18.968 -18.0712 14.3967
      vertex -17.213 -18.7209 11.9458
      vertex -18.713 -18.7209 14.5439
    endloop
  endfacet
  facet normal -0.76378 -0.47137 -0.440965
    outer loop
      vertex -16.9218 -19.35 12.1139
      vertex -18.713 -18.7209 14.5439
      vertex -17.213 -18.7209 11.9458
    endloop
  endfacet
  facet normal -0.763811 -0.471276 -0.441012
    outer loop
      vertex -18.713 -18.7209 14.5439
      vertex -16.9218 -19.35 12.1139
      vertex -18.4219 -19.35 14.712
    endloop
  endfacet
  facet normal -0.735421 -0.528067 -0.42462
    outer loop
      vertex -16.5956 -19.9557 12.3022
      vertex -18.4219 -19.35 14.712
      vertex -16.9218 -19.35 12.1139
    endloop
  endfacet
  facet normal -0.735421 -0.528067 -0.42462
    outer loop
      vertex -18.4219 -19.35 14.712
      vertex -16.5956 -19.9557 12.3022
      vertex -18.0957 -19.9557 14.9003
    endloop
  endfacet
  facet normal -0.703926 -0.582494 -0.406435
    outer loop
      vertex -16.2358 -20.5355 12.51
      vertex -18.0957 -19.9557 14.9003
      vertex -16.5956 -19.9557 12.3022
    endloop
  endfacet
  facet normal -0.703888 -0.582574 -0.406386
    outer loop
      vertex -18.0957 -19.9557 14.9003
      vertex -16.2358 -20.5355 12.51
      vertex -17.7358 -20.5355 15.1081
    endloop
  endfacet
  facet normal -0.669516 -0.634298 -0.386542
    outer loop
      vertex -15.844 -21.0869 12.7362
      vertex -17.7358 -20.5355 15.1081
      vertex -16.2358 -20.5355 12.51
    endloop
  endfacet
  facet normal -0.669516 -0.634298 -0.386542
    outer loop
      vertex -17.7358 -20.5355 15.1081
      vertex -15.844 -21.0869 12.7362
      vertex -17.344 -21.0869 15.3343
    endloop
  endfacet
  facet normal -0.632066 -0.683613 -0.36492
    outer loop
      vertex -17.344 -21.0869 15.3343
      vertex -15.4217 -21.6075 12.98
      vertex -16.9217 -21.6075 15.5781
    endloop
  endfacet
  facet normal -0.632066 -0.683613 -0.36492
    outer loop
      vertex -15.4217 -21.6075 12.98
      vertex -17.344 -21.0869 15.3343
      vertex -15.844 -21.0869 12.7362
    endloop
  endfacet
  facet normal -0.591976 -0.729901 -0.341774
    outer loop
      vertex -16.9217 -21.6075 15.5781
      vertex -14.9709 -22.095 13.2403
      vertex -16.4709 -22.095 15.8384
    endloop
  endfacet
  facet normal -0.591976 -0.729901 -0.341774
    outer loop
      vertex -14.9709 -22.095 13.2403
      vertex -16.9217 -21.6075 15.5781
      vertex -15.4217 -21.6075 12.98
    endloop
  endfacet
  facet normal -0.54939 -0.773013 -0.317209
    outer loop
      vertex -16.4709 -22.095 15.8384
      vertex -14.4933 -22.5475 13.516
      vertex -15.9934 -22.5475 16.1141
    endloop
  endfacet
  facet normal -0.549348 -0.773062 -0.317163
    outer loop
      vertex -14.4933 -22.5475 13.516
      vertex -16.4709 -22.095 15.8384
      vertex -14.9709 -22.095 13.2403
    endloop
  endfacet
  facet normal -0.50442 -0.812865 -0.291224
    outer loop
      vertex -15.9934 -22.5475 16.1141
      vertex -13.9912 -22.963 13.8059
      vertex -15.4912 -22.963 16.404
    endloop
  endfacet
  facet normal -0.504461 -0.812824 -0.291267
    outer loop
      vertex -13.9912 -22.963 13.8059
      vertex -15.9934 -22.5475 16.1141
      vertex -14.4933 -22.5475 13.516
    endloop
  endfacet
  facet normal -0.457404 -0.849143 -0.26408
    outer loop
      vertex -15.4912 -22.963 16.404
      vertex -13.4667 -23.3397 14.1087
      vertex -14.9667 -23.3397 16.7068
    endloop
  endfacet
  facet normal -0.457404 -0.849143 -0.26408
    outer loop
      vertex -13.4667 -23.3397 14.1087
      vertex -15.4912 -22.963 16.404
      vertex -13.9912 -22.963 13.8059
    endloop
  endfacet
  facet normal -0.40818 -0.88196 -0.23566
    outer loop
      vertex -14.9667 -23.3397 16.7068
      vertex -12.9219 -23.6759 14.4233
      vertex -14.4219 -23.6759 17.0214
    endloop
  endfacet
  facet normal -0.40818 -0.88196 -0.23566
    outer loop
      vertex -12.9219 -23.6759 14.4233
      vertex -14.9667 -23.3397 16.7068
      vertex -13.4667 -23.3397 14.1087
    endloop
  endfacet
  facet normal -0.357474 -0.910833 -0.206386
    outer loop
      vertex -14.4219 -23.6759 17.0214
      vertex -12.3593 -23.9703 14.7481
      vertex -13.8593 -23.9703 17.3462
    endloop
  endfacet
  facet normal -0.357474 -0.910833 -0.206386
    outer loop
      vertex -12.3593 -23.9703 14.7481
      vertex -14.4219 -23.6759 17.0214
      vertex -12.9219 -23.6759 14.4233
    endloop
  endfacet
  facet normal -0.304973 -0.935943 -0.176074
    outer loop
      vertex -13.8593 -23.9703 17.3462
      vertex -11.7811 -24.2215 15.0819
      vertex -13.2811 -24.2215 17.68
    endloop
  endfacet
  facet normal -0.304973 -0.935943 -0.176074
    outer loop
      vertex -11.7811 -24.2215 15.0819
      vertex -13.8593 -23.9703 17.3462
      vertex -12.3593 -23.9703 14.7481
    endloop
  endfacet
  facet normal -0.251448 -0.956921 -0.145172
    outer loop
      vertex -13.2811 -24.2215 17.68
      vertex -11.19 -24.4286 15.4232
      vertex -12.69 -24.4286 18.0213
    endloop
  endfacet
  facet normal -0.251448 -0.956921 -0.145172
    outer loop
      vertex -11.19 -24.4286 15.4232
      vertex -13.2811 -24.2215 17.68
      vertex -11.7811 -24.2215 15.0819
    endloop
  endfacet
  facet normal -0.196574 -0.973899 -0.113491
    outer loop
      vertex -12.69 -24.4286 18.0213
      vertex -10.5884 -24.5905 15.7705
      vertex -12.0884 -24.5905 18.3686
    endloop
  endfacet
  facet normal -0.196574 -0.973899 -0.113491
    outer loop
      vertex -10.5884 -24.5905 15.7705
      vertex -12.69 -24.4286 18.0213
      vertex -11.19 -24.4286 15.4232
    endloop
  endfacet
  facet normal -0.141092 -0.986639 -0.0814609
    outer loop
      vertex -12.0884 -24.5905 18.3686
      vertex -9.97896 -24.7067 16.1224
      vertex -11.479 -24.7067 18.7205
    endloop
  endfacet
  facet normal -0.141086 -0.986641 -0.0814553
    outer loop
      vertex -9.97896 -24.7067 16.1224
      vertex -12.0884 -24.5905 18.3686
      vertex -10.5884 -24.5905 15.7705
    endloop
  endfacet
  facet normal -0.0849854 -0.995173 -0.0490649
    outer loop
      vertex -11.479 -24.7067 18.7205
      vertex -9.36423 -24.7767 16.4773
      vertex -10.8642 -24.7767 19.0754
    endloop
  endfacet
  facet normal -0.0849916 -0.995173 -0.0490708
    outer loop
      vertex -9.36423 -24.7767 16.4773
      vertex -11.479 -24.7067 18.7205
      vertex -9.97896 -24.7067 16.1224
    endloop
  endfacet
  facet normal -0.0282904 -0.999466 -0.0163329
    outer loop
      vertex -10.8642 -24.7767 19.0754
      vertex -8.74684 -24.8 16.8337
      vertex -10.2468 -24.8 19.4318
    endloop
  endfacet
  facet normal -0.0282907 -0.999466 -0.0163332
    outer loop
      vertex -8.74684 -24.8 16.8337
      vertex -10.8642 -24.7767 19.0754
      vertex -9.36423 -24.7767 16.4773
    endloop
  endfacet
  facet normal 0.0282891 -0.999466 0.0163323
    outer loop
      vertex 7.24685 -24.8 29.5318
      vertex 9.36923 -24.7767 27.2815
      vertex 7.86423 -24.7767 29.8883
    endloop
  endfacet
  facet normal 0.0282908 -0.999466 0.0163339
    outer loop
      vertex 9.36923 -24.7767 27.2815
      vertex 7.24685 -24.8 29.5318
      vertex 8.75185 -24.8 26.9251
    endloop
  endfacet
  facet normal 0.0283985 0.999462 0.0163958
    outer loop
      vertex -8.74685 -22.8 16.8338
      vertex -10.751 -22.7809 19.1408
      vertex -10.2468 -22.8 19.4318
    endloop
  endfacet
  facet normal 0.0283997 0.999462 0.0163969
    outer loop
      vertex -10.751 -22.7809 19.1408
      vertex -8.74685 -22.8 16.8338
      vertex -9.25096 -22.7809 16.5427
    endloop
  endfacet
  facet normal 0.0849122 0.995182 0.0490249
    outer loop
      vertex -9.25096 -22.7809 16.5427
      vertex -11.2529 -22.7238 18.851
      vertex -10.751 -22.7809 19.1408
    endloop
  endfacet
  facet normal 0.0849078 0.995182 0.0490211
    outer loop
      vertex -11.2529 -22.7238 18.851
      vertex -9.25096 -22.7809 16.5427
      vertex -9.7529 -22.7238 16.2529
    endloop
  endfacet
  facet normal 0.140979 0.986661 0.0813935
    outer loop
      vertex -9.7529 -22.7238 16.2529
      vertex -11.7505 -22.629 18.5637
      vertex -11.2529 -22.7238 18.851
    endloop
  endfacet
  facet normal 0.140979 0.986661 0.0813935
    outer loop
      vertex -11.7505 -22.629 18.5637
      vertex -9.7529 -22.7238 16.2529
      vertex -10.2505 -22.629 15.9656
    endloop
  endfacet
  facet normal 0.196724 0.973858 0.113578
    outer loop
      vertex -10.2505 -22.629 15.9656
      vertex -12.2417 -22.4967 18.2801
      vertex -11.7505 -22.629 18.5637
    endloop
  endfacet
  facet normal 0.196724 0.973858 0.113578
    outer loop
      vertex -12.2417 -22.4967 18.2801
      vertex -10.2505 -22.629 15.9656
      vertex -10.7417 -22.4967 15.682
    endloop
  endfacet
  facet normal 0.251286 0.956978 0.145079
    outer loop
      vertex -10.7417 -22.4967 15.682
      vertex -12.7244 -22.3277 18.0014
      vertex -12.2417 -22.4967 18.2801
    endloop
  endfacet
  facet normal 0.251304 0.956971 0.145095
    outer loop
      vertex -12.7244 -22.3277 18.0014
      vertex -10.7417 -22.4967 15.682
      vertex -11.2244 -22.3277 15.4034
    endloop
  endfacet
  facet normal 0.305148 0.935866 0.176182
    outer loop
      vertex -11.2244 -22.3277 15.4034
      vertex -13.1964 -22.1225 17.7289
      vertex -12.7244 -22.3277 18.0014
    endloop
  endfacet
  facet normal 0.305126 0.935876 0.176163
    outer loop
      vertex -13.1964 -22.1225 17.7289
      vertex -11.2244 -22.3277 15.4034
      vertex -11.6964 -22.1225 15.1308
    endloop
  endfacet
  facet normal 0.35736 0.910893 0.20632
    outer loop
      vertex -11.6964 -22.1225 15.1308
      vertex -13.6558 -21.8822 17.4637
      vertex -13.1964 -22.1225 17.7289
    endloop
  endfacet
  facet normal 0.35736 0.910893 0.20632
    outer loop
      vertex -13.6558 -21.8822 17.4637
      vertex -11.6964 -22.1225 15.1308
      vertex -12.1558 -21.8822 14.8656
    endloop
  endfacet
  facet normal 0.40824 0.881923 0.235695
    outer loop
      vertex -12.1558 -21.8822 14.8656
      vertex -14.1007 -21.6076 17.2068
      vertex -13.6558 -21.8822 17.4637
    endloop
  endfacet
  facet normal 0.408267 0.881904 0.23572
    outer loop
      vertex -14.1007 -21.6076 17.2068
      vertex -12.1558 -21.8822 14.8656
      vertex -12.6007 -21.6076 14.6088
    endloop
  endfacet
  facet normal 0.457271 0.849235 0.264013
    outer loop
      vertex -12.6007 -21.6076 14.6088
      vertex -14.529 -21.3001 16.9595
      vertex -14.1007 -21.6076 17.2068
    endloop
  endfacet
  facet normal 0.457271 0.849235 0.264013
    outer loop
      vertex -14.529 -21.3001 16.9595
      vertex -12.6007 -21.6076 14.6088
      vertex -13.029 -21.3001 14.3615
    endloop
  endfacet
  facet normal 0.504488 0.812805 0.291275
    outer loop
      vertex -13.029 -21.3001 14.3615
      vertex -14.939 -20.9608 16.7228
      vertex -14.529 -21.3001 16.9595
    endloop
  endfacet
  facet normal 0.504488 0.812805 0.291275
    outer loop
      vertex -14.939 -20.9608 16.7228
      vertex -13.029 -21.3001 14.3615
      vertex -13.439 -20.9608 14.1248
    endloop
  endfacet
  facet normal 0.549388 0.773018 0.317199
    outer loop
      vertex -13.439 -20.9608 14.1248
      vertex -15.3288 -20.5914 16.4977
      vertex -14.939 -20.9608 16.7228
    endloop
  endfacet
  facet normal 0.549388 0.773018 0.317199
    outer loop
      vertex -15.3288 -20.5914 16.4977
      vertex -13.439 -20.9608 14.1248
      vertex -13.8288 -20.5914 13.8997
    endloop
  endfacet
  facet normal 0.592029 0.729837 0.341818
    outer loop
      vertex -13.8288 -20.5914 13.8997
      vertex -15.697 -20.1932 16.2852
      vertex -15.3288 -20.5914 16.4977
    endloop
  endfacet
  facet normal 0.591997 0.729878 0.341787
    outer loop
      vertex -15.697 -20.1932 16.2852
      vertex -13.8288 -20.5914 13.8997
      vertex -14.197 -20.1932 13.6871
    endloop
  endfacet
  facet normal 0.632073 0.683604 0.364924
    outer loop
      vertex -14.197 -20.1932 13.6871
      vertex -16.0417 -19.7682 16.0861
      vertex -15.697 -20.1932 16.2852
    endloop
  endfacet
  facet normal 0.632104 0.683558 0.364956
    outer loop
      vertex -16.0417 -19.7682 16.0861
      vertex -14.197 -20.1932 13.6871
      vertex -14.5417 -19.7682 13.4881
    endloop
  endfacet
  facet normal 0.669436 0.634402 0.38651
    outer loop
      vertex -14.5417 -19.7682 13.4881
      vertex -16.3617 -19.318 15.9014
      vertex -16.0417 -19.7682 16.0861
    endloop
  endfacet
  facet normal 0.669406 0.634453 0.386478
    outer loop
      vertex -16.3617 -19.318 15.9014
      vertex -14.5417 -19.7682 13.4881
      vertex -14.8617 -19.318 13.3033
    endloop
  endfacet
  facet normal 0.703944 0.582483 0.406419
    outer loop
      vertex -14.8617 -19.318 13.3033
      vertex -16.6555 -18.8446 15.7318
      vertex -16.3617 -19.318 15.9014
    endloop
  endfacet
  facet normal 0.703944 0.582483 0.406419
    outer loop
      vertex -16.6555 -18.8446 15.7318
      vertex -14.8617 -19.318 13.3033
      vertex -15.1555 -18.8446 13.1337
    endloop
  endfacet
  facet normal 0.735459 0.528019 0.424613
    outer loop
      vertex -15.1555 -18.8446 13.1337
      vertex -16.9218 -18.35 15.578
      vertex -16.6555 -18.8446 15.7318
    endloop
  endfacet
  facet normal 0.735459 0.528019 0.424613
    outer loop
      vertex -16.9218 -18.35 15.578
      vertex -15.1555 -18.8446 13.1337
      vertex -15.4218 -18.35 12.9799
    endloop
  endfacet
  facet normal 0.763758 0.471418 0.440952
    outer loop
      vertex -15.4218 -18.35 12.9799
      vertex -17.1596 -17.8364 15.4408
      vertex -16.9218 -18.35 15.578
    endloop
  endfacet
  facet normal 0.763758 0.471418 0.440952
    outer loop
      vertex -17.1596 -17.8364 15.4408
      vertex -15.4218 -18.35 12.9799
      vertex -15.6596 -17.8364 12.8427
    endloop
  endfacet
  facet normal 0.788811 0.412764 0.455416
    outer loop
      vertex -15.6596 -17.8364 12.8427
      vertex -17.3678 -17.3059 15.3206
      vertex -17.1596 -17.8364 15.4408
    endloop
  endfacet
  facet normal 0.788811 0.412764 0.455416
    outer loop
      vertex -17.3678 -17.3059 15.3206
      vertex -15.6596 -17.8364 12.8427
      vertex -15.8678 -17.3059 12.7225
    endloop
  endfacet
  facet normal 0.810547 0.352167 0.467965
    outer loop
      vertex -15.8678 -17.3059 12.7225
      vertex -17.5454 -16.7608 15.218
      vertex -17.3678 -17.3059 15.3206
    endloop
  endfacet
  facet normal 0.810547 0.352167 0.467965
    outer loop
      vertex -17.5454 -16.7608 15.218
      vertex -15.8678 -17.3059 12.7225
      vertex -16.0454 -16.7608 12.6199
    endloop
  endfacet
  facet normal 0.828744 0.290255 0.478471
    outer loop
      vertex -16.0454 -16.7608 12.6199
      vertex -17.6918 -16.2035 15.1335
      vertex -17.5454 -16.7608 15.218
    endloop
  endfacet
  facet normal 0.828744 0.290255 0.478471
    outer loop
      vertex -17.6918 -16.2035 15.1335
      vertex -16.0454 -16.7608 12.6199
      vertex -16.1918 -16.2035 12.5354
    endloop
  endfacet
  facet normal 0.843373 0.227229 0.486917
    outer loop
      vertex -16.1918 -16.2035 12.5354
      vertex -17.8064 -15.6363 15.0673
      vertex -17.6918 -16.2035 15.1335
    endloop
  endfacet
  facet normal 0.843382 0.227148 0.486941
    outer loop
      vertex -17.8064 -15.6363 15.0673
      vertex -16.1918 -16.2035 12.5354
      vertex -16.3064 -15.6363 12.4693
    endloop
  endfacet
  facet normal 0.854468 0.162785 0.493342
    outer loop
      vertex -16.3064 -15.6363 12.4693
      vertex -17.8885 -15.0617 15.0199
      vertex -17.8064 -15.6363 15.0673
    endloop
  endfacet
  facet normal 0.854464 0.162868 0.493321
    outer loop
      vertex -17.8885 -15.0617 15.0199
      vertex -16.3064 -15.6363 12.4693
      vertex -16.3885 -15.0617 12.4218
    endloop
  endfacet
  facet normal 0.861852 0.0980726 0.497586
    outer loop
      vertex -16.3885 -15.0617 12.4218
      vertex -17.938 -14.4821 14.9914
      vertex -17.8885 -15.0617 15.0199
    endloop
  endfacet
  facet normal 0.861852 0.0980726 0.497586
    outer loop
      vertex -17.938 -14.4821 14.9914
      vertex -16.3885 -15.0617 12.4218
      vertex -16.438 -14.4821 12.3933
    endloop
  endfacet
  facet normal 0.865562 0.0327764 0.499728
    outer loop
      vertex -16.438 -14.4821 12.3933
      vertex -17.9545 -13.9 14.9818
      vertex -17.938 -14.4821 14.9914
    endloop
  endfacet
  facet normal 0.865556 0.0326907 0.499744
    outer loop
      vertex -17.9545 -13.9 14.9818
      vertex -16.438 -14.4821 12.3933
      vertex -16.4545 -13.9 12.3838
    endloop
  endfacet
  facet normal 0.866019 -0 0.500011
    outer loop
      vertex -17.9545 -13.9 14.9818
      vertex -16.4545 13.9 12.3838
      vertex -17.9545 13.9 14.9818
    endloop
  endfacet
  facet normal 0.866019 0 0.500011
    outer loop
      vertex -16.4545 13.9 12.3838
      vertex -17.9545 -13.9 14.9818
      vertex -16.4545 -13.9 12.3838
    endloop
  endfacet
  facet normal 0.865562 -0.0327764 0.499728
    outer loop
      vertex -17.9545 13.9 14.9818
      vertex -16.438 14.4821 12.3933
      vertex -17.938 14.4821 14.9914
    endloop
  endfacet
  facet normal 0.865556 -0.0326907 0.499744
    outer loop
      vertex -16.438 14.4821 12.3933
      vertex -17.9545 13.9 14.9818
      vertex -16.4545 13.9 12.3838
    endloop
  endfacet
  facet normal 0.861852 -0.0980726 0.497586
    outer loop
      vertex -17.938 14.4821 14.9914
      vertex -16.3885 15.0617 12.4218
      vertex -17.8885 15.0617 15.0199
    endloop
  endfacet
  facet normal 0.861852 -0.0980726 0.497586
    outer loop
      vertex -16.3885 15.0617 12.4218
      vertex -17.938 14.4821 14.9914
      vertex -16.438 14.4821 12.3933
    endloop
  endfacet
  facet normal 0.854468 -0.162785 0.493342
    outer loop
      vertex -17.8885 15.0617 15.0199
      vertex -16.3064 15.6363 12.4693
      vertex -17.8064 15.6363 15.0673
    endloop
  endfacet
  facet normal 0.854464 -0.162868 0.493321
    outer loop
      vertex -16.3064 15.6363 12.4693
      vertex -17.8885 15.0617 15.0199
      vertex -16.3885 15.0617 12.4218
    endloop
  endfacet
  facet normal 0.843373 -0.227229 0.486917
    outer loop
      vertex -17.8064 15.6363 15.0673
      vertex -16.1918 16.2035 12.5354
      vertex -17.6918 16.2035 15.1335
    endloop
  endfacet
  facet normal 0.843382 -0.227148 0.486941
    outer loop
      vertex -16.1918 16.2035 12.5354
      vertex -17.8064 15.6363 15.0673
      vertex -16.3064 15.6363 12.4693
    endloop
  endfacet
  facet normal 0.828744 -0.290255 0.478471
    outer loop
      vertex -17.6918 16.2035 15.1335
      vertex -16.0454 16.7608 12.6199
      vertex -17.5454 16.7608 15.218
    endloop
  endfacet
  facet normal 0.828744 -0.290255 0.478471
    outer loop
      vertex -16.0454 16.7608 12.6199
      vertex -17.6918 16.2035 15.1335
      vertex -16.1918 16.2035 12.5354
    endloop
  endfacet
  facet normal 0.810547 -0.352167 0.467965
    outer loop
      vertex -17.5454 16.7608 15.218
      vertex -15.8678 17.3059 12.7225
      vertex -17.3678 17.3059 15.3206
    endloop
  endfacet
  facet normal 0.810547 -0.352167 0.467965
    outer loop
      vertex -15.8678 17.3059 12.7225
      vertex -17.5454 16.7608 15.218
      vertex -16.0454 16.7608 12.6199
    endloop
  endfacet
  facet normal 0.788811 -0.412764 0.455416
    outer loop
      vertex -17.3678 17.3059 15.3206
      vertex -15.6596 17.8364 12.8427
      vertex -17.1596 17.8364 15.4408
    endloop
  endfacet
  facet normal 0.788811 -0.412764 0.455416
    outer loop
      vertex -15.6596 17.8364 12.8427
      vertex -17.3678 17.3059 15.3206
      vertex -15.8678 17.3059 12.7225
    endloop
  endfacet
  facet normal 0.763758 -0.471418 0.440952
    outer loop
      vertex -17.1596 17.8364 15.4408
      vertex -15.4218 18.35 12.9799
      vertex -16.9218 18.35 15.578
    endloop
  endfacet
  facet normal 0.763758 -0.471418 0.440952
    outer loop
      vertex -15.4218 18.35 12.9799
      vertex -17.1596 17.8364 15.4408
      vertex -15.6596 17.8364 12.8427
    endloop
  endfacet
  facet normal 0.735459 -0.528019 0.424613
    outer loop
      vertex -16.9218 18.35 15.578
      vertex -15.1555 18.8446 13.1337
      vertex -16.6555 18.8446 15.7318
    endloop
  endfacet
  facet normal 0.735459 -0.528019 0.424613
    outer loop
      vertex -15.1555 18.8446 13.1337
      vertex -16.9218 18.35 15.578
      vertex -15.4218 18.35 12.9799
    endloop
  endfacet
  facet normal 0.703944 -0.582483 0.406419
    outer loop
      vertex -16.6555 18.8446 15.7318
      vertex -14.8617 19.318 13.3033
      vertex -16.3617 19.318 15.9014
    endloop
  endfacet
  facet normal 0.703944 -0.582483 0.406419
    outer loop
      vertex -14.8617 19.318 13.3033
      vertex -16.6555 18.8446 15.7318
      vertex -15.1555 18.8446 13.1337
    endloop
  endfacet
  facet normal 0.669436 -0.634402 0.38651
    outer loop
      vertex -16.3617 19.318 15.9014
      vertex -14.5417 19.7682 13.4881
      vertex -16.0417 19.7682 16.0861
    endloop
  endfacet
  facet normal 0.669406 -0.634453 0.386478
    outer loop
      vertex -14.5417 19.7682 13.4881
      vertex -16.3617 19.318 15.9014
      vertex -14.8617 19.318 13.3033
    endloop
  endfacet
  facet normal 0.632073 -0.683604 0.364924
    outer loop
      vertex -16.0417 19.7682 16.0861
      vertex -14.197 20.1932 13.6871
      vertex -15.697 20.1932 16.2852
    endloop
  endfacet
  facet normal 0.632104 -0.683558 0.364956
    outer loop
      vertex -14.197 20.1932 13.6871
      vertex -16.0417 19.7682 16.0861
      vertex -14.5417 19.7682 13.4881
    endloop
  endfacet
  facet normal 0.592029 -0.729837 0.341818
    outer loop
      vertex -15.697 20.1932 16.2852
      vertex -13.8288 20.5914 13.8997
      vertex -15.3288 20.5914 16.4977
    endloop
  endfacet
  facet normal 0.591997 -0.729878 0.341787
    outer loop
      vertex -13.8288 20.5914 13.8997
      vertex -15.697 20.1932 16.2852
      vertex -14.197 20.1932 13.6871
    endloop
  endfacet
  facet normal 0.549388 -0.773018 0.317199
    outer loop
      vertex -15.3288 20.5914 16.4977
      vertex -13.439 20.9608 14.1248
      vertex -14.939 20.9608 16.7228
    endloop
  endfacet
  facet normal 0.549388 -0.773018 0.317199
    outer loop
      vertex -13.439 20.9608 14.1248
      vertex -15.3288 20.5914 16.4977
      vertex -13.8288 20.5914 13.8997
    endloop
  endfacet
  facet normal 0.504488 -0.812805 0.291275
    outer loop
      vertex -14.939 20.9608 16.7228
      vertex -13.029 21.3001 14.3615
      vertex -14.529 21.3001 16.9595
    endloop
  endfacet
  facet normal 0.504488 -0.812805 0.291275
    outer loop
      vertex -13.029 21.3001 14.3615
      vertex -14.939 20.9608 16.7228
      vertex -13.439 20.9608 14.1248
    endloop
  endfacet
  facet normal 0.457271 -0.849235 0.264013
    outer loop
      vertex -14.529 21.3001 16.9595
      vertex -12.6007 21.6076 14.6088
      vertex -14.1007 21.6076 17.2068
    endloop
  endfacet
  facet normal 0.457271 -0.849235 0.264013
    outer loop
      vertex -12.6007 21.6076 14.6088
      vertex -14.529 21.3001 16.9595
      vertex -13.029 21.3001 14.3615
    endloop
  endfacet
  facet normal 0.40824 -0.881923 0.235695
    outer loop
      vertex -14.1007 21.6076 17.2068
      vertex -12.1558 21.8822 14.8656
      vertex -13.6558 21.8822 17.4637
    endloop
  endfacet
  facet normal 0.408267 -0.881904 0.23572
    outer loop
      vertex -12.1558 21.8822 14.8656
      vertex -14.1007 21.6076 17.2068
      vertex -12.6007 21.6076 14.6088
    endloop
  endfacet
  facet normal 0.35736 -0.910893 0.20632
    outer loop
      vertex -13.6558 21.8822 17.4637
      vertex -11.6964 22.1225 15.1308
      vertex -13.1964 22.1225 17.7289
    endloop
  endfacet
  facet normal 0.35736 -0.910893 0.20632
    outer loop
      vertex -11.6964 22.1225 15.1308
      vertex -13.6558 21.8822 17.4637
      vertex -12.1558 21.8822 14.8656
    endloop
  endfacet
  facet normal 0.305148 -0.935866 0.176182
    outer loop
      vertex -13.1964 22.1225 17.7289
      vertex -11.2244 22.3277 15.4034
      vertex -12.7244 22.3277 18.0014
    endloop
  endfacet
  facet normal 0.305126 -0.935876 0.176163
    outer loop
      vertex -11.2244 22.3277 15.4034
      vertex -13.1964 22.1225 17.7289
      vertex -11.6964 22.1225 15.1308
    endloop
  endfacet
  facet normal 0.251286 -0.956978 0.145079
    outer loop
      vertex -12.7244 22.3277 18.0014
      vertex -10.7417 22.4967 15.682
      vertex -12.2417 22.4967 18.2801
    endloop
  endfacet
  facet normal 0.251304 -0.956971 0.145095
    outer loop
      vertex -10.7417 22.4967 15.682
      vertex -12.7244 22.3277 18.0014
      vertex -11.2244 22.3277 15.4034
    endloop
  endfacet
  facet normal 0.196724 -0.973858 0.113578
    outer loop
      vertex -12.2417 22.4967 18.2801
      vertex -10.2505 22.629 15.9656
      vertex -11.7505 22.629 18.5637
    endloop
  endfacet
  facet normal 0.196724 -0.973858 0.113578
    outer loop
      vertex -10.2505 22.629 15.9656
      vertex -12.2417 22.4967 18.2801
      vertex -10.7417 22.4967 15.682
    endloop
  endfacet
  facet normal 0.140979 -0.986661 0.0813935
    outer loop
      vertex -11.7505 22.629 18.5637
      vertex -9.7529 22.7238 16.2529
      vertex -11.2529 22.7238 18.851
    endloop
  endfacet
  facet normal 0.140979 -0.986661 0.0813935
    outer loop
      vertex -9.7529 22.7238 16.2529
      vertex -11.7505 22.629 18.5637
      vertex -10.2505 22.629 15.9656
    endloop
  endfacet
  facet normal 0.0849122 -0.995182 0.0490249
    outer loop
      vertex -11.2529 22.7238 18.851
      vertex -9.25096 22.7809 16.5427
      vertex -10.751 22.7809 19.1408
    endloop
  endfacet
  facet normal 0.0849078 -0.995182 0.0490211
    outer loop
      vertex -9.25096 22.7809 16.5427
      vertex -11.2529 22.7238 18.851
      vertex -9.7529 22.7238 16.2529
    endloop
  endfacet
  facet normal 0.0283985 -0.999462 0.0163958
    outer loop
      vertex -10.751 22.7809 19.1408
      vertex -8.74685 22.8 16.8338
      vertex -10.2468 22.8 19.4318
    endloop
  endfacet
  facet normal 0.0283997 -0.999462 0.0163969
    outer loop
      vertex -8.74685 22.8 16.8338
      vertex -10.751 22.7809 19.1408
      vertex -9.25096 22.7809 16.5427
    endloop
  endfacet
  facet normal 0 -1 0
    outer loop
      vertex -0.671516 22.8 24.3802
      vertex 7.24685 22.8 29.5318
      vertex -0.75 22.8 24.3828
    endloop
  endfacet
  facet normal 0 -1 0
    outer loop
      vertex 7.24685 22.8 29.5318
      vertex -0.828485 22.8 24.3802
      vertex -0.75 22.8 24.3828
    endloop
  endfacet
  facet normal 0 -1 0
    outer loop
      vertex 7.24685 22.8 29.5318
      vertex -0.906631 22.8 24.3725
      vertex -0.828485 22.8 24.3802
    endloop
  endfacet
  facet normal 0 -1 0
    outer loop
      vertex 7.24685 22.8 29.5318
      vertex -0.984108 22.8 24.3597
      vertex -0.906631 22.8 24.3725
    endloop
  endfacet
  facet normal 0 -1 0
    outer loop
      vertex 7.24685 22.8 29.5318
      vertex -1.06058 22.8 24.3419
      vertex -0.984108 22.8 24.3597
    endloop
  endfacet
  facet normal 0 -1 0
    outer loop
      vertex 7.24685 22.8 29.5318
      vertex -1.13573 22.8 24.3191
      vertex -1.06058 22.8 24.3419
    endloop
  endfacet
  facet normal 0 -1 0
    outer loop
      vertex 7.24685 22.8 29.5318
      vertex -1.20922 22.8 24.2914
      vertex -1.13573 22.8 24.3191
    endloop
  endfacet
  facet normal 0 -1 0
    outer loop
      vertex 7.24685 22.8 29.5318
      vertex -1.28075 22.8 24.259
      vertex -1.20922 22.8 24.2914
    endloop
  endfacet
  facet normal 0 -1 0
    outer loop
      vertex 7.24685 22.8 29.5318
      vertex -1.35 22.8 24.222
      vertex -1.28075 22.8 24.259
    endloop
  endfacet
  facet normal 0 -1 -0
    outer loop
      vertex -0.906631 22.8 21.9931
      vertex -8.74685 22.8 16.8338
      vertex -0.828484 22.8 21.9854
    endloop
  endfacet
  facet normal 0 -1 -0
    outer loop
      vertex -0.984108 22.8 22.0059
      vertex -8.74685 22.8 16.8338
      vertex -0.906631 22.8 21.9931
    endloop
  endfacet
  facet normal 0 -1 -0
    outer loop
      vertex -1.06058 22.8 22.0237
      vertex -8.74685 22.8 16.8338
      vertex -0.984108 22.8 22.0059
    endloop
  endfacet
  facet normal 0 -1 -0
    outer loop
      vertex -1.13573 22.8 22.0465
      vertex -8.74685 22.8 16.8338
      vertex -1.06058 22.8 22.0237
    endloop
  endfacet
  facet normal 0 -1 -0
    outer loop
      vertex -1.20922 22.8 22.0741
      vertex -8.74685 22.8 16.8338
      vertex -1.13573 22.8 22.0465
    endloop
  endfacet
  facet normal 0 -1 -0
    outer loop
      vertex -1.28075 22.8 22.1065
      vertex -8.74685 22.8 16.8338
      vertex -1.20922 22.8 22.0741
    endloop
  endfacet
  facet normal 0 -1 -0
    outer loop
      vertex -1.35 22.8 22.1436
      vertex -8.74685 22.8 16.8338
      vertex -1.28075 22.8 22.1065
    endloop
  endfacet
  facet normal 0 -1 -0
    outer loop
      vertex -1.41668 22.8 22.185
      vertex -8.74685 22.8 16.8338
      vertex -1.35 22.8 22.1436
    endloop
  endfacet
  facet normal 0 -1 -0
    outer loop
      vertex -1.48051 22.8 22.2308
      vertex -8.74685 22.8 16.8338
      vertex -1.41668 22.8 22.185
    endloop
  endfacet
  facet normal 0 -1 -0
    outer loop
      vertex -1.54121 22.8 22.2806
      vertex -8.74685 22.8 16.8338
      vertex -1.48051 22.8 22.2308
    endloop
  endfacet
  facet normal 0 -1 -0
    outer loop
      vertex -1.59853 22.8 22.3343
      vertex -8.74685 22.8 16.8338
      vertex -1.54121 22.8 22.2806
    endloop
  endfacet
  facet normal 0 -1 -0
    outer loop
      vertex -1.65221 22.8 22.3916
      vertex -8.74685 22.8 16.8338
      vertex -1.59853 22.8 22.3343
    endloop
  endfacet
  facet normal 0 -1 -0
    outer loop
      vertex -1.70202 22.8 22.4523
      vertex -8.74685 22.8 16.8338
      vertex -1.65221 22.8 22.3916
    endloop
  endfacet
  facet normal 0 -1 -0
    outer loop
      vertex -1.74776 22.8 22.5161
      vertex -8.74685 22.8 16.8338
      vertex -1.70202 22.8 22.4523
    endloop
  endfacet
  facet normal 0 -1 -0
    outer loop
      vertex -1.78923 22.8 22.5828
      vertex -8.74685 22.8 16.8338
      vertex -1.74776 22.8 22.5161
    endloop
  endfacet
  facet normal 0 -1 0
    outer loop
      vertex -8.74685 22.8 16.8338
      vertex -1.78923 22.8 22.5828
      vertex -10.2468 22.8 19.4318
    endloop
  endfacet
  facet normal 0 -1 -0
    outer loop
      vertex -1.82625 22.8 22.652
      vertex -10.2468 22.8 19.4318
      vertex -1.78923 22.8 22.5828
    endloop
  endfacet
  facet normal 0 -1 -0
    outer loop
      vertex -1.85865 22.8 22.7236
      vertex -10.2468 22.8 19.4318
      vertex -1.82625 22.8 22.652
    endloop
  endfacet
  facet normal 0 -1 -0
    outer loop
      vertex -1.88632 22.8 22.7971
      vertex -10.2468 22.8 19.4318
      vertex -1.85865 22.8 22.7236
    endloop
  endfacet
  facet normal 0 -1 -0
    outer loop
      vertex -1.90911 22.8 22.8722
      vertex -10.2468 22.8 19.4318
      vertex -1.88632 22.8 22.7971
    endloop
  endfacet
  facet normal 0 -1 -0
    outer loop
      vertex -1.92694 22.8 22.9487
      vertex -10.2468 22.8 19.4318
      vertex -1.90911 22.8 22.8722
    endloop
  endfacet
  facet normal 0 -1 -0
    outer loop
      vertex -1.93973 22.8 23.0262
      vertex -10.2468 22.8 19.4318
      vertex -1.92694 22.8 22.9487
    endloop
  endfacet
  facet normal 0 -1 -0
    outer loop
      vertex -1.94743 22.8 23.1043
      vertex -10.2468 22.8 19.4318
      vertex -1.93973 22.8 23.0262
    endloop
  endfacet
  facet normal 0 -1 -0
    outer loop
      vertex -1.95 22.8 23.1828
      vertex -10.2468 22.8 19.4318
      vertex -1.94743 22.8 23.1043
    endloop
  endfacet
  facet normal 0 -1 0
    outer loop
      vertex -1.94743 22.8 23.2613
      vertex -10.2468 22.8 19.4318
      vertex -1.95 22.8 23.1828
    endloop
  endfacet
  facet normal 0 -1 0
    outer loop
      vertex -1.93973 22.8 23.3394
      vertex -10.2468 22.8 19.4318
      vertex -1.94743 22.8 23.2613
    endloop
  endfacet
  facet normal 0 -1 0
    outer loop
      vertex -1.92694 22.8 23.4169
      vertex -10.2468 22.8 19.4318
      vertex -1.93973 22.8 23.3394
    endloop
  endfacet
  facet normal 0 -1 0
    outer loop
      vertex -1.90911 22.8 23.4934
      vertex -10.2468 22.8 19.4318
      vertex -1.92694 22.8 23.4169
    endloop
  endfacet
  facet normal 0 -1 0
    outer loop
      vertex -1.88632 22.8 23.5685
      vertex -10.2468 22.8 19.4318
      vertex -1.90911 22.8 23.4934
    endloop
  endfacet
  facet normal 0 -1 0
    outer loop
      vertex -1.85866 22.8 23.642
      vertex -10.2468 22.8 19.4318
      vertex -1.88632 22.8 23.5685
    endloop
  endfacet
  facet normal 0 -1 0
    outer loop
      vertex -1.82625 22.8 23.7135
      vertex -10.2468 22.8 19.4318
      vertex -1.85866 22.8 23.642
    endloop
  endfacet
  facet normal 0 -1 0
    outer loop
      vertex -1.78923 22.8 23.7828
      vertex -10.2468 22.8 19.4318
      vertex -1.82625 22.8 23.7135
    endloop
  endfacet
  facet normal 0 -1 0
    outer loop
      vertex -1.74776 22.8 23.8495
      vertex -10.2468 22.8 19.4318
      vertex -1.78923 22.8 23.7828
    endloop
  endfacet
  facet normal 0 -1 0
    outer loop
      vertex -1.70202 22.8 23.9133
      vertex -10.2468 22.8 19.4318
      vertex -1.74776 22.8 23.8495
    endloop
  endfacet
  facet normal 0 -1 0
    outer loop
      vertex -1.65221 22.8 23.974
      vertex -10.2468 22.8 19.4318
      vertex -1.70202 22.8 23.9133
    endloop
  endfacet
  facet normal 0 -1 0
    outer loop
      vertex -1.59853 22.8 24.0313
      vertex -10.2468 22.8 19.4318
      vertex -1.65221 22.8 23.974
    endloop
  endfacet
  facet normal 0 -1 0
    outer loop
      vertex -1.54121 22.8 24.085
      vertex -10.2468 22.8 19.4318
      vertex -1.59853 22.8 24.0313
    endloop
  endfacet
  facet normal 0 -1 0
    outer loop
      vertex -1.48051 22.8 24.1348
      vertex -10.2468 22.8 19.4318
      vertex -1.54121 22.8 24.085
    endloop
  endfacet
  facet normal 0 -1 0
    outer loop
      vertex -1.41668 22.8 24.1806
      vertex -10.2468 22.8 19.4318
      vertex -1.48051 22.8 24.1348
    endloop
  endfacet
  facet normal 0 -1 0
    outer loop
      vertex -1.35 22.8 24.222
      vertex -10.2468 22.8 19.4318
      vertex -1.41668 22.8 24.1806
    endloop
  endfacet
  facet normal 0 -1 0
    outer loop
      vertex -10.2468 22.8 19.4318
      vertex -1.35 22.8 24.222
      vertex 7.24685 22.8 29.5318
    endloop
  endfacet
  facet normal 0 -1 0
    outer loop
      vertex -0.593368 22.8 24.3725
      vertex 7.24685 22.8 29.5318
      vertex -0.671516 22.8 24.3802
    endloop
  endfacet
  facet normal 0 -1 0
    outer loop
      vertex -0.515891 22.8 24.3597
      vertex 7.24685 22.8 29.5318
      vertex -0.593368 22.8 24.3725
    endloop
  endfacet
  facet normal 0 -1 0
    outer loop
      vertex -0.439417 22.8 24.3419
      vertex 7.24685 22.8 29.5318
      vertex -0.515891 22.8 24.3597
    endloop
  endfacet
  facet normal 0 -1 0
    outer loop
      vertex -0.364273 22.8 24.3191
      vertex 7.24685 22.8 29.5318
      vertex -0.439417 22.8 24.3419
    endloop
  endfacet
  facet normal 0 -1 0
    outer loop
      vertex -0.29078 22.8 24.2915
      vertex 7.24685 22.8 29.5318
      vertex -0.364273 22.8 24.3191
    endloop
  endfacet
  facet normal 0 -1 0
    outer loop
      vertex -0.219254 22.8 24.259
      vertex 7.24685 22.8 29.5318
      vertex -0.29078 22.8 24.2915
    endloop
  endfacet
  facet normal 0 -1 0
    outer loop
      vertex -0.15 22.8 24.222
      vertex 7.24685 22.8 29.5318
      vertex -0.219254 22.8 24.259
    endloop
  endfacet
  facet normal 0 -1 0
    outer loop
      vertex -0.0833153 22.8 24.1806
      vertex 7.24685 22.8 29.5318
      vertex -0.15 22.8 24.222
    endloop
  endfacet
  facet normal 0 -1 0
    outer loop
      vertex -0.0194866 22.8 24.1348
      vertex 7.24685 22.8 29.5318
      vertex -0.0833153 22.8 24.1806
    endloop
  endfacet
  facet normal 0 -1 0
    outer loop
      vertex 0.0412145 22.8 24.085
      vertex 7.24685 22.8 29.5318
      vertex -0.0194866 22.8 24.1348
    endloop
  endfacet
  facet normal 0 -1 0
    outer loop
      vertex 0.0985277 22.8 24.0313
      vertex 7.24685 22.8 29.5318
      vertex 0.0412145 22.8 24.085
    endloop
  endfacet
  facet normal 0 -1 0
    outer loop
      vertex 0.152208 22.8 23.974
      vertex 7.24685 22.8 29.5318
      vertex 0.0985277 22.8 24.0313
    endloop
  endfacet
  facet normal 0 -1 0
    outer loop
      vertex 0.202024 22.8 23.9133
      vertex 7.24685 22.8 29.5318
      vertex 0.152208 22.8 23.974
    endloop
  endfacet
  facet normal 0 -1 0
    outer loop
      vertex 0.247764 22.8 23.8495
      vertex 7.24685 22.8 29.5318
      vertex 0.202024 22.8 23.9133
    endloop
  endfacet
  facet normal 0 -1 0
    outer loop
      vertex 0.28923 22.8 23.7828
      vertex 7.24685 22.8 29.5318
      vertex 0.247764 22.8 23.8495
    endloop
  endfacet
  facet normal 0 -1 -0
    outer loop
      vertex 7.24685 22.8 29.5318
      vertex 0.28923 22.8 23.7828
      vertex 8.74685 22.8 26.9338
    endloop
  endfacet
  facet normal 0 -1 0
    outer loop
      vertex 0.326248 22.8 23.7135
      vertex 8.74685 22.8 26.9338
      vertex 0.28923 22.8 23.7828
    endloop
  endfacet
  facet normal 0 -1 0
    outer loop
      vertex 0.358655 22.8 23.642
      vertex 8.74685 22.8 26.9338
      vertex 0.326248 22.8 23.7135
    endloop
  endfacet
  facet normal 0 -1 0
    outer loop
      vertex 0.386316 22.8 23.5685
      vertex 8.74685 22.8 26.9338
      vertex 0.358655 22.8 23.642
    endloop
  endfacet
  facet normal 0 -1 0
    outer loop
      vertex 0.40911 22.8 23.4934
      vertex 8.74685 22.8 26.9338
      vertex 0.386316 22.8 23.5685
    endloop
  endfacet
  facet normal 0 -1 0
    outer loop
      vertex 0.426942 22.8 23.4169
      vertex 8.74685 22.8 26.9338
      vertex 0.40911 22.8 23.4934
    endloop
  endfacet
  facet normal 0 -1 0
    outer loop
      vertex 0.439734 22.8 23.3394
      vertex 8.74685 22.8 26.9338
      vertex 0.426942 22.8 23.4169
    endloop
  endfacet
  facet normal 0 -1 0
    outer loop
      vertex 0.447431 22.8 23.2613
      vertex 8.74685 22.8 26.9338
      vertex 0.439734 22.8 23.3394
    endloop
  endfacet
  facet normal 0 -1 0
    outer loop
      vertex 0.45 22.8 23.1828
      vertex 8.74685 22.8 26.9338
      vertex 0.447431 22.8 23.2613
    endloop
  endfacet
  facet normal 0 -1 0
    outer loop
      vertex 0.44743 22.8 23.1043
      vertex 8.74685 22.8 26.9338
      vertex 0.45 22.8 23.1828
    endloop
  endfacet
  facet normal 0 -1 0
    outer loop
      vertex 0.439734 22.8 23.0262
      vertex 8.74685 22.8 26.9338
      vertex 0.44743 22.8 23.1043
    endloop
  endfacet
  facet normal 0 -1 0
    outer loop
      vertex 0.426942 22.8 22.9487
      vertex 8.74685 22.8 26.9338
      vertex 0.439734 22.8 23.0262
    endloop
  endfacet
  facet normal 0 -1 0
    outer loop
      vertex 0.409111 22.8 22.8722
      vertex 8.74685 22.8 26.9338
      vertex 0.426942 22.8 22.9487
    endloop
  endfacet
  facet normal 0 -1 0
    outer loop
      vertex 0.386316 22.8 22.7971
      vertex 8.74685 22.8 26.9338
      vertex 0.409111 22.8 22.8722
    endloop
  endfacet
  facet normal 0 -1 0
    outer loop
      vertex 0.358656 22.8 22.7236
      vertex 8.74685 22.8 26.9338
      vertex 0.386316 22.8 22.7971
    endloop
  endfacet
  facet normal 0 -1 0
    outer loop
      vertex 0.326247 22.8 22.652
      vertex 8.74685 22.8 26.9338
      vertex 0.358656 22.8 22.7236
    endloop
  endfacet
  facet normal 0 -1 0
    outer loop
      vertex 0.28923 22.8 22.5828
      vertex 8.74685 22.8 26.9338
      vertex 0.326247 22.8 22.652
    endloop
  endfacet
  facet normal 0 -1 0
    outer loop
      vertex 0.247763 22.8 22.5161
      vertex 8.74685 22.8 26.9338
      vertex 0.28923 22.8 22.5828
    endloop
  endfacet
  facet normal 0 -1 0
    outer loop
      vertex 0.202024 22.8 22.4523
      vertex 8.74685 22.8 26.9338
      vertex 0.247763 22.8 22.5161
    endloop
  endfacet
  facet normal 0 -1 0
    outer loop
      vertex 0.152207 22.8 22.3916
      vertex 8.74685 22.8 26.9338
      vertex 0.202024 22.8 22.4523
    endloop
  endfacet
  facet normal 0 -1 0
    outer loop
      vertex 0.0985276 22.8 22.3343
      vertex 8.74685 22.8 26.9338
      vertex 0.152207 22.8 22.3916
    endloop
  endfacet
  facet normal 0 -1 0
    outer loop
      vertex 0.0412149 22.8 22.2806
      vertex 8.74685 22.8 26.9338
      vertex 0.0985276 22.8 22.3343
    endloop
  endfacet
  facet normal 0 -1 0
    outer loop
      vertex -0.0194868 22.8 22.2308
      vertex 8.74685 22.8 26.9338
      vertex 0.0412149 22.8 22.2806
    endloop
  endfacet
  facet normal 0 -1 0
    outer loop
      vertex -0.0833154 22.8 22.185
      vertex 8.74685 22.8 26.9338
      vertex -0.0194868 22.8 22.2308
    endloop
  endfacet
  facet normal 0 -1 0
    outer loop
      vertex -0.15 22.8 22.1436
      vertex 8.74685 22.8 26.9338
      vertex -0.0833154 22.8 22.185
    endloop
  endfacet
  facet normal 0 -1 -0
    outer loop
      vertex -0.828484 22.8 21.9854
      vertex -8.74685 22.8 16.8338
      vertex -0.749999 22.8 21.9828
    endloop
  endfacet
  facet normal 0 -1 -0
    outer loop
      vertex -0.749999 22.8 21.9828
      vertex -8.74685 22.8 16.8338
      vertex -0.671515 22.8 21.9854
    endloop
  endfacet
  facet normal 0 -1 -0
    outer loop
      vertex -0.671515 22.8 21.9854
      vertex -8.74685 22.8 16.8338
      vertex -0.593368 22.8 21.9931
    endloop
  endfacet
  facet normal 0 -1 -0
    outer loop
      vertex -0.593368 22.8 21.9931
      vertex -8.74685 22.8 16.8338
      vertex -0.515891 22.8 22.0059
    endloop
  endfacet
  facet normal 0 -1 -0
    outer loop
      vertex -0.15 22.8 22.1436
      vertex -8.74685 22.8 16.8338
      vertex 8.74685 22.8 26.9338
    endloop
  endfacet
  facet normal 0 -1 -0
    outer loop
      vertex -0.219253 22.8 22.1065
      vertex -8.74685 22.8 16.8338
      vertex -0.15 22.8 22.1436
    endloop
  endfacet
  facet normal 0 -1 -0
    outer loop
      vertex -0.290779 22.8 22.0741
      vertex -8.74685 22.8 16.8338
      vertex -0.219253 22.8 22.1065
    endloop
  endfacet
  facet normal 0 -1 -0
    outer loop
      vertex -0.364272 22.8 22.0465
      vertex -8.74685 22.8 16.8338
      vertex -0.290779 22.8 22.0741
    endloop
  endfacet
  facet normal 0 -1 -0
    outer loop
      vertex -0.439417 22.8 22.0237
      vertex -8.74685 22.8 16.8338
      vertex -0.364272 22.8 22.0465
    endloop
  endfacet
  facet normal 0 -1 -0
    outer loop
      vertex -0.515891 22.8 22.0059
      vertex -8.74685 22.8 16.8338
      vertex -0.439417 22.8 22.0237
    endloop
  endfacet
  facet normal -0.0283999 -0.999462 -0.0163966
    outer loop
      vertex 7.24685 22.8 29.5318
      vertex 9.25096 22.7809 27.2248
      vertex 7.75096 22.7809 29.8229
    endloop
  endfacet
  facet normal -0.0284021 -0.999462 -0.0163984
    outer loop
      vertex 9.25096 22.7809 27.2248
      vertex 7.24685 22.8 29.5318
      vertex 8.74685 22.8 26.9338
    endloop
  endfacet
  facet normal -0.0849079 -0.995182 -0.0490208
    outer loop
      vertex 7.75096 22.7809 29.8229
      vertex 9.75289 22.7238 27.5146
      vertex 8.2529 22.7238 30.1127
    endloop
  endfacet
  facet normal -0.084909 -0.995182 -0.0490218
    outer loop
      vertex 9.75289 22.7238 27.5146
      vertex 7.75096 22.7809 29.8229
      vertex 9.25096 22.7809 27.2248
    endloop
  endfacet
  facet normal -0.140972 -0.986663 -0.0813871
    outer loop
      vertex 8.2529 22.7238 30.1127
      vertex 10.2505 22.629 27.8019
      vertex 8.75054 22.629 30.4
    endloop
  endfacet
  facet normal -0.140977 -0.986661 -0.0813919
    outer loop
      vertex 10.2505 22.629 27.8019
      vertex 8.2529 22.7238 30.1127
      vertex 9.75289 22.7238 27.5146
    endloop
  endfacet
  facet normal -0.196725 -0.973858 -0.113575
    outer loop
      vertex 8.75054 22.629 30.4
      vertex 10.7417 22.4967 28.0855
      vertex 9.24174 22.4967 30.6836
    endloop
  endfacet
  facet normal -0.196725 -0.973858 -0.113575
    outer loop
      vertex 10.7417 22.4967 28.0855
      vertex 8.75054 22.629 30.4
      vertex 10.2505 22.629 27.8019
    endloop
  endfacet
  facet normal -0.251325 -0.956964 -0.145109
    outer loop
      vertex 9.24174 22.4967 30.6836
      vertex 11.2244 22.3277 28.3642
      vertex 9.72438 22.3277 30.9622
    endloop
  endfacet
  facet normal -0.251288 -0.956978 -0.145076
    outer loop
      vertex 11.2244 22.3277 28.3642
      vertex 9.24174 22.4967 30.6836
      vertex 10.7417 22.4967 28.0855
    endloop
  endfacet
  facet normal -0.305118 -0.93588 -0.176158
    outer loop
      vertex 9.72438 22.3277 30.9622
      vertex 11.6964 22.1225 28.6367
      vertex 10.1964 22.1225 31.2348
    endloop
  endfacet
  facet normal -0.305147 -0.935866 -0.176184
    outer loop
      vertex 11.6964 22.1225 28.6367
      vertex 9.72438 22.3277 30.9622
      vertex 11.2244 22.3277 28.3642
    endloop
  endfacet
  facet normal -0.35736 -0.910893 -0.20632
    outer loop
      vertex 10.1964 22.1225 31.2348
      vertex 12.1558 21.8822 28.9019
      vertex 10.6558 21.8822 31.5
    endloop
  endfacet
  facet normal -0.35736 -0.910893 -0.20632
    outer loop
      vertex 12.1558 21.8822 28.9019
      vertex 10.1964 22.1225 31.2348
      vertex 11.6964 22.1225 28.6367
    endloop
  endfacet
  facet normal -0.408267 -0.881904 -0.23572
    outer loop
      vertex 10.6558 21.8822 31.5
      vertex 12.6007 21.6076 29.1588
      vertex 11.1007 21.6076 31.7568
    endloop
  endfacet
  facet normal -0.40824 -0.881923 -0.235695
    outer loop
      vertex 12.6007 21.6076 29.1588
      vertex 10.6558 21.8822 31.5
      vertex 12.1558 21.8822 28.9019
    endloop
  endfacet
  facet normal -0.457276 -0.849235 -0.264006
    outer loop
      vertex 11.1007 21.6076 31.7568
      vertex 13.029 21.3001 29.406
      vertex 11.529 21.3001 32.0041
    endloop
  endfacet
  facet normal -0.457305 -0.849211 -0.264033
    outer loop
      vertex 13.029 21.3001 29.406
      vertex 11.1007 21.6076 31.7568
      vertex 12.6007 21.6076 29.1588
    endloop
  endfacet
  facet normal -0.504492 -0.812805 -0.291266
    outer loop
      vertex 11.529 21.3001 32.0041
      vertex 13.439 20.9608 29.6427
      vertex 11.939 20.9608 32.2408
    endloop
  endfacet
  facet normal -0.504492 -0.812805 -0.291266
    outer loop
      vertex 13.439 20.9608 29.6427
      vertex 11.529 21.3001 32.0041
      vertex 13.029 21.3001 29.406
    endloop
  endfacet
  facet normal -0.549394 -0.773018 -0.31719
    outer loop
      vertex 11.939 20.9608 32.2408
      vertex 13.8288 20.5914 29.8678
      vertex 12.3288 20.5914 32.4659
    endloop
  endfacet
  facet normal -0.549394 -0.773018 -0.31719
    outer loop
      vertex 13.8288 20.5914 29.8678
      vertex 11.939 20.9608 32.2408
      vertex 13.439 20.9608 29.6427
    endloop
  endfacet
  facet normal -0.591997 -0.729878 -0.341787
    outer loop
      vertex 12.3288 20.5914 32.4659
      vertex 14.197 20.1932 30.0804
      vertex 12.697 20.1932 32.6785
    endloop
  endfacet
  facet normal -0.591997 -0.729878 -0.341787
    outer loop
      vertex 14.197 20.1932 30.0804
      vertex 12.3288 20.5914 32.4659
      vertex 13.8288 20.5914 29.8678
    endloop
  endfacet
  facet normal -0.63211 -0.683558 -0.364945
    outer loop
      vertex 12.697 20.1932 32.6785
      vertex 14.5417 19.7682 30.2794
      vertex 13.0417 19.7682 32.8775
    endloop
  endfacet
  facet normal -0.63211 -0.683558 -0.364945
    outer loop
      vertex 14.5417 19.7682 30.2794
      vertex 12.697 20.1932 32.6785
      vertex 14.197 20.1932 30.0804
    endloop
  endfacet
  facet normal -0.669406 -0.634453 -0.386478
    outer loop
      vertex 14.8617 19.318 30.4642
      vertex 13.0417 19.7682 32.8775
      vertex 14.5417 19.7682 30.2794
    endloop
  endfacet
  facet normal -0.669406 -0.634453 -0.386478
    outer loop
      vertex 13.0417 19.7682 32.8775
      vertex 14.8617 19.318 30.4642
      vertex 13.3617 19.318 33.0623
    endloop
  endfacet
  facet normal -0.703944 -0.582483 -0.406419
    outer loop
      vertex 15.1555 18.8446 30.6338
      vertex 13.3617 19.318 33.0623
      vertex 14.8617 19.318 30.4642
    endloop
  endfacet
  facet normal -0.703944 -0.582483 -0.406419
    outer loop
      vertex 13.3617 19.318 33.0623
      vertex 15.1555 18.8446 30.6338
      vertex 13.6555 18.8446 33.2319
    endloop
  endfacet
  facet normal -0.735459 -0.528019 -0.424613
    outer loop
      vertex 15.4218 18.35 30.7876
      vertex 13.6555 18.8446 33.2319
      vertex 15.1555 18.8446 30.6338
    endloop
  endfacet
  facet normal -0.735485 -0.527957 -0.424645
    outer loop
      vertex 13.6555 18.8446 33.2319
      vertex 15.4218 18.35 30.7876
      vertex 13.9218 18.35 33.3856
    endloop
  endfacet
  facet normal -0.763751 -0.471418 -0.440965
    outer loop
      vertex 15.6596 17.8364 30.9248
      vertex 13.9218 18.35 33.3856
      vertex 15.4218 18.35 30.7876
    endloop
  endfacet
  facet normal -0.763727 -0.471485 -0.440934
    outer loop
      vertex 13.9218 18.35 33.3856
      vertex 15.6596 17.8364 30.9248
      vertex 14.1596 17.8364 33.5229
    endloop
  endfacet
  facet normal -0.788811 -0.412764 -0.455416
    outer loop
      vertex 15.8678 17.3059 31.045
      vertex 14.1596 17.8364 33.5229
      vertex 15.6596 17.8364 30.9248
    endloop
  endfacet
  facet normal -0.788811 -0.412764 -0.455416
    outer loop
      vertex 14.1596 17.8364 33.5229
      vertex 15.8678 17.3059 31.045
      vertex 14.3678 17.3059 33.6431
    endloop
  endfacet
  facet normal -0.810547 -0.352167 -0.467965
    outer loop
      vertex 16.0454 16.7608 31.1476
      vertex 14.3678 17.3059 33.6431
      vertex 15.8678 17.3059 31.045
    endloop
  endfacet
  facet normal -0.810547 -0.352167 -0.467965
    outer loop
      vertex 14.3678 17.3059 33.6431
      vertex 16.0454 16.7608 31.1476
      vertex 14.5454 16.7608 33.7457
    endloop
  endfacet
  facet normal -0.828744 -0.290255 -0.478471
    outer loop
      vertex 16.1918 16.2035 31.2321
      vertex 14.5454 16.7608 33.7457
      vertex 16.0454 16.7608 31.1476
    endloop
  endfacet
  facet normal -0.828744 -0.290255 -0.478471
    outer loop
      vertex 14.5454 16.7608 33.7457
      vertex 16.1918 16.2035 31.2321
      vertex 14.6918 16.2035 33.8302
    endloop
  endfacet
  facet normal -0.84339 -0.227148 -0.486927
    outer loop
      vertex 16.3064 15.6363 31.2982
      vertex 14.6918 16.2035 33.8302
      vertex 16.1918 16.2035 31.2321
    endloop
  endfacet
  facet normal -0.84339 -0.227148 -0.486927
    outer loop
      vertex 14.6918 16.2035 33.8302
      vertex 16.3064 15.6363 31.2982
      vertex 14.8064 15.6363 33.8963
    endloop
  endfacet
  facet normal -0.854464 -0.162868 -0.493321
    outer loop
      vertex 16.3885 15.0617 31.3457
      vertex 14.8064 15.6363 33.8963
      vertex 16.3064 15.6363 31.2982
    endloop
  endfacet
  facet normal -0.854464 -0.162868 -0.493321
    outer loop
      vertex 14.8064 15.6363 33.8963
      vertex 16.3885 15.0617 31.3457
      vertex 14.8885 15.0617 33.9438
    endloop
  endfacet
  facet normal -0.861852 -0.0980726 -0.497586
    outer loop
      vertex 16.438 14.4821 31.3742
      vertex 14.8885 15.0617 33.9438
      vertex 16.3885 15.0617 31.3457
    endloop
  endfacet
  facet normal -0.861852 -0.0980726 -0.497586
    outer loop
      vertex 14.8885 15.0617 33.9438
      vertex 16.438 14.4821 31.3742
      vertex 14.938 14.4821 33.9723
    endloop
  endfacet
  facet normal -0.865562 -0.0327764 -0.499728
    outer loop
      vertex 16.4545 13.9 31.3838
      vertex 14.938 14.4821 33.9723
      vertex 16.438 14.4821 31.3742
    endloop
  endfacet
  facet normal -0.865556 -0.0326907 -0.499744
    outer loop
      vertex 14.938 14.4821 33.9723
      vertex 16.4545 13.9 31.3838
      vertex 14.9545 13.9 33.9818
    endloop
  endfacet
  facet normal -0.865562 0.0327764 -0.499728
    outer loop
      vertex 14.938 -14.4821 33.9723
      vertex 16.4545 -13.9 31.3838
      vertex 16.438 -14.4821 31.3742
    endloop
  endfacet
  facet normal -0.865556 0.0326907 -0.499744
    outer loop
      vertex 16.4545 -13.9 31.3838
      vertex 14.938 -14.4821 33.9723
      vertex 14.9545 -13.9 33.9818
    endloop
  endfacet
  facet normal -0.861852 0.0980726 -0.497586
    outer loop
      vertex 14.8885 -15.0617 33.9438
      vertex 16.438 -14.4821 31.3742
      vertex 16.3885 -15.0617 31.3457
    endloop
  endfacet
  facet normal -0.861852 0.0980726 -0.497586
    outer loop
      vertex 16.438 -14.4821 31.3742
      vertex 14.8885 -15.0617 33.9438
      vertex 14.938 -14.4821 33.9723
    endloop
  endfacet
  facet normal -0.854464 0.162868 -0.493321
    outer loop
      vertex 14.8064 -15.6363 33.8963
      vertex 16.3885 -15.0617 31.3457
      vertex 16.3064 -15.6363 31.2982
    endloop
  endfacet
  facet normal -0.854464 0.162868 -0.493321
    outer loop
      vertex 16.3885 -15.0617 31.3457
      vertex 14.8064 -15.6363 33.8963
      vertex 14.8885 -15.0617 33.9438
    endloop
  endfacet
  facet normal -0.84339 0.227148 -0.486927
    outer loop
      vertex 14.6918 -16.2035 33.8302
      vertex 16.3064 -15.6363 31.2982
      vertex 16.1918 -16.2035 31.2321
    endloop
  endfacet
  facet normal -0.84339 0.227148 -0.486927
    outer loop
      vertex 16.3064 -15.6363 31.2982
      vertex 14.6918 -16.2035 33.8302
      vertex 14.8064 -15.6363 33.8963
    endloop
  endfacet
  facet normal -0.828744 0.290255 -0.478471
    outer loop
      vertex 14.5454 -16.7608 33.7457
      vertex 16.1918 -16.2035 31.2321
      vertex 16.0454 -16.7608 31.1476
    endloop
  endfacet
  facet normal -0.828744 0.290255 -0.478471
    outer loop
      vertex 16.1918 -16.2035 31.2321
      vertex 14.5454 -16.7608 33.7457
      vertex 14.6918 -16.2035 33.8302
    endloop
  endfacet
  facet normal -0.810547 0.352167 -0.467965
    outer loop
      vertex 14.3678 -17.3059 33.6431
      vertex 16.0454 -16.7608 31.1476
      vertex 15.8678 -17.3059 31.045
    endloop
  endfacet
  facet normal -0.810547 0.352167 -0.467965
    outer loop
      vertex 16.0454 -16.7608 31.1476
      vertex 14.3678 -17.3059 33.6431
      vertex 14.5454 -16.7608 33.7457
    endloop
  endfacet
  facet normal -0.788811 0.412764 -0.455416
    outer loop
      vertex 14.1596 -17.8364 33.5229
      vertex 15.8678 -17.3059 31.045
      vertex 15.6596 -17.8364 30.9248
    endloop
  endfacet
  facet normal -0.788811 0.412764 -0.455416
    outer loop
      vertex 15.8678 -17.3059 31.045
      vertex 14.1596 -17.8364 33.5229
      vertex 14.3678 -17.3059 33.6431
    endloop
  endfacet
  facet normal -0.763751 0.471418 -0.440965
    outer loop
      vertex 13.9218 -18.35 33.3856
      vertex 15.6596 -17.8364 30.9248
      vertex 15.4218 -18.35 30.7876
    endloop
  endfacet
  facet normal -0.763727 0.471485 -0.440934
    outer loop
      vertex 15.6596 -17.8364 30.9248
      vertex 13.9218 -18.35 33.3856
      vertex 14.1596 -17.8364 33.5229
    endloop
  endfacet
  facet normal -0.735459 0.528019 -0.424613
    outer loop
      vertex 13.6555 -18.8446 33.2319
      vertex 15.4218 -18.35 30.7876
      vertex 15.1555 -18.8446 30.6338
    endloop
  endfacet
  facet normal -0.735485 0.527957 -0.424645
    outer loop
      vertex 15.4218 -18.35 30.7876
      vertex 13.6555 -18.8446 33.2319
      vertex 13.9218 -18.35 33.3856
    endloop
  endfacet
  facet normal -0.703944 0.582483 -0.406419
    outer loop
      vertex 13.3617 -19.318 33.0623
      vertex 15.1555 -18.8446 30.6338
      vertex 14.8617 -19.318 30.4642
    endloop
  endfacet
  facet normal -0.703944 0.582483 -0.406419
    outer loop
      vertex 15.1555 -18.8446 30.6338
      vertex 13.3617 -19.318 33.0623
      vertex 13.6555 -18.8446 33.2319
    endloop
  endfacet
  facet normal -0.669406 0.634453 -0.386478
    outer loop
      vertex 13.0417 -19.7682 32.8775
      vertex 14.8617 -19.318 30.4642
      vertex 14.5417 -19.7682 30.2794
    endloop
  endfacet
  facet normal -0.669406 0.634453 -0.386478
    outer loop
      vertex 14.8617 -19.318 30.4642
      vertex 13.0417 -19.7682 32.8775
      vertex 13.3617 -19.318 33.0623
    endloop
  endfacet
  facet normal -0.63211 0.683558 -0.364945
    outer loop
      vertex 14.5417 -19.7682 30.2794
      vertex 12.697 -20.1932 32.6785
      vertex 13.0417 -19.7682 32.8775
    endloop
  endfacet
  facet normal -0.63211 0.683558 -0.364945
    outer loop
      vertex 12.697 -20.1932 32.6785
      vertex 14.5417 -19.7682 30.2794
      vertex 14.197 -20.1932 30.0804
    endloop
  endfacet
  facet normal -0.591997 0.729878 -0.341787
    outer loop
      vertex 14.197 -20.1932 30.0804
      vertex 12.3288 -20.5914 32.4659
      vertex 12.697 -20.1932 32.6785
    endloop
  endfacet
  facet normal -0.591997 0.729878 -0.341787
    outer loop
      vertex 12.3288 -20.5914 32.4659
      vertex 14.197 -20.1932 30.0804
      vertex 13.8288 -20.5914 29.8678
    endloop
  endfacet
  facet normal -0.549394 0.773018 -0.31719
    outer loop
      vertex 13.8288 -20.5914 29.8678
      vertex 11.939 -20.9608 32.2408
      vertex 12.3288 -20.5914 32.4659
    endloop
  endfacet
  facet normal -0.549394 0.773018 -0.31719
    outer loop
      vertex 11.939 -20.9608 32.2408
      vertex 13.8288 -20.5914 29.8678
      vertex 13.439 -20.9608 29.6427
    endloop
  endfacet
  facet normal -0.504492 0.812805 -0.291266
    outer loop
      vertex 13.439 -20.9608 29.6427
      vertex 11.529 -21.3001 32.0041
      vertex 11.939 -20.9608 32.2408
    endloop
  endfacet
  facet normal -0.504492 0.812805 -0.291266
    outer loop
      vertex 11.529 -21.3001 32.0041
      vertex 13.439 -20.9608 29.6427
      vertex 13.029 -21.3001 29.406
    endloop
  endfacet
  facet normal -0.457276 0.849235 -0.264006
    outer loop
      vertex 13.029 -21.3001 29.406
      vertex 11.1007 -21.6076 31.7568
      vertex 11.529 -21.3001 32.0041
    endloop
  endfacet
  facet normal -0.457305 0.849211 -0.264033
    outer loop
      vertex 11.1007 -21.6076 31.7568
      vertex 13.029 -21.3001 29.406
      vertex 12.6007 -21.6076 29.1588
    endloop
  endfacet
  facet normal -0.408267 0.881904 -0.23572
    outer loop
      vertex 12.6007 -21.6076 29.1588
      vertex 10.6558 -21.8822 31.5
      vertex 11.1007 -21.6076 31.7568
    endloop
  endfacet
  facet normal -0.40824 0.881923 -0.235695
    outer loop
      vertex 10.6558 -21.8822 31.5
      vertex 12.6007 -21.6076 29.1588
      vertex 12.1558 -21.8822 28.9019
    endloop
  endfacet
  facet normal -0.35736 0.910893 -0.20632
    outer loop
      vertex 12.1558 -21.8822 28.9019
      vertex 10.1964 -22.1225 31.2348
      vertex 10.6558 -21.8822 31.5
    endloop
  endfacet
  facet normal -0.35736 0.910893 -0.20632
    outer loop
      vertex 10.1964 -22.1225 31.2348
      vertex 12.1558 -21.8822 28.9019
      vertex 11.6964 -22.1225 28.6367
    endloop
  endfacet
  facet normal -0.305118 0.93588 -0.176158
    outer loop
      vertex 11.6964 -22.1225 28.6367
      vertex 9.72438 -22.3277 30.9622
      vertex 10.1964 -22.1225 31.2348
    endloop
  endfacet
  facet normal -0.305147 0.935866 -0.176184
    outer loop
      vertex 9.72438 -22.3277 30.9622
      vertex 11.6964 -22.1225 28.6367
      vertex 11.2244 -22.3277 28.3642
    endloop
  endfacet
  facet normal -0.251325 0.956964 -0.145109
    outer loop
      vertex 11.2244 -22.3277 28.3642
      vertex 9.24174 -22.4967 30.6836
      vertex 9.72438 -22.3277 30.9622
    endloop
  endfacet
  facet normal -0.251288 0.956978 -0.145076
    outer loop
      vertex 9.24174 -22.4967 30.6836
      vertex 11.2244 -22.3277 28.3642
      vertex 10.7417 -22.4967 28.0855
    endloop
  endfacet
  facet normal -0.196725 0.973858 -0.113575
    outer loop
      vertex 10.7417 -22.4967 28.0855
      vertex 8.75054 -22.629 30.4
      vertex 9.24174 -22.4967 30.6836
    endloop
  endfacet
  facet normal -0.196725 0.973858 -0.113575
    outer loop
      vertex 8.75054 -22.629 30.4
      vertex 10.7417 -22.4967 28.0855
      vertex 10.2505 -22.629 27.8019
    endloop
  endfacet
  facet normal -0.140972 0.986663 -0.0813871
    outer loop
      vertex 10.2505 -22.629 27.8019
      vertex 8.2529 -22.7238 30.1127
      vertex 8.75054 -22.629 30.4
    endloop
  endfacet
  facet normal -0.140977 0.986661 -0.0813919
    outer loop
      vertex 8.2529 -22.7238 30.1127
      vertex 10.2505 -22.629 27.8019
      vertex 9.75289 -22.7238 27.5146
    endloop
  endfacet
  facet normal -0.0849079 0.995182 -0.0490208
    outer loop
      vertex 9.75289 -22.7238 27.5146
      vertex 7.75096 -22.7809 29.8229
      vertex 8.2529 -22.7238 30.1127
    endloop
  endfacet
  facet normal -0.084909 0.995182 -0.0490218
    outer loop
      vertex 7.75096 -22.7809 29.8229
      vertex 9.75289 -22.7238 27.5146
      vertex 9.25096 -22.7809 27.2248
    endloop
  endfacet
  facet normal -0.0283999 0.999462 -0.0163966
    outer loop
      vertex 9.25096 -22.7809 27.2248
      vertex 7.24685 -22.8 29.5318
      vertex 7.75096 -22.7809 29.8229
    endloop
  endfacet
  facet normal -0.0284021 0.999462 -0.0163984
    outer loop
      vertex 7.24685 -22.8 29.5318
      vertex 9.25096 -22.7809 27.2248
      vertex 8.74685 -22.8 26.9338
    endloop
  endfacet
  facet normal 0 1 0
    outer loop
      vertex 7.24685 -22.8 29.5318
      vertex -0.671516 -22.8 24.3802
      vertex -0.75 -22.8 24.3828
    endloop
  endfacet
  facet normal 0 1 0
    outer loop
      vertex 7.24685 -22.8 29.5318
      vertex -0.593368 -22.8 24.3725
      vertex -0.671516 -22.8 24.3802
    endloop
  endfacet
  facet normal 0 1 0
    outer loop
      vertex 7.24685 -22.8 29.5318
      vertex -0.515891 -22.8 24.3597
      vertex -0.593368 -22.8 24.3725
    endloop
  endfacet
  facet normal 0 1 0
    outer loop
      vertex 7.24685 -22.8 29.5318
      vertex -0.439417 -22.8 24.3419
      vertex -0.515891 -22.8 24.3597
    endloop
  endfacet
  facet normal 0 1 0
    outer loop
      vertex 7.24685 -22.8 29.5318
      vertex -0.364273 -22.8 24.3191
      vertex -0.439417 -22.8 24.3419
    endloop
  endfacet
  facet normal 0 1 0
    outer loop
      vertex 7.24685 -22.8 29.5318
      vertex -0.29078 -22.8 24.2915
      vertex -0.364273 -22.8 24.3191
    endloop
  endfacet
  facet normal 0 1 0
    outer loop
      vertex 7.24685 -22.8 29.5318
      vertex -0.219254 -22.8 24.259
      vertex -0.29078 -22.8 24.2915
    endloop
  endfacet
  facet normal 0 1 0
    outer loop
      vertex 7.24685 -22.8 29.5318
      vertex -0.15 -22.8 24.222
      vertex -0.219254 -22.8 24.259
    endloop
  endfacet
  facet normal 0 1 0
    outer loop
      vertex 7.24685 -22.8 29.5318
      vertex -0.0833153 -22.8 24.1806
      vertex -0.15 -22.8 24.222
    endloop
  endfacet
  facet normal 0 1 0
    outer loop
      vertex 7.24685 -22.8 29.5318
      vertex -0.0194866 -22.8 24.1348
      vertex -0.0833153 -22.8 24.1806
    endloop
  endfacet
  facet normal 0 1 0
    outer loop
      vertex 7.24685 -22.8 29.5318
      vertex 0.0412145 -22.8 24.085
      vertex -0.0194866 -22.8 24.1348
    endloop
  endfacet
  facet normal 0 1 0
    outer loop
      vertex 7.24685 -22.8 29.5318
      vertex 0.0985277 -22.8 24.0313
      vertex 0.0412145 -22.8 24.085
    endloop
  endfacet
  facet normal 0 1 0
    outer loop
      vertex 7.24685 -22.8 29.5318
      vertex 0.152208 -22.8 23.974
      vertex 0.0985277 -22.8 24.0313
    endloop
  endfacet
  facet normal 0 1 0
    outer loop
      vertex 7.24685 -22.8 29.5318
      vertex 0.202024 -22.8 23.9133
      vertex 0.152208 -22.8 23.974
    endloop
  endfacet
  facet normal 0 1 0
    outer loop
      vertex 7.24685 -22.8 29.5318
      vertex 0.247764 -22.8 23.8495
      vertex 0.202024 -22.8 23.9133
    endloop
  endfacet
  facet normal 0 1 0
    outer loop
      vertex 7.24685 -22.8 29.5318
      vertex 0.28923 -22.8 23.7828
      vertex 0.247764 -22.8 23.8495
    endloop
  endfacet
  facet normal 0 1 0
    outer loop
      vertex 8.74685 -22.8 26.9338
      vertex 0.326248 -22.8 23.7135
      vertex 0.28923 -22.8 23.7828
    endloop
  endfacet
  facet normal 0 1 0
    outer loop
      vertex 8.74685 -22.8 26.9338
      vertex 0.358655 -22.8 23.642
      vertex 0.326248 -22.8 23.7135
    endloop
  endfacet
  facet normal 0 1 0
    outer loop
      vertex 8.74685 -22.8 26.9338
      vertex 0.386316 -22.8 23.5685
      vertex 0.358655 -22.8 23.642
    endloop
  endfacet
  facet normal 0 1 0
    outer loop
      vertex 8.74685 -22.8 26.9338
      vertex 0.40911 -22.8 23.4934
      vertex 0.386316 -22.8 23.5685
    endloop
  endfacet
  facet normal 0 1 0
    outer loop
      vertex 8.74685 -22.8 26.9338
      vertex 0.426942 -22.8 23.4169
      vertex 0.40911 -22.8 23.4934
    endloop
  endfacet
  facet normal 0 1 0
    outer loop
      vertex 8.74685 -22.8 26.9338
      vertex 0.439734 -22.8 23.3394
      vertex 0.426942 -22.8 23.4169
    endloop
  endfacet
  facet normal 0 1 0
    outer loop
      vertex 8.74685 -22.8 26.9338
      vertex 0.447431 -22.8 23.2613
      vertex 0.439734 -22.8 23.3394
    endloop
  endfacet
  facet normal 0 1 0
    outer loop
      vertex 8.74685 -22.8 26.9338
      vertex 0.45 -22.8 23.1828
      vertex 0.447431 -22.8 23.2613
    endloop
  endfacet
  facet normal 0 1 0
    outer loop
      vertex 8.74685 -22.8 26.9338
      vertex 0.44743 -22.8 23.1043
      vertex 0.45 -22.8 23.1828
    endloop
  endfacet
  facet normal 0 1 0
    outer loop
      vertex 8.74685 -22.8 26.9338
      vertex 0.439734 -22.8 23.0262
      vertex 0.44743 -22.8 23.1043
    endloop
  endfacet
  facet normal 0 1 0
    outer loop
      vertex 8.74685 -22.8 26.9338
      vertex 0.426942 -22.8 22.9487
      vertex 0.439734 -22.8 23.0262
    endloop
  endfacet
  facet normal 0 1 0
    outer loop
      vertex 8.74685 -22.8 26.9338
      vertex 0.409111 -22.8 22.8722
      vertex 0.426942 -22.8 22.9487
    endloop
  endfacet
  facet normal 0 1 0
    outer loop
      vertex 8.74685 -22.8 26.9338
      vertex 0.386316 -22.8 22.7971
      vertex 0.409111 -22.8 22.8722
    endloop
  endfacet
  facet normal 0 1 0
    outer loop
      vertex 8.74685 -22.8 26.9338
      vertex 0.358656 -22.8 22.7236
      vertex 0.386316 -22.8 22.7971
    endloop
  endfacet
  facet normal 0 1 0
    outer loop
      vertex 8.74685 -22.8 26.9338
      vertex 0.326247 -22.8 22.652
      vertex 0.358656 -22.8 22.7236
    endloop
  endfacet
  facet normal 0 1 0
    outer loop
      vertex 8.74685 -22.8 26.9338
      vertex 0.28923 -22.8 22.5828
      vertex 0.326247 -22.8 22.652
    endloop
  endfacet
  facet normal 0 1 0
    outer loop
      vertex 8.74685 -22.8 26.9338
      vertex 0.247763 -22.8 22.5161
      vertex 0.28923 -22.8 22.5828
    endloop
  endfacet
  facet normal 0 1 0
    outer loop
      vertex 8.74685 -22.8 26.9338
      vertex 0.202024 -22.8 22.4523
      vertex 0.247763 -22.8 22.5161
    endloop
  endfacet
  facet normal 0 1 0
    outer loop
      vertex 8.74685 -22.8 26.9338
      vertex 0.152207 -22.8 22.3916
      vertex 0.202024 -22.8 22.4523
    endloop
  endfacet
  facet normal 0 1 0
    outer loop
      vertex 8.74685 -22.8 26.9338
      vertex 0.0985276 -22.8 22.3343
      vertex 0.152207 -22.8 22.3916
    endloop
  endfacet
  facet normal 0 1 0
    outer loop
      vertex 8.74685 -22.8 26.9338
      vertex 0.0412149 -22.8 22.2806
      vertex 0.0985276 -22.8 22.3343
    endloop
  endfacet
  facet normal 0 1 0
    outer loop
      vertex 8.74685 -22.8 26.9338
      vertex -0.0194868 -22.8 22.2308
      vertex 0.0412149 -22.8 22.2806
    endloop
  endfacet
  facet normal 0 1 0
    outer loop
      vertex 8.74685 -22.8 26.9338
      vertex -0.0833154 -22.8 22.185
      vertex -0.0194868 -22.8 22.2308
    endloop
  endfacet
  facet normal 0 1 0
    outer loop
      vertex 8.74685 -22.8 26.9338
      vertex -0.15 -22.8 22.1436
      vertex -0.0833154 -22.8 22.185
    endloop
  endfacet
  facet normal 0 1 0
    outer loop
      vertex -8.74685 -22.8 16.8338
      vertex -0.749999 -22.8 21.9828
      vertex -0.671515 -22.8 21.9854
    endloop
  endfacet
  facet normal 0 1 0
    outer loop
      vertex -8.74685 -22.8 16.8338
      vertex -0.671515 -22.8 21.9854
      vertex -0.593368 -22.8 21.9931
    endloop
  endfacet
  facet normal 0 1 0
    outer loop
      vertex -8.74685 -22.8 16.8338
      vertex -0.593368 -22.8 21.9931
      vertex -0.515891 -22.8 22.0059
    endloop
  endfacet
  facet normal 0 1 0
    outer loop
      vertex -8.74685 -22.8 16.8338
      vertex -0.515891 -22.8 22.0059
      vertex -0.439417 -22.8 22.0237
    endloop
  endfacet
  facet normal 0 1 0
    outer loop
      vertex -0.749999 -22.8 21.9828
      vertex -8.74685 -22.8 16.8338
      vertex -10.2468 -22.8 19.4318
    endloop
  endfacet
  facet normal 0 1 0
    outer loop
      vertex -0.364272 -22.8 22.0465
      vertex -8.74685 -22.8 16.8338
      vertex -0.439417 -22.8 22.0237
    endloop
  endfacet
  facet normal 0 1 0
    outer loop
      vertex -0.290779 -22.8 22.0741
      vertex -8.74685 -22.8 16.8338
      vertex -0.364272 -22.8 22.0465
    endloop
  endfacet
  facet normal 0 1 0
    outer loop
      vertex -0.219253 -22.8 22.1065
      vertex -8.74685 -22.8 16.8338
      vertex -0.290779 -22.8 22.0741
    endloop
  endfacet
  facet normal 0 1 0
    outer loop
      vertex -0.15 -22.8 22.1436
      vertex -8.74685 -22.8 16.8338
      vertex -0.219253 -22.8 22.1065
    endloop
  endfacet
  facet normal 0 1 0
    outer loop
      vertex -8.74685 -22.8 16.8338
      vertex -0.15 -22.8 22.1436
      vertex 8.74685 -22.8 26.9338
    endloop
  endfacet
  facet normal 0 1 0
    outer loop
      vertex 0.28923 -22.8 23.7828
      vertex 7.24685 -22.8 29.5318
      vertex 8.74685 -22.8 26.9338
    endloop
  endfacet
  facet normal 0 1 0
    outer loop
      vertex -0.828485 -22.8 24.3802
      vertex 7.24685 -22.8 29.5318
      vertex -0.75 -22.8 24.3828
    endloop
  endfacet
  facet normal 0 1 0
    outer loop
      vertex -0.906631 -22.8 24.3725
      vertex 7.24685 -22.8 29.5318
      vertex -0.828485 -22.8 24.3802
    endloop
  endfacet
  facet normal 0 1 0
    outer loop
      vertex -0.984108 -22.8 24.3597
      vertex 7.24685 -22.8 29.5318
      vertex -0.906631 -22.8 24.3725
    endloop
  endfacet
  facet normal 0 1 0
    outer loop
      vertex -1.06058 -22.8 24.3419
      vertex 7.24685 -22.8 29.5318
      vertex -0.984108 -22.8 24.3597
    endloop
  endfacet
  facet normal 0 1 0
    outer loop
      vertex -1.13573 -22.8 24.3191
      vertex 7.24685 -22.8 29.5318
      vertex -1.06058 -22.8 24.3419
    endloop
  endfacet
  facet normal 0 1 0
    outer loop
      vertex -1.20922 -22.8 24.2914
      vertex 7.24685 -22.8 29.5318
      vertex -1.13573 -22.8 24.3191
    endloop
  endfacet
  facet normal 0 1 0
    outer loop
      vertex -1.28075 -22.8 24.259
      vertex 7.24685 -22.8 29.5318
      vertex -1.20922 -22.8 24.2914
    endloop
  endfacet
  facet normal 0 1 0
    outer loop
      vertex -1.35 -22.8 24.222
      vertex 7.24685 -22.8 29.5318
      vertex -1.28075 -22.8 24.259
    endloop
  endfacet
  facet normal 0 1 -0
    outer loop
      vertex -1.35 -22.8 24.222
      vertex -10.2468 -22.8 19.4318
      vertex 7.24685 -22.8 29.5318
    endloop
  endfacet
  facet normal 0 1 -0
    outer loop
      vertex -1.41668 -22.8 24.1806
      vertex -10.2468 -22.8 19.4318
      vertex -1.35 -22.8 24.222
    endloop
  endfacet
  facet normal 0 1 -0
    outer loop
      vertex -1.48051 -22.8 24.1348
      vertex -10.2468 -22.8 19.4318
      vertex -1.41668 -22.8 24.1806
    endloop
  endfacet
  facet normal 0 1 -0
    outer loop
      vertex -1.54121 -22.8 24.085
      vertex -10.2468 -22.8 19.4318
      vertex -1.48051 -22.8 24.1348
    endloop
  endfacet
  facet normal 0 1 -0
    outer loop
      vertex -1.59853 -22.8 24.0313
      vertex -10.2468 -22.8 19.4318
      vertex -1.54121 -22.8 24.085
    endloop
  endfacet
  facet normal 0 1 -0
    outer loop
      vertex -1.65221 -22.8 23.974
      vertex -10.2468 -22.8 19.4318
      vertex -1.59853 -22.8 24.0313
    endloop
  endfacet
  facet normal 0 1 -0
    outer loop
      vertex -1.70202 -22.8 23.9133
      vertex -10.2468 -22.8 19.4318
      vertex -1.65221 -22.8 23.974
    endloop
  endfacet
  facet normal 0 1 -0
    outer loop
      vertex -1.74776 -22.8 23.8495
      vertex -10.2468 -22.8 19.4318
      vertex -1.70202 -22.8 23.9133
    endloop
  endfacet
  facet normal 0 1 -0
    outer loop
      vertex -1.78923 -22.8 23.7828
      vertex -10.2468 -22.8 19.4318
      vertex -1.74776 -22.8 23.8495
    endloop
  endfacet
  facet normal 0 1 -0
    outer loop
      vertex -1.82625 -22.8 23.7135
      vertex -10.2468 -22.8 19.4318
      vertex -1.78923 -22.8 23.7828
    endloop
  endfacet
  facet normal 0 1 -0
    outer loop
      vertex -1.85866 -22.8 23.642
      vertex -10.2468 -22.8 19.4318
      vertex -1.82625 -22.8 23.7135
    endloop
  endfacet
  facet normal 0 1 -0
    outer loop
      vertex -1.88632 -22.8 23.5685
      vertex -10.2468 -22.8 19.4318
      vertex -1.85866 -22.8 23.642
    endloop
  endfacet
  facet normal 0 1 -0
    outer loop
      vertex -1.90911 -22.8 23.4934
      vertex -10.2468 -22.8 19.4318
      vertex -1.88632 -22.8 23.5685
    endloop
  endfacet
  facet normal 0 1 -0
    outer loop
      vertex -1.92694 -22.8 23.4169
      vertex -10.2468 -22.8 19.4318
      vertex -1.90911 -22.8 23.4934
    endloop
  endfacet
  facet normal 0 1 -0
    outer loop
      vertex -1.93973 -22.8 23.3394
      vertex -10.2468 -22.8 19.4318
      vertex -1.92694 -22.8 23.4169
    endloop
  endfacet
  facet normal 0 1 -0
    outer loop
      vertex -1.94743 -22.8 23.2613
      vertex -10.2468 -22.8 19.4318
      vertex -1.93973 -22.8 23.3394
    endloop
  endfacet
  facet normal 0 1 -0
    outer loop
      vertex -1.95 -22.8 23.1828
      vertex -10.2468 -22.8 19.4318
      vertex -1.94743 -22.8 23.2613
    endloop
  endfacet
  facet normal 0 1 0
    outer loop
      vertex -1.94743 -22.8 23.1043
      vertex -10.2468 -22.8 19.4318
      vertex -1.95 -22.8 23.1828
    endloop
  endfacet
  facet normal 0 1 0
    outer loop
      vertex -1.93973 -22.8 23.0262
      vertex -10.2468 -22.8 19.4318
      vertex -1.94743 -22.8 23.1043
    endloop
  endfacet
  facet normal 0 1 0
    outer loop
      vertex -1.92694 -22.8 22.9487
      vertex -10.2468 -22.8 19.4318
      vertex -1.93973 -22.8 23.0262
    endloop
  endfacet
  facet normal 0 1 0
    outer loop
      vertex -1.90911 -22.8 22.8722
      vertex -10.2468 -22.8 19.4318
      vertex -1.92694 -22.8 22.9487
    endloop
  endfacet
  facet normal 0 1 0
    outer loop
      vertex -1.88632 -22.8 22.7971
      vertex -10.2468 -22.8 19.4318
      vertex -1.90911 -22.8 22.8722
    endloop
  endfacet
  facet normal 0 1 0
    outer loop
      vertex -1.85865 -22.8 22.7236
      vertex -10.2468 -22.8 19.4318
      vertex -1.88632 -22.8 22.7971
    endloop
  endfacet
  facet normal 0 1 0
    outer loop
      vertex -1.82625 -22.8 22.652
      vertex -10.2468 -22.8 19.4318
      vertex -1.85865 -22.8 22.7236
    endloop
  endfacet
  facet normal 0 1 0
    outer loop
      vertex -1.78923 -22.8 22.5828
      vertex -10.2468 -22.8 19.4318
      vertex -1.82625 -22.8 22.652
    endloop
  endfacet
  facet normal 0 1 0
    outer loop
      vertex -1.74776 -22.8 22.5161
      vertex -10.2468 -22.8 19.4318
      vertex -1.78923 -22.8 22.5828
    endloop
  endfacet
  facet normal 0 1 0
    outer loop
      vertex -1.70202 -22.8 22.4523
      vertex -10.2468 -22.8 19.4318
      vertex -1.74776 -22.8 22.5161
    endloop
  endfacet
  facet normal 0 1 0
    outer loop
      vertex -1.65221 -22.8 22.3916
      vertex -10.2468 -22.8 19.4318
      vertex -1.70202 -22.8 22.4523
    endloop
  endfacet
  facet normal 0 1 0
    outer loop
      vertex -1.59853 -22.8 22.3343
      vertex -10.2468 -22.8 19.4318
      vertex -1.65221 -22.8 22.3916
    endloop
  endfacet
  facet normal 0 1 0
    outer loop
      vertex -1.54121 -22.8 22.2806
      vertex -10.2468 -22.8 19.4318
      vertex -1.59853 -22.8 22.3343
    endloop
  endfacet
  facet normal 0 1 0
    outer loop
      vertex -1.48051 -22.8 22.2308
      vertex -10.2468 -22.8 19.4318
      vertex -1.54121 -22.8 22.2806
    endloop
  endfacet
  facet normal 0 1 0
    outer loop
      vertex -1.41668 -22.8 22.185
      vertex -10.2468 -22.8 19.4318
      vertex -1.48051 -22.8 22.2308
    endloop
  endfacet
  facet normal 0 1 0
    outer loop
      vertex -1.35 -22.8 22.1436
      vertex -10.2468 -22.8 19.4318
      vertex -1.41668 -22.8 22.185
    endloop
  endfacet
  facet normal 0 1 0
    outer loop
      vertex -1.28075 -22.8 22.1065
      vertex -10.2468 -22.8 19.4318
      vertex -1.35 -22.8 22.1436
    endloop
  endfacet
  facet normal 0 1 0
    outer loop
      vertex -1.20922 -22.8 22.0741
      vertex -10.2468 -22.8 19.4318
      vertex -1.28075 -22.8 22.1065
    endloop
  endfacet
  facet normal 0 1 0
    outer loop
      vertex -1.13573 -22.8 22.0465
      vertex -10.2468 -22.8 19.4318
      vertex -1.20922 -22.8 22.0741
    endloop
  endfacet
  facet normal 0 1 0
    outer loop
      vertex -1.06058 -22.8 22.0237
      vertex -10.2468 -22.8 19.4318
      vertex -1.13573 -22.8 22.0465
    endloop
  endfacet
  facet normal 0 1 0
    outer loop
      vertex -0.984108 -22.8 22.0059
      vertex -10.2468 -22.8 19.4318
      vertex -1.06058 -22.8 22.0237
    endloop
  endfacet
  facet normal 0 1 0
    outer loop
      vertex -0.906631 -22.8 21.9931
      vertex -10.2468 -22.8 19.4318
      vertex -0.984108 -22.8 22.0059
    endloop
  endfacet
  facet normal 0 1 0
    outer loop
      vertex -0.828484 -22.8 21.9854
      vertex -10.2468 -22.8 19.4318
      vertex -0.906631 -22.8 21.9931
    endloop
  endfacet
  facet normal 0 1 0
    outer loop
      vertex -10.2468 -22.8 19.4318
      vertex -0.828484 -22.8 21.9854
      vertex -0.749999 -22.8 21.9828
    endloop
  endfacet
  facet normal 0 -1 0
    outer loop
      vertex 14.9545 13.9 33.9818
      vertex 16.4545 13.9 31.3838
      vertex 18.1865 13.9 32.3838
    endloop
  endfacet
  facet normal 0 -1 0
    outer loop
      vertex 18.1865 13.9 32.3838
      vertex 16.6865 13.9 34.9818
      vertex 14.9545 13.9 33.9818
    endloop
  endfacet
  facet normal 0 1 0
    outer loop
      vertex 18.1865 13.9 32.3838
      vertex 18.1915 13.9 32.3751
      vertex 16.6865 13.9 34.9818
    endloop
  endfacet
  facet normal -0 -1 0
    outer loop
      vertex 18.1915 13.9 32.3751
      vertex 18.1865 13.9 32.3838
      vertex 18.1865 13.9 32.3722
    endloop
  endfacet
  facet normal 0 1 0
    outer loop
      vertex 16.6865 -13.9 34.9818
      vertex 18.1865 -13.9 32.3838
      vertex 14.9545 -13.9 33.9818
    endloop
  endfacet
  facet normal 0 -1 0
    outer loop
      vertex 18.1915 -13.9 32.3751
      vertex 18.1865 -13.9 32.3838
      vertex 16.6865 -13.9 34.9818
    endloop
  endfacet
  facet normal 0 1 0
    outer loop
      vertex 18.1865 -13.9 32.3838
      vertex 18.1915 -13.9 32.3751
      vertex 18.1865 -13.9 32.3722
    endloop
  endfacet
  facet normal 0 1 0
    outer loop
      vertex 14.9545 -13.9 33.9818
      vertex 18.1865 -13.9 32.3838
      vertex 16.4545 -13.9 31.3838
    endloop
  endfacet
  facet normal -0.63743 -0.770508 0
    outer loop
      vertex 12.2791 19.2155 2
      vertex 11.9705 19.4708 28.7949
      vertex 11.9705 19.4708 2
    endloop
  endfacet
  facet normal -0.63743 -0.770508 0
    outer loop
      vertex 11.9705 19.4708 28.7949
      vertex 12.2791 19.2155 2
      vertex 12.2791 19.2155 28.9731
    endloop
  endfacet
  facet normal 0.63743 -0.770508 0
    outer loop
      vertex -11.9705 19.4708 2
      vertex -12.2791 19.2155 14.7944
      vertex -12.2791 19.2155 2
    endloop
  endfacet
  facet normal 0.63743 -0.770508 0
    outer loop
      vertex -12.2791 19.2155 14.7944
      vertex -11.9705 19.4708 2
      vertex -11.9705 19.4708 14.9726
    endloop
  endfacet
  facet normal -0.880441 0.474156 0
    outer loop
      vertex 13.5713 -17.6223 29.7192
      vertex 13.7718 -17.25 2
      vertex 13.5713 -17.6223 2
    endloop
  endfacet
  facet normal -0.880441 0.474156 0
    outer loop
      vertex 13.7718 -17.25 2
      vertex 13.5713 -17.6223 29.7192
      vertex 13.7718 -17.25 29.8349
    endloop
  endfacet
  facet normal -0.980226 0.197882 0
    outer loop
      vertex 14.3515 -15.6341 30.1696
      vertex 14.4377 -15.2071 2
      vertex 14.3515 -15.6341 2
    endloop
  endfacet
  facet normal -0.980226 0.197882 0
    outer loop
      vertex 14.4377 -15.2071 2
      vertex 14.3515 -15.6341 30.1696
      vertex 14.4377 -15.2071 30.2194
    endloop
  endfacet
  facet normal -0.907492 0.42007 0
    outer loop
      vertex 13.7718 -17.25 29.8349
      vertex 13.9508 -16.8633 2
      vertex 13.7718 -17.25 2
    endloop
  endfacet
  facet normal -0.907492 0.42007 0
    outer loop
      vertex 13.9508 -16.8633 2
      vertex 13.7718 -17.25 29.8349
      vertex 13.9508 -16.8633 29.9383
    endloop
  endfacet
  facet normal 0 1 -0
    outer loop
      vertex 8.74685 -20.6 2
      vertex -8.74685 -20.6 16.8338
      vertex 8.74685 -20.6 26.9338
    endloop
  endfacet
  facet normal 0 1 0
    outer loop
      vertex -8.74685 -20.6 16.8338
      vertex 8.74685 -20.6 2
      vertex -8.74685 -20.6 2
    endloop
  endfacet
  facet normal -0.815064 0.579371 0
    outer loop
      vertex 13.1093 -18.3176 29.4524
      vertex 13.3502 -17.9787 2
      vertex 13.1093 -18.3176 2
    endloop
  endfacet
  facet normal -0.815064 0.579371 0
    outer loop
      vertex 13.3502 -17.9787 2
      vertex 13.1093 -18.3176 29.4524
      vertex 13.3502 -17.9787 29.5915
    endloop
  endfacet
  facet normal 0.0379184 0.999281 -0
    outer loop
      vertex -8.74685 -20.6 2
      vertex -9.12634 -20.5856 16.6147
      vertex -8.74685 -20.6 16.8338
    endloop
  endfacet
  facet normal 0.0379184 0.999281 0
    outer loop
      vertex -9.12634 -20.5856 16.6147
      vertex -8.74685 -20.6 2
      vertex -9.12634 -20.5856 2
    endloop
  endfacet
  facet normal -0.187218 0.982318 0
    outer loop
      vertex 9.87884 -20.4713 2
      vertex 9.50421 -20.5427 27.371
      vertex 9.87884 -20.4713 27.5873
    endloop
  endfacet
  facet normal -0.187218 0.982318 0
    outer loop
      vertex 9.50421 -20.5427 27.371
      vertex 9.87884 -20.4713 2
      vertex 9.50421 -20.5427 2
    endloop
  endfacet
  facet normal -0.260093 0.965583 0
    outer loop
      vertex 10.2486 -20.3717 2
      vertex 9.87884 -20.4713 27.5873
      vertex 10.2486 -20.3717 27.8008
    endloop
  endfacet
  facet normal -0.260093 0.965583 0
    outer loop
      vertex 9.87884 -20.4713 27.5873
      vertex 10.2486 -20.3717 2
      vertex 9.87884 -20.4713 2
    endloop
  endfacet
  facet normal -0.463634 -0.886027 0
    outer loop
      vertex 11.3132 19.909 2
      vertex 10.9673 20.09 28.2157
      vertex 10.9673 20.09 2
    endloop
  endfacet
  facet normal -0.463634 -0.886027 0
    outer loop
      vertex 10.9673 20.09 28.2157
      vertex 11.3132 19.909 2
      vertex 11.3132 19.909 28.4154
    endloop
  endfacet
  facet normal -0.398556 -0.917144 0
    outer loop
      vertex 10.9673 20.09 2
      vertex 10.612 20.2444 28.0106
      vertex 10.612 20.2444 2
    endloop
  endfacet
  facet normal -0.398556 -0.917144 0
    outer loop
      vertex 10.612 20.2444 28.0106
      vertex 10.9673 20.09 2
      vertex 10.9673 20.09 28.2157
    endloop
  endfacet
  facet normal 0.9996 0.0282863 -0
    outer loop
      vertex -14.5368 -14.3382 2
      vertex -14.5492 -13.9 13.4838
      vertex -14.5368 -14.3382 13.4909
    endloop
  endfacet
  facet normal 0.9996 0.0282863 0
    outer loop
      vertex -14.5492 -13.9 13.4838
      vertex -14.5368 -14.3382 2
      vertex -14.5492 -13.9 2
    endloop
  endfacet
  facet normal -0.112806 -0.993617 0
    outer loop
      vertex 9.50421 20.5427 2
      vertex 9.12634 20.5856 27.1529
      vertex 9.12634 20.5856 2
    endloop
  endfacet
  facet normal -0.112806 -0.993617 0
    outer loop
      vertex 9.12634 20.5856 27.1529
      vertex 9.50421 20.5427 2
      vertex 9.50421 20.5427 27.371
    endloop
  endfacet
  facet normal -0.583309 -0.81225 0
    outer loop
      vertex 11.9705 19.4708 2
      vertex 11.648 19.7024 28.6088
      vertex 11.648 19.7024 2
    endloop
  endfacet
  facet normal -0.583309 -0.81225 0
    outer loop
      vertex 11.648 19.7024 28.6088
      vertex 11.9705 19.4708 2
      vertex 11.9705 19.4708 28.7949
    endloop
  endfacet
  facet normal -0.776589 0.630008 0
    outer loop
      vertex 12.8497 -18.6376 29.3026
      vertex 13.1093 -18.3176 2
      vertex 12.8497 -18.6376 2
    endloop
  endfacet
  facet normal -0.776589 0.630008 0
    outer loop
      vertex 13.1093 -18.3176 2
      vertex 12.8497 -18.6376 29.3026
      vertex 13.1093 -18.3176 29.4524
    endloop
  endfacet
  facet normal 0.330605 -0.943769 0
    outer loop
      vertex -10.2486 20.3717 2
      vertex -10.612 20.2444 15.7569
      vertex -10.612 20.2444 2
    endloop
  endfacet
  facet normal 0.330605 -0.943769 0
    outer loop
      vertex -10.612 20.2444 15.7569
      vertex -10.2486 20.3717 2
      vertex -10.2486 20.3717 15.9667
    endloop
  endfacet
  facet normal 0.967185 -0.254073 0
    outer loop
      vertex -14.3515 15.6341 13.5979
      vertex -14.2413 16.0536 2
      vertex -14.2413 16.0536 13.6615
    endloop
  endfacet
  facet normal 0.967185 -0.254073 0
    outer loop
      vertex -14.2413 16.0536 2
      vertex -14.3515 15.6341 13.5979
      vertex -14.3515 15.6341 2
    endloop
  endfacet
  facet normal 0.996385 -0.0849542 0
    outer loop
      vertex -14.5368 14.3382 13.4909
      vertex -14.4996 14.7745 2
      vertex -14.4996 14.7745 13.5124
    endloop
  endfacet
  facet normal 0.996385 -0.0849542 0
    outer loop
      vertex -14.4996 14.7745 2
      vertex -14.5368 14.3382 13.4909
      vertex -14.5368 14.3382 2
    endloop
  endfacet
  facet normal 1 -0 0
    outer loop
      vertex -14.5492 -13.9 13.4838
      vertex -14.5492 13.9 2
      vertex -14.5492 13.9 13.4838
    endloop
  endfacet
  facet normal 1 0 0
    outer loop
      vertex -14.5492 13.9 2
      vertex -14.5492 -13.9 13.4838
      vertex -14.5492 -13.9 2
    endloop
  endfacet
  facet normal -0.0379184 0.999281 0
    outer loop
      vertex 9.12634 -20.5856 2
      vertex 8.74685 -20.6 26.9338
      vertex 9.12634 -20.5856 27.1529
    endloop
  endfacet
  facet normal -0.0379184 0.999281 0
    outer loop
      vertex 8.74685 -20.6 26.9338
      vertex 9.12634 -20.5856 2
      vertex 8.74685 -20.6 2
    endloop
  endfacet
  facet normal 0.849762 -0.527167 0
    outer loop
      vertex -13.5713 17.6223 14.0483
      vertex -13.3502 17.9787 2
      vertex -13.3502 17.9787 14.176
    endloop
  endfacet
  facet normal 0.849762 -0.527167 0
    outer loop
      vertex -13.3502 17.9787 2
      vertex -13.5713 17.6223 14.0483
      vertex -13.5713 17.6223 2
    endloop
  endfacet
  facet normal -0.880441 -0.474156 0
    outer loop
      vertex 13.7718 17.25 2
      vertex 13.5713 17.6223 29.7192
      vertex 13.5713 17.6223 2
    endloop
  endfacet
  facet normal -0.880441 -0.474156 0
    outer loop
      vertex 13.5713 17.6223 29.7192
      vertex 13.7718 17.25 2
      vertex 13.7718 17.25 29.8349
    endloop
  endfacet
  facet normal 0.330605 0.943769 -0
    outer loop
      vertex -10.2486 -20.3717 2
      vertex -10.612 -20.2444 15.7569
      vertex -10.2486 -20.3717 15.9667
    endloop
  endfacet
  facet normal 0.330605 0.943769 0
    outer loop
      vertex -10.612 -20.2444 15.7569
      vertex -10.2486 -20.3717 2
      vertex -10.612 -20.2444 2
    endloop
  endfacet
  facet normal 0.583309 0.81225 -0
    outer loop
      vertex -11.648 -19.7024 2
      vertex -11.9705 -19.4708 14.9726
      vertex -11.648 -19.7024 15.1588
    endloop
  endfacet
  facet normal 0.583309 0.81225 0
    outer loop
      vertex -11.9705 -19.4708 14.9726
      vertex -11.648 -19.7024 2
      vertex -11.9705 -19.4708 2
    endloop
  endfacet
  facet normal -0.950748 0.309966 0
    outer loop
      vertex 14.1075 -16.464 30.0287
      vertex 14.2413 -16.0536 2
      vertex 14.1075 -16.464 2
    endloop
  endfacet
  facet normal -0.950748 0.309966 0
    outer loop
      vertex 14.2413 -16.0536 2
      vertex 14.1075 -16.464 30.0287
      vertex 14.2413 -16.0536 30.106
    endloop
  endfacet
  facet normal 0.112806 0.993617 -0
    outer loop
      vertex -9.12634 -20.5856 2
      vertex -9.50421 -20.5427 16.3965
      vertex -9.12634 -20.5856 16.6147
    endloop
  endfacet
  facet normal 0.112806 0.993617 0
    outer loop
      vertex -9.50421 -20.5427 16.3965
      vertex -9.12634 -20.5856 2
      vertex -9.50421 -20.5427 2
    endloop
  endfacet
  facet normal 0.9996 -0.0282863 0
    outer loop
      vertex -14.5492 13.9 13.4838
      vertex -14.5368 14.3382 2
      vertex -14.5368 14.3382 13.4909
    endloop
  endfacet
  facet normal 0.9996 -0.0282863 0
    outer loop
      vertex -14.5368 14.3382 2
      vertex -14.5492 13.9 13.4838
      vertex -14.5492 13.9 2
    endloop
  endfacet
  facet normal 0.398556 -0.917144 0
    outer loop
      vertex -10.612 20.2444 2
      vertex -10.9673 20.09 15.5518
      vertex -10.9673 20.09 2
    endloop
  endfacet
  facet normal 0.398556 -0.917144 0
    outer loop
      vertex -10.9673 20.09 15.5518
      vertex -10.612 20.2444 2
      vertex -10.612 20.2444 15.7569
    endloop
  endfacet
  facet normal 0.815064 0.579371 -0
    outer loop
      vertex -13.1093 -18.3176 2
      vertex -13.3502 -17.9787 14.176
      vertex -13.1093 -18.3176 14.3151
    endloop
  endfacet
  facet normal 0.815064 0.579371 0
    outer loop
      vertex -13.3502 -17.9787 14.176
      vertex -13.1093 -18.3176 2
      vertex -13.3502 -17.9787 2
    endloop
  endfacet
  facet normal 0.112806 -0.993617 0
    outer loop
      vertex -9.12634 20.5856 2
      vertex -9.50421 20.5427 16.3965
      vertex -9.50421 20.5427 2
    endloop
  endfacet
  facet normal 0.112806 -0.993617 0
    outer loop
      vertex -9.50421 20.5427 16.3965
      vertex -9.12634 20.5856 2
      vertex -9.12634 20.5856 16.6147
    endloop
  endfacet
  facet normal -0.0379184 -0.999281 0
    outer loop
      vertex 9.12634 20.5856 2
      vertex 8.74685 20.6 26.9338
      vertex 8.74685 20.6 2
    endloop
  endfacet
  facet normal -0.0379184 -0.999281 0
    outer loop
      vertex 8.74685 20.6 26.9338
      vertex 9.12634 20.5856 2
      vertex 9.12634 20.5856 27.1529
    endloop
  endfacet
  facet normal 0.687937 -0.725771 0
    outer loop
      vertex -12.2791 19.2155 2
      vertex -12.5726 18.9373 14.625
      vertex -12.5726 18.9373 2
    endloop
  endfacet
  facet normal 0.687937 -0.725771 0
    outer loop
      vertex -12.5726 18.9373 14.625
      vertex -12.2791 19.2155 2
      vertex -12.2791 19.2155 14.7944
    endloop
  endfacet
  facet normal -0.989917 -0.141646 0
    outer loop
      vertex 14.4996 14.7745 2
      vertex 14.4377 15.2071 30.2194
      vertex 14.4377 15.2071 2
    endloop
  endfacet
  facet normal -0.989917 -0.141646 0
    outer loop
      vertex 14.4377 15.2071 30.2194
      vertex 14.4996 14.7745 2
      vertex 14.4996 14.7745 30.2551
    endloop
  endfacet
  facet normal -0.63743 0.770508 0
    outer loop
      vertex 12.2791 -19.2155 2
      vertex 11.9705 -19.4708 28.7949
      vertex 12.2791 -19.2155 28.9731
    endloop
  endfacet
  facet normal -0.63743 0.770508 0
    outer loop
      vertex 11.9705 -19.4708 28.7949
      vertex 12.2791 -19.2155 2
      vertex 11.9705 -19.4708 2
    endloop
  endfacet
  facet normal 0.463634 0.886027 -0
    outer loop
      vertex -10.9673 -20.09 2
      vertex -11.3132 -19.909 15.3521
      vertex -10.9673 -20.09 15.5518
    endloop
  endfacet
  facet normal 0.463634 0.886027 0
    outer loop
      vertex -11.3132 -19.909 15.3521
      vertex -10.9673 -20.09 2
      vertex -11.3132 -19.909 2
    endloop
  endfacet
  facet normal -0.525146 0.851012 0
    outer loop
      vertex 11.648 -19.7024 2
      vertex 11.3132 -19.909 28.4154
      vertex 11.648 -19.7024 28.6088
    endloop
  endfacet
  facet normal -0.525146 0.851012 0
    outer loop
      vertex 11.3132 -19.909 28.4154
      vertex 11.648 -19.7024 2
      vertex 11.3132 -19.909 2
    endloop
  endfacet
  facet normal -0.989917 0.141646 0
    outer loop
      vertex 14.4377 -15.2071 30.2194
      vertex 14.4996 -14.7745 2
      vertex 14.4377 -15.2071 2
    endloop
  endfacet
  facet normal -0.989917 0.141646 0
    outer loop
      vertex 14.4996 -14.7745 2
      vertex 14.4377 -15.2071 30.2194
      vertex 14.4996 -14.7745 30.2551
    endloop
  endfacet
  facet normal -0.687937 0.725771 0
    outer loop
      vertex 12.5726 -18.9373 2
      vertex 12.2791 -19.2155 28.9731
      vertex 12.5726 -18.9373 29.1426
    endloop
  endfacet
  facet normal -0.687937 0.725771 0
    outer loop
      vertex 12.2791 -19.2155 28.9731
      vertex 12.5726 -18.9373 2
      vertex 12.2791 -19.2155 2
    endloop
  endfacet
  facet normal -0.734249 0.67888 0
    outer loop
      vertex 12.5726 -18.9373 29.1426
      vertex 12.8497 -18.6376 2
      vertex 12.5726 -18.9373 2
    endloop
  endfacet
  facet normal -0.734249 0.67888 0
    outer loop
      vertex 12.8497 -18.6376 2
      vertex 12.5726 -18.9373 29.1426
      vertex 12.8497 -18.6376 29.3026
    endloop
  endfacet
  facet normal 0.398556 0.917144 -0
    outer loop
      vertex -10.612 -20.2444 2
      vertex -10.9673 -20.09 15.5518
      vertex -10.612 -20.2444 15.7569
    endloop
  endfacet
  facet normal 0.398556 0.917144 0
    outer loop
      vertex -10.9673 -20.09 15.5518
      vertex -10.612 -20.2444 2
      vertex -10.9673 -20.09 2
    endloop
  endfacet
  facet normal 0.687937 0.725771 -0
    outer loop
      vertex -12.2791 -19.2155 2
      vertex -12.5726 -18.9373 14.625
      vertex -12.2791 -19.2155 14.7944
    endloop
  endfacet
  facet normal 0.687937 0.725771 0
    outer loop
      vertex -12.5726 -18.9373 14.625
      vertex -12.2791 -19.2155 2
      vertex -12.5726 -18.9373 2
    endloop
  endfacet
  facet normal 0.849762 0.527167 -0
    outer loop
      vertex -13.3502 -17.9787 2
      vertex -13.5713 -17.6223 14.0483
      vertex -13.3502 -17.9787 14.176
    endloop
  endfacet
  facet normal 0.849762 0.527167 0
    outer loop
      vertex -13.5713 -17.6223 14.0483
      vertex -13.3502 -17.9787 2
      vertex -13.5713 -17.6223 2
    endloop
  endfacet
  facet normal 0.187218 0.982318 -0
    outer loop
      vertex -9.50421 -20.5427 2
      vertex -9.87884 -20.4713 16.1802
      vertex -9.50421 -20.5427 16.3965
    endloop
  endfacet
  facet normal 0.187218 0.982318 0
    outer loop
      vertex -9.87884 -20.4713 16.1802
      vertex -9.50421 -20.5427 2
      vertex -9.87884 -20.4713 2
    endloop
  endfacet
  facet normal -0.187218 -0.982318 0
    outer loop
      vertex 9.87884 20.4713 2
      vertex 9.50421 20.5427 27.371
      vertex 9.50421 20.5427 2
    endloop
  endfacet
  facet normal -0.187218 -0.982318 0
    outer loop
      vertex 9.50421 20.5427 27.371
      vertex 9.87884 20.4713 2
      vertex 9.87884 20.4713 27.5873
    endloop
  endfacet
  facet normal 0.0379184 -0.999281 0
    outer loop
      vertex -8.74685 20.6 2
      vertex -9.12634 20.5856 16.6147
      vertex -9.12634 20.5856 2
    endloop
  endfacet
  facet normal 0.0379184 -0.999281 0
    outer loop
      vertex -9.12634 20.5856 16.6147
      vertex -8.74685 20.6 2
      vertex -8.74685 20.6 16.8338
    endloop
  endfacet
  facet normal 0 -1 0
    outer loop
      vertex 8.74685 20.6 2
      vertex -8.74685 20.6 16.8338
      vertex -8.74685 20.6 2
    endloop
  endfacet
  facet normal 0 -1 0
    outer loop
      vertex -8.74685 20.6 16.8338
      vertex 8.74685 20.6 2
      vertex 8.74685 20.6 26.9338
    endloop
  endfacet
  facet normal 0.996385 0.0849542 -0
    outer loop
      vertex -14.4996 -14.7745 2
      vertex -14.5368 -14.3382 13.4909
      vertex -14.4996 -14.7745 13.5124
    endloop
  endfacet
  facet normal 0.996385 0.0849542 0
    outer loop
      vertex -14.5368 -14.3382 13.4909
      vertex -14.4996 -14.7745 2
      vertex -14.5368 -14.3382 2
    endloop
  endfacet
  facet normal -0.849762 -0.527167 0
    outer loop
      vertex 13.5713 17.6223 2
      vertex 13.3502 17.9787 29.5915
      vertex 13.3502 17.9787 2
    endloop
  endfacet
  facet normal -0.849762 -0.527167 0
    outer loop
      vertex 13.3502 17.9787 29.5915
      vertex 13.5713 17.6223 2
      vertex 13.5713 17.6223 29.7192
    endloop
  endfacet
  facet normal 0.880441 0.474156 -0
    outer loop
      vertex -13.5713 -17.6223 2
      vertex -13.7718 -17.25 13.9326
      vertex -13.5713 -17.6223 14.0483
    endloop
  endfacet
  facet normal 0.880441 0.474156 0
    outer loop
      vertex -13.7718 -17.25 13.9326
      vertex -13.5713 -17.6223 2
      vertex -13.7718 -17.25 2
    endloop
  endfacet
  facet normal -0.967185 0.254073 0
    outer loop
      vertex 14.2413 -16.0536 30.106
      vertex 14.3515 -15.6341 2
      vertex 14.2413 -16.0536 2
    endloop
  endfacet
  facet normal -0.967185 0.254073 0
    outer loop
      vertex 14.3515 -15.6341 2
      vertex 14.2413 -16.0536 30.106
      vertex 14.3515 -15.6341 30.1696
    endloop
  endfacet
  facet normal -0.687937 -0.725771 0
    outer loop
      vertex 12.5726 18.9373 2
      vertex 12.2791 19.2155 28.9731
      vertex 12.2791 19.2155 2
    endloop
  endfacet
  facet normal -0.687937 -0.725771 0
    outer loop
      vertex 12.2791 19.2155 28.9731
      vertex 12.5726 18.9373 2
      vertex 12.5726 18.9373 29.1426
    endloop
  endfacet
  facet normal 0.187218 -0.982318 0
    outer loop
      vertex -9.50421 20.5427 2
      vertex -9.87884 20.4713 16.1802
      vertex -9.87884 20.4713 2
    endloop
  endfacet
  facet normal 0.187218 -0.982318 0
    outer loop
      vertex -9.87884 20.4713 16.1802
      vertex -9.50421 20.5427 2
      vertex -9.50421 20.5427 16.3965
    endloop
  endfacet
  facet normal 0.734249 0.67888 -0
    outer loop
      vertex -12.5726 -18.9373 2
      vertex -12.8497 -18.6376 14.465
      vertex -12.5726 -18.9373 14.625
    endloop
  endfacet
  facet normal 0.734249 0.67888 0
    outer loop
      vertex -12.8497 -18.6376 14.465
      vertex -12.5726 -18.9373 2
      vertex -12.8497 -18.6376 2
    endloop
  endfacet
  facet normal -1 0 0
    outer loop
      vertex 14.5492 -13.9 2
      vertex 14.5492 13.9 30.2838
      vertex 14.5492 13.9 2
    endloop
  endfacet
  facet normal -1 -0 0
    outer loop
      vertex 14.5492 13.9 30.2838
      vertex 14.5492 -13.9 2
      vertex 14.5492 -13.9 30.2838
    endloop
  endfacet
  facet normal 0.525146 0.851012 -0
    outer loop
      vertex -11.3132 -19.909 2
      vertex -11.648 -19.7024 15.1588
      vertex -11.3132 -19.909 15.3521
    endloop
  endfacet
  facet normal 0.525146 0.851012 0
    outer loop
      vertex -11.648 -19.7024 15.1588
      vertex -11.3132 -19.909 2
      vertex -11.648 -19.7024 2
    endloop
  endfacet
  facet normal 0.950748 -0.309966 0
    outer loop
      vertex -14.2413 16.0536 13.6615
      vertex -14.1075 16.464 2
      vertex -14.1075 16.464 13.7388
    endloop
  endfacet
  facet normal 0.950748 -0.309966 0
    outer loop
      vertex -14.1075 16.464 2
      vertex -14.2413 16.0536 13.6615
      vertex -14.2413 16.0536 2
    endloop
  endfacet
  facet normal -0.967185 -0.254073 0
    outer loop
      vertex 14.3515 15.6341 2
      vertex 14.2413 16.0536 30.106
      vertex 14.2413 16.0536 2
    endloop
  endfacet
  facet normal -0.967185 -0.254073 0
    outer loop
      vertex 14.2413 16.0536 30.106
      vertex 14.3515 15.6341 2
      vertex 14.3515 15.6341 30.1696
    endloop
  endfacet
  facet normal 0.967185 0.254073 -0
    outer loop
      vertex -14.2413 -16.0536 2
      vertex -14.3515 -15.6341 13.5979
      vertex -14.2413 -16.0536 13.6615
    endloop
  endfacet
  facet normal 0.967185 0.254073 0
    outer loop
      vertex -14.3515 -15.6341 13.5979
      vertex -14.2413 -16.0536 2
      vertex -14.3515 -15.6341 2
    endloop
  endfacet
  facet normal -0.330605 -0.943769 0
    outer loop
      vertex 10.612 20.2444 2
      vertex 10.2486 20.3717 27.8008
      vertex 10.2486 20.3717 2
    endloop
  endfacet
  facet normal -0.330605 -0.943769 0
    outer loop
      vertex 10.2486 20.3717 27.8008
      vertex 10.612 20.2444 2
      vertex 10.612 20.2444 28.0106
    endloop
  endfacet
  facet normal 0.776589 -0.630008 0
    outer loop
      vertex -13.1093 18.3176 14.3151
      vertex -12.8497 18.6376 2
      vertex -12.8497 18.6376 14.465
    endloop
  endfacet
  facet normal 0.776589 -0.630008 0
    outer loop
      vertex -12.8497 18.6376 2
      vertex -13.1093 18.3176 14.3151
      vertex -13.1093 18.3176 2
    endloop
  endfacet
  facet normal 0.980226 -0.197882 0
    outer loop
      vertex -14.4377 15.2071 13.5481
      vertex -14.3515 15.6341 2
      vertex -14.3515 15.6341 13.5979
    endloop
  endfacet
  facet normal 0.980226 -0.197882 0
    outer loop
      vertex -14.3515 15.6341 2
      vertex -14.4377 15.2071 13.5481
      vertex -14.4377 15.2071 2
    endloop
  endfacet
  facet normal -0.930885 0.365313 0
    outer loop
      vertex 13.9508 -16.8633 29.9383
      vertex 14.1075 -16.464 2
      vertex 13.9508 -16.8633 2
    endloop
  endfacet
  facet normal -0.930885 0.365313 0
    outer loop
      vertex 14.1075 -16.464 2
      vertex 13.9508 -16.8633 29.9383
      vertex 14.1075 -16.464 30.0287
    endloop
  endfacet
  facet normal -0.463634 0.886027 0
    outer loop
      vertex 11.3132 -19.909 2
      vertex 10.9673 -20.09 28.2157
      vertex 11.3132 -19.909 28.4154
    endloop
  endfacet
  facet normal -0.463634 0.886027 0
    outer loop
      vertex 10.9673 -20.09 28.2157
      vertex 11.3132 -19.909 2
      vertex 10.9673 -20.09 2
    endloop
  endfacet
  facet normal -0.907492 -0.42007 0
    outer loop
      vertex 13.9508 16.8633 2
      vertex 13.7718 17.25 29.8349
      vertex 13.7718 17.25 2
    endloop
  endfacet
  facet normal -0.907492 -0.42007 0
    outer loop
      vertex 13.7718 17.25 29.8349
      vertex 13.9508 16.8633 2
      vertex 13.9508 16.8633 29.9383
    endloop
  endfacet
  facet normal 0.815064 -0.579371 0
    outer loop
      vertex -13.3502 17.9787 14.176
      vertex -13.1093 18.3176 2
      vertex -13.1093 18.3176 14.3151
    endloop
  endfacet
  facet normal 0.815064 -0.579371 0
    outer loop
      vertex -13.1093 18.3176 2
      vertex -13.3502 17.9787 14.176
      vertex -13.3502 17.9787 2
    endloop
  endfacet
  facet normal -0.980226 -0.197882 0
    outer loop
      vertex 14.4377 15.2071 2
      vertex 14.3515 15.6341 30.1696
      vertex 14.3515 15.6341 2
    endloop
  endfacet
  facet normal -0.980226 -0.197882 0
    outer loop
      vertex 14.3515 15.6341 30.1696
      vertex 14.4377 15.2071 2
      vertex 14.4377 15.2071 30.2194
    endloop
  endfacet
  facet normal -0.734249 -0.67888 0
    outer loop
      vertex 12.8497 18.6376 2
      vertex 12.5726 18.9373 29.1426
      vertex 12.5726 18.9373 2
    endloop
  endfacet
  facet normal -0.734249 -0.67888 0
    outer loop
      vertex 12.5726 18.9373 29.1426
      vertex 12.8497 18.6376 2
      vertex 12.8497 18.6376 29.3026
    endloop
  endfacet
  facet normal -0.260093 -0.965583 0
    outer loop
      vertex 10.2486 20.3717 2
      vertex 9.87884 20.4713 27.5873
      vertex 9.87884 20.4713 2
    endloop
  endfacet
  facet normal -0.260093 -0.965583 0
    outer loop
      vertex 9.87884 20.4713 27.5873
      vertex 10.2486 20.3717 2
      vertex 10.2486 20.3717 27.8008
    endloop
  endfacet
  facet normal 0.980226 0.197882 -0
    outer loop
      vertex -14.3515 -15.6341 2
      vertex -14.4377 -15.2071 13.5481
      vertex -14.3515 -15.6341 13.5979
    endloop
  endfacet
  facet normal 0.980226 0.197882 0
    outer loop
      vertex -14.4377 -15.2071 13.5481
      vertex -14.3515 -15.6341 2
      vertex -14.4377 -15.2071 2
    endloop
  endfacet
  facet normal -0.9996 -0.0282863 0
    outer loop
      vertex 14.5492 13.9 2
      vertex 14.5368 14.3382 30.2766
      vertex 14.5368 14.3382 2
    endloop
  endfacet
  facet normal -0.9996 -0.0282863 0
    outer loop
      vertex 14.5368 14.3382 30.2766
      vertex 14.5492 13.9 2
      vertex 14.5492 13.9 30.2838
    endloop
  endfacet
  facet normal -0.112806 0.993617 0
    outer loop
      vertex 9.50421 -20.5427 2
      vertex 9.12634 -20.5856 27.1529
      vertex 9.50421 -20.5427 27.371
    endloop
  endfacet
  facet normal -0.112806 0.993617 0
    outer loop
      vertex 9.12634 -20.5856 27.1529
      vertex 9.50421 -20.5427 2
      vertex 9.12634 -20.5856 2
    endloop
  endfacet
  facet normal -0.996385 -0.0849542 0
    outer loop
      vertex 14.5368 14.3382 2
      vertex 14.4996 14.7745 30.2551
      vertex 14.4996 14.7745 2
    endloop
  endfacet
  facet normal -0.996385 -0.0849542 0
    outer loop
      vertex 14.4996 14.7745 30.2551
      vertex 14.5368 14.3382 2
      vertex 14.5368 14.3382 30.2766
    endloop
  endfacet
  facet normal 0.880441 -0.474156 0
    outer loop
      vertex -13.7718 17.25 13.9326
      vertex -13.5713 17.6223 2
      vertex -13.5713 17.6223 14.0483
    endloop
  endfacet
  facet normal 0.880441 -0.474156 0
    outer loop
      vertex -13.5713 17.6223 2
      vertex -13.7718 17.25 13.9326
      vertex -13.7718 17.25 2
    endloop
  endfacet
  facet normal -0.815064 -0.579371 0
    outer loop
      vertex 13.3502 17.9787 2
      vertex 13.1093 18.3176 29.4524
      vertex 13.1093 18.3176 2
    endloop
  endfacet
  facet normal -0.815064 -0.579371 0
    outer loop
      vertex 13.1093 18.3176 29.4524
      vertex 13.3502 17.9787 2
      vertex 13.3502 17.9787 29.5915
    endloop
  endfacet
  facet normal -0.583309 0.81225 0
    outer loop
      vertex 11.9705 -19.4708 2
      vertex 11.648 -19.7024 28.6088
      vertex 11.9705 -19.4708 28.7949
    endloop
  endfacet
  facet normal -0.583309 0.81225 0
    outer loop
      vertex 11.648 -19.7024 28.6088
      vertex 11.9705 -19.4708 2
      vertex 11.648 -19.7024 2
    endloop
  endfacet
  facet normal 0.907492 -0.42007 0
    outer loop
      vertex -13.9508 16.8633 13.8292
      vertex -13.7718 17.25 2
      vertex -13.7718 17.25 13.9326
    endloop
  endfacet
  facet normal 0.907492 -0.42007 0
    outer loop
      vertex -13.7718 17.25 2
      vertex -13.9508 16.8633 13.8292
      vertex -13.9508 16.8633 2
    endloop
  endfacet
  facet normal -0.849762 0.527167 0
    outer loop
      vertex 13.3502 -17.9787 29.5915
      vertex 13.5713 -17.6223 2
      vertex 13.3502 -17.9787 2
    endloop
  endfacet
  facet normal -0.849762 0.527167 0
    outer loop
      vertex 13.5713 -17.6223 2
      vertex 13.3502 -17.9787 29.5915
      vertex 13.5713 -17.6223 29.7192
    endloop
  endfacet
  facet normal 0.930885 0.365313 -0
    outer loop
      vertex -13.9508 -16.8633 2
      vertex -14.1075 -16.464 13.7388
      vertex -13.9508 -16.8633 13.8292
    endloop
  endfacet
  facet normal 0.930885 0.365313 0
    outer loop
      vertex -14.1075 -16.464 13.7388
      vertex -13.9508 -16.8633 2
      vertex -14.1075 -16.464 2
    endloop
  endfacet
  facet normal 0.989917 -0.141646 0
    outer loop
      vertex -14.4996 14.7745 13.5124
      vertex -14.4377 15.2071 2
      vertex -14.4377 15.2071 13.5481
    endloop
  endfacet
  facet normal 0.989917 -0.141646 0
    outer loop
      vertex -14.4377 15.2071 2
      vertex -14.4996 14.7745 13.5124
      vertex -14.4996 14.7745 2
    endloop
  endfacet
  facet normal 0.260093 0.965583 -0
    outer loop
      vertex -9.87884 -20.4713 2
      vertex -10.2486 -20.3717 15.9667
      vertex -9.87884 -20.4713 16.1802
    endloop
  endfacet
  facet normal 0.260093 0.965583 0
    outer loop
      vertex -10.2486 -20.3717 15.9667
      vertex -9.87884 -20.4713 2
      vertex -10.2486 -20.3717 2
    endloop
  endfacet
  facet normal -0.330605 0.943769 0
    outer loop
      vertex 10.612 -20.2444 2
      vertex 10.2486 -20.3717 27.8008
      vertex 10.612 -20.2444 28.0106
    endloop
  endfacet
  facet normal -0.330605 0.943769 0
    outer loop
      vertex 10.2486 -20.3717 27.8008
      vertex 10.612 -20.2444 2
      vertex 10.2486 -20.3717 2
    endloop
  endfacet
  facet normal 0.525146 -0.851012 0
    outer loop
      vertex -11.3132 19.909 2
      vertex -11.648 19.7024 15.1588
      vertex -11.648 19.7024 2
    endloop
  endfacet
  facet normal 0.525146 -0.851012 0
    outer loop
      vertex -11.648 19.7024 15.1588
      vertex -11.3132 19.909 2
      vertex -11.3132 19.909 15.3521
    endloop
  endfacet
  facet normal -0.525146 -0.851012 0
    outer loop
      vertex 11.648 19.7024 2
      vertex 11.3132 19.909 28.4154
      vertex 11.3132 19.909 2
    endloop
  endfacet
  facet normal -0.525146 -0.851012 0
    outer loop
      vertex 11.3132 19.909 28.4154
      vertex 11.648 19.7024 2
      vertex 11.648 19.7024 28.6088
    endloop
  endfacet
  facet normal 0.260093 -0.965583 0
    outer loop
      vertex -9.87884 20.4713 2
      vertex -10.2486 20.3717 15.9667
      vertex -10.2486 20.3717 2
    endloop
  endfacet
  facet normal 0.260093 -0.965583 0
    outer loop
      vertex -10.2486 20.3717 15.9667
      vertex -9.87884 20.4713 2
      vertex -9.87884 20.4713 16.1802
    endloop
  endfacet
  facet normal 0.907492 0.42007 -0
    outer loop
      vertex -13.7718 -17.25 2
      vertex -13.9508 -16.8633 13.8292
      vertex -13.7718 -17.25 13.9326
    endloop
  endfacet
  facet normal 0.907492 0.42007 0
    outer loop
      vertex -13.9508 -16.8633 13.8292
      vertex -13.7718 -17.25 2
      vertex -13.9508 -16.8633 2
    endloop
  endfacet
  facet normal 0.776589 0.630008 -0
    outer loop
      vertex -12.8497 -18.6376 2
      vertex -13.1093 -18.3176 14.3151
      vertex -12.8497 -18.6376 14.465
    endloop
  endfacet
  facet normal 0.776589 0.630008 0
    outer loop
      vertex -13.1093 -18.3176 14.3151
      vertex -12.8497 -18.6376 2
      vertex -13.1093 -18.3176 2
    endloop
  endfacet
  facet normal -0.398556 0.917144 0
    outer loop
      vertex 10.9673 -20.09 2
      vertex 10.612 -20.2444 28.0106
      vertex 10.9673 -20.09 28.2157
    endloop
  endfacet
  facet normal -0.398556 0.917144 0
    outer loop
      vertex 10.612 -20.2444 28.0106
      vertex 10.9673 -20.09 2
      vertex 10.612 -20.2444 2
    endloop
  endfacet
  facet normal -0.950748 -0.309966 0
    outer loop
      vertex 14.2413 16.0536 2
      vertex 14.1075 16.464 30.0287
      vertex 14.1075 16.464 2
    endloop
  endfacet
  facet normal -0.950748 -0.309966 0
    outer loop
      vertex 14.1075 16.464 30.0287
      vertex 14.2413 16.0536 2
      vertex 14.2413 16.0536 30.106
    endloop
  endfacet
  facet normal -0.996385 0.0849542 0
    outer loop
      vertex 14.4996 -14.7745 30.2551
      vertex 14.5368 -14.3382 2
      vertex 14.4996 -14.7745 2
    endloop
  endfacet
  facet normal -0.996385 0.0849542 0
    outer loop
      vertex 14.5368 -14.3382 2
      vertex 14.4996 -14.7745 30.2551
      vertex 14.5368 -14.3382 30.2766
    endloop
  endfacet
  facet normal 0.930885 -0.365313 0
    outer loop
      vertex -14.1075 16.464 13.7388
      vertex -13.9508 16.8633 2
      vertex -13.9508 16.8633 13.8292
    endloop
  endfacet
  facet normal 0.930885 -0.365313 0
    outer loop
      vertex -13.9508 16.8633 2
      vertex -14.1075 16.464 13.7388
      vertex -14.1075 16.464 2
    endloop
  endfacet
  facet normal 0.463634 -0.886027 0
    outer loop
      vertex -10.9673 20.09 2
      vertex -11.3132 19.909 15.3521
      vertex -11.3132 19.909 2
    endloop
  endfacet
  facet normal 0.463634 -0.886027 0
    outer loop
      vertex -11.3132 19.909 15.3521
      vertex -10.9673 20.09 2
      vertex -10.9673 20.09 15.5518
    endloop
  endfacet
  facet normal 0.734249 -0.67888 0
    outer loop
      vertex -12.8497 18.6376 14.465
      vertex -12.5726 18.9373 2
      vertex -12.5726 18.9373 14.625
    endloop
  endfacet
  facet normal 0.734249 -0.67888 0
    outer loop
      vertex -12.5726 18.9373 2
      vertex -12.8497 18.6376 14.465
      vertex -12.8497 18.6376 2
    endloop
  endfacet
  facet normal -0.930885 -0.365313 0
    outer loop
      vertex 14.1075 16.464 2
      vertex 13.9508 16.8633 29.9383
      vertex 13.9508 16.8633 2
    endloop
  endfacet
  facet normal -0.930885 -0.365313 0
    outer loop
      vertex 13.9508 16.8633 29.9383
      vertex 14.1075 16.464 2
      vertex 14.1075 16.464 30.0287
    endloop
  endfacet
  facet normal 0 0 1
    outer loop
      vertex 8.74685 20.6 2
      vertex 14.5492 13.9 2
      vertex 14.5368 14.3382 2
    endloop
  endfacet
  facet normal 0 0 1
    outer loop
      vertex 14.5492 13.9 2
      vertex -14.5492 13.9 2
      vertex 14.5492 -13.9 2
    endloop
  endfacet
  facet normal 0 0 1
    outer loop
      vertex 8.74685 20.6 2
      vertex 14.5368 14.3382 2
      vertex 14.4996 14.7745 2
    endloop
  endfacet
  facet normal 0 0 1
    outer loop
      vertex -14.5492 -13.9 2
      vertex 14.5492 -13.9 2
      vertex -14.5492 13.9 2
    endloop
  endfacet
  facet normal 0 0 1
    outer loop
      vertex 8.74685 20.6 2
      vertex 14.4996 14.7745 2
      vertex 14.4377 15.2071 2
    endloop
  endfacet
  facet normal 0 -0 1
    outer loop
      vertex 8.74685 -20.6 2
      vertex 14.5492 -13.9 2
      vertex -14.5492 -13.9 2
    endloop
  endfacet
  facet normal 0 0 1
    outer loop
      vertex 8.74685 20.6 2
      vertex 14.4377 15.2071 2
      vertex 14.3515 15.6341 2
    endloop
  endfacet
  facet normal 0 0 1
    outer loop
      vertex 14.5492 -13.9 2
      vertex 8.74685 -20.6 2
      vertex 14.5368 -14.3382 2
    endloop
  endfacet
  facet normal 0 0 1
    outer loop
      vertex 8.74685 20.6 2
      vertex 14.3515 15.6341 2
      vertex 14.2413 16.0536 2
    endloop
  endfacet
  facet normal 0 0 1
    outer loop
      vertex 14.5368 -14.3382 2
      vertex 8.74685 -20.6 2
      vertex 14.4996 -14.7745 2
    endloop
  endfacet
  facet normal 0 0 1
    outer loop
      vertex 8.74685 20.6 2
      vertex 14.2413 16.0536 2
      vertex 14.1075 16.464 2
    endloop
  endfacet
  facet normal 0 0 1
    outer loop
      vertex 14.4996 -14.7745 2
      vertex 8.74685 -20.6 2
      vertex 14.4377 -15.2071 2
    endloop
  endfacet
  facet normal 0 0 1
    outer loop
      vertex 8.74685 20.6 2
      vertex 14.1075 16.464 2
      vertex 13.9508 16.8633 2
    endloop
  endfacet
  facet normal 0 0 1
    outer loop
      vertex 14.4377 -15.2071 2
      vertex 8.74685 -20.6 2
      vertex 14.3515 -15.6341 2
    endloop
  endfacet
  facet normal 0 0 1
    outer loop
      vertex 8.74685 20.6 2
      vertex 13.9508 16.8633 2
      vertex 13.7718 17.25 2
    endloop
  endfacet
  facet normal 0 0 1
    outer loop
      vertex 14.3515 -15.6341 2
      vertex 8.74685 -20.6 2
      vertex 14.2413 -16.0536 2
    endloop
  endfacet
  facet normal 0 0 1
    outer loop
      vertex 8.74685 20.6 2
      vertex 13.7718 17.25 2
      vertex 13.5713 17.6223 2
    endloop
  endfacet
  facet normal 0 0 1
    outer loop
      vertex 14.2413 -16.0536 2
      vertex 8.74685 -20.6 2
      vertex 14.1075 -16.464 2
    endloop
  endfacet
  facet normal 0 0 1
    outer loop
      vertex 8.74685 20.6 2
      vertex 13.5713 17.6223 2
      vertex 13.3502 17.9787 2
    endloop
  endfacet
  facet normal 0 0 1
    outer loop
      vertex 14.1075 -16.464 2
      vertex 8.74685 -20.6 2
      vertex 13.9508 -16.8633 2
    endloop
  endfacet
  facet normal 0 0 1
    outer loop
      vertex 8.74685 20.6 2
      vertex 13.3502 17.9787 2
      vertex 13.1093 18.3176 2
    endloop
  endfacet
  facet normal 0 0 1
    outer loop
      vertex 13.9508 -16.8633 2
      vertex 8.74685 -20.6 2
      vertex 13.7718 -17.25 2
    endloop
  endfacet
  facet normal 0 0 1
    outer loop
      vertex 8.74685 20.6 2
      vertex 13.1093 18.3176 2
      vertex 12.8497 18.6376 2
    endloop
  endfacet
  facet normal 0 0 1
    outer loop
      vertex 13.7718 -17.25 2
      vertex 8.74685 -20.6 2
      vertex 13.5713 -17.6223 2
    endloop
  endfacet
  facet normal 0 0 1
    outer loop
      vertex 8.74685 20.6 2
      vertex 12.8497 18.6376 2
      vertex 12.5726 18.9373 2
    endloop
  endfacet
  facet normal 0 0 1
    outer loop
      vertex 14.5492 13.9 2
      vertex 8.74685 20.6 2
      vertex -14.5492 13.9 2
    endloop
  endfacet
  facet normal 0 0 1
    outer loop
      vertex 8.74685 20.6 2
      vertex 12.5726 18.9373 2
      vertex 12.2791 19.2155 2
    endloop
  endfacet
  facet normal 0 0 1
    outer loop
      vertex 13.5713 -17.6223 2
      vertex 8.74685 -20.6 2
      vertex 13.3502 -17.9787 2
    endloop
  endfacet
  facet normal 0 0 1
    outer loop
      vertex 8.74685 20.6 2
      vertex 12.2791 19.2155 2
      vertex 11.9705 19.4708 2
    endloop
  endfacet
  facet normal 0 0 1
    outer loop
      vertex 12.8497 -18.6376 2
      vertex 8.74685 -20.6 2
      vertex 12.5726 -18.9373 2
    endloop
  endfacet
  facet normal 0 0 1
    outer loop
      vertex 8.74685 20.6 2
      vertex 11.9705 19.4708 2
      vertex 11.648 19.7024 2
    endloop
  endfacet
  facet normal 0 0 1
    outer loop
      vertex 12.5726 -18.9373 2
      vertex 8.74685 -20.6 2
      vertex 12.2791 -19.2155 2
    endloop
  endfacet
  facet normal 0 0 1
    outer loop
      vertex 8.74685 20.6 2
      vertex 11.648 19.7024 2
      vertex 11.3132 19.909 2
    endloop
  endfacet
  facet normal 0 0 1
    outer loop
      vertex 12.2791 -19.2155 2
      vertex 8.74685 -20.6 2
      vertex 11.9705 -19.4708 2
    endloop
  endfacet
  facet normal 0 0 1
    outer loop
      vertex 8.74685 20.6 2
      vertex 11.3132 19.909 2
      vertex 10.9673 20.09 2
    endloop
  endfacet
  facet normal 0 0 1
    outer loop
      vertex 11.9705 -19.4708 2
      vertex 8.74685 -20.6 2
      vertex 11.648 -19.7024 2
    endloop
  endfacet
  facet normal 0 0 1
    outer loop
      vertex 8.74685 20.6 2
      vertex 10.9673 20.09 2
      vertex 10.612 20.2444 2
    endloop
  endfacet
  facet normal 0 0 1
    outer loop
      vertex 11.648 -19.7024 2
      vertex 8.74685 -20.6 2
      vertex 11.3132 -19.909 2
    endloop
  endfacet
  facet normal 0 0 1
    outer loop
      vertex 8.74685 20.6 2
      vertex 10.612 20.2444 2
      vertex 10.2486 20.3717 2
    endloop
  endfacet
  facet normal 0 0 1
    outer loop
      vertex 11.3132 -19.909 2
      vertex 8.74685 -20.6 2
      vertex 10.9673 -20.09 2
    endloop
  endfacet
  facet normal 0 0 1
    outer loop
      vertex 8.74685 20.6 2
      vertex 10.2486 20.3717 2
      vertex 9.87884 20.4713 2
    endloop
  endfacet
  facet normal 0 0 1
    outer loop
      vertex 10.9673 -20.09 2
      vertex 8.74685 -20.6 2
      vertex 10.612 -20.2444 2
    endloop
  endfacet
  facet normal 0 0 1
    outer loop
      vertex 8.74685 20.6 2
      vertex 9.87884 20.4713 2
      vertex 9.50421 20.5427 2
    endloop
  endfacet
  facet normal 0 0 1
    outer loop
      vertex 10.612 -20.2444 2
      vertex 8.74685 -20.6 2
      vertex 10.2486 -20.3717 2
    endloop
  endfacet
  facet normal 0 0 1
    outer loop
      vertex 8.74685 20.6 2
      vertex 9.50421 20.5427 2
      vertex 9.12634 20.5856 2
    endloop
  endfacet
  facet normal 0 0 1
    outer loop
      vertex 10.2486 -20.3717 2
      vertex 8.74685 -20.6 2
      vertex 9.87884 -20.4713 2
    endloop
  endfacet
  facet normal 0 0 1
    outer loop
      vertex 9.87884 -20.4713 2
      vertex 8.74685 -20.6 2
      vertex 9.50421 -20.5427 2
    endloop
  endfacet
  facet normal 0 0 1
    outer loop
      vertex 9.50421 -20.5427 2
      vertex 8.74685 -20.6 2
      vertex 9.12634 -20.5856 2
    endloop
  endfacet
  facet normal 0 0 1
    outer loop
      vertex -14.5492 13.9 2
      vertex 8.74685 20.6 2
      vertex -8.74685 20.6 2
    endloop
  endfacet
  facet normal 0 0 1
    outer loop
      vertex 13.3502 -17.9787 2
      vertex 8.74685 -20.6 2
      vertex 13.1093 -18.3176 2
    endloop
  endfacet
  facet normal 0 0 1
    outer loop
      vertex -12.5726 18.9373 2
      vertex -8.74685 20.6 2
      vertex -9.12634 20.5856 2
    endloop
  endfacet
  facet normal 0 0 1
    outer loop
      vertex 13.1093 -18.3176 2
      vertex 8.74685 -20.6 2
      vertex 12.8497 -18.6376 2
    endloop
  endfacet
  facet normal 0 0 1
    outer loop
      vertex -12.5726 18.9373 2
      vertex -9.12634 20.5856 2
      vertex -9.50421 20.5427 2
    endloop
  endfacet
  facet normal 0 0 1
    outer loop
      vertex 8.74685 -20.6 2
      vertex -14.5492 -13.9 2
      vertex -8.74685 -20.6 2
    endloop
  endfacet
  facet normal 0 0 1
    outer loop
      vertex -12.5726 18.9373 2
      vertex -9.50421 20.5427 2
      vertex -9.87884 20.4713 2
    endloop
  endfacet
  facet normal -0 -0 1
    outer loop
      vertex -14.4996 -14.7745 2
      vertex -8.74685 -20.6 2
      vertex -14.5492 -13.9 2
    endloop
  endfacet
  facet normal 0 0 1
    outer loop
      vertex -12.5726 18.9373 2
      vertex -9.87884 20.4713 2
      vertex -10.2486 20.3717 2
    endloop
  endfacet
  facet normal -0 -0 1
    outer loop
      vertex -14.4377 -15.2071 2
      vertex -8.74685 -20.6 2
      vertex -14.4996 -14.7745 2
    endloop
  endfacet
  facet normal 0 0 1
    outer loop
      vertex -12.5726 18.9373 2
      vertex -10.2486 20.3717 2
      vertex -10.612 20.2444 2
    endloop
  endfacet
  facet normal -0 -0 1
    outer loop
      vertex -14.3515 -15.6341 2
      vertex -8.74685 -20.6 2
      vertex -14.4377 -15.2071 2
    endloop
  endfacet
  facet normal 0 0 1
    outer loop
      vertex -12.5726 18.9373 2
      vertex -10.612 20.2444 2
      vertex -10.9673 20.09 2
    endloop
  endfacet
  facet normal -0 -0 1
    outer loop
      vertex -14.2413 -16.0536 2
      vertex -8.74685 -20.6 2
      vertex -14.3515 -15.6341 2
    endloop
  endfacet
  facet normal 0 0 1
    outer loop
      vertex -11.648 19.7024 2
      vertex -10.9673 20.09 2
      vertex -11.3132 19.909 2
    endloop
  endfacet
  facet normal -0 -0 1
    outer loop
      vertex -13.9508 -16.8633 2
      vertex -8.74685 -20.6 2
      vertex -14.1075 -16.464 2
    endloop
  endfacet
  facet normal 0 0 1
    outer loop
      vertex -11.9705 19.4708 2
      vertex -10.9673 20.09 2
      vertex -11.648 19.7024 2
    endloop
  endfacet
  facet normal -0 -0 1
    outer loop
      vertex -13.7718 -17.25 2
      vertex -8.74685 -20.6 2
      vertex -13.9508 -16.8633 2
    endloop
  endfacet
  facet normal 0 0 1
    outer loop
      vertex -12.2791 19.2155 2
      vertex -10.9673 20.09 2
      vertex -11.9705 19.4708 2
    endloop
  endfacet
  facet normal -0 -0 1
    outer loop
      vertex -13.5713 -17.6223 2
      vertex -8.74685 -20.6 2
      vertex -13.7718 -17.25 2
    endloop
  endfacet
  facet normal 0 0 1
    outer loop
      vertex -12.5726 18.9373 2
      vertex -10.9673 20.09 2
      vertex -12.2791 19.2155 2
    endloop
  endfacet
  facet normal 0 0 1
    outer loop
      vertex -10.9673 -20.09 2
      vertex -11.648 -19.7024 2
      vertex -11.3132 -19.909 2
    endloop
  endfacet
  facet normal 0 0 1
    outer loop
      vertex -8.74685 20.6 2
      vertex -12.5726 18.9373 2
      vertex -12.8497 18.6376 2
    endloop
  endfacet
  facet normal 0 0 1
    outer loop
      vertex -10.9673 -20.09 2
      vertex -11.9705 -19.4708 2
      vertex -11.648 -19.7024 2
    endloop
  endfacet
  facet normal 0 0 1
    outer loop
      vertex -8.74685 20.6 2
      vertex -12.8497 18.6376 2
      vertex -13.1093 18.3176 2
    endloop
  endfacet
  facet normal 0 0 1
    outer loop
      vertex -10.9673 -20.09 2
      vertex -12.2791 -19.2155 2
      vertex -11.9705 -19.4708 2
    endloop
  endfacet
  facet normal 0 0 1
    outer loop
      vertex -8.74685 20.6 2
      vertex -13.1093 18.3176 2
      vertex -13.3502 17.9787 2
    endloop
  endfacet
  facet normal 0 0 1
    outer loop
      vertex -10.9673 -20.09 2
      vertex -12.5726 -18.9373 2
      vertex -12.2791 -19.2155 2
    endloop
  endfacet
  facet normal 0 0 1
    outer loop
      vertex -8.74685 20.6 2
      vertex -13.3502 17.9787 2
      vertex -13.5713 17.6223 2
    endloop
  endfacet
  facet normal 0 0 1
    outer loop
      vertex -10.612 -20.2444 2
      vertex -12.5726 -18.9373 2
      vertex -10.9673 -20.09 2
    endloop
  endfacet
  facet normal 0 0 1
    outer loop
      vertex -8.74685 20.6 2
      vertex -13.5713 17.6223 2
      vertex -13.7718 17.25 2
    endloop
  endfacet
  facet normal 0 0 1
    outer loop
      vertex -10.2486 -20.3717 2
      vertex -12.5726 -18.9373 2
      vertex -10.612 -20.2444 2
    endloop
  endfacet
  facet normal 0 0 1
    outer loop
      vertex -8.74685 20.6 2
      vertex -13.7718 17.25 2
      vertex -13.9508 16.8633 2
    endloop
  endfacet
  facet normal 0 0 1
    outer loop
      vertex -9.87884 -20.4713 2
      vertex -12.5726 -18.9373 2
      vertex -10.2486 -20.3717 2
    endloop
  endfacet
  facet normal 0 0 1
    outer loop
      vertex -8.74685 20.6 2
      vertex -13.9508 16.8633 2
      vertex -14.1075 16.464 2
    endloop
  endfacet
  facet normal 0 0 1
    outer loop
      vertex -9.50421 -20.5427 2
      vertex -12.5726 -18.9373 2
      vertex -9.87884 -20.4713 2
    endloop
  endfacet
  facet normal 0 0 1
    outer loop
      vertex -8.74685 20.6 2
      vertex -14.1075 16.464 2
      vertex -14.2413 16.0536 2
    endloop
  endfacet
  facet normal 0 0 1
    outer loop
      vertex -9.12634 -20.5856 2
      vertex -12.5726 -18.9373 2
      vertex -9.50421 -20.5427 2
    endloop
  endfacet
  facet normal 0 0 1
    outer loop
      vertex -8.74685 20.6 2
      vertex -14.2413 16.0536 2
      vertex -14.3515 15.6341 2
    endloop
  endfacet
  facet normal 0 0 1
    outer loop
      vertex -8.74685 -20.6 2
      vertex -12.5726 -18.9373 2
      vertex -9.12634 -20.5856 2
    endloop
  endfacet
  facet normal 0 0 1
    outer loop
      vertex -8.74685 20.6 2
      vertex -14.3515 15.6341 2
      vertex -14.4377 15.2071 2
    endloop
  endfacet
  facet normal -0 -0 1
    outer loop
      vertex -12.5726 -18.9373 2
      vertex -8.74685 -20.6 2
      vertex -12.8497 -18.6376 2
    endloop
  endfacet
  facet normal 0 0 1
    outer loop
      vertex -8.74685 20.6 2
      vertex -14.4377 15.2071 2
      vertex -14.4996 14.7745 2
    endloop
  endfacet
  facet normal -0 -0 1
    outer loop
      vertex -12.8497 -18.6376 2
      vertex -8.74685 -20.6 2
      vertex -13.1093 -18.3176 2
    endloop
  endfacet
  facet normal 0 0 1
    outer loop
      vertex -8.74685 20.6 2
      vertex -14.4996 14.7745 2
      vertex -14.5492 13.9 2
    endloop
  endfacet
  facet normal -0 -0 1
    outer loop
      vertex -13.1093 -18.3176 2
      vertex -8.74685 -20.6 2
      vertex -13.3502 -17.9787 2
    endloop
  endfacet
  facet normal 0 0 1
    outer loop
      vertex -14.5492 13.9 2
      vertex -14.4996 14.7745 2
      vertex -14.5368 14.3382 2
    endloop
  endfacet
  facet normal -0 -0 1
    outer loop
      vertex -13.3502 -17.9787 2
      vertex -8.74685 -20.6 2
      vertex -13.5713 -17.6223 2
    endloop
  endfacet
  facet normal -0 -0 1
    outer loop
      vertex -14.1075 -16.464 2
      vertex -8.74685 -20.6 2
      vertex -14.2413 -16.0536 2
    endloop
  endfacet
  facet normal 0 0 1
    outer loop
      vertex -14.4996 -14.7745 2
      vertex -14.5492 -13.9 2
      vertex -14.5368 -14.3382 2
    endloop
  endfacet
  facet normal 0.950748 0.309966 -0
    outer loop
      vertex -14.1075 -16.464 2
      vertex -14.2413 -16.0536 13.6615
      vertex -14.1075 -16.464 13.7388
    endloop
  endfacet
  facet normal 0.950748 0.309966 0
    outer loop
      vertex -14.2413 -16.0536 13.6615
      vertex -14.1075 -16.464 2
      vertex -14.2413 -16.0536 2
    endloop
  endfacet
  facet normal 0.63743 0.770508 -0
    outer loop
      vertex -11.9705 -19.4708 2
      vertex -12.2791 -19.2155 14.7944
      vertex -11.9705 -19.4708 14.9726
    endloop
  endfacet
  facet normal 0.63743 0.770508 0
    outer loop
      vertex -12.2791 -19.2155 14.7944
      vertex -11.9705 -19.4708 2
      vertex -12.2791 -19.2155 2
    endloop
  endfacet
  facet normal -0.776589 -0.630008 0
    outer loop
      vertex 13.1093 18.3176 2
      vertex 12.8497 18.6376 29.3026
      vertex 12.8497 18.6376 2
    endloop
  endfacet
  facet normal -0.776589 -0.630008 0
    outer loop
      vertex 12.8497 18.6376 29.3026
      vertex 13.1093 18.3176 2
      vertex 13.1093 18.3176 29.4524
    endloop
  endfacet
  facet normal -0.9996 0.0282863 0
    outer loop
      vertex 14.5368 -14.3382 30.2766
      vertex 14.5492 -13.9 2
      vertex 14.5368 -14.3382 2
    endloop
  endfacet
  facet normal -0.9996 0.0282863 0
    outer loop
      vertex 14.5492 -13.9 2
      vertex 14.5368 -14.3382 30.2766
      vertex 14.5492 -13.9 30.2838
    endloop
  endfacet
  facet normal 0.583309 -0.81225 0
    outer loop
      vertex -11.648 19.7024 2
      vertex -11.9705 19.4708 14.9726
      vertex -11.9705 19.4708 2
    endloop
  endfacet
  facet normal 0.583309 -0.81225 0
    outer loop
      vertex -11.9705 19.4708 14.9726
      vertex -11.648 19.7024 2
      vertex -11.648 19.7024 15.1588
    endloop
  endfacet
  facet normal 0.989917 0.141646 -0
    outer loop
      vertex -14.4377 -15.2071 2
      vertex -14.4996 -14.7745 13.5124
      vertex -14.4377 -15.2071 13.5481
    endloop
  endfacet
  facet normal 0.989917 0.141646 0
    outer loop
      vertex -14.4996 -14.7745 13.5124
      vertex -14.4377 -15.2071 2
      vertex -14.4996 -14.7745 2
    endloop
  endfacet
endsolid OpenSCAD_Model
