solid OpenSCAD_Model
  facet normal 0.99144 0.130564 0
    outer loop
      vertex -9.31027 -17.7647 13.2
      vertex -9.34102 -17.5312 11.2
      vertex -9.34102 -17.5312 13.2
    endloop
  endfacet
  facet normal 0.99144 0.130564 0
    outer loop
      vertex -9.34102 -17.5312 11.2
      vertex -9.31027 -17.7647 13.2
      vertex -9.31027 -17.7647 11.2
    endloop
  endfacet
  facet normal 0.999049 0.0436049 0
    outer loop
      vertex -9.3 -18 13.2
      vertex -9.31027 -17.7647 11.2
      vertex -9.31027 -17.7647 13.2
    endloop
  endfacet
  facet normal 0.999049 0.0436049 0
    outer loop
      vertex -9.31027 -17.7647 11.2
      vertex -9.3 -18 13.2
      vertex -9.3 -18 11.2
    endloop
  endfacet
  facet normal 0.976305 0.2164 0
    outer loop
      vertex -9.34102 -17.5312 13.2
      vertex -9.392 -17.3012 11.2
      vertex -9.392 -17.3012 13.2
    endloop
  endfacet
  facet normal 0.976305 0.2164 0
    outer loop
      vertex -9.392 -17.3012 11.2
      vertex -9.34102 -17.5312 13.2
      vertex -9.34102 -17.5312 11.2
    endloop
  endfacet
  facet normal 0.786738 -0.617287 0
    outer loop
      vertex -9.78931 -19.55 13.2
      vertex -9.78829 -19.5487 11.2
      vertex -9.78829 -19.5487 13.2
    endloop
  endfacet
  facet normal 0.786738 -0.617287 0
    outer loop
      vertex -9.78829 -19.5487 11.2
      vertex -9.78931 -19.55 13.2
      vertex -9.78931 -19.55 11.2
    endloop
  endfacet
  facet normal -0.216481 0.976287 0
    outer loop
      vertex -12.4688 -15.341 11.2
      vertex -12.6988 -15.392 13.2
      vertex -12.4688 -15.341 13.2
    endloop
  endfacet
  facet normal -0.216481 0.976287 0
    outer loop
      vertex -12.6988 -15.392 13.2
      vertex -12.4688 -15.341 11.2
      vertex -12.6988 -15.392 11.2
    endloop
  endfacet
  facet normal 0.043732 0.999043 -0
    outer loop
      vertex -11.7647 -15.3103 11.2
      vertex -12 -15.3 13.2
      vertex -11.7647 -15.3103 13.2
    endloop
  endfacet
  facet normal 0.043732 0.999043 0
    outer loop
      vertex -12 -15.3 13.2
      vertex -11.7647 -15.3103 11.2
      vertex -12 -15.3 11.2
    endloop
  endfacet
  facet normal -0.737418 0.675436 0
    outer loop
      vertex -14.0683 -16.2645 11.2
      vertex -13.9092 -16.0908 13.2
      vertex -13.9092 -16.0908 11.2
    endloop
  endfacet
  facet normal -0.737418 0.675436 0
    outer loop
      vertex -13.9092 -16.0908 13.2
      vertex -14.0683 -16.2645 11.2
      vertex -14.0683 -16.2645 13.2
    endloop
  endfacet
  facet normal -0.043732 0.999043 0
    outer loop
      vertex -12 -15.3 11.2
      vertex -12.2353 -15.3103 13.2
      vertex -12 -15.3 13.2
    endloop
  endfacet
  facet normal -0.043732 0.999043 0
    outer loop
      vertex -12.2353 -15.3103 13.2
      vertex -12 -15.3 11.2
      vertex -12.2353 -15.3103 11.2
    endloop
  endfacet
  facet normal 0.999049 -0.0436049 0
    outer loop
      vertex -9.31027 -18.2353 13.2
      vertex -9.3 -18 11.2
      vertex -9.3 -18 13.2
    endloop
  endfacet
  facet normal 0.999049 -0.0436049 0
    outer loop
      vertex -9.3 -18 11.2
      vertex -9.31027 -18.2353 13.2
      vertex -9.31027 -18.2353 11.2
    endloop
  endfacet
  facet normal 0.976305 -0.2164 0
    outer loop
      vertex -9.392 -18.6988 13.2
      vertex -9.34102 -18.4688 11.2
      vertex -9.34102 -18.4688 13.2
    endloop
  endfacet
  facet normal 0.976305 -0.2164 0
    outer loop
      vertex -9.34102 -18.4688 11.2
      vertex -9.392 -18.6988 13.2
      vertex -9.392 -18.6988 11.2
    endloop
  endfacet
  facet normal 0.953738 0.300638 0
    outer loop
      vertex -9.392 -17.3012 13.2
      vertex -9.46283 -17.0765 11.2
      vertex -9.46283 -17.0765 13.2
    endloop
  endfacet
  facet normal 0.953738 0.300638 0
    outer loop
      vertex -9.46283 -17.0765 11.2
      vertex -9.392 -17.3012 13.2
      vertex -9.392 -17.3012 11.2
    endloop
  endfacet
  facet normal 0.737376 0.675482 0
    outer loop
      vertex -9.93168 -16.2645 13.2
      vertex -10.0908 -16.0908 11.2
      vertex -10.0908 -16.0908 13.2
    endloop
  endfacet
  facet normal 0.737376 0.675482 0
    outer loop
      vertex -10.0908 -16.0908 11.2
      vertex -9.93168 -16.2645 13.2
      vertex -9.93168 -16.2645 11.2
    endloop
  endfacet
  facet normal 0.843441 0.537222 0
    outer loop
      vertex -9.66173 -16.65 13.2
      vertex -9.78829 -16.4513 11.2
      vertex -9.78829 -16.4513 13.2
    endloop
  endfacet
  facet normal 0.843441 0.537222 0
    outer loop
      vertex -9.78829 -16.4513 11.2
      vertex -9.66173 -16.65 13.2
      vertex -9.66173 -16.65 11.2
    endloop
  endfacet
  facet normal 0.953738 -0.300638 0
    outer loop
      vertex -9.46283 -18.9235 13.2
      vertex -9.392 -18.6988 11.2
      vertex -9.392 -18.6988 13.2
    endloop
  endfacet
  facet normal 0.953738 -0.300638 0
    outer loop
      vertex -9.392 -18.6988 11.2
      vertex -9.46283 -18.9235 13.2
      vertex -9.46283 -18.9235 11.2
    endloop
  endfacet
  facet normal 0.675436 0.737418 -0
    outer loop
      vertex -10.0908 -16.0908 11.2
      vertex -10.2645 -15.9317 13.2
      vertex -10.0908 -16.0908 13.2
    endloop
  endfacet
  facet normal 0.675436 0.737418 0
    outer loop
      vertex -10.2645 -15.9317 13.2
      vertex -10.0908 -16.0908 11.2
      vertex -10.2645 -15.9317 11.2
    endloop
  endfacet
  facet normal -0.382927 0.923779 0
    outer loop
      vertex -12.9235 -15.4628 11.2
      vertex -13.1411 -15.553 13.2
      vertex -12.9235 -15.4628 13.2
    endloop
  endfacet
  facet normal -0.382927 0.923779 0
    outer loop
      vertex -13.1411 -15.553 13.2
      vertex -12.9235 -15.4628 11.2
      vertex -13.1411 -15.553 11.2
    endloop
  endfacet
  facet normal -0.130356 0.991467 0
    outer loop
      vertex -12.2353 -15.3103 11.2
      vertex -12.4688 -15.341 13.2
      vertex -12.2353 -15.3103 13.2
    endloop
  endfacet
  facet normal -0.130356 0.991467 0
    outer loop
      vertex -12.4688 -15.341 13.2
      vertex -12.2353 -15.3103 11.2
      vertex -12.4688 -15.341 11.2
    endloop
  endfacet
  facet normal 0.461593 0.887092 -0
    outer loop
      vertex -10.65 -15.6617 11.2
      vertex -10.8589 -15.553 13.2
      vertex -10.65 -15.6617 13.2
    endloop
  endfacet
  facet normal 0.461593 0.887092 0
    outer loop
      vertex -10.8589 -15.553 13.2
      vertex -10.65 -15.6617 11.2
      vertex -10.8589 -15.553 11.2
    endloop
  endfacet
  facet normal 0.382927 0.923779 -0
    outer loop
      vertex -10.8589 -15.553 11.2
      vertex -11.0765 -15.4628 13.2
      vertex -10.8589 -15.553 13.2
    endloop
  endfacet
  facet normal 0.382927 0.923779 0
    outer loop
      vertex -11.0765 -15.4628 13.2
      vertex -10.8589 -15.553 11.2
      vertex -11.0765 -15.4628 11.2
    endloop
  endfacet
  facet normal 0.608931 0.793223 -0
    outer loop
      vertex -10.2645 -15.9317 11.2
      vertex -10.4513 -15.7883 13.2
      vertex -10.2645 -15.9317 13.2
    endloop
  endfacet
  facet normal 0.608931 0.793223 0
    outer loop
      vertex -10.4513 -15.7883 13.2
      vertex -10.2645 -15.9317 11.2
      vertex -10.4513 -15.7883 11.2
    endloop
  endfacet
  facet normal 0.300522 0.953775 -0
    outer loop
      vertex -11.0765 -15.4628 11.2
      vertex -11.3012 -15.392 13.2
      vertex -11.0765 -15.4628 13.2
    endloop
  endfacet
  facet normal 0.300522 0.953775 0
    outer loop
      vertex -11.3012 -15.392 13.2
      vertex -11.0765 -15.4628 11.2
      vertex -11.3012 -15.392 11.2
    endloop
  endfacet
  facet normal 0.537342 0.843364 -0
    outer loop
      vertex -10.4513 -15.7883 11.2
      vertex -10.65 -15.6617 13.2
      vertex -10.4513 -15.7883 13.2
    endloop
  endfacet
  facet normal 0.537342 0.843364 0
    outer loop
      vertex -10.65 -15.6617 13.2
      vertex -10.4513 -15.7883 11.2
      vertex -10.65 -15.6617 11.2
    endloop
  endfacet
  facet normal 0.843441 -0.537222 0
    outer loop
      vertex -9.78829 -19.5487 13.2
      vertex -9.66173 -19.35 11.2
      vertex -9.66173 -19.35 13.2
    endloop
  endfacet
  facet normal 0.843441 -0.537222 0
    outer loop
      vertex -9.66173 -19.35 11.2
      vertex -9.78829 -19.5487 13.2
      vertex -9.78829 -19.5487 11.2
    endloop
  endfacet
  facet normal 0.130301 0.991475 -0
    outer loop
      vertex -11.5311 -15.341 11.2
      vertex -11.7647 -15.3103 13.2
      vertex -11.5311 -15.341 13.2
    endloop
  endfacet
  facet normal 0.130301 0.991475 0
    outer loop
      vertex -11.7647 -15.3103 13.2
      vertex -11.5311 -15.341 11.2
      vertex -11.7647 -15.3103 11.2
    endloop
  endfacet
  facet normal -0.675436 0.737418 0
    outer loop
      vertex -13.7355 -15.9317 11.2
      vertex -13.9092 -16.0908 13.2
      vertex -13.7355 -15.9317 13.2
    endloop
  endfacet
  facet normal -0.675436 0.737418 0
    outer loop
      vertex -13.9092 -16.0908 13.2
      vertex -13.7355 -15.9317 11.2
      vertex -13.9092 -16.0908 11.2
    endloop
  endfacet
  facet normal 0.923869 0.382709 0
    outer loop
      vertex -9.46283 -17.0765 13.2
      vertex -9.55297 -16.8589 11.2
      vertex -9.55297 -16.8589 13.2
    endloop
  endfacet
  facet normal 0.923869 0.382709 0
    outer loop
      vertex -9.55297 -16.8589 11.2
      vertex -9.46283 -17.0765 13.2
      vertex -9.46283 -17.0765 11.2
    endloop
  endfacet
  facet normal -0.461593 0.887092 0
    outer loop
      vertex -13.1411 -15.553 11.2
      vertex -13.35 -15.6617 13.2
      vertex -13.1411 -15.553 13.2
    endloop
  endfacet
  facet normal -0.461593 0.887092 0
    outer loop
      vertex -13.35 -15.6617 13.2
      vertex -13.1411 -15.553 11.2
      vertex -13.35 -15.6617 11.2
    endloop
  endfacet
  facet normal 0.793244 0.608904 0
    outer loop
      vertex -9.78829 -16.4513 13.2
      vertex -9.93168 -16.2645 11.2
      vertex -9.93168 -16.2645 13.2
    endloop
  endfacet
  facet normal 0.793244 0.608904 0
    outer loop
      vertex -9.93168 -16.2645 11.2
      vertex -9.78829 -16.4513 13.2
      vertex -9.78829 -16.4513 11.2
    endloop
  endfacet
  facet normal 0.886987 0.461794 0
    outer loop
      vertex -9.55297 -16.8589 13.2
      vertex -9.66173 -16.65 11.2
      vertex -9.66173 -16.65 13.2
    endloop
  endfacet
  facet normal 0.886987 0.461794 0
    outer loop
      vertex -9.66173 -16.65 11.2
      vertex -9.55297 -16.8589 13.2
      vertex -9.55297 -16.8589 11.2
    endloop
  endfacet
  facet normal -0.537342 0.843364 0
    outer loop
      vertex -13.35 -15.6617 11.2
      vertex -13.5487 -15.7883 13.2
      vertex -13.35 -15.6617 13.2
    endloop
  endfacet
  facet normal -0.537342 0.843364 0
    outer loop
      vertex -13.5487 -15.7883 13.2
      vertex -13.35 -15.6617 11.2
      vertex -13.5487 -15.7883 11.2
    endloop
  endfacet
  facet normal -0.608931 0.793223 0
    outer loop
      vertex -13.5487 -15.7883 11.2
      vertex -13.7355 -15.9317 13.2
      vertex -13.5487 -15.7883 13.2
    endloop
  endfacet
  facet normal -0.608931 0.793223 0
    outer loop
      vertex -13.7355 -15.9317 13.2
      vertex -13.5487 -15.7883 11.2
      vertex -13.7355 -15.9317 11.2
    endloop
  endfacet
  facet normal 0.923869 -0.382709 0
    outer loop
      vertex -9.55297 -19.1411 13.2
      vertex -9.46283 -18.9235 11.2
      vertex -9.46283 -18.9235 13.2
    endloop
  endfacet
  facet normal 0.923869 -0.382709 0
    outer loop
      vertex -9.46283 -18.9235 11.2
      vertex -9.55297 -19.1411 13.2
      vertex -9.55297 -19.1411 11.2
    endloop
  endfacet
  facet normal 0.886987 -0.461794 0
    outer loop
      vertex -9.66173 -19.35 13.2
      vertex -9.55297 -19.1411 11.2
      vertex -9.55297 -19.1411 13.2
    endloop
  endfacet
  facet normal 0.886987 -0.461794 0
    outer loop
      vertex -9.55297 -19.1411 11.2
      vertex -9.66173 -19.35 13.2
      vertex -9.66173 -19.35 11.2
    endloop
  endfacet
  facet normal 0.99144 -0.130564 0
    outer loop
      vertex -9.34102 -18.4688 13.2
      vertex -9.31027 -18.2353 11.2
      vertex -9.31027 -18.2353 13.2
    endloop
  endfacet
  facet normal 0.99144 -0.130564 0
    outer loop
      vertex -9.31027 -18.2353 11.2
      vertex -9.34102 -18.4688 13.2
      vertex -9.34102 -18.4688 11.2
    endloop
  endfacet
  facet normal 0 0 1
    outer loop
      vertex -10.8 -18 13.2
      vertex -9.3 -18 13.2
      vertex -9.31027 -17.7647 13.2
    endloop
  endfacet
  facet normal 0 0 1
    outer loop
      vertex -10.8046 -17.8954 13.2
      vertex -9.31027 -17.7647 13.2
      vertex -9.34102 -17.5312 13.2
    endloop
  endfacet
  facet normal 0 0 1
    outer loop
      vertex -9.3 -18 13.2
      vertex -10.8 -18 13.2
      vertex -9.31027 -18.2353 13.2
    endloop
  endfacet
  facet normal 0 0 1
    outer loop
      vertex -10.8182 -17.7916 13.2
      vertex -9.34102 -17.5312 13.2
      vertex -9.392 -17.3012 13.2
    endloop
  endfacet
  facet normal -0 0 1
    outer loop
      vertex -10.8046 -18.1046 13.2
      vertex -9.31027 -18.2353 13.2
      vertex -10.8 -18 13.2
    endloop
  endfacet
  facet normal 0 0 1
    outer loop
      vertex -10.8409 -17.6894 13.2
      vertex -9.392 -17.3012 13.2
      vertex -9.46283 -17.0765 13.2
    endloop
  endfacet
  facet normal 0 0 1
    outer loop
      vertex -9.31027 -18.2353 13.2
      vertex -10.8046 -18.1046 13.2
      vertex -9.34102 -18.4688 13.2
    endloop
  endfacet
  facet normal 0 0 1
    outer loop
      vertex -10.8724 -17.5896 13.2
      vertex -9.46283 -17.0765 13.2
      vertex -9.55297 -16.8589 13.2
    endloop
  endfacet
  facet normal -0 0 1
    outer loop
      vertex -10.8182 -18.2084 13.2
      vertex -9.34102 -18.4688 13.2
      vertex -10.8046 -18.1046 13.2
    endloop
  endfacet
  facet normal 0 0 1
    outer loop
      vertex -10.9124 -17.4929 13.2
      vertex -9.55297 -16.8589 13.2
      vertex -9.66173 -16.65 13.2
    endloop
  endfacet
  facet normal 0 0 1
    outer loop
      vertex -9.34102 -18.4688 13.2
      vertex -10.8182 -18.2084 13.2
      vertex -9.392 -18.6988 13.2
    endloop
  endfacet
  facet normal 0 0 1
    outer loop
      vertex -10.9608 -17.4 13.2
      vertex -9.66173 -16.65 13.2
      vertex -9.78829 -16.4513 13.2
    endloop
  endfacet
  facet normal -0 0 1
    outer loop
      vertex -10.8409 -18.3106 13.2
      vertex -9.392 -18.6988 13.2
      vertex -10.8182 -18.2084 13.2
    endloop
  endfacet
  facet normal 0 0 1
    outer loop
      vertex -9.392 -18.6988 13.2
      vertex -10.8409 -18.3106 13.2
      vertex -9.46283 -18.9235 13.2
    endloop
  endfacet
  facet normal 0 0 1
    outer loop
      vertex -11.017 -17.3117 13.2
      vertex -9.78829 -16.4513 13.2
      vertex -9.93168 -16.2645 13.2
    endloop
  endfacet
  facet normal -0 0 1
    outer loop
      vertex 9.392 -17.3012 13.2
      vertex 10.8409 -17.6894 13.2
      vertex 9.46283 -17.0765 13.2
    endloop
  endfacet
  facet normal 0 0 1
    outer loop
      vertex 10.8409 -17.6894 13.2
      vertex 9.392 -17.3012 13.2
      vertex 10.8182 -17.7916 13.2
    endloop
  endfacet
  facet normal 0 -0 1
    outer loop
      vertex 9.78829 -19.5487 13.2
      vertex 10.8 -18 13.2
      vertex 9.66173 -19.35 13.2
    endloop
  endfacet
  facet normal 0 0 1
    outer loop
      vertex 10.8 -18 13.2
      vertex 9.78829 -19.5487 13.2
      vertex 9.78931 -19.55 13.2
    endloop
  endfacet
  facet normal -0 0 1
    outer loop
      vertex 9.34102 -17.5312 13.2
      vertex 10.8182 -17.7916 13.2
      vertex 9.392 -17.3012 13.2
    endloop
  endfacet
  facet normal 0 0 1
    outer loop
      vertex 10.8 -18 13.2
      vertex 9.55297 -19.1411 13.2
      vertex 9.66173 -19.35 13.2
    endloop
  endfacet
  facet normal 0 0 1
    outer loop
      vertex 10.8182 -17.7916 13.2
      vertex 9.34102 -17.5312 13.2
      vertex 10.8046 -17.8954 13.2
    endloop
  endfacet
  facet normal 0 0 1
    outer loop
      vertex 10.8 -18 13.2
      vertex 9.46283 -18.9235 13.2
      vertex 9.55297 -19.1411 13.2
    endloop
  endfacet
  facet normal -0 0 1
    outer loop
      vertex 9.31027 -17.7647 13.2
      vertex 10.8046 -17.8954 13.2
      vertex 9.34102 -17.5312 13.2
    endloop
  endfacet
  facet normal 0 0 1
    outer loop
      vertex 10.8 -18 13.2
      vertex 9.392 -18.6988 13.2
      vertex 9.46283 -18.9235 13.2
    endloop
  endfacet
  facet normal 0 0 1
    outer loop
      vertex 10.8046 -17.8954 13.2
      vertex 9.31027 -17.7647 13.2
      vertex 10.8 -18 13.2
    endloop
  endfacet
  facet normal 0 0 1
    outer loop
      vertex 10.8 -18 13.2
      vertex 9.34102 -18.4688 13.2
      vertex 9.392 -18.6988 13.2
    endloop
  endfacet
  facet normal 0 0 1
    outer loop
      vertex 9.3 -18 13.2
      vertex 10.8 -18 13.2
      vertex 9.31027 -17.7647 13.2
    endloop
  endfacet
  facet normal 0 0 1
    outer loop
      vertex 10.8 -18 13.2
      vertex 9.31027 -18.2353 13.2
      vertex 9.34102 -18.4688 13.2
    endloop
  endfacet
  facet normal 0 0 1
    outer loop
      vertex 10.8 -18 13.2
      vertex 9.3 -18 13.2
      vertex 9.31027 -18.2353 13.2
    endloop
  endfacet
  facet normal -0 0 1
    outer loop
      vertex 9.392 18.6988 13.2
      vertex 10.8409 18.3106 13.2
      vertex 9.46283 18.9235 13.2
    endloop
  endfacet
  facet normal 0 0 1
    outer loop
      vertex 10.8 18 13.2
      vertex 9.78829 16.4513 13.2
      vertex 9.93168 16.2645 13.2
    endloop
  endfacet
  facet normal 0 0 1
    outer loop
      vertex 10.8409 18.3106 13.2
      vertex 9.392 18.6988 13.2
      vertex 10.8182 18.2084 13.2
    endloop
  endfacet
  facet normal 0 0 1
    outer loop
      vertex 10.8 18 13.2
      vertex 9.66173 16.65 13.2
      vertex 9.78829 16.4513 13.2
    endloop
  endfacet
  facet normal -0 0 1
    outer loop
      vertex 9.34102 18.4688 13.2
      vertex 10.8182 18.2084 13.2
      vertex 9.392 18.6988 13.2
    endloop
  endfacet
  facet normal 0 0 1
    outer loop
      vertex 10.8 18 13.2
      vertex 9.55297 16.8589 13.2
      vertex 9.66173 16.65 13.2
    endloop
  endfacet
  facet normal 0 0 1
    outer loop
      vertex 10.8182 18.2084 13.2
      vertex 9.34102 18.4688 13.2
      vertex 10.8046 18.1046 13.2
    endloop
  endfacet
  facet normal 0 0 1
    outer loop
      vertex 10.8 18 13.2
      vertex 9.46283 17.0765 13.2
      vertex 9.55297 16.8589 13.2
    endloop
  endfacet
  facet normal -0 0 1
    outer loop
      vertex 9.31027 18.2353 13.2
      vertex 10.8046 18.1046 13.2
      vertex 9.34102 18.4688 13.2
    endloop
  endfacet
  facet normal 0 0 1
    outer loop
      vertex 10.8 18 13.2
      vertex 9.392 17.3012 13.2
      vertex 9.46283 17.0765 13.2
    endloop
  endfacet
  facet normal 0 0 1
    outer loop
      vertex 10.8046 18.1046 13.2
      vertex 9.31027 18.2353 13.2
      vertex 10.8 18 13.2
    endloop
  endfacet
  facet normal 0 0 1
    outer loop
      vertex 10.8 18 13.2
      vertex 9.34102 17.5312 13.2
      vertex 9.392 17.3012 13.2
    endloop
  endfacet
  facet normal 0 0 1
    outer loop
      vertex 9.3 18 13.2
      vertex 10.8 18 13.2
      vertex 9.31027 18.2353 13.2
    endloop
  endfacet
  facet normal 0 0 1
    outer loop
      vertex 10.8 18 13.2
      vertex 9.31027 17.7647 13.2
      vertex 9.34102 17.5312 13.2
    endloop
  endfacet
  facet normal 0 0 1
    outer loop
      vertex 10.8 18 13.2
      vertex 9.3 18 13.2
      vertex 9.31027 17.7647 13.2
    endloop
  endfacet
  facet normal 0 0 1
    outer loop
      vertex -10.8 18 13.2
      vertex -9.3 18 13.2
      vertex -9.31027 18.2353 13.2
    endloop
  endfacet
  facet normal 0 0 1
    outer loop
      vertex -10.8046 18.1046 13.2
      vertex -9.31027 18.2353 13.2
      vertex -9.34102 18.4688 13.2
    endloop
  endfacet
  facet normal 0 0 1
    outer loop
      vertex -9.3 18 13.2
      vertex -10.8 18 13.2
      vertex -9.31027 17.7647 13.2
    endloop
  endfacet
  facet normal 0 0 1
    outer loop
      vertex -10.8182 18.2084 13.2
      vertex -9.34102 18.4688 13.2
      vertex -9.392 18.6988 13.2
    endloop
  endfacet
  facet normal -0 0 1
    outer loop
      vertex -10.8046 17.8954 13.2
      vertex -9.31027 17.7647 13.2
      vertex -10.8 18 13.2
    endloop
  endfacet
  facet normal 0 0 1
    outer loop
      vertex -10.8409 18.3106 13.2
      vertex -9.392 18.6988 13.2
      vertex -9.46283 18.9235 13.2
    endloop
  endfacet
  facet normal 0 0 1
    outer loop
      vertex -9.31027 17.7647 13.2
      vertex -10.8046 17.8954 13.2
      vertex -9.34102 17.5312 13.2
    endloop
  endfacet
  facet normal 0 0 1
    outer loop
      vertex -10.8724 18.4104 13.2
      vertex -9.46283 18.9235 13.2
      vertex -9.55297 19.1411 13.2
    endloop
  endfacet
  facet normal -0 0 1
    outer loop
      vertex -10.8182 17.7916 13.2
      vertex -9.34102 17.5312 13.2
      vertex -10.8046 17.8954 13.2
    endloop
  endfacet
  facet normal 0 0 1
    outer loop
      vertex -10.9124 18.5071 13.2
      vertex -9.55297 19.1411 13.2
      vertex -9.66173 19.35 13.2
    endloop
  endfacet
  facet normal 0 0 1
    outer loop
      vertex -9.34102 17.5312 13.2
      vertex -10.8182 17.7916 13.2
      vertex -9.392 17.3012 13.2
    endloop
  endfacet
  facet normal 0 0 1
    outer loop
      vertex -10.9608 18.6 13.2
      vertex -9.66173 19.35 13.2
      vertex -9.78829 19.5487 13.2
    endloop
  endfacet
  facet normal -0 0 1
    outer loop
      vertex -10.8409 17.6894 13.2
      vertex -9.392 17.3012 13.2
      vertex -10.8182 17.7916 13.2
    endloop
  endfacet
  facet normal 0 0 1
    outer loop
      vertex -11.017 18.6883 13.2
      vertex -9.78829 19.5487 13.2
      vertex -9.78931 19.55 13.2
    endloop
  endfacet
  facet normal 0 0 1
    outer loop
      vertex -9.392 17.3012 13.2
      vertex -10.8409 17.6894 13.2
      vertex -9.46283 17.0765 13.2
    endloop
  endfacet
  facet normal 0 0 1
    outer loop
      vertex -9.31027 18.2353 13.2
      vertex -10.8046 18.1046 13.2
      vertex -10.8 18 13.2
    endloop
  endfacet
  facet normal 0 0 1
    outer loop
      vertex -9.34102 18.4688 13.2
      vertex -10.8182 18.2084 13.2
      vertex -10.8046 18.1046 13.2
    endloop
  endfacet
  facet normal 0 0 1
    outer loop
      vertex -9.392 18.6988 13.2
      vertex -10.8409 18.3106 13.2
      vertex -10.8182 18.2084 13.2
    endloop
  endfacet
  facet normal 0 0 1
    outer loop
      vertex -9.46283 18.9235 13.2
      vertex -10.8724 18.4104 13.2
      vertex -10.8409 18.3106 13.2
    endloop
  endfacet
  facet normal 0 0 1
    outer loop
      vertex -9.55297 19.1411 13.2
      vertex -10.9124 18.5071 13.2
      vertex -10.8724 18.4104 13.2
    endloop
  endfacet
  facet normal 0 0 1
    outer loop
      vertex -9.66173 19.35 13.2
      vertex -10.9608 18.6 13.2
      vertex -10.9124 18.5071 13.2
    endloop
  endfacet
  facet normal 0 0 1
    outer loop
      vertex -9.78829 19.5487 13.2
      vertex -11.017 18.6883 13.2
      vertex -10.9608 18.6 13.2
    endloop
  endfacet
  facet normal 0 0 1
    outer loop
      vertex -9.78931 19.55 13.2
      vertex -11.0807 18.7713 13.2
      vertex -11.017 18.6883 13.2
    endloop
  endfacet
  facet normal 0 0 1
    outer loop
      vertex -9.78931 19.55 13.2
      vertex -11.1515 18.8485 13.2
      vertex -11.0807 18.7713 13.2
    endloop
  endfacet
  facet normal 0 0 1
    outer loop
      vertex -9.78931 19.55 13.2
      vertex -11.2287 18.9193 13.2
      vertex -11.1515 18.8485 13.2
    endloop
  endfacet
  facet normal 0 0 1
    outer loop
      vertex -9.78931 19.55 13.2
      vertex -11.3117 18.983 13.2
      vertex -11.2287 18.9193 13.2
    endloop
  endfacet
  facet normal 0 0 1
    outer loop
      vertex -11.4 19.0392 13.2
      vertex -10.7319 21.1224 13.2
      vertex -11.3589 21.0399 13.2
    endloop
  endfacet
  facet normal 0 0 1
    outer loop
      vertex -9.78931 19.55 13.2
      vertex -11.4 19.0392 13.2
      vertex -11.3117 18.983 13.2
    endloop
  endfacet
  facet normal 0 0 1
    outer loop
      vertex -11.3589 21.0399 13.2
      vertex -11.4929 19.0876 13.2
      vertex -11.4 19.0392 13.2
    endloop
  endfacet
  facet normal 0 0 1
    outer loop
      vertex -11.3589 21.0399 13.2
      vertex -11.5896 19.1276 13.2
      vertex -11.4929 19.0876 13.2
    endloop
  endfacet
  facet normal 0 0 1
    outer loop
      vertex -11.3589 21.0399 13.2
      vertex -11.6894 19.1591 13.2
      vertex -11.5896 19.1276 13.2
    endloop
  endfacet
  facet normal -0 0 1
    outer loop
      vertex -11.9764 20.903 13.2
      vertex -11.6894 19.1591 13.2
      vertex -11.3589 21.0399 13.2
    endloop
  endfacet
  facet normal 0 0 1
    outer loop
      vertex -11.6894 19.1591 13.2
      vertex -11.9764 20.903 13.2
      vertex -11.7916 19.1818 13.2
    endloop
  endfacet
  facet normal 0 0 1
    outer loop
      vertex -11.7916 19.1818 13.2
      vertex -11.9764 20.903 13.2
      vertex -11.8954 19.1954 13.2
    endloop
  endfacet
  facet normal 0 0 1
    outer loop
      vertex -11.9764 20.903 13.2
      vertex -12 19.2 13.2
      vertex -11.8954 19.1954 13.2
    endloop
  endfacet
  facet normal -0 0 1
    outer loop
      vertex -12.5796 20.7128 13.2
      vertex -12 19.2 13.2
      vertex -11.9764 20.903 13.2
    endloop
  endfacet
  facet normal 0 0 1
    outer loop
      vertex -12 19.2 13.2
      vertex -12.5796 20.7128 13.2
      vertex -12.1046 19.1954 13.2
    endloop
  endfacet
  facet normal 0 0 1
    outer loop
      vertex -12.1046 19.1954 13.2
      vertex -12.5796 20.7128 13.2
      vertex -12.2084 19.1818 13.2
    endloop
  endfacet
  facet normal 0 0 1
    outer loop
      vertex -12.2084 19.1818 13.2
      vertex -12.5796 20.7128 13.2
      vertex -12.3106 19.1591 13.2
    endloop
  endfacet
  facet normal -0 0 1
    outer loop
      vertex -13.164 20.4707 13.2
      vertex -12.3106 19.1591 13.2
      vertex -12.5796 20.7128 13.2
    endloop
  endfacet
  facet normal 0 0 1
    outer loop
      vertex -12.3106 19.1591 13.2
      vertex -13.164 20.4707 13.2
      vertex -12.4104 19.1276 13.2
    endloop
  endfacet
  facet normal 0 0 1
    outer loop
      vertex -12.4104 19.1276 13.2
      vertex -13.164 20.4707 13.2
      vertex -12.5071 19.0876 13.2
    endloop
  endfacet
  facet normal 0 0 1
    outer loop
      vertex -12.5071 19.0876 13.2
      vertex -13.164 20.4707 13.2
      vertex -12.6 19.0392 13.2
    endloop
  endfacet
  facet normal 0 0 1
    outer loop
      vertex -12.6 19.0392 13.2
      vertex -13.164 20.4707 13.2
      vertex -12.6883 18.983 13.2
    endloop
  endfacet
  facet normal -0 0 1
    outer loop
      vertex -13.725 20.1787 13.2
      vertex -12.6883 18.983 13.2
      vertex -13.164 20.4707 13.2
    endloop
  endfacet
  facet normal 0 0 1
    outer loop
      vertex -12.6883 18.983 13.2
      vertex -13.725 20.1787 13.2
      vertex -12.7713 18.9193 13.2
    endloop
  endfacet
  facet normal 0 0 1
    outer loop
      vertex -12.7713 18.9193 13.2
      vertex -13.725 20.1787 13.2
      vertex -12.8485 18.8485 13.2
    endloop
  endfacet
  facet normal 0 0 1
    outer loop
      vertex -12.8485 18.8485 13.2
      vertex -13.725 20.1787 13.2
      vertex -12.9193 18.7713 13.2
    endloop
  endfacet
  facet normal -0 0 1
    outer loop
      vertex -14.2584 19.8389 13.2
      vertex -12.9193 18.7713 13.2
      vertex -13.725 20.1787 13.2
    endloop
  endfacet
  facet normal 0 0 1
    outer loop
      vertex -12.9193 18.7713 13.2
      vertex -14.2584 19.8389 13.2
      vertex -12.983 18.6883 13.2
    endloop
  endfacet
  facet normal 0 0 1
    outer loop
      vertex -12.983 18.6883 13.2
      vertex -14.2584 19.8389 13.2
      vertex -13.0392 18.6 13.2
    endloop
  endfacet
  facet normal 0 0 1
    outer loop
      vertex -13.0392 18.6 13.2
      vertex -14.2584 19.8389 13.2
      vertex -13.0876 18.5071 13.2
    endloop
  endfacet
  facet normal -0 0 1
    outer loop
      vertex -14.7602 19.4538 13.2
      vertex -13.0876 18.5071 13.2
      vertex -14.2584 19.8389 13.2
    endloop
  endfacet
  facet normal 0 0 1
    outer loop
      vertex -13.0876 18.5071 13.2
      vertex -14.7602 19.4538 13.2
      vertex -13.1276 18.4104 13.2
    endloop
  endfacet
  facet normal 0 0 1
    outer loop
      vertex -13.1276 18.4104 13.2
      vertex -14.7602 19.4538 13.2
      vertex -13.1591 18.3106 13.2
    endloop
  endfacet
  facet normal 0 0 1
    outer loop
      vertex -13.1591 18.3106 13.2
      vertex -14.7602 19.4538 13.2
      vertex -13.1818 18.2084 13.2
    endloop
  endfacet
  facet normal 0 0 1
    outer loop
      vertex -13.2 18 13.2
      vertex -13.5487 15.7883 13.2
      vertex -13.35 15.6617 13.2
    endloop
  endfacet
  facet normal -0 0 1
    outer loop
      vertex -15.2265 19.0265 13.2
      vertex -13.1818 18.2084 13.2
      vertex -14.7602 19.4538 13.2
    endloop
  endfacet
  facet normal 0 0 1
    outer loop
      vertex -13.2 18 13.2
      vertex -13.7355 15.9317 13.2
      vertex -13.5487 15.7883 13.2
    endloop
  endfacet
  facet normal 0 0 1
    outer loop
      vertex -13.2 18 13.2
      vertex -13.9092 16.0908 13.2
      vertex -13.7355 15.9317 13.2
    endloop
  endfacet
  facet normal 0 0 1
    outer loop
      vertex -13.2 18 13.2
      vertex -14.0683 16.2645 13.2
      vertex -13.9092 16.0908 13.2
    endloop
  endfacet
  facet normal 0 0 1
    outer loop
      vertex -13.2 18 13.2
      vertex -14.2117 16.4513 13.2
      vertex -14.0683 16.2645 13.2
    endloop
  endfacet
  facet normal 0 -0 1
    outer loop
      vertex -14.6071 17.2985 13.2
      vertex -13.1818 18.2084 13.2
      vertex -15.2265 19.0265 13.2
    endloop
  endfacet
  facet normal 0 -0 1
    outer loop
      vertex -14.5372 17.0765 13.2
      vertex -13.2 18 13.2
      vertex -14.6071 17.2985 13.2
    endloop
  endfacet
  facet normal 0 0 1
    outer loop
      vertex -13.2 18 13.2
      vertex -14.3383 16.65 13.2
      vertex -14.2117 16.4513 13.2
    endloop
  endfacet
  facet normal 0 0 1
    outer loop
      vertex -13.2 18 13.2
      vertex -14.447 16.8589 13.2
      vertex -14.3383 16.65 13.2
    endloop
  endfacet
  facet normal 0 0 1
    outer loop
      vertex -13.2 18 13.2
      vertex -14.5372 17.0765 13.2
      vertex -14.447 16.8589 13.2
    endloop
  endfacet
  facet normal 0 0 1
    outer loop
      vertex -13.1818 18.2084 13.2
      vertex -14.6071 17.2985 13.2
      vertex -13.1954 18.1046 13.2
    endloop
  endfacet
  facet normal 0 0 1
    outer loop
      vertex -13.1954 18.1046 13.2
      vertex -14.6071 17.2985 13.2
      vertex -13.2 18 13.2
    endloop
  endfacet
  facet normal -0 0 1
    outer loop
      vertex -15.6538 18.5602 13.2
      vertex -14.6071 17.2985 13.2
      vertex -15.2265 19.0265 13.2
    endloop
  endfacet
  facet normal -0 0 1
    outer loop
      vertex -16.0388 18.0584 13.2
      vertex -14.6071 17.2985 13.2
      vertex -15.6538 18.5602 13.2
    endloop
  endfacet
  facet normal 0 0 1
    outer loop
      vertex -14.6071 17.2985 13.2
      vertex -16.0388 18.0584 13.2
      vertex -14.7282 17.1407 13.2
    endloop
  endfacet
  facet normal 0 0 1
    outer loop
      vertex -14.7282 17.1407 13.2
      vertex -16.0388 18.0584 13.2
      vertex -14.993 16.725 13.2
    endloop
  endfacet
  facet normal -0 0 1
    outer loop
      vertex -16.3787 17.525 13.2
      vertex -14.993 16.725 13.2
      vertex -16.0388 18.0584 13.2
    endloop
  endfacet
  facet normal 0 0 1
    outer loop
      vertex -14.993 16.725 13.2
      vertex -16.3787 17.525 13.2
      vertex -15.2206 16.2878 13.2
    endloop
  endfacet
  facet normal -0 0 1
    outer loop
      vertex -16.6707 16.964 13.2
      vertex -15.2206 16.2878 13.2
      vertex -16.3787 17.525 13.2
    endloop
  endfacet
  facet normal 0 0 1
    outer loop
      vertex -15.2206 16.2878 13.2
      vertex -16.6707 16.964 13.2
      vertex -15.4093 15.8324 13.2
    endloop
  endfacet
  facet normal -0 0 1
    outer loop
      vertex -16.9128 16.3796 13.2
      vertex -15.4093 15.8324 13.2
      vertex -16.6707 16.964 13.2
    endloop
  endfacet
  facet normal -0 0 1
    outer loop
      vertex -17.103 15.7764 13.2
      vertex -15.5575 15.3623 13.2
      vertex -16.9128 16.3796 13.2
    endloop
  endfacet
  facet normal 0 0 1
    outer loop
      vertex -15.4093 15.8324 13.2
      vertex -16.9128 16.3796 13.2
      vertex -15.5575 15.3623 13.2
    endloop
  endfacet
  facet normal -0 0 1
    outer loop
      vertex -10.9124 -18.5071 13.2
      vertex -9.55297 -19.1411 13.2
      vertex -10.8724 -18.4104 13.2
    endloop
  endfacet
  facet normal 0 0 1
    outer loop
      vertex -9.55297 -19.1411 13.2
      vertex -10.9124 -18.5071 13.2
      vertex -9.66173 -19.35 13.2
    endloop
  endfacet
  facet normal -0 0 1
    outer loop
      vertex -10.9608 -18.6 13.2
      vertex -9.66173 -19.35 13.2
      vertex -10.9124 -18.5071 13.2
    endloop
  endfacet
  facet normal 0 0 1
    outer loop
      vertex -9.66173 -19.35 13.2
      vertex -10.9608 -18.6 13.2
      vertex -9.78829 -19.5487 13.2
    endloop
  endfacet
  facet normal -0 0 1
    outer loop
      vertex -11.017 -18.6883 13.2
      vertex -9.78829 -19.5487 13.2
      vertex -10.9608 -18.6 13.2
    endloop
  endfacet
  facet normal 0 0 1
    outer loop
      vertex -9.78829 -19.5487 13.2
      vertex -11.017 -18.6883 13.2
      vertex -9.78931 -19.55 13.2
    endloop
  endfacet
  facet normal -0 0 1
    outer loop
      vertex -11.0807 -18.7713 13.2
      vertex -9.78931 -19.55 13.2
      vertex -11.017 -18.6883 13.2
    endloop
  endfacet
  facet normal -0 0 1
    outer loop
      vertex -11.1515 -18.8485 13.2
      vertex -9.78931 -19.55 13.2
      vertex -11.0807 -18.7713 13.2
    endloop
  endfacet
  facet normal -0 0 1
    outer loop
      vertex -11.2287 -18.9193 13.2
      vertex -9.78931 -19.55 13.2
      vertex -11.1515 -18.8485 13.2
    endloop
  endfacet
  facet normal -0 0 1
    outer loop
      vertex -11.3117 -18.983 13.2
      vertex -9.78931 -19.55 13.2
      vertex -11.2287 -18.9193 13.2
    endloop
  endfacet
  facet normal -0 0 1
    outer loop
      vertex -11.4 -19.0392 13.2
      vertex -9.78931 -19.55 13.2
      vertex -11.3117 -18.983 13.2
    endloop
  endfacet
  facet normal 0 0 1
    outer loop
      vertex -9.78931 -19.55 13.2
      vertex -11.4 -19.0392 13.2
      vertex -10.7319 -21.1224 13.2
    endloop
  endfacet
  facet normal 0 0 1
    outer loop
      vertex -10.7319 -21.1224 13.2
      vertex -11.4 -19.0392 13.2
      vertex -11.3589 -21.0399 13.2
    endloop
  endfacet
  facet normal -0 0 1
    outer loop
      vertex -11.4929 -19.0876 13.2
      vertex -11.3589 -21.0399 13.2
      vertex -11.4 -19.0392 13.2
    endloop
  endfacet
  facet normal -0 0 1
    outer loop
      vertex -11.5896 -19.1276 13.2
      vertex -11.3589 -21.0399 13.2
      vertex -11.4929 -19.0876 13.2
    endloop
  endfacet
  facet normal -0 0 1
    outer loop
      vertex -11.6894 -19.1591 13.2
      vertex -11.3589 -21.0399 13.2
      vertex -11.5896 -19.1276 13.2
    endloop
  endfacet
  facet normal 0 0 1
    outer loop
      vertex -11.9764 -20.903 13.2
      vertex -11.6894 -19.1591 13.2
      vertex -11.7916 -19.1818 13.2
    endloop
  endfacet
  facet normal 0 0 1
    outer loop
      vertex -11.9764 -20.903 13.2
      vertex -11.7916 -19.1818 13.2
      vertex -11.8954 -19.1954 13.2
    endloop
  endfacet
  facet normal 0 0 1
    outer loop
      vertex -11.6894 -19.1591 13.2
      vertex -11.9764 -20.903 13.2
      vertex -11.3589 -21.0399 13.2
    endloop
  endfacet
  facet normal -0 0 1
    outer loop
      vertex -12 -19.2 13.2
      vertex -11.9764 -20.903 13.2
      vertex -11.8954 -19.1954 13.2
    endloop
  endfacet
  facet normal 0 0 1
    outer loop
      vertex -12.5796 -20.7128 13.2
      vertex -12 -19.2 13.2
      vertex -12.1046 -19.1954 13.2
    endloop
  endfacet
  facet normal 0 0 1
    outer loop
      vertex -12.5796 -20.7128 13.2
      vertex -12.1046 -19.1954 13.2
      vertex -12.2084 -19.1818 13.2
    endloop
  endfacet
  facet normal 0 0 1
    outer loop
      vertex -12.5796 -20.7128 13.2
      vertex -12.2084 -19.1818 13.2
      vertex -12.3106 -19.1591 13.2
    endloop
  endfacet
  facet normal 0 0 1
    outer loop
      vertex -13.164 -20.4707 13.2
      vertex -12.3106 -19.1591 13.2
      vertex -12.4104 -19.1276 13.2
    endloop
  endfacet
  facet normal 0 0 1
    outer loop
      vertex -13.164 -20.4707 13.2
      vertex -12.4104 -19.1276 13.2
      vertex -12.5071 -19.0876 13.2
    endloop
  endfacet
  facet normal 0 0 1
    outer loop
      vertex -12 -19.2 13.2
      vertex -12.5796 -20.7128 13.2
      vertex -11.9764 -20.903 13.2
    endloop
  endfacet
  facet normal 0 0 1
    outer loop
      vertex -13.164 -20.4707 13.2
      vertex -12.5071 -19.0876 13.2
      vertex -12.6 -19.0392 13.2
    endloop
  endfacet
  facet normal 0 0 1
    outer loop
      vertex -13.164 -20.4707 13.2
      vertex -12.6 -19.0392 13.2
      vertex -12.6883 -18.983 13.2
    endloop
  endfacet
  facet normal 0 0 1
    outer loop
      vertex -13.725 -20.1787 13.2
      vertex -12.6883 -18.983 13.2
      vertex -12.7713 -18.9193 13.2
    endloop
  endfacet
  facet normal 0 0 1
    outer loop
      vertex -13.725 -20.1787 13.2
      vertex -12.7713 -18.9193 13.2
      vertex -12.8485 -18.8485 13.2
    endloop
  endfacet
  facet normal 0 0 1
    outer loop
      vertex -13.725 -20.1787 13.2
      vertex -12.8485 -18.8485 13.2
      vertex -12.9193 -18.7713 13.2
    endloop
  endfacet
  facet normal 0 0 1
    outer loop
      vertex -14.2584 -19.8389 13.2
      vertex -12.9193 -18.7713 13.2
      vertex -12.983 -18.6883 13.2
    endloop
  endfacet
  facet normal 0 0 1
    outer loop
      vertex -14.2584 -19.8389 13.2
      vertex -12.983 -18.6883 13.2
      vertex -13.0392 -18.6 13.2
    endloop
  endfacet
  facet normal 0 0 1
    outer loop
      vertex -14.2584 -19.8389 13.2
      vertex -13.0392 -18.6 13.2
      vertex -13.0876 -18.5071 13.2
    endloop
  endfacet
  facet normal 0 0 1
    outer loop
      vertex -14.7602 -19.4538 13.2
      vertex -13.0876 -18.5071 13.2
      vertex -13.1276 -18.4104 13.2
    endloop
  endfacet
  facet normal 0 0 1
    outer loop
      vertex -14.7602 -19.4538 13.2
      vertex -13.1276 -18.4104 13.2
      vertex -13.1591 -18.3106 13.2
    endloop
  endfacet
  facet normal 0 0 1
    outer loop
      vertex -12.3106 -19.1591 13.2
      vertex -13.164 -20.4707 13.2
      vertex -12.5796 -20.7128 13.2
    endloop
  endfacet
  facet normal 0 0 1
    outer loop
      vertex -14.7602 -19.4538 13.2
      vertex -13.1591 -18.3106 13.2
      vertex -13.1818 -18.2084 13.2
    endloop
  endfacet
  facet normal 0 0 1
    outer loop
      vertex -14.6071 -17.2985 13.2
      vertex -13.1818 -18.2084 13.2
      vertex -13.1954 -18.1046 13.2
    endloop
  endfacet
  facet normal 0 0 1
    outer loop
      vertex -14.6071 -17.2985 13.2
      vertex -13.1954 -18.1046 13.2
      vertex -13.2 -18 13.2
    endloop
  endfacet
  facet normal 0 0 1
    outer loop
      vertex -13.0392 -17.4 13.2
      vertex -14.3383 -16.65 13.2
      vertex -13.0876 -17.4929 13.2
    endloop
  endfacet
  facet normal -0 0 1
    outer loop
      vertex -14.447 -16.8589 13.2
      vertex -13.0876 -17.4929 13.2
      vertex -14.3383 -16.65 13.2
    endloop
  endfacet
  facet normal 0 0 1
    outer loop
      vertex -13.0876 -17.4929 13.2
      vertex -14.447 -16.8589 13.2
      vertex -13.1276 -17.5896 13.2
    endloop
  endfacet
  facet normal -0 0 1
    outer loop
      vertex -14.5372 -17.0765 13.2
      vertex -13.1276 -17.5896 13.2
      vertex -14.447 -16.8589 13.2
    endloop
  endfacet
  facet normal 0 0 1
    outer loop
      vertex -13.1276 -17.5896 13.2
      vertex -14.5372 -17.0765 13.2
      vertex -13.1591 -17.6894 13.2
    endloop
  endfacet
  facet normal -0 0 1
    outer loop
      vertex -14.6071 -17.2985 13.2
      vertex -13.1591 -17.6894 13.2
      vertex -14.5372 -17.0765 13.2
    endloop
  endfacet
  facet normal 0 0 1
    outer loop
      vertex -13.1818 -18.2084 13.2
      vertex -14.6071 -17.2985 13.2
      vertex -15.2265 -19.0265 13.2
    endloop
  endfacet
  facet normal 0 0 1
    outer loop
      vertex -12.6883 -18.983 13.2
      vertex -13.725 -20.1787 13.2
      vertex -13.164 -20.4707 13.2
    endloop
  endfacet
  facet normal 0 0 1
    outer loop
      vertex -13.1591 -17.6894 13.2
      vertex -14.6071 -17.2985 13.2
      vertex -13.1818 -17.7916 13.2
    endloop
  endfacet
  facet normal 0 0 1
    outer loop
      vertex -13.1818 -17.7916 13.2
      vertex -14.6071 -17.2985 13.2
      vertex -13.1954 -17.8954 13.2
    endloop
  endfacet
  facet normal 0 0 1
    outer loop
      vertex -13.1954 -17.8954 13.2
      vertex -14.6071 -17.2985 13.2
      vertex -13.2 -18 13.2
    endloop
  endfacet
  facet normal 0 0 1
    outer loop
      vertex -12.9193 -18.7713 13.2
      vertex -14.2584 -19.8389 13.2
      vertex -13.725 -20.1787 13.2
    endloop
  endfacet
  facet normal 0 0 1
    outer loop
      vertex -16.0388 -18.0584 13.2
      vertex -14.6071 -17.2985 13.2
      vertex -14.7282 -17.1407 13.2
    endloop
  endfacet
  facet normal 0 0 1
    outer loop
      vertex -13.0876 -18.5071 13.2
      vertex -14.7602 -19.4538 13.2
      vertex -14.2584 -19.8389 13.2
    endloop
  endfacet
  facet normal 0 0 1
    outer loop
      vertex -16.0388 -18.0584 13.2
      vertex -14.7282 -17.1407 13.2
      vertex -14.993 -16.725 13.2
    endloop
  endfacet
  facet normal 0 0 1
    outer loop
      vertex -16.3787 -17.525 13.2
      vertex -14.993 -16.725 13.2
      vertex -15.2206 -16.2878 13.2
    endloop
  endfacet
  facet normal 0 0 1
    outer loop
      vertex -13.1818 -18.2084 13.2
      vertex -15.2265 -19.0265 13.2
      vertex -14.7602 -19.4538 13.2
    endloop
  endfacet
  facet normal 0 0 1
    outer loop
      vertex -16.6707 -16.964 13.2
      vertex -15.2206 -16.2878 13.2
      vertex -15.4093 -15.8324 13.2
    endloop
  endfacet
  facet normal 0 0 1
    outer loop
      vertex -16.9128 -16.3796 13.2
      vertex -15.4093 -15.8324 13.2
      vertex -15.5575 -15.3623 13.2
    endloop
  endfacet
  facet normal 0 0 1
    outer loop
      vertex -14.6071 -17.2985 13.2
      vertex -15.6538 -18.5602 13.2
      vertex -15.2265 -19.0265 13.2
    endloop
  endfacet
  facet normal 0 0 1
    outer loop
      vertex -17.103 -15.7764 13.2
      vertex -15.5575 -15.3623 13.2
      vertex -15.6642 -14.8811 13.2
    endloop
  endfacet
  facet normal 0 0 1
    outer loop
      vertex -17.2399 -15.1589 13.2
      vertex -15.6642 -14.8811 13.2
      vertex -15.7285 -14.3924 13.2
    endloop
  endfacet
  facet normal 0 0 1
    outer loop
      vertex -17.3224 -14.5319 13.2
      vertex -15.7285 -14.3924 13.2
      vertex -15.75 -13.9 13.2
    endloop
  endfacet
  facet normal 0 0 1
    outer loop
      vertex -14.6071 -17.2985 13.2
      vertex -16.0388 -18.0584 13.2
      vertex -15.6538 -18.5602 13.2
    endloop
  endfacet
  facet normal 0 0 1
    outer loop
      vertex -15.75 13.9 13.2
      vertex -17.35 13.9 13.2
      vertex -15.75 -13.9 13.2
    endloop
  endfacet
  facet normal 0 0 1
    outer loop
      vertex -15.5575 15.3623 13.2
      vertex -17.103 15.7764 13.2
      vertex -15.6642 14.8811 13.2
    endloop
  endfacet
  facet normal 0 0 1
    outer loop
      vertex -17.35 -13.9 13.2
      vertex -15.75 -13.9 13.2
      vertex -17.35 13.9 13.2
    endloop
  endfacet
  facet normal -0 0 1
    outer loop
      vertex -17.2399 15.1589 13.2
      vertex -15.6642 14.8811 13.2
      vertex -17.103 15.7764 13.2
    endloop
  endfacet
  facet normal 0 -0 1
    outer loop
      vertex -17.3224 -14.5319 13.2
      vertex -15.75 -13.9 13.2
      vertex -17.35 -13.9 13.2
    endloop
  endfacet
  facet normal 0 0 1
    outer loop
      vertex -15.6642 14.8811 13.2
      vertex -17.2399 15.1589 13.2
      vertex -15.7285 14.3924 13.2
    endloop
  endfacet
  facet normal 0 0 1
    outer loop
      vertex -14.993 -16.725 13.2
      vertex -16.3787 -17.525 13.2
      vertex -16.0388 -18.0584 13.2
    endloop
  endfacet
  facet normal -0 0 1
    outer loop
      vertex -17.3224 14.5319 13.2
      vertex -15.7285 14.3924 13.2
      vertex -17.2399 15.1589 13.2
    endloop
  endfacet
  facet normal 0 0 1
    outer loop
      vertex -15.2206 -16.2878 13.2
      vertex -16.6707 -16.964 13.2
      vertex -16.3787 -17.525 13.2
    endloop
  endfacet
  facet normal 0 0 1
    outer loop
      vertex -15.7285 14.3924 13.2
      vertex -17.3224 14.5319 13.2
      vertex -15.75 13.9 13.2
    endloop
  endfacet
  facet normal 0 0 1
    outer loop
      vertex -15.4093 -15.8324 13.2
      vertex -16.9128 -16.3796 13.2
      vertex -16.6707 -16.964 13.2
    endloop
  endfacet
  facet normal 0 0 1
    outer loop
      vertex -15.75 13.9 13.2
      vertex -17.3224 14.5319 13.2
      vertex -17.35 13.9 13.2
    endloop
  endfacet
  facet normal 0 0 1
    outer loop
      vertex -15.5575 -15.3623 13.2
      vertex -17.103 -15.7764 13.2
      vertex -16.9128 -16.3796 13.2
    endloop
  endfacet
  facet normal 0 0 1
    outer loop
      vertex -15.6642 -14.8811 13.2
      vertex -17.2399 -15.1589 13.2
      vertex -17.103 -15.7764 13.2
    endloop
  endfacet
  facet normal 0 0 1
    outer loop
      vertex -15.7285 -14.3924 13.2
      vertex -17.3224 -14.5319 13.2
      vertex -17.2399 -15.1589 13.2
    endloop
  endfacet
  facet normal 0 0 1
    outer loop
      vertex 14.6071 -17.2985 13.2
      vertex 13.1954 -17.8954 13.2
      vertex 13.2 -18 13.2
    endloop
  endfacet
  facet normal 0 0 1
    outer loop
      vertex 13.5487 -15.7883 13.2
      vertex 13.1818 -17.7916 13.2
      vertex 13.1954 -17.8954 13.2
    endloop
  endfacet
  facet normal 0 0 1
    outer loop
      vertex 13.5487 -15.7883 13.2
      vertex 13.1591 -17.6894 13.2
      vertex 13.1818 -17.7916 13.2
    endloop
  endfacet
  facet normal 0 0 1
    outer loop
      vertex 12.6 -16.9608 13.2
      vertex 13.35 -15.6617 13.2
      vertex 13.1411 -15.553 13.2
    endloop
  endfacet
  facet normal 0 0 1
    outer loop
      vertex 13.5487 -15.7883 13.2
      vertex 13.1276 -17.5896 13.2
      vertex 13.1591 -17.6894 13.2
    endloop
  endfacet
  facet normal 0 0 1
    outer loop
      vertex 13.5487 -15.7883 13.2
      vertex 13.0876 -17.4929 13.2
      vertex 13.1276 -17.5896 13.2
    endloop
  endfacet
  facet normal 0 0 1
    outer loop
      vertex 13.5487 -15.7883 13.2
      vertex 13.0392 -17.4 13.2
      vertex 13.0876 -17.4929 13.2
    endloop
  endfacet
  facet normal 0 0 1
    outer loop
      vertex 13.5487 -15.7883 13.2
      vertex 12.983 -17.3117 13.2
      vertex 13.0392 -17.4 13.2
    endloop
  endfacet
  facet normal 0 0 1
    outer loop
      vertex 12.5071 -16.9124 13.2
      vertex 13.1411 -15.553 13.2
      vertex 12.9235 -15.4628 13.2
    endloop
  endfacet
  facet normal 0 0 1
    outer loop
      vertex 13.5487 -15.7883 13.2
      vertex 12.9193 -17.2287 13.2
      vertex 12.983 -17.3117 13.2
    endloop
  endfacet
  facet normal 0 0 1
    outer loop
      vertex 13.5487 -15.7883 13.2
      vertex 12.8485 -17.1515 13.2
      vertex 12.9193 -17.2287 13.2
    endloop
  endfacet
  facet normal 0 0 1
    outer loop
      vertex 13.5487 -15.7883 13.2
      vertex 12.7713 -17.0807 13.2
      vertex 12.8485 -17.1515 13.2
    endloop
  endfacet
  facet normal 0 0 1
    outer loop
      vertex 12.4104 -16.8724 13.2
      vertex 12.9235 -15.4628 13.2
      vertex 12.6988 -15.392 13.2
    endloop
  endfacet
  facet normal 0 0 1
    outer loop
      vertex 13.5487 -15.7883 13.2
      vertex 12.6883 -17.017 13.2
      vertex 12.7713 -17.0807 13.2
    endloop
  endfacet
  facet normal 0 0 1
    outer loop
      vertex 13.35 -15.6617 13.2
      vertex 12.6 -16.9608 13.2
      vertex 12.6883 -17.017 13.2
    endloop
  endfacet
  facet normal 0 0 1
    outer loop
      vertex 13.1411 -15.553 13.2
      vertex 12.5071 -16.9124 13.2
      vertex 12.6 -16.9608 13.2
    endloop
  endfacet
  facet normal 0 0 1
    outer loop
      vertex 12.3106 -16.8409 13.2
      vertex 12.6988 -15.392 13.2
      vertex 12.4688 -15.341 13.2
    endloop
  endfacet
  facet normal 0 0 1
    outer loop
      vertex 12.9235 -15.4628 13.2
      vertex 12.4104 -16.8724 13.2
      vertex 12.5071 -16.9124 13.2
    endloop
  endfacet
  facet normal 0 0 1
    outer loop
      vertex 12.6988 -15.392 13.2
      vertex 12.3106 -16.8409 13.2
      vertex 12.4104 -16.8724 13.2
    endloop
  endfacet
  facet normal 0 0 1
    outer loop
      vertex 12.2084 -16.8182 13.2
      vertex 12.4688 -15.341 13.2
      vertex 12.2353 -15.3103 13.2
    endloop
  endfacet
  facet normal 0 0 1
    outer loop
      vertex 12.4688 -15.341 13.2
      vertex 12.2084 -16.8182 13.2
      vertex 12.3106 -16.8409 13.2
    endloop
  endfacet
  facet normal 0 0 1
    outer loop
      vertex 12.2353 -15.3103 13.2
      vertex 12.1046 -16.8046 13.2
      vertex 12.2084 -16.8182 13.2
    endloop
  endfacet
  facet normal 0 0 1
    outer loop
      vertex 12 -15.3 13.2
      vertex 12.1046 -16.8046 13.2
      vertex 12.2353 -15.3103 13.2
    endloop
  endfacet
  facet normal 0 0 1
    outer loop
      vertex 12 -15.3 13.2
      vertex 12 -16.8 13.2
      vertex 12.1046 -16.8046 13.2
    endloop
  endfacet
  facet normal 0 0 1
    outer loop
      vertex 12 -15.3 13.2
      vertex 11.8954 -16.8046 13.2
      vertex 12 -16.8 13.2
    endloop
  endfacet
  facet normal -0 0 1
    outer loop
      vertex 11.7647 -15.3103 13.2
      vertex 11.8954 -16.8046 13.2
      vertex 12 -15.3 13.2
    endloop
  endfacet
  facet normal 0 0 1
    outer loop
      vertex 11.8954 -16.8046 13.2
      vertex 11.7647 -15.3103 13.2
      vertex 11.7916 -16.8182 13.2
    endloop
  endfacet
  facet normal -0 0 1
    outer loop
      vertex 11.5311 -15.341 13.2
      vertex 11.7916 -16.8182 13.2
      vertex 11.7647 -15.3103 13.2
    endloop
  endfacet
  facet normal 0 0 1
    outer loop
      vertex 11.7916 -16.8182 13.2
      vertex 11.5311 -15.341 13.2
      vertex 11.6894 -16.8409 13.2
    endloop
  endfacet
  facet normal -0 0 1
    outer loop
      vertex 11.3012 -15.392 13.2
      vertex 11.6894 -16.8409 13.2
      vertex 11.5311 -15.341 13.2
    endloop
  endfacet
  facet normal 0 0 1
    outer loop
      vertex 11.6894 -16.8409 13.2
      vertex 11.3012 -15.392 13.2
      vertex 11.5896 -16.8724 13.2
    endloop
  endfacet
  facet normal -0 0 1
    outer loop
      vertex 11.0765 -15.4628 13.2
      vertex 11.5896 -16.8724 13.2
      vertex 11.3012 -15.392 13.2
    endloop
  endfacet
  facet normal 0 0 1
    outer loop
      vertex 11.5896 -16.8724 13.2
      vertex 11.0765 -15.4628 13.2
      vertex 11.4929 -16.9124 13.2
    endloop
  endfacet
  facet normal -0 0 1
    outer loop
      vertex 10.8589 -15.553 13.2
      vertex 11.4929 -16.9124 13.2
      vertex 11.0765 -15.4628 13.2
    endloop
  endfacet
  facet normal 0 0 1
    outer loop
      vertex 11.4929 -16.9124 13.2
      vertex 10.8589 -15.553 13.2
      vertex 11.4 -16.9608 13.2
    endloop
  endfacet
  facet normal -0 0 1
    outer loop
      vertex 10.65 -15.6617 13.2
      vertex 11.4 -16.9608 13.2
      vertex 10.8589 -15.553 13.2
    endloop
  endfacet
  facet normal 0 0 1
    outer loop
      vertex 11.4 -16.9608 13.2
      vertex 10.65 -15.6617 13.2
      vertex 11.3117 -17.017 13.2
    endloop
  endfacet
  facet normal -0 0 1
    outer loop
      vertex 10.4513 -15.7883 13.2
      vertex 11.3117 -17.017 13.2
      vertex 10.65 -15.6617 13.2
    endloop
  endfacet
  facet normal 0 0 1
    outer loop
      vertex 11.3117 -17.017 13.2
      vertex 10.4513 -15.7883 13.2
      vertex 11.2287 -17.0807 13.2
    endloop
  endfacet
  facet normal -0 0 1
    outer loop
      vertex 10.2645 -15.9317 13.2
      vertex 11.2287 -17.0807 13.2
      vertex 10.4513 -15.7883 13.2
    endloop
  endfacet
  facet normal 0 0 1
    outer loop
      vertex 11.2287 -17.0807 13.2
      vertex 10.2645 -15.9317 13.2
      vertex 11.1515 -17.1515 13.2
    endloop
  endfacet
  facet normal -0 0 1
    outer loop
      vertex 10.0908 -16.0908 13.2
      vertex 11.1515 -17.1515 13.2
      vertex 10.2645 -15.9317 13.2
    endloop
  endfacet
  facet normal 0 0 1
    outer loop
      vertex 11.1515 -17.1515 13.2
      vertex 10.0908 -16.0908 13.2
      vertex 11.0807 -17.2287 13.2
    endloop
  endfacet
  facet normal -0 0 1
    outer loop
      vertex 9.93168 -16.2645 13.2
      vertex 11.0807 -17.2287 13.2
      vertex 10.0908 -16.0908 13.2
    endloop
  endfacet
  facet normal 0 0 1
    outer loop
      vertex 11.0807 -17.2287 13.2
      vertex 9.93168 -16.2645 13.2
      vertex 11.017 -17.3117 13.2
    endloop
  endfacet
  facet normal -0 0 1
    outer loop
      vertex 9.78829 -16.4513 13.2
      vertex 11.017 -17.3117 13.2
      vertex 9.93168 -16.2645 13.2
    endloop
  endfacet
  facet normal 0 0 1
    outer loop
      vertex 11.017 -17.3117 13.2
      vertex 9.78829 -16.4513 13.2
      vertex 10.9608 -17.4 13.2
    endloop
  endfacet
  facet normal -0 0 1
    outer loop
      vertex 9.66173 -16.65 13.2
      vertex 10.9608 -17.4 13.2
      vertex 9.78829 -16.4513 13.2
    endloop
  endfacet
  facet normal 0 0 1
    outer loop
      vertex 10.9608 -17.4 13.2
      vertex 9.66173 -16.65 13.2
      vertex 10.9124 -17.4929 13.2
    endloop
  endfacet
  facet normal -0 0 1
    outer loop
      vertex 9.55297 -16.8589 13.2
      vertex 10.9124 -17.4929 13.2
      vertex 9.66173 -16.65 13.2
    endloop
  endfacet
  facet normal 0 0 1
    outer loop
      vertex 10.9124 -17.4929 13.2
      vertex 9.55297 -16.8589 13.2
      vertex 10.8724 -17.5896 13.2
    endloop
  endfacet
  facet normal 0 0 1
    outer loop
      vertex 10.8 -18 13.2
      vertex 9.78931 -19.55 13.2
      vertex 10.7319 -21.1224 13.2
    endloop
  endfacet
  facet normal -0 0 1
    outer loop
      vertex 9.46283 -17.0765 13.2
      vertex 10.8724 -17.5896 13.2
      vertex 9.55297 -16.8589 13.2
    endloop
  endfacet
  facet normal 0 0 1
    outer loop
      vertex 10.8724 -17.5896 13.2
      vertex 9.46283 -17.0765 13.2
      vertex 10.8409 -17.6894 13.2
    endloop
  endfacet
  facet normal 0 0 1
    outer loop
      vertex 10.7319 -21.1224 13.2
      vertex 9.78931 -19.55 13.2
      vertex 10.1 -21.15 13.2
    endloop
  endfacet
  facet normal -0 0 1
    outer loop
      vertex -9.78931 -19.55 13.2
      vertex 10.1 -21.15 13.2
      vertex 9.78931 -19.55 13.2
    endloop
  endfacet
  facet normal 0 0 1
    outer loop
      vertex -11.0807 -17.2287 13.2
      vertex -9.93168 -16.2645 13.2
      vertex -10.0908 -16.0908 13.2
    endloop
  endfacet
  facet normal 0 0 1
    outer loop
      vertex -9.78931 -19.55 13.2
      vertex -10.1 -21.15 13.2
      vertex 10.1 -21.15 13.2
    endloop
  endfacet
  facet normal 0 0 1
    outer loop
      vertex -9.31027 -17.7647 13.2
      vertex -10.8046 -17.8954 13.2
      vertex -10.8 -18 13.2
    endloop
  endfacet
  facet normal 0 0 1
    outer loop
      vertex -11.1515 -17.1515 13.2
      vertex -10.0908 -16.0908 13.2
      vertex -10.2645 -15.9317 13.2
    endloop
  endfacet
  facet normal 0 0 1
    outer loop
      vertex -11.2287 -17.0807 13.2
      vertex -10.2645 -15.9317 13.2
      vertex -10.4513 -15.7883 13.2
    endloop
  endfacet
  facet normal 0 0 1
    outer loop
      vertex -11.3117 -17.017 13.2
      vertex -10.4513 -15.7883 13.2
      vertex -10.65 -15.6617 13.2
    endloop
  endfacet
  facet normal 0 0 1
    outer loop
      vertex -9.46283 -18.9235 13.2
      vertex -10.8724 -18.4104 13.2
      vertex -9.55297 -19.1411 13.2
    endloop
  endfacet
  facet normal 0 0 1
    outer loop
      vertex -9.78931 -19.55 13.2
      vertex -10.7319 -21.1224 13.2
      vertex -10.1 -21.15 13.2
    endloop
  endfacet
  facet normal -0 0 1
    outer loop
      vertex -10.8724 -18.4104 13.2
      vertex -9.46283 -18.9235 13.2
      vertex -10.8409 -18.3106 13.2
    endloop
  endfacet
  facet normal 0 0 1
    outer loop
      vertex -9.34102 -17.5312 13.2
      vertex -10.8182 -17.7916 13.2
      vertex -10.8046 -17.8954 13.2
    endloop
  endfacet
  facet normal 0 0 1
    outer loop
      vertex -9.392 -17.3012 13.2
      vertex -10.8409 -17.6894 13.2
      vertex -10.8182 -17.7916 13.2
    endloop
  endfacet
  facet normal 0 0 1
    outer loop
      vertex -11.4 -16.9608 13.2
      vertex -10.65 -15.6617 13.2
      vertex -10.8589 -15.553 13.2
    endloop
  endfacet
  facet normal 0 0 1
    outer loop
      vertex -9.46283 -17.0765 13.2
      vertex -10.8724 -17.5896 13.2
      vertex -10.8409 -17.6894 13.2
    endloop
  endfacet
  facet normal 0 0 1
    outer loop
      vertex -9.55297 -16.8589 13.2
      vertex -10.9124 -17.4929 13.2
      vertex -10.8724 -17.5896 13.2
    endloop
  endfacet
  facet normal 0 0 1
    outer loop
      vertex -9.66173 -16.65 13.2
      vertex -10.9608 -17.4 13.2
      vertex -10.9124 -17.4929 13.2
    endloop
  endfacet
  facet normal 0 0 1
    outer loop
      vertex -9.78829 -16.4513 13.2
      vertex -11.017 -17.3117 13.2
      vertex -10.9608 -17.4 13.2
    endloop
  endfacet
  facet normal 0 0 1
    outer loop
      vertex -11.4929 -16.9124 13.2
      vertex -10.8589 -15.553 13.2
      vertex -11.0765 -15.4628 13.2
    endloop
  endfacet
  facet normal 0 0 1
    outer loop
      vertex -9.93168 -16.2645 13.2
      vertex -11.0807 -17.2287 13.2
      vertex -11.017 -17.3117 13.2
    endloop
  endfacet
  facet normal 0 0 1
    outer loop
      vertex -10.0908 -16.0908 13.2
      vertex -11.1515 -17.1515 13.2
      vertex -11.0807 -17.2287 13.2
    endloop
  endfacet
  facet normal 0 0 1
    outer loop
      vertex -10.2645 -15.9317 13.2
      vertex -11.2287 -17.0807 13.2
      vertex -11.1515 -17.1515 13.2
    endloop
  endfacet
  facet normal 0 0 1
    outer loop
      vertex -11.5896 -16.8724 13.2
      vertex -11.0765 -15.4628 13.2
      vertex -11.3012 -15.392 13.2
    endloop
  endfacet
  facet normal 0 0 1
    outer loop
      vertex -10.4513 -15.7883 13.2
      vertex -11.3117 -17.017 13.2
      vertex -11.2287 -17.0807 13.2
    endloop
  endfacet
  facet normal 0 0 1
    outer loop
      vertex -10.65 -15.6617 13.2
      vertex -11.4 -16.9608 13.2
      vertex -11.3117 -17.017 13.2
    endloop
  endfacet
  facet normal 0 0 1
    outer loop
      vertex -10.8589 -15.553 13.2
      vertex -11.4929 -16.9124 13.2
      vertex -11.4 -16.9608 13.2
    endloop
  endfacet
  facet normal 0 0 1
    outer loop
      vertex -11.6894 -16.8409 13.2
      vertex -11.3012 -15.392 13.2
      vertex -11.5311 -15.341 13.2
    endloop
  endfacet
  facet normal 0 0 1
    outer loop
      vertex -11.0765 -15.4628 13.2
      vertex -11.5896 -16.8724 13.2
      vertex -11.4929 -16.9124 13.2
    endloop
  endfacet
  facet normal 0 0 1
    outer loop
      vertex -11.3012 -15.392 13.2
      vertex -11.6894 -16.8409 13.2
      vertex -11.5896 -16.8724 13.2
    endloop
  endfacet
  facet normal 0 0 1
    outer loop
      vertex -11.7916 -16.8182 13.2
      vertex -11.5311 -15.341 13.2
      vertex -11.7647 -15.3103 13.2
    endloop
  endfacet
  facet normal 0 0 1
    outer loop
      vertex -11.5311 -15.341 13.2
      vertex -11.7916 -16.8182 13.2
      vertex -11.6894 -16.8409 13.2
    endloop
  endfacet
  facet normal 0 0 1
    outer loop
      vertex -11.7647 -15.3103 13.2
      vertex -11.8954 -16.8046 13.2
      vertex -11.7916 -16.8182 13.2
    endloop
  endfacet
  facet normal 0 0 1
    outer loop
      vertex -12 -15.3 13.2
      vertex -11.8954 -16.8046 13.2
      vertex -11.7647 -15.3103 13.2
    endloop
  endfacet
  facet normal 0 0 1
    outer loop
      vertex -12 -15.3 13.2
      vertex -12 -16.8 13.2
      vertex -11.8954 -16.8046 13.2
    endloop
  endfacet
  facet normal 0 0 1
    outer loop
      vertex -12 -15.3 13.2
      vertex -12.1046 -16.8046 13.2
      vertex -12 -16.8 13.2
    endloop
  endfacet
  facet normal -0 0 1
    outer loop
      vertex -12.2353 -15.3103 13.2
      vertex -12.1046 -16.8046 13.2
      vertex -12 -15.3 13.2
    endloop
  endfacet
  facet normal 0 0 1
    outer loop
      vertex -12.1046 -16.8046 13.2
      vertex -12.2353 -15.3103 13.2
      vertex -12.2084 -16.8182 13.2
    endloop
  endfacet
  facet normal -0 0 1
    outer loop
      vertex -12.4688 -15.341 13.2
      vertex -12.2084 -16.8182 13.2
      vertex -12.2353 -15.3103 13.2
    endloop
  endfacet
  facet normal 0 0 1
    outer loop
      vertex -12.2084 -16.8182 13.2
      vertex -12.4688 -15.341 13.2
      vertex -12.3106 -16.8409 13.2
    endloop
  endfacet
  facet normal -0 0 1
    outer loop
      vertex -12.6988 -15.392 13.2
      vertex -12.3106 -16.8409 13.2
      vertex -12.4688 -15.341 13.2
    endloop
  endfacet
  facet normal 0 0 1
    outer loop
      vertex -12.3106 -16.8409 13.2
      vertex -12.6988 -15.392 13.2
      vertex -12.4104 -16.8724 13.2
    endloop
  endfacet
  facet normal -0 0 1
    outer loop
      vertex -12.9235 -15.4628 13.2
      vertex -12.4104 -16.8724 13.2
      vertex -12.6988 -15.392 13.2
    endloop
  endfacet
  facet normal 0 0 1
    outer loop
      vertex -12.4104 -16.8724 13.2
      vertex -12.9235 -15.4628 13.2
      vertex -12.5071 -16.9124 13.2
    endloop
  endfacet
  facet normal -0 0 1
    outer loop
      vertex -13.1411 -15.553 13.2
      vertex -12.5071 -16.9124 13.2
      vertex -12.9235 -15.4628 13.2
    endloop
  endfacet
  facet normal 0 0 1
    outer loop
      vertex -12.5071 -16.9124 13.2
      vertex -13.1411 -15.553 13.2
      vertex -12.6 -16.9608 13.2
    endloop
  endfacet
  facet normal -0 0 1
    outer loop
      vertex -13.35 -15.6617 13.2
      vertex -12.6 -16.9608 13.2
      vertex -13.1411 -15.553 13.2
    endloop
  endfacet
  facet normal 0 0 1
    outer loop
      vertex -12.6 -16.9608 13.2
      vertex -13.35 -15.6617 13.2
      vertex -12.6883 -17.017 13.2
    endloop
  endfacet
  facet normal -0 0 1
    outer loop
      vertex -13.5487 -15.7883 13.2
      vertex -12.6883 -17.017 13.2
      vertex -13.35 -15.6617 13.2
    endloop
  endfacet
  facet normal 0 0 1
    outer loop
      vertex -12.6883 -17.017 13.2
      vertex -13.5487 -15.7883 13.2
      vertex -12.7713 -17.0807 13.2
    endloop
  endfacet
  facet normal -0 0 1
    outer loop
      vertex -13.7355 -15.9317 13.2
      vertex -12.7713 -17.0807 13.2
      vertex -13.5487 -15.7883 13.2
    endloop
  endfacet
  facet normal 0 0 1
    outer loop
      vertex -12.7713 -17.0807 13.2
      vertex -13.7355 -15.9317 13.2
      vertex -12.8485 -17.1515 13.2
    endloop
  endfacet
  facet normal -0 0 1
    outer loop
      vertex -13.9092 -16.0908 13.2
      vertex -12.8485 -17.1515 13.2
      vertex -13.7355 -15.9317 13.2
    endloop
  endfacet
  facet normal 0 0 1
    outer loop
      vertex -12.8485 -17.1515 13.2
      vertex -13.9092 -16.0908 13.2
      vertex -12.9193 -17.2287 13.2
    endloop
  endfacet
  facet normal -0 0 1
    outer loop
      vertex -14.0683 -16.2645 13.2
      vertex -12.9193 -17.2287 13.2
      vertex -13.9092 -16.0908 13.2
    endloop
  endfacet
  facet normal 0 0 1
    outer loop
      vertex -12.9193 -17.2287 13.2
      vertex -14.0683 -16.2645 13.2
      vertex -12.983 -17.3117 13.2
    endloop
  endfacet
  facet normal -0 0 1
    outer loop
      vertex -14.2117 -16.4513 13.2
      vertex -12.983 -17.3117 13.2
      vertex -14.0683 -16.2645 13.2
    endloop
  endfacet
  facet normal 0 0 1
    outer loop
      vertex -12.983 -17.3117 13.2
      vertex -14.2117 -16.4513 13.2
      vertex -13.0392 -17.4 13.2
    endloop
  endfacet
  facet normal -0 0 1
    outer loop
      vertex -14.3383 -16.65 13.2
      vertex -13.0392 -17.4 13.2
      vertex -14.2117 -16.4513 13.2
    endloop
  endfacet
  facet normal 0 0 1
    outer loop
      vertex 15.75 13.9 13.2
      vertex 17.35 13.9 13.2
      vertex 17.3224 14.5319 13.2
    endloop
  endfacet
  facet normal 0 0 1
    outer loop
      vertex 17.35 13.9 13.2
      vertex 15.75 13.9 13.2
      vertex 17.35 -13.9 13.2
    endloop
  endfacet
  facet normal 0 0 1
    outer loop
      vertex 15.7285 14.3924 13.2
      vertex 17.3224 14.5319 13.2
      vertex 17.2399 15.1589 13.2
    endloop
  endfacet
  facet normal 0 0 1
    outer loop
      vertex 15.75 -13.9 13.2
      vertex 17.35 -13.9 13.2
      vertex 15.75 13.9 13.2
    endloop
  endfacet
  facet normal 0 0 1
    outer loop
      vertex 15.6642 14.8811 13.2
      vertex 17.2399 15.1589 13.2
      vertex 17.103 15.7764 13.2
    endloop
  endfacet
  facet normal 0 0 1
    outer loop
      vertex 17.35 -13.9 13.2
      vertex 15.75 -13.9 13.2
      vertex 17.3224 -14.5319 13.2
    endloop
  endfacet
  facet normal 0 0 1
    outer loop
      vertex 15.5575 15.3623 13.2
      vertex 17.103 15.7764 13.2
      vertex 16.9128 16.3796 13.2
    endloop
  endfacet
  facet normal -0 0 1
    outer loop
      vertex 15.7285 -14.3924 13.2
      vertex 17.3224 -14.5319 13.2
      vertex 15.75 -13.9 13.2
    endloop
  endfacet
  facet normal 0 0 1
    outer loop
      vertex 15.4093 15.8324 13.2
      vertex 16.9128 16.3796 13.2
      vertex 16.6707 16.964 13.2
    endloop
  endfacet
  facet normal 0 0 1
    outer loop
      vertex 17.3224 -14.5319 13.2
      vertex 15.7285 -14.3924 13.2
      vertex 17.2399 -15.1589 13.2
    endloop
  endfacet
  facet normal 0 0 1
    outer loop
      vertex 15.2206 16.2878 13.2
      vertex 16.6707 16.964 13.2
      vertex 16.3787 17.525 13.2
    endloop
  endfacet
  facet normal -0 0 1
    outer loop
      vertex 15.6642 -14.8811 13.2
      vertex 17.2399 -15.1589 13.2
      vertex 15.7285 -14.3924 13.2
    endloop
  endfacet
  facet normal 0 0 1
    outer loop
      vertex 14.993 16.725 13.2
      vertex 16.3787 17.525 13.2
      vertex 16.0388 18.0584 13.2
    endloop
  endfacet
  facet normal 0 0 1
    outer loop
      vertex 17.2399 -15.1589 13.2
      vertex 15.6642 -14.8811 13.2
      vertex 17.103 -15.7764 13.2
    endloop
  endfacet
  facet normal -0 0 1
    outer loop
      vertex 15.5575 -15.3623 13.2
      vertex 17.103 -15.7764 13.2
      vertex 15.6642 -14.8811 13.2
    endloop
  endfacet
  facet normal 0 0 1
    outer loop
      vertex 17.3224 14.5319 13.2
      vertex 15.7285 14.3924 13.2
      vertex 15.75 13.9 13.2
    endloop
  endfacet
  facet normal 0 0 1
    outer loop
      vertex 17.2399 15.1589 13.2
      vertex 15.6642 14.8811 13.2
      vertex 15.7285 14.3924 13.2
    endloop
  endfacet
  facet normal 0 0 1
    outer loop
      vertex 14.6071 17.2985 13.2
      vertex 16.0388 18.0584 13.2
      vertex 15.6538 18.5602 13.2
    endloop
  endfacet
  facet normal 0 0 1
    outer loop
      vertex 17.103 15.7764 13.2
      vertex 15.5575 15.3623 13.2
      vertex 15.6642 14.8811 13.2
    endloop
  endfacet
  facet normal 0 0 1
    outer loop
      vertex 16.9128 16.3796 13.2
      vertex 15.4093 15.8324 13.2
      vertex 15.5575 15.3623 13.2
    endloop
  endfacet
  facet normal 0 0 1
    outer loop
      vertex 14.6071 17.2985 13.2
      vertex 15.6538 18.5602 13.2
      vertex 15.2265 19.0265 13.2
    endloop
  endfacet
  facet normal 0 0 1
    outer loop
      vertex 16.6707 16.964 13.2
      vertex 15.2206 16.2878 13.2
      vertex 15.4093 15.8324 13.2
    endloop
  endfacet
  facet normal 0 0 1
    outer loop
      vertex 16.3787 17.525 13.2
      vertex 14.993 16.725 13.2
      vertex 15.2206 16.2878 13.2
    endloop
  endfacet
  facet normal 0 0 1
    outer loop
      vertex 13.1818 18.2084 13.2
      vertex 15.2265 19.0265 13.2
      vertex 14.7602 19.4538 13.2
    endloop
  endfacet
  facet normal 0 0 1
    outer loop
      vertex 16.0388 18.0584 13.2
      vertex 14.7282 17.1407 13.2
      vertex 14.993 16.725 13.2
    endloop
  endfacet
  facet normal 0 0 1
    outer loop
      vertex 16.0388 18.0584 13.2
      vertex 14.6071 17.2985 13.2
      vertex 14.7282 17.1407 13.2
    endloop
  endfacet
  facet normal 0 0 1
    outer loop
      vertex 15.2265 19.0265 13.2
      vertex 13.1818 18.2084 13.2
      vertex 14.6071 17.2985 13.2
    endloop
  endfacet
  facet normal -0 -0 1
    outer loop
      vertex 13.2 18 13.2
      vertex 14.6071 17.2985 13.2
      vertex 13.1954 18.1046 13.2
    endloop
  endfacet
  facet normal -0 0 1
    outer loop
      vertex 13.1954 17.8954 13.2
      vertex 14.6071 17.2985 13.2
      vertex 13.2 18 13.2
    endloop
  endfacet
  facet normal 0 0 1
    outer loop
      vertex 13.0876 18.5071 13.2
      vertex 14.7602 19.4538 13.2
      vertex 14.2584 19.8389 13.2
    endloop
  endfacet
  facet normal -0 0 1
    outer loop
      vertex 13.1818 17.7916 13.2
      vertex 14.6071 17.2985 13.2
      vertex 13.1954 17.8954 13.2
    endloop
  endfacet
  facet normal 0 0 1
    outer loop
      vertex 14.6071 17.2985 13.2
      vertex 13.1591 17.6894 13.2
      vertex 14.5372 17.0765 13.2
    endloop
  endfacet
  facet normal -0 0 1
    outer loop
      vertex 13.1276 17.5896 13.2
      vertex 14.5372 17.0765 13.2
      vertex 13.1591 17.6894 13.2
    endloop
  endfacet
  facet normal -0 0 1
    outer loop
      vertex 13.0876 17.4929 13.2
      vertex 14.447 16.8589 13.2
      vertex 13.1276 17.5896 13.2
    endloop
  endfacet
  facet normal 0 0 1
    outer loop
      vertex 12.9193 18.7713 13.2
      vertex 14.2584 19.8389 13.2
      vertex 13.725 20.1787 13.2
    endloop
  endfacet
  facet normal 0 0 1
    outer loop
      vertex 14.5372 17.0765 13.2
      vertex 13.1276 17.5896 13.2
      vertex 14.447 16.8589 13.2
    endloop
  endfacet
  facet normal 0 0 1
    outer loop
      vertex 14.447 16.8589 13.2
      vertex 13.0876 17.4929 13.2
      vertex 14.3383 16.65 13.2
    endloop
  endfacet
  facet normal -0 0 1
    outer loop
      vertex 13.0392 17.4 13.2
      vertex 14.3383 16.65 13.2
      vertex 13.0876 17.4929 13.2
    endloop
  endfacet
  facet normal -0 0 1
    outer loop
      vertex 13.1591 17.6894 13.2
      vertex 14.6071 17.2985 13.2
      vertex 13.1818 17.7916 13.2
    endloop
  endfacet
  facet normal 0 0 1
    outer loop
      vertex 14.6071 17.2985 13.2
      vertex 13.1818 18.2084 13.2
      vertex 13.1954 18.1046 13.2
    endloop
  endfacet
  facet normal 0 0 1
    outer loop
      vertex 12.6883 18.983 13.2
      vertex 13.725 20.1787 13.2
      vertex 13.164 20.4707 13.2
    endloop
  endfacet
  facet normal 0 0 1
    outer loop
      vertex 14.7602 19.4538 13.2
      vertex 13.1591 18.3106 13.2
      vertex 13.1818 18.2084 13.2
    endloop
  endfacet
  facet normal 0 0 1
    outer loop
      vertex 14.7602 19.4538 13.2
      vertex 13.1276 18.4104 13.2
      vertex 13.1591 18.3106 13.2
    endloop
  endfacet
  facet normal 0 0 1
    outer loop
      vertex 14.7602 19.4538 13.2
      vertex 13.0876 18.5071 13.2
      vertex 13.1276 18.4104 13.2
    endloop
  endfacet
  facet normal 0 0 1
    outer loop
      vertex 14.2584 19.8389 13.2
      vertex 13.0392 18.6 13.2
      vertex 13.0876 18.5071 13.2
    endloop
  endfacet
  facet normal 0 0 1
    outer loop
      vertex 14.2584 19.8389 13.2
      vertex 12.983 18.6883 13.2
      vertex 13.0392 18.6 13.2
    endloop
  endfacet
  facet normal 0 0 1
    outer loop
      vertex 14.2584 19.8389 13.2
      vertex 12.9193 18.7713 13.2
      vertex 12.983 18.6883 13.2
    endloop
  endfacet
  facet normal 0 0 1
    outer loop
      vertex 13.725 20.1787 13.2
      vertex 12.8485 18.8485 13.2
      vertex 12.9193 18.7713 13.2
    endloop
  endfacet
  facet normal 0 0 1
    outer loop
      vertex 13.725 20.1787 13.2
      vertex 12.7713 18.9193 13.2
      vertex 12.8485 18.8485 13.2
    endloop
  endfacet
  facet normal 0 0 1
    outer loop
      vertex 13.725 20.1787 13.2
      vertex 12.6883 18.983 13.2
      vertex 12.7713 18.9193 13.2
    endloop
  endfacet
  facet normal 0 0 1
    outer loop
      vertex 13.164 20.4707 13.2
      vertex 12.6 19.0392 13.2
      vertex 12.6883 18.983 13.2
    endloop
  endfacet
  facet normal 0 0 1
    outer loop
      vertex 12.3106 19.1591 13.2
      vertex 13.164 20.4707 13.2
      vertex 12.5796 20.7128 13.2
    endloop
  endfacet
  facet normal 0 0 1
    outer loop
      vertex 13.164 20.4707 13.2
      vertex 12.5071 19.0876 13.2
      vertex 12.6 19.0392 13.2
    endloop
  endfacet
  facet normal 0 0 1
    outer loop
      vertex 13.164 20.4707 13.2
      vertex 12.4104 19.1276 13.2
      vertex 12.5071 19.0876 13.2
    endloop
  endfacet
  facet normal 0 0 1
    outer loop
      vertex 13.164 20.4707 13.2
      vertex 12.3106 19.1591 13.2
      vertex 12.4104 19.1276 13.2
    endloop
  endfacet
  facet normal 0 0 1
    outer loop
      vertex 12.5796 20.7128 13.2
      vertex 12.2084 19.1818 13.2
      vertex 12.3106 19.1591 13.2
    endloop
  endfacet
  facet normal 0 0 1
    outer loop
      vertex 12.5796 20.7128 13.2
      vertex 12.1046 19.1954 13.2
      vertex 12.2084 19.1818 13.2
    endloop
  endfacet
  facet normal 0 0 1
    outer loop
      vertex 12.5796 20.7128 13.2
      vertex 12 19.2 13.2
      vertex 12.1046 19.1954 13.2
    endloop
  endfacet
  facet normal 0 0 1
    outer loop
      vertex 11.9764 20.903 13.2
      vertex 12 19.2 13.2
      vertex 12.5796 20.7128 13.2
    endloop
  endfacet
  facet normal 0 0 1
    outer loop
      vertex 11.9764 20.903 13.2
      vertex 11.8954 19.1954 13.2
      vertex 12 19.2 13.2
    endloop
  endfacet
  facet normal 0 0 1
    outer loop
      vertex 11.9764 20.903 13.2
      vertex 11.7916 19.1818 13.2
      vertex 11.8954 19.1954 13.2
    endloop
  endfacet
  facet normal 0 0 1
    outer loop
      vertex 11.9764 20.903 13.2
      vertex 11.6894 19.1591 13.2
      vertex 11.7916 19.1818 13.2
    endloop
  endfacet
  facet normal 0 0 1
    outer loop
      vertex 11.3589 21.0399 13.2
      vertex 11.6894 19.1591 13.2
      vertex 11.9764 20.903 13.2
    endloop
  endfacet
  facet normal 0 0 1
    outer loop
      vertex 11.6894 19.1591 13.2
      vertex 11.3589 21.0399 13.2
      vertex 11.5896 19.1276 13.2
    endloop
  endfacet
  facet normal 0 0 1
    outer loop
      vertex 11.5896 19.1276 13.2
      vertex 11.3589 21.0399 13.2
      vertex 11.4929 19.0876 13.2
    endloop
  endfacet
  facet normal 0 0 1
    outer loop
      vertex 11.4929 19.0876 13.2
      vertex 11.3589 21.0399 13.2
      vertex 11.4 19.0392 13.2
    endloop
  endfacet
  facet normal 0 0 1
    outer loop
      vertex 10.7319 21.1224 13.2
      vertex 11.4 19.0392 13.2
      vertex 11.3589 21.0399 13.2
    endloop
  endfacet
  facet normal -0 0 1
    outer loop
      vertex 9.78931 19.55 13.2
      vertex 11.4 19.0392 13.2
      vertex 10.7319 21.1224 13.2
    endloop
  endfacet
  facet normal 0 0 1
    outer loop
      vertex 11.4 19.0392 13.2
      vertex 9.78931 19.55 13.2
      vertex 11.3117 18.983 13.2
    endloop
  endfacet
  facet normal 0 0 1
    outer loop
      vertex 11.3117 18.983 13.2
      vertex 9.78931 19.55 13.2
      vertex 11.2287 18.9193 13.2
    endloop
  endfacet
  facet normal 0 0 1
    outer loop
      vertex 11.1515 18.8485 13.2
      vertex 9.78931 19.55 13.2
      vertex 11.0807 18.7713 13.2
    endloop
  endfacet
  facet normal 0 0 1
    outer loop
      vertex 11.0807 18.7713 13.2
      vertex 9.78931 19.55 13.2
      vertex 11.017 18.6883 13.2
    endloop
  endfacet
  facet normal -0 0 1
    outer loop
      vertex 9.78829 19.5487 13.2
      vertex 11.017 18.6883 13.2
      vertex 9.78931 19.55 13.2
    endloop
  endfacet
  facet normal 0 0 1
    outer loop
      vertex 11.017 18.6883 13.2
      vertex 9.78829 19.5487 13.2
      vertex 10.9608 18.6 13.2
    endloop
  endfacet
  facet normal -0 0 1
    outer loop
      vertex 9.66173 19.35 13.2
      vertex 10.9608 18.6 13.2
      vertex 9.78829 19.5487 13.2
    endloop
  endfacet
  facet normal 0 0 1
    outer loop
      vertex 10.9608 18.6 13.2
      vertex 9.66173 19.35 13.2
      vertex 10.9124 18.5071 13.2
    endloop
  endfacet
  facet normal 0 0 1
    outer loop
      vertex 10.9124 18.5071 13.2
      vertex 9.55297 19.1411 13.2
      vertex 10.8724 18.4104 13.2
    endloop
  endfacet
  facet normal -0 0 1
    outer loop
      vertex 9.55297 19.1411 13.2
      vertex 10.9124 18.5071 13.2
      vertex 9.66173 19.35 13.2
    endloop
  endfacet
  facet normal 0 0 1
    outer loop
      vertex 11.2287 18.9193 13.2
      vertex 9.78931 19.55 13.2
      vertex 11.1515 18.8485 13.2
    endloop
  endfacet
  facet normal 0 0 1
    outer loop
      vertex 17.103 -15.7764 13.2
      vertex 15.5575 -15.3623 13.2
      vertex 16.9128 -16.3796 13.2
    endloop
  endfacet
  facet normal -0 0 1
    outer loop
      vertex 15.4093 -15.8324 13.2
      vertex 16.9128 -16.3796 13.2
      vertex 15.5575 -15.3623 13.2
    endloop
  endfacet
  facet normal 0 0 1
    outer loop
      vertex 16.9128 -16.3796 13.2
      vertex 15.4093 -15.8324 13.2
      vertex 16.6707 -16.964 13.2
    endloop
  endfacet
  facet normal -0 0 1
    outer loop
      vertex 15.2206 -16.2878 13.2
      vertex 16.6707 -16.964 13.2
      vertex 15.4093 -15.8324 13.2
    endloop
  endfacet
  facet normal 0 0 1
    outer loop
      vertex 16.6707 -16.964 13.2
      vertex 15.2206 -16.2878 13.2
      vertex 16.3787 -17.525 13.2
    endloop
  endfacet
  facet normal -0 0 1
    outer loop
      vertex 14.993 -16.725 13.2
      vertex 16.3787 -17.525 13.2
      vertex 15.2206 -16.2878 13.2
    endloop
  endfacet
  facet normal 0 0 1
    outer loop
      vertex 16.3787 -17.525 13.2
      vertex 14.993 -16.725 13.2
      vertex 16.0388 -18.0584 13.2
    endloop
  endfacet
  facet normal -0 0 1
    outer loop
      vertex 14.7282 -17.1407 13.2
      vertex 16.0388 -18.0584 13.2
      vertex 14.993 -16.725 13.2
    endloop
  endfacet
  facet normal -0 0 1
    outer loop
      vertex 14.6071 -17.2985 13.2
      vertex 16.0388 -18.0584 13.2
      vertex 14.7282 -17.1407 13.2
    endloop
  endfacet
  facet normal 0 0 1
    outer loop
      vertex 16.0388 -18.0584 13.2
      vertex 14.6071 -17.2985 13.2
      vertex 15.6538 -18.5602 13.2
    endloop
  endfacet
  facet normal 0 0 1
    outer loop
      vertex 15.6538 -18.5602 13.2
      vertex 14.6071 -17.2985 13.2
      vertex 15.2265 -19.0265 13.2
    endloop
  endfacet
  facet normal -0 0 1
    outer loop
      vertex 13.1818 -18.2084 13.2
      vertex 15.2265 -19.0265 13.2
      vertex 14.6071 -17.2985 13.2
    endloop
  endfacet
  facet normal 0 0 1
    outer loop
      vertex 13.1954 -17.8954 13.2
      vertex 14.6071 -17.2985 13.2
      vertex 14.5372 -17.0765 13.2
    endloop
  endfacet
  facet normal 0 0 1
    outer loop
      vertex 13.1954 -17.8954 13.2
      vertex 14.5372 -17.0765 13.2
      vertex 14.447 -16.8589 13.2
    endloop
  endfacet
  facet normal 0 0 1
    outer loop
      vertex 13.1954 -17.8954 13.2
      vertex 14.447 -16.8589 13.2
      vertex 14.3383 -16.65 13.2
    endloop
  endfacet
  facet normal 0 0 1
    outer loop
      vertex 14.6071 -17.2985 13.2
      vertex 13.2 -18 13.2
      vertex 13.1954 -18.1046 13.2
    endloop
  endfacet
  facet normal 0 0 1
    outer loop
      vertex 13.1954 -17.8954 13.2
      vertex 14.3383 -16.65 13.2
      vertex 14.2117 -16.4513 13.2
    endloop
  endfacet
  facet normal 0 0 1
    outer loop
      vertex 13.1954 -17.8954 13.2
      vertex 14.2117 -16.4513 13.2
      vertex 14.0683 -16.2645 13.2
    endloop
  endfacet
  facet normal 0 0 1
    outer loop
      vertex 13.1954 -17.8954 13.2
      vertex 14.0683 -16.2645 13.2
      vertex 13.9092 -16.0908 13.2
    endloop
  endfacet
  facet normal 0 0 1
    outer loop
      vertex 13.1954 -17.8954 13.2
      vertex 13.9092 -16.0908 13.2
      vertex 13.7355 -15.9317 13.2
    endloop
  endfacet
  facet normal 0 0 1
    outer loop
      vertex 13.1818 -18.2084 13.2
      vertex 14.6071 -17.2985 13.2
      vertex 13.1954 -18.1046 13.2
    endloop
  endfacet
  facet normal 0 0 1
    outer loop
      vertex 13.1954 -17.8954 13.2
      vertex 13.7355 -15.9317 13.2
      vertex 13.5487 -15.7883 13.2
    endloop
  endfacet
  facet normal 0 0 1
    outer loop
      vertex 12.6883 -17.017 13.2
      vertex 13.5487 -15.7883 13.2
      vertex 13.35 -15.6617 13.2
    endloop
  endfacet
  facet normal 0 0 1
    outer loop
      vertex 15.2265 -19.0265 13.2
      vertex 13.1818 -18.2084 13.2
      vertex 14.7602 -19.4538 13.2
    endloop
  endfacet
  facet normal -0 0 1
    outer loop
      vertex 13.1591 -18.3106 13.2
      vertex 14.7602 -19.4538 13.2
      vertex 13.1818 -18.2084 13.2
    endloop
  endfacet
  facet normal -0 0 1
    outer loop
      vertex 13.1276 -18.4104 13.2
      vertex 14.7602 -19.4538 13.2
      vertex 13.1591 -18.3106 13.2
    endloop
  endfacet
  facet normal -0 0 1
    outer loop
      vertex 13.0876 -18.5071 13.2
      vertex 14.7602 -19.4538 13.2
      vertex 13.1276 -18.4104 13.2
    endloop
  endfacet
  facet normal 0 0 1
    outer loop
      vertex 14.7602 -19.4538 13.2
      vertex 13.0876 -18.5071 13.2
      vertex 14.2584 -19.8389 13.2
    endloop
  endfacet
  facet normal -0 0 1
    outer loop
      vertex 13.0392 -18.6 13.2
      vertex 14.2584 -19.8389 13.2
      vertex 13.0876 -18.5071 13.2
    endloop
  endfacet
  facet normal -0 0 1
    outer loop
      vertex 12.983 -18.6883 13.2
      vertex 14.2584 -19.8389 13.2
      vertex 13.0392 -18.6 13.2
    endloop
  endfacet
  facet normal -0 0 1
    outer loop
      vertex 12.9193 -18.7713 13.2
      vertex 14.2584 -19.8389 13.2
      vertex 12.983 -18.6883 13.2
    endloop
  endfacet
  facet normal 0 0 1
    outer loop
      vertex 14.2584 -19.8389 13.2
      vertex 12.9193 -18.7713 13.2
      vertex 13.725 -20.1787 13.2
    endloop
  endfacet
  facet normal -0 0 1
    outer loop
      vertex 12.8485 -18.8485 13.2
      vertex 13.725 -20.1787 13.2
      vertex 12.9193 -18.7713 13.2
    endloop
  endfacet
  facet normal -0 0 1
    outer loop
      vertex 12.7713 -18.9193 13.2
      vertex 13.725 -20.1787 13.2
      vertex 12.8485 -18.8485 13.2
    endloop
  endfacet
  facet normal -0 0 1
    outer loop
      vertex 12.6883 -18.983 13.2
      vertex 13.725 -20.1787 13.2
      vertex 12.7713 -18.9193 13.2
    endloop
  endfacet
  facet normal 0 0 1
    outer loop
      vertex 13.725 -20.1787 13.2
      vertex 12.6883 -18.983 13.2
      vertex 13.164 -20.4707 13.2
    endloop
  endfacet
  facet normal -0 0 1
    outer loop
      vertex 12.6 -19.0392 13.2
      vertex 13.164 -20.4707 13.2
      vertex 12.6883 -18.983 13.2
    endloop
  endfacet
  facet normal -0 0 1
    outer loop
      vertex 12.5071 -19.0876 13.2
      vertex 13.164 -20.4707 13.2
      vertex 12.6 -19.0392 13.2
    endloop
  endfacet
  facet normal -0 0 1
    outer loop
      vertex 12.4104 -19.1276 13.2
      vertex 13.164 -20.4707 13.2
      vertex 12.5071 -19.0876 13.2
    endloop
  endfacet
  facet normal -0 0 1
    outer loop
      vertex 12.3106 -19.1591 13.2
      vertex 13.164 -20.4707 13.2
      vertex 12.4104 -19.1276 13.2
    endloop
  endfacet
  facet normal 0 0 1
    outer loop
      vertex 13.164 -20.4707 13.2
      vertex 12.3106 -19.1591 13.2
      vertex 12.5796 -20.7128 13.2
    endloop
  endfacet
  facet normal -0 0 1
    outer loop
      vertex 12.2084 -19.1818 13.2
      vertex 12.5796 -20.7128 13.2
      vertex 12.3106 -19.1591 13.2
    endloop
  endfacet
  facet normal -0 0 1
    outer loop
      vertex 12.1046 -19.1954 13.2
      vertex 12.5796 -20.7128 13.2
      vertex 12.2084 -19.1818 13.2
    endloop
  endfacet
  facet normal -0 0 1
    outer loop
      vertex 12 -19.2 13.2
      vertex 12.5796 -20.7128 13.2
      vertex 12.1046 -19.1954 13.2
    endloop
  endfacet
  facet normal 0 0 1
    outer loop
      vertex 12 -19.2 13.2
      vertex 11.9764 -20.903 13.2
      vertex 12.5796 -20.7128 13.2
    endloop
  endfacet
  facet normal 0 0 1
    outer loop
      vertex 11.8954 -19.1954 13.2
      vertex 11.9764 -20.903 13.2
      vertex 12 -19.2 13.2
    endloop
  endfacet
  facet normal 0 0 1
    outer loop
      vertex 11.7916 -19.1818 13.2
      vertex 11.9764 -20.903 13.2
      vertex 11.8954 -19.1954 13.2
    endloop
  endfacet
  facet normal 0 0 1
    outer loop
      vertex 11.6894 -19.1591 13.2
      vertex 11.9764 -20.903 13.2
      vertex 11.7916 -19.1818 13.2
    endloop
  endfacet
  facet normal 0 0 1
    outer loop
      vertex 11.3589 -21.0399 13.2
      vertex 11.6894 -19.1591 13.2
      vertex 11.5896 -19.1276 13.2
    endloop
  endfacet
  facet normal 0 0 1
    outer loop
      vertex 11.3589 -21.0399 13.2
      vertex 11.5896 -19.1276 13.2
      vertex 11.4929 -19.0876 13.2
    endloop
  endfacet
  facet normal 0 0 1
    outer loop
      vertex 11.3589 -21.0399 13.2
      vertex 11.4929 -19.0876 13.2
      vertex 11.4 -19.0392 13.2
    endloop
  endfacet
  facet normal 0 0 1
    outer loop
      vertex 11.6894 -19.1591 13.2
      vertex 11.3589 -21.0399 13.2
      vertex 11.9764 -20.903 13.2
    endloop
  endfacet
  facet normal 0 0 1
    outer loop
      vertex 10.7319 -21.1224 13.2
      vertex 11.4 -19.0392 13.2
      vertex 11.3117 -18.983 13.2
    endloop
  endfacet
  facet normal 0 0 1
    outer loop
      vertex 10.7319 -21.1224 13.2
      vertex 11.3117 -18.983 13.2
      vertex 11.2287 -18.9193 13.2
    endloop
  endfacet
  facet normal 0 0 1
    outer loop
      vertex 10.7319 -21.1224 13.2
      vertex 11.2287 -18.9193 13.2
      vertex 11.1515 -18.8485 13.2
    endloop
  endfacet
  facet normal 0 0 1
    outer loop
      vertex 10.7319 -21.1224 13.2
      vertex 11.1515 -18.8485 13.2
      vertex 11.0807 -18.7713 13.2
    endloop
  endfacet
  facet normal 0 0 1
    outer loop
      vertex 10.7319 -21.1224 13.2
      vertex 11.0807 -18.7713 13.2
      vertex 11.017 -18.6883 13.2
    endloop
  endfacet
  facet normal 0 0 1
    outer loop
      vertex 10.7319 -21.1224 13.2
      vertex 11.017 -18.6883 13.2
      vertex 10.9608 -18.6 13.2
    endloop
  endfacet
  facet normal 0 0 1
    outer loop
      vertex 10.7319 -21.1224 13.2
      vertex 10.9608 -18.6 13.2
      vertex 10.9124 -18.5071 13.2
    endloop
  endfacet
  facet normal 0 0 1
    outer loop
      vertex 10.7319 -21.1224 13.2
      vertex 10.9124 -18.5071 13.2
      vertex 10.8724 -18.4104 13.2
    endloop
  endfacet
  facet normal 0 0 1
    outer loop
      vertex 10.7319 -21.1224 13.2
      vertex 10.8724 -18.4104 13.2
      vertex 10.8409 -18.3106 13.2
    endloop
  endfacet
  facet normal 0 0 1
    outer loop
      vertex 10.7319 -21.1224 13.2
      vertex 10.8409 -18.3106 13.2
      vertex 10.8182 -18.2084 13.2
    endloop
  endfacet
  facet normal 0 0 1
    outer loop
      vertex 11.4 -19.0392 13.2
      vertex 10.7319 -21.1224 13.2
      vertex 11.3589 -21.0399 13.2
    endloop
  endfacet
  facet normal 0 0 1
    outer loop
      vertex 10.8046 -18.1046 13.2
      vertex 10.7319 -21.1224 13.2
      vertex 10.8182 -18.2084 13.2
    endloop
  endfacet
  facet normal 0 0 1
    outer loop
      vertex 10.7319 -21.1224 13.2
      vertex 10.8046 -18.1046 13.2
      vertex 10.8 -18 13.2
    endloop
  endfacet
  facet normal 0 0 1
    outer loop
      vertex 14.3383 16.65 13.2
      vertex 13.0392 17.4 13.2
      vertex 14.2117 16.4513 13.2
    endloop
  endfacet
  facet normal -0 0 1
    outer loop
      vertex 12.983 17.3117 13.2
      vertex 14.2117 16.4513 13.2
      vertex 13.0392 17.4 13.2
    endloop
  endfacet
  facet normal 0 0 1
    outer loop
      vertex 14.2117 16.4513 13.2
      vertex 12.983 17.3117 13.2
      vertex 14.0683 16.2645 13.2
    endloop
  endfacet
  facet normal -0 0 1
    outer loop
      vertex 12.9193 17.2287 13.2
      vertex 14.0683 16.2645 13.2
      vertex 12.983 17.3117 13.2
    endloop
  endfacet
  facet normal 0 0 1
    outer loop
      vertex 14.0683 16.2645 13.2
      vertex 12.9193 17.2287 13.2
      vertex 13.9092 16.0908 13.2
    endloop
  endfacet
  facet normal -0 0 1
    outer loop
      vertex 12.8485 17.1515 13.2
      vertex 13.9092 16.0908 13.2
      vertex 12.9193 17.2287 13.2
    endloop
  endfacet
  facet normal 0 0 1
    outer loop
      vertex 13.9092 16.0908 13.2
      vertex 12.8485 17.1515 13.2
      vertex 13.7355 15.9317 13.2
    endloop
  endfacet
  facet normal -0 0 1
    outer loop
      vertex 12.7713 17.0807 13.2
      vertex 13.7355 15.9317 13.2
      vertex 12.8485 17.1515 13.2
    endloop
  endfacet
  facet normal 0 0 1
    outer loop
      vertex 13.7355 15.9317 13.2
      vertex 12.7713 17.0807 13.2
      vertex 13.5487 15.7883 13.2
    endloop
  endfacet
  facet normal -0 0 1
    outer loop
      vertex 12.6883 17.017 13.2
      vertex 13.5487 15.7883 13.2
      vertex 12.7713 17.0807 13.2
    endloop
  endfacet
  facet normal 0 0 1
    outer loop
      vertex 13.5487 15.7883 13.2
      vertex 12.6883 17.017 13.2
      vertex 13.35 15.6617 13.2
    endloop
  endfacet
  facet normal -0 0 1
    outer loop
      vertex 12.6 16.9608 13.2
      vertex 13.35 15.6617 13.2
      vertex 12.6883 17.017 13.2
    endloop
  endfacet
  facet normal 0 0 1
    outer loop
      vertex 13.35 15.6617 13.2
      vertex 12.6 16.9608 13.2
      vertex 13.1411 15.553 13.2
    endloop
  endfacet
  facet normal -0 0 1
    outer loop
      vertex 12.5071 16.9124 13.2
      vertex 13.1411 15.553 13.2
      vertex 12.6 16.9608 13.2
    endloop
  endfacet
  facet normal 0 0 1
    outer loop
      vertex 13.1411 15.553 13.2
      vertex 12.5071 16.9124 13.2
      vertex 12.9235 15.4628 13.2
    endloop
  endfacet
  facet normal -0 0 1
    outer loop
      vertex 12.4104 16.8724 13.2
      vertex 12.9235 15.4628 13.2
      vertex 12.5071 16.9124 13.2
    endloop
  endfacet
  facet normal 0 0 1
    outer loop
      vertex 12.9235 15.4628 13.2
      vertex 12.4104 16.8724 13.2
      vertex 12.6988 15.392 13.2
    endloop
  endfacet
  facet normal -0 0 1
    outer loop
      vertex 12.3106 16.8409 13.2
      vertex 12.6988 15.392 13.2
      vertex 12.4104 16.8724 13.2
    endloop
  endfacet
  facet normal 0 0 1
    outer loop
      vertex 12.6988 15.392 13.2
      vertex 12.3106 16.8409 13.2
      vertex 12.4688 15.341 13.2
    endloop
  endfacet
  facet normal -0 0 1
    outer loop
      vertex 12.2084 16.8182 13.2
      vertex 12.4688 15.341 13.2
      vertex 12.3106 16.8409 13.2
    endloop
  endfacet
  facet normal 0 0 1
    outer loop
      vertex 12.4688 15.341 13.2
      vertex 12.2084 16.8182 13.2
      vertex 12.2353 15.3103 13.2
    endloop
  endfacet
  facet normal -0 0 1
    outer loop
      vertex 12.1046 16.8046 13.2
      vertex 12.2353 15.3103 13.2
      vertex 12.2084 16.8182 13.2
    endloop
  endfacet
  facet normal -0 0 1
    outer loop
      vertex 12 16.8 13.2
      vertex 12.2353 15.3103 13.2
      vertex 12.1046 16.8046 13.2
    endloop
  endfacet
  facet normal 0 0 1
    outer loop
      vertex 12 16.8 13.2
      vertex 12 15.3 13.2
      vertex 12.2353 15.3103 13.2
    endloop
  endfacet
  facet normal 0 0 1
    outer loop
      vertex 11.8954 16.8046 13.2
      vertex 12 15.3 13.2
      vertex 12 16.8 13.2
    endloop
  endfacet
  facet normal 0 0 1
    outer loop
      vertex 11.7647 15.3103 13.2
      vertex 11.8954 16.8046 13.2
      vertex 11.7916 16.8182 13.2
    endloop
  endfacet
  facet normal 0 0 1
    outer loop
      vertex 11.8954 16.8046 13.2
      vertex 11.7647 15.3103 13.2
      vertex 12 15.3 13.2
    endloop
  endfacet
  facet normal 0 0 1
    outer loop
      vertex 11.5311 15.341 13.2
      vertex 11.7916 16.8182 13.2
      vertex 11.6894 16.8409 13.2
    endloop
  endfacet
  facet normal 0 0 1
    outer loop
      vertex 11.3012 15.392 13.2
      vertex 11.6894 16.8409 13.2
      vertex 11.5896 16.8724 13.2
    endloop
  endfacet
  facet normal 0 0 1
    outer loop
      vertex 11.7916 16.8182 13.2
      vertex 11.5311 15.341 13.2
      vertex 11.7647 15.3103 13.2
    endloop
  endfacet
  facet normal 0 0 1
    outer loop
      vertex 11.0765 15.4628 13.2
      vertex 11.5896 16.8724 13.2
      vertex 11.4929 16.9124 13.2
    endloop
  endfacet
  facet normal 0 0 1
    outer loop
      vertex 10.8589 15.553 13.2
      vertex 11.4929 16.9124 13.2
      vertex 11.4 16.9608 13.2
    endloop
  endfacet
  facet normal 0 0 1
    outer loop
      vertex 10.65 15.6617 13.2
      vertex 11.4 16.9608 13.2
      vertex 11.3117 17.017 13.2
    endloop
  endfacet
  facet normal 0 0 1
    outer loop
      vertex 11.6894 16.8409 13.2
      vertex 11.3012 15.392 13.2
      vertex 11.5311 15.341 13.2
    endloop
  endfacet
  facet normal 0 0 1
    outer loop
      vertex 10.4513 15.7883 13.2
      vertex 11.3117 17.017 13.2
      vertex 11.2287 17.0807 13.2
    endloop
  endfacet
  facet normal 0 0 1
    outer loop
      vertex 10.2645 15.9317 13.2
      vertex 11.2287 17.0807 13.2
      vertex 11.1515 17.1515 13.2
    endloop
  endfacet
  facet normal 0 0 1
    outer loop
      vertex 10.0908 16.0908 13.2
      vertex 11.1515 17.1515 13.2
      vertex 11.0807 17.2287 13.2
    endloop
  endfacet
  facet normal 0 0 1
    outer loop
      vertex 11.5896 16.8724 13.2
      vertex 11.0765 15.4628 13.2
      vertex 11.3012 15.392 13.2
    endloop
  endfacet
  facet normal 0 0 1
    outer loop
      vertex 9.93168 16.2645 13.2
      vertex 11.0807 17.2287 13.2
      vertex 11.017 17.3117 13.2
    endloop
  endfacet
  facet normal 0 0 1
    outer loop
      vertex 9.93168 16.2645 13.2
      vertex 11.017 17.3117 13.2
      vertex 10.9608 17.4 13.2
    endloop
  endfacet
  facet normal 0 0 1
    outer loop
      vertex 9.93168 16.2645 13.2
      vertex 10.9608 17.4 13.2
      vertex 10.9124 17.4929 13.2
    endloop
  endfacet
  facet normal 0 0 1
    outer loop
      vertex 9.93168 16.2645 13.2
      vertex 10.9124 17.4929 13.2
      vertex 10.8724 17.5896 13.2
    endloop
  endfacet
  facet normal 0 0 1
    outer loop
      vertex 11.4929 16.9124 13.2
      vertex 10.8589 15.553 13.2
      vertex 11.0765 15.4628 13.2
    endloop
  endfacet
  facet normal 0 0 1
    outer loop
      vertex 9.93168 16.2645 13.2
      vertex 10.8724 17.5896 13.2
      vertex 10.8409 17.6894 13.2
    endloop
  endfacet
  facet normal 0 0 1
    outer loop
      vertex 9.93168 16.2645 13.2
      vertex 10.8409 17.6894 13.2
      vertex 10.8182 17.7916 13.2
    endloop
  endfacet
  facet normal 0 0 1
    outer loop
      vertex 9.93168 16.2645 13.2
      vertex 10.8182 17.7916 13.2
      vertex 10.8046 17.8954 13.2
    endloop
  endfacet
  facet normal 0 0 1
    outer loop
      vertex 9.93168 16.2645 13.2
      vertex 10.8046 17.8954 13.2
      vertex 10.8 18 13.2
    endloop
  endfacet
  facet normal 0 0 1
    outer loop
      vertex 11.4 16.9608 13.2
      vertex 10.65 15.6617 13.2
      vertex 10.8589 15.553 13.2
    endloop
  endfacet
  facet normal -0 0 1
    outer loop
      vertex 9.46283 18.9235 13.2
      vertex 10.8724 18.4104 13.2
      vertex 9.55297 19.1411 13.2
    endloop
  endfacet
  facet normal 0 0 1
    outer loop
      vertex 10.8724 18.4104 13.2
      vertex 9.46283 18.9235 13.2
      vertex 10.8409 18.3106 13.2
    endloop
  endfacet
  facet normal 0 0 1
    outer loop
      vertex 11.3117 17.017 13.2
      vertex 10.4513 15.7883 13.2
      vertex 10.65 15.6617 13.2
    endloop
  endfacet
  facet normal 0 0 1
    outer loop
      vertex 9.78931 19.55 13.2
      vertex 10.7319 21.1224 13.2
      vertex 10.1 21.15 13.2
    endloop
  endfacet
  facet normal 0 0 1
    outer loop
      vertex 11.2287 17.0807 13.2
      vertex 10.2645 15.9317 13.2
      vertex 10.4513 15.7883 13.2
    endloop
  endfacet
  facet normal 0 0 1
    outer loop
      vertex 11.1515 17.1515 13.2
      vertex 10.0908 16.0908 13.2
      vertex 10.2645 15.9317 13.2
    endloop
  endfacet
  facet normal 0 0 1
    outer loop
      vertex 11.0807 17.2287 13.2
      vertex 9.93168 16.2645 13.2
      vertex 10.0908 16.0908 13.2
    endloop
  endfacet
  facet normal 0 0 1
    outer loop
      vertex 10.1 21.15 13.2
      vertex -9.78931 19.55 13.2
      vertex 9.78931 19.55 13.2
    endloop
  endfacet
  facet normal 0 0 1
    outer loop
      vertex -9.46283 17.0765 13.2
      vertex -10.8724 17.5896 13.2
      vertex -9.55297 16.8589 13.2
    endloop
  endfacet
  facet normal -0 0 1
    outer loop
      vertex -10.1 21.15 13.2
      vertex -9.78931 19.55 13.2
      vertex 10.1 21.15 13.2
    endloop
  endfacet
  facet normal -0 0 1
    outer loop
      vertex -10.7319 21.1224 13.2
      vertex -9.78931 19.55 13.2
      vertex -10.1 21.15 13.2
    endloop
  endfacet
  facet normal -0 0 1
    outer loop
      vertex -10.8724 17.5896 13.2
      vertex -9.46283 17.0765 13.2
      vertex -10.8409 17.6894 13.2
    endloop
  endfacet
  facet normal -0 0 1
    outer loop
      vertex -10.9124 17.4929 13.2
      vertex -9.55297 16.8589 13.2
      vertex -10.8724 17.5896 13.2
    endloop
  endfacet
  facet normal 0 0 1
    outer loop
      vertex -9.55297 16.8589 13.2
      vertex -10.9124 17.4929 13.2
      vertex -9.66173 16.65 13.2
    endloop
  endfacet
  facet normal 0 0 1
    outer loop
      vertex -11.4 19.0392 13.2
      vertex -9.78931 19.55 13.2
      vertex -10.7319 21.1224 13.2
    endloop
  endfacet
  facet normal -0 0 1
    outer loop
      vertex -10.9608 17.4 13.2
      vertex -9.66173 16.65 13.2
      vertex -10.9124 17.4929 13.2
    endloop
  endfacet
  facet normal 0 0 1
    outer loop
      vertex -9.66173 16.65 13.2
      vertex -10.9608 17.4 13.2
      vertex -9.78829 16.4513 13.2
    endloop
  endfacet
  facet normal -0 0 1
    outer loop
      vertex -11.017 17.3117 13.2
      vertex -9.78829 16.4513 13.2
      vertex -10.9608 17.4 13.2
    endloop
  endfacet
  facet normal 0 0 1
    outer loop
      vertex -9.78829 16.4513 13.2
      vertex -11.017 17.3117 13.2
      vertex -9.93168 16.2645 13.2
    endloop
  endfacet
  facet normal -0 0 1
    outer loop
      vertex -11.0807 17.2287 13.2
      vertex -9.93168 16.2645 13.2
      vertex -11.017 17.3117 13.2
    endloop
  endfacet
  facet normal 0 0 1
    outer loop
      vertex -9.93168 16.2645 13.2
      vertex -11.0807 17.2287 13.2
      vertex -10.0908 16.0908 13.2
    endloop
  endfacet
  facet normal -0 0 1
    outer loop
      vertex -11.1515 17.1515 13.2
      vertex -10.0908 16.0908 13.2
      vertex -11.0807 17.2287 13.2
    endloop
  endfacet
  facet normal 0 0 1
    outer loop
      vertex -10.0908 16.0908 13.2
      vertex -11.1515 17.1515 13.2
      vertex -10.2645 15.9317 13.2
    endloop
  endfacet
  facet normal -0 0 1
    outer loop
      vertex -11.2287 17.0807 13.2
      vertex -10.2645 15.9317 13.2
      vertex -11.1515 17.1515 13.2
    endloop
  endfacet
  facet normal 0 0 1
    outer loop
      vertex -10.2645 15.9317 13.2
      vertex -11.2287 17.0807 13.2
      vertex -10.4513 15.7883 13.2
    endloop
  endfacet
  facet normal -0 0 1
    outer loop
      vertex -11.3117 17.017 13.2
      vertex -10.4513 15.7883 13.2
      vertex -11.2287 17.0807 13.2
    endloop
  endfacet
  facet normal 0 0 1
    outer loop
      vertex -10.4513 15.7883 13.2
      vertex -11.3117 17.017 13.2
      vertex -10.65 15.6617 13.2
    endloop
  endfacet
  facet normal -0 0 1
    outer loop
      vertex -11.4 16.9608 13.2
      vertex -10.65 15.6617 13.2
      vertex -11.3117 17.017 13.2
    endloop
  endfacet
  facet normal 0 0 1
    outer loop
      vertex -10.65 15.6617 13.2
      vertex -11.4 16.9608 13.2
      vertex -10.8589 15.553 13.2
    endloop
  endfacet
  facet normal -0 0 1
    outer loop
      vertex -11.4929 16.9124 13.2
      vertex -10.8589 15.553 13.2
      vertex -11.4 16.9608 13.2
    endloop
  endfacet
  facet normal 0 0 1
    outer loop
      vertex -10.8589 15.553 13.2
      vertex -11.4929 16.9124 13.2
      vertex -11.0765 15.4628 13.2
    endloop
  endfacet
  facet normal -0 0 1
    outer loop
      vertex -11.5896 16.8724 13.2
      vertex -11.0765 15.4628 13.2
      vertex -11.4929 16.9124 13.2
    endloop
  endfacet
  facet normal 0 0 1
    outer loop
      vertex -11.0765 15.4628 13.2
      vertex -11.5896 16.8724 13.2
      vertex -11.3012 15.392 13.2
    endloop
  endfacet
  facet normal -0 0 1
    outer loop
      vertex -11.6894 16.8409 13.2
      vertex -11.3012 15.392 13.2
      vertex -11.5896 16.8724 13.2
    endloop
  endfacet
  facet normal 0 0 1
    outer loop
      vertex -11.3012 15.392 13.2
      vertex -11.6894 16.8409 13.2
      vertex -11.5311 15.341 13.2
    endloop
  endfacet
  facet normal -0 0 1
    outer loop
      vertex -11.7916 16.8182 13.2
      vertex -11.5311 15.341 13.2
      vertex -11.6894 16.8409 13.2
    endloop
  endfacet
  facet normal 0 0 1
    outer loop
      vertex -11.5311 15.341 13.2
      vertex -11.7916 16.8182 13.2
      vertex -11.7647 15.3103 13.2
    endloop
  endfacet
  facet normal -0 0 1
    outer loop
      vertex -11.8954 16.8046 13.2
      vertex -11.7647 15.3103 13.2
      vertex -11.7916 16.8182 13.2
    endloop
  endfacet
  facet normal -0 0 1
    outer loop
      vertex -12 16.8 13.2
      vertex -11.7647 15.3103 13.2
      vertex -11.8954 16.8046 13.2
    endloop
  endfacet
  facet normal 0 0 1
    outer loop
      vertex -12 16.8 13.2
      vertex -12 15.3 13.2
      vertex -11.7647 15.3103 13.2
    endloop
  endfacet
  facet normal 0 0 1
    outer loop
      vertex -12.1046 16.8046 13.2
      vertex -12 15.3 13.2
      vertex -12 16.8 13.2
    endloop
  endfacet
  facet normal 0 0 1
    outer loop
      vertex -12.2353 15.3103 13.2
      vertex -12.1046 16.8046 13.2
      vertex -12.2084 16.8182 13.2
    endloop
  endfacet
  facet normal 0 0 1
    outer loop
      vertex -12.1046 16.8046 13.2
      vertex -12.2353 15.3103 13.2
      vertex -12 15.3 13.2
    endloop
  endfacet
  facet normal 0 0 1
    outer loop
      vertex -12.4688 15.341 13.2
      vertex -12.2084 16.8182 13.2
      vertex -12.3106 16.8409 13.2
    endloop
  endfacet
  facet normal 0 0 1
    outer loop
      vertex -12.6988 15.392 13.2
      vertex -12.3106 16.8409 13.2
      vertex -12.4104 16.8724 13.2
    endloop
  endfacet
  facet normal 0 0 1
    outer loop
      vertex -12.2084 16.8182 13.2
      vertex -12.4688 15.341 13.2
      vertex -12.2353 15.3103 13.2
    endloop
  endfacet
  facet normal 0 0 1
    outer loop
      vertex -12.9235 15.4628 13.2
      vertex -12.4104 16.8724 13.2
      vertex -12.5071 16.9124 13.2
    endloop
  endfacet
  facet normal 0 0 1
    outer loop
      vertex -13.1411 15.553 13.2
      vertex -12.5071 16.9124 13.2
      vertex -12.6 16.9608 13.2
    endloop
  endfacet
  facet normal 0 0 1
    outer loop
      vertex -13.35 15.6617 13.2
      vertex -12.6 16.9608 13.2
      vertex -12.6883 17.017 13.2
    endloop
  endfacet
  facet normal 0 0 1
    outer loop
      vertex -12.3106 16.8409 13.2
      vertex -12.6988 15.392 13.2
      vertex -12.4688 15.341 13.2
    endloop
  endfacet
  facet normal 0 0 1
    outer loop
      vertex -13.35 15.6617 13.2
      vertex -12.6883 17.017 13.2
      vertex -12.7713 17.0807 13.2
    endloop
  endfacet
  facet normal 0 0 1
    outer loop
      vertex -13.35 15.6617 13.2
      vertex -12.7713 17.0807 13.2
      vertex -12.8485 17.1515 13.2
    endloop
  endfacet
  facet normal 0 0 1
    outer loop
      vertex -13.35 15.6617 13.2
      vertex -12.8485 17.1515 13.2
      vertex -12.9193 17.2287 13.2
    endloop
  endfacet
  facet normal 0 0 1
    outer loop
      vertex -12.4104 16.8724 13.2
      vertex -12.9235 15.4628 13.2
      vertex -12.6988 15.392 13.2
    endloop
  endfacet
  facet normal 0 0 1
    outer loop
      vertex -13.35 15.6617 13.2
      vertex -12.9193 17.2287 13.2
      vertex -12.983 17.3117 13.2
    endloop
  endfacet
  facet normal 0 0 1
    outer loop
      vertex -13.35 15.6617 13.2
      vertex -12.983 17.3117 13.2
      vertex -13.0392 17.4 13.2
    endloop
  endfacet
  facet normal 0 0 1
    outer loop
      vertex -13.35 15.6617 13.2
      vertex -13.0392 17.4 13.2
      vertex -13.0876 17.4929 13.2
    endloop
  endfacet
  facet normal 0 0 1
    outer loop
      vertex -13.35 15.6617 13.2
      vertex -13.0876 17.4929 13.2
      vertex -13.1276 17.5896 13.2
    endloop
  endfacet
  facet normal 0 0 1
    outer loop
      vertex -12.5071 16.9124 13.2
      vertex -13.1411 15.553 13.2
      vertex -12.9235 15.4628 13.2
    endloop
  endfacet
  facet normal 0 0 1
    outer loop
      vertex -13.35 15.6617 13.2
      vertex -13.1276 17.5896 13.2
      vertex -13.1591 17.6894 13.2
    endloop
  endfacet
  facet normal 0 0 1
    outer loop
      vertex -13.35 15.6617 13.2
      vertex -13.1591 17.6894 13.2
      vertex -13.1818 17.7916 13.2
    endloop
  endfacet
  facet normal 0 0 1
    outer loop
      vertex -13.35 15.6617 13.2
      vertex -13.1818 17.7916 13.2
      vertex -13.1954 17.8954 13.2
    endloop
  endfacet
  facet normal 0 0 1
    outer loop
      vertex -13.35 15.6617 13.2
      vertex -13.1954 17.8954 13.2
      vertex -13.2 18 13.2
    endloop
  endfacet
  facet normal 0 0 1
    outer loop
      vertex -12.6 16.9608 13.2
      vertex -13.35 15.6617 13.2
      vertex -13.1411 15.553 13.2
    endloop
  endfacet
  facet normal -0.923779 0.382927 0
    outer loop
      vertex -14.5372 -17.0765 11.2
      vertex -14.447 -16.8589 13.2
      vertex -14.447 -16.8589 11.2
    endloop
  endfacet
  facet normal -0.923779 0.382927 0
    outer loop
      vertex -14.447 -16.8589 13.2
      vertex -14.5372 -17.0765 11.2
      vertex -14.5372 -17.0765 13.2
    endloop
  endfacet
  facet normal -0.843364 0.537342 0
    outer loop
      vertex -14.3383 -16.65 11.2
      vertex -14.2117 -16.4513 13.2
      vertex -14.2117 -16.4513 11.2
    endloop
  endfacet
  facet normal -0.843364 0.537342 0
    outer loop
      vertex -14.2117 -16.4513 13.2
      vertex -14.3383 -16.65 11.2
      vertex -14.3383 -16.65 13.2
    endloop
  endfacet
  facet normal -0.300522 0.953775 0
    outer loop
      vertex -12.6988 -15.392 11.2
      vertex -12.9235 -15.4628 13.2
      vertex -12.6988 -15.392 13.2
    endloop
  endfacet
  facet normal -0.300522 0.953775 0
    outer loop
      vertex -12.9235 -15.4628 13.2
      vertex -12.6988 -15.392 11.2
      vertex -12.9235 -15.4628 11.2
    endloop
  endfacet
  facet normal -0.793223 0.608931 0
    outer loop
      vertex -14.2117 -16.4513 11.2
      vertex -14.0683 -16.2645 13.2
      vertex -14.0683 -16.2645 11.2
    endloop
  endfacet
  facet normal -0.793223 0.608931 0
    outer loop
      vertex -14.0683 -16.2645 13.2
      vertex -14.2117 -16.4513 11.2
      vertex -14.2117 -16.4513 13.2
    endloop
  endfacet
  facet normal -0.887092 0.461593 0
    outer loop
      vertex -14.447 -16.8589 11.2
      vertex -14.3383 -16.65 13.2
      vertex -14.3383 -16.65 11.2
    endloop
  endfacet
  facet normal -0.887092 0.461593 0
    outer loop
      vertex -14.3383 -16.65 13.2
      vertex -14.447 -16.8589 11.2
      vertex -14.447 -16.8589 13.2
    endloop
  endfacet
  facet normal 0.216571 0.976267 -0
    outer loop
      vertex -11.3012 -15.392 11.2
      vertex -11.5311 -15.341 13.2
      vertex -11.3012 -15.392 13.2
    endloop
  endfacet
  facet normal 0.216571 0.976267 0
    outer loop
      vertex -11.5311 -15.341 13.2
      vertex -11.3012 -15.392 11.2
      vertex -11.5311 -15.341 11.2
    endloop
  endfacet
  facet normal -0.953836 0.300329 0
    outer loop
      vertex -14.6071 -17.2985 11.2
      vertex -14.5372 -17.0765 13.2
      vertex -14.5372 -17.0765 11.2
    endloop
  endfacet
  facet normal -0.953836 0.300329 0
    outer loop
      vertex -14.5372 -17.0765 13.2
      vertex -14.6071 -17.2985 11.2
      vertex -14.6071 -17.2985 13.2
    endloop
  endfacet
  facet normal 0.99144 0.130564 0
    outer loop
      vertex -9.31027 18.2353 13.2
      vertex -9.34102 18.4688 11.2
      vertex -9.34102 18.4688 13.2
    endloop
  endfacet
  facet normal 0.99144 0.130564 0
    outer loop
      vertex -9.34102 18.4688 11.2
      vertex -9.31027 18.2353 13.2
      vertex -9.31027 18.2353 11.2
    endloop
  endfacet
  facet normal 0.999049 0.0436049 0
    outer loop
      vertex -9.3 18 13.2
      vertex -9.31027 18.2353 11.2
      vertex -9.31027 18.2353 13.2
    endloop
  endfacet
  facet normal 0.999049 0.0436049 0
    outer loop
      vertex -9.31027 18.2353 11.2
      vertex -9.3 18 13.2
      vertex -9.3 18 11.2
    endloop
  endfacet
  facet normal 0.976305 0.2164 0
    outer loop
      vertex -9.34102 18.4688 13.2
      vertex -9.392 18.6988 11.2
      vertex -9.392 18.6988 13.2
    endloop
  endfacet
  facet normal 0.976305 0.2164 0
    outer loop
      vertex -9.392 18.6988 11.2
      vertex -9.34102 18.4688 13.2
      vertex -9.34102 18.4688 11.2
    endloop
  endfacet
  facet normal 0.999049 -0.0436049 0
    outer loop
      vertex -9.31027 17.7647 13.2
      vertex -9.3 18 11.2
      vertex -9.3 18 13.2
    endloop
  endfacet
  facet normal 0.999049 -0.0436049 0
    outer loop
      vertex -9.3 18 11.2
      vertex -9.31027 17.7647 13.2
      vertex -9.31027 17.7647 11.2
    endloop
  endfacet
  facet normal 0.300522 -0.953775 0
    outer loop
      vertex -11.3012 15.392 11.2
      vertex -11.0765 15.4628 13.2
      vertex -11.3012 15.392 13.2
    endloop
  endfacet
  facet normal 0.300522 -0.953775 0
    outer loop
      vertex -11.0765 15.4628 13.2
      vertex -11.3012 15.392 11.2
      vertex -11.0765 15.4628 11.2
    endloop
  endfacet
  facet normal -0.675436 -0.737418 0
    outer loop
      vertex -13.9092 16.0908 11.2
      vertex -13.7355 15.9317 13.2
      vertex -13.9092 16.0908 13.2
    endloop
  endfacet
  facet normal -0.675436 -0.737418 -0
    outer loop
      vertex -13.7355 15.9317 13.2
      vertex -13.9092 16.0908 11.2
      vertex -13.7355 15.9317 11.2
    endloop
  endfacet
  facet normal -0.537342 -0.843364 0
    outer loop
      vertex -13.5487 15.7883 11.2
      vertex -13.35 15.6617 13.2
      vertex -13.5487 15.7883 13.2
    endloop
  endfacet
  facet normal -0.537342 -0.843364 -0
    outer loop
      vertex -13.35 15.6617 13.2
      vertex -13.5487 15.7883 11.2
      vertex -13.35 15.6617 11.2
    endloop
  endfacet
  facet normal -0.737418 -0.675436 0
    outer loop
      vertex -13.9092 16.0908 11.2
      vertex -14.0683 16.2645 13.2
      vertex -14.0683 16.2645 11.2
    endloop
  endfacet
  facet normal -0.737418 -0.675436 0
    outer loop
      vertex -14.0683 16.2645 13.2
      vertex -13.9092 16.0908 11.2
      vertex -13.9092 16.0908 13.2
    endloop
  endfacet
  facet normal 0.130301 -0.991475 0
    outer loop
      vertex -11.7647 15.3103 11.2
      vertex -11.5311 15.341 13.2
      vertex -11.7647 15.3103 13.2
    endloop
  endfacet
  facet normal 0.130301 -0.991475 0
    outer loop
      vertex -11.5311 15.341 13.2
      vertex -11.7647 15.3103 11.2
      vertex -11.5311 15.341 11.2
    endloop
  endfacet
  facet normal 0.461593 -0.887092 0
    outer loop
      vertex -10.8589 15.553 11.2
      vertex -10.65 15.6617 13.2
      vertex -10.8589 15.553 13.2
    endloop
  endfacet
  facet normal 0.461593 -0.887092 0
    outer loop
      vertex -10.65 15.6617 13.2
      vertex -10.8589 15.553 11.2
      vertex -10.65 15.6617 11.2
    endloop
  endfacet
  facet normal 0.608931 -0.793223 0
    outer loop
      vertex -10.4513 15.7883 11.2
      vertex -10.2645 15.9317 13.2
      vertex -10.4513 15.7883 13.2
    endloop
  endfacet
  facet normal 0.608931 -0.793223 0
    outer loop
      vertex -10.2645 15.9317 13.2
      vertex -10.4513 15.7883 11.2
      vertex -10.2645 15.9317 11.2
    endloop
  endfacet
  facet normal 0.793244 -0.608904 0
    outer loop
      vertex -9.93168 16.2645 13.2
      vertex -9.78829 16.4513 11.2
      vertex -9.78829 16.4513 13.2
    endloop
  endfacet
  facet normal 0.793244 -0.608904 0
    outer loop
      vertex -9.78829 16.4513 11.2
      vertex -9.93168 16.2645 13.2
      vertex -9.93168 16.2645 11.2
    endloop
  endfacet
  facet normal 0.99144 -0.130564 0
    outer loop
      vertex -9.34102 17.5312 13.2
      vertex -9.31027 17.7647 11.2
      vertex -9.31027 17.7647 13.2
    endloop
  endfacet
  facet normal 0.99144 -0.130564 0
    outer loop
      vertex -9.31027 17.7647 11.2
      vertex -9.34102 17.5312 13.2
      vertex -9.34102 17.5312 11.2
    endloop
  endfacet
  facet normal 0.953738 -0.300638 0
    outer loop
      vertex -9.46283 17.0765 13.2
      vertex -9.392 17.3012 11.2
      vertex -9.392 17.3012 13.2
    endloop
  endfacet
  facet normal 0.953738 -0.300638 0
    outer loop
      vertex -9.392 17.3012 11.2
      vertex -9.46283 17.0765 13.2
      vertex -9.46283 17.0765 11.2
    endloop
  endfacet
  facet normal 0.786738 0.617287 0
    outer loop
      vertex -9.78829 19.5487 13.2
      vertex -9.78931 19.55 11.2
      vertex -9.78931 19.55 13.2
    endloop
  endfacet
  facet normal 0.786738 0.617287 0
    outer loop
      vertex -9.78931 19.55 11.2
      vertex -9.78829 19.5487 13.2
      vertex -9.78829 19.5487 11.2
    endloop
  endfacet
  facet normal -0.043732 -0.999043 0
    outer loop
      vertex -12.2353 15.3103 11.2
      vertex -12 15.3 13.2
      vertex -12.2353 15.3103 13.2
    endloop
  endfacet
  facet normal -0.043732 -0.999043 -0
    outer loop
      vertex -12 15.3 13.2
      vertex -12.2353 15.3103 11.2
      vertex -12 15.3 11.2
    endloop
  endfacet
  facet normal 0.043732 -0.999043 0
    outer loop
      vertex -12 15.3 11.2
      vertex -11.7647 15.3103 13.2
      vertex -12 15.3 13.2
    endloop
  endfacet
  facet normal 0.043732 -0.999043 0
    outer loop
      vertex -11.7647 15.3103 13.2
      vertex -12 15.3 11.2
      vertex -11.7647 15.3103 11.2
    endloop
  endfacet
  facet normal 0.923869 -0.382709 0
    outer loop
      vertex -9.55297 16.8589 13.2
      vertex -9.46283 17.0765 11.2
      vertex -9.46283 17.0765 13.2
    endloop
  endfacet
  facet normal 0.923869 -0.382709 0
    outer loop
      vertex -9.46283 17.0765 11.2
      vertex -9.55297 16.8589 13.2
      vertex -9.55297 16.8589 11.2
    endloop
  endfacet
  facet normal 0.843441 0.537222 0
    outer loop
      vertex -9.66173 19.35 13.2
      vertex -9.78829 19.5487 11.2
      vertex -9.78829 19.5487 13.2
    endloop
  endfacet
  facet normal 0.843441 0.537222 0
    outer loop
      vertex -9.78829 19.5487 11.2
      vertex -9.66173 19.35 13.2
      vertex -9.66173 19.35 11.2
    endloop
  endfacet
  facet normal -0.923779 -0.382927 0
    outer loop
      vertex -14.447 16.8589 11.2
      vertex -14.5372 17.0765 13.2
      vertex -14.5372 17.0765 11.2
    endloop
  endfacet
  facet normal -0.923779 -0.382927 0
    outer loop
      vertex -14.5372 17.0765 13.2
      vertex -14.447 16.8589 11.2
      vertex -14.447 16.8589 13.2
    endloop
  endfacet
  facet normal 0.737376 -0.675482 0
    outer loop
      vertex -10.0908 16.0908 13.2
      vertex -9.93168 16.2645 11.2
      vertex -9.93168 16.2645 13.2
    endloop
  endfacet
  facet normal 0.737376 -0.675482 0
    outer loop
      vertex -9.93168 16.2645 11.2
      vertex -10.0908 16.0908 13.2
      vertex -10.0908 16.0908 11.2
    endloop
  endfacet
  facet normal 0.382927 -0.923779 0
    outer loop
      vertex -11.0765 15.4628 11.2
      vertex -10.8589 15.553 13.2
      vertex -11.0765 15.4628 13.2
    endloop
  endfacet
  facet normal 0.382927 -0.923779 0
    outer loop
      vertex -10.8589 15.553 13.2
      vertex -11.0765 15.4628 11.2
      vertex -10.8589 15.553 11.2
    endloop
  endfacet
  facet normal 0.953738 0.300638 0
    outer loop
      vertex -9.392 18.6988 13.2
      vertex -9.46283 18.9235 11.2
      vertex -9.46283 18.9235 13.2
    endloop
  endfacet
  facet normal 0.953738 0.300638 0
    outer loop
      vertex -9.46283 18.9235 11.2
      vertex -9.392 18.6988 13.2
      vertex -9.392 18.6988 11.2
    endloop
  endfacet
  facet normal 0.886987 -0.461794 0
    outer loop
      vertex -9.66173 16.65 13.2
      vertex -9.55297 16.8589 11.2
      vertex -9.55297 16.8589 13.2
    endloop
  endfacet
  facet normal 0.886987 -0.461794 0
    outer loop
      vertex -9.55297 16.8589 11.2
      vertex -9.66173 16.65 13.2
      vertex -9.66173 16.65 11.2
    endloop
  endfacet
  facet normal 0.923869 0.382709 0
    outer loop
      vertex -9.46283 18.9235 13.2
      vertex -9.55297 19.1411 11.2
      vertex -9.55297 19.1411 13.2
    endloop
  endfacet
  facet normal 0.923869 0.382709 0
    outer loop
      vertex -9.55297 19.1411 11.2
      vertex -9.46283 18.9235 13.2
      vertex -9.46283 18.9235 11.2
    endloop
  endfacet
  facet normal -0.300522 -0.953775 0
    outer loop
      vertex -12.9235 15.4628 11.2
      vertex -12.6988 15.392 13.2
      vertex -12.9235 15.4628 13.2
    endloop
  endfacet
  facet normal -0.300522 -0.953775 -0
    outer loop
      vertex -12.6988 15.392 13.2
      vertex -12.9235 15.4628 11.2
      vertex -12.6988 15.392 11.2
    endloop
  endfacet
  facet normal 0.976305 -0.2164 0
    outer loop
      vertex -9.392 17.3012 13.2
      vertex -9.34102 17.5312 11.2
      vertex -9.34102 17.5312 13.2
    endloop
  endfacet
  facet normal 0.976305 -0.2164 0
    outer loop
      vertex -9.34102 17.5312 11.2
      vertex -9.392 17.3012 13.2
      vertex -9.392 17.3012 11.2
    endloop
  endfacet
  facet normal 0.886987 0.461794 0
    outer loop
      vertex -9.55297 19.1411 13.2
      vertex -9.66173 19.35 11.2
      vertex -9.66173 19.35 13.2
    endloop
  endfacet
  facet normal 0.886987 0.461794 0
    outer loop
      vertex -9.66173 19.35 11.2
      vertex -9.55297 19.1411 13.2
      vertex -9.55297 19.1411 11.2
    endloop
  endfacet
  facet normal -0.216481 -0.976287 0
    outer loop
      vertex -12.6988 15.392 11.2
      vertex -12.4688 15.341 13.2
      vertex -12.6988 15.392 13.2
    endloop
  endfacet
  facet normal -0.216481 -0.976287 -0
    outer loop
      vertex -12.4688 15.341 13.2
      vertex -12.6988 15.392 11.2
      vertex -12.4688 15.341 11.2
    endloop
  endfacet
  facet normal -0.953836 -0.300329 0
    outer loop
      vertex -14.5372 17.0765 11.2
      vertex -14.6071 17.2985 13.2
      vertex -14.6071 17.2985 11.2
    endloop
  endfacet
  facet normal -0.953836 -0.300329 0
    outer loop
      vertex -14.6071 17.2985 13.2
      vertex -14.5372 17.0765 11.2
      vertex -14.5372 17.0765 13.2
    endloop
  endfacet
  facet normal 0.216571 -0.976267 0
    outer loop
      vertex -11.5311 15.341 11.2
      vertex -11.3012 15.392 13.2
      vertex -11.5311 15.341 13.2
    endloop
  endfacet
  facet normal 0.216571 -0.976267 0
    outer loop
      vertex -11.3012 15.392 13.2
      vertex -11.5311 15.341 11.2
      vertex -11.3012 15.392 11.2
    endloop
  endfacet
  facet normal 0.843441 -0.537222 0
    outer loop
      vertex -9.78829 16.4513 13.2
      vertex -9.66173 16.65 11.2
      vertex -9.66173 16.65 13.2
    endloop
  endfacet
  facet normal 0.843441 -0.537222 0
    outer loop
      vertex -9.66173 16.65 11.2
      vertex -9.78829 16.4513 13.2
      vertex -9.78829 16.4513 11.2
    endloop
  endfacet
  facet normal -0.793223 -0.608931 0
    outer loop
      vertex -14.0683 16.2645 11.2
      vertex -14.2117 16.4513 13.2
      vertex -14.2117 16.4513 11.2
    endloop
  endfacet
  facet normal -0.793223 -0.608931 0
    outer loop
      vertex -14.2117 16.4513 13.2
      vertex -14.0683 16.2645 11.2
      vertex -14.0683 16.2645 13.2
    endloop
  endfacet
  facet normal -0.130356 -0.991467 0
    outer loop
      vertex -12.4688 15.341 11.2
      vertex -12.2353 15.3103 13.2
      vertex -12.4688 15.341 13.2
    endloop
  endfacet
  facet normal -0.130356 -0.991467 -0
    outer loop
      vertex -12.2353 15.3103 13.2
      vertex -12.4688 15.341 11.2
      vertex -12.2353 15.3103 11.2
    endloop
  endfacet
  facet normal 0.675436 -0.737418 0
    outer loop
      vertex -10.2645 15.9317 11.2
      vertex -10.0908 16.0908 13.2
      vertex -10.2645 15.9317 13.2
    endloop
  endfacet
  facet normal 0.675436 -0.737418 0
    outer loop
      vertex -10.0908 16.0908 13.2
      vertex -10.2645 15.9317 11.2
      vertex -10.0908 16.0908 11.2
    endloop
  endfacet
  facet normal -0.608931 -0.793223 0
    outer loop
      vertex -13.7355 15.9317 11.2
      vertex -13.5487 15.7883 13.2
      vertex -13.7355 15.9317 13.2
    endloop
  endfacet
  facet normal -0.608931 -0.793223 -0
    outer loop
      vertex -13.5487 15.7883 13.2
      vertex -13.7355 15.9317 11.2
      vertex -13.5487 15.7883 11.2
    endloop
  endfacet
  facet normal -0.382927 -0.923779 0
    outer loop
      vertex -13.1411 15.553 11.2
      vertex -12.9235 15.4628 13.2
      vertex -13.1411 15.553 13.2
    endloop
  endfacet
  facet normal -0.382927 -0.923779 -0
    outer loop
      vertex -12.9235 15.4628 13.2
      vertex -13.1411 15.553 11.2
      vertex -12.9235 15.4628 11.2
    endloop
  endfacet
  facet normal -0.843364 -0.537342 0
    outer loop
      vertex -14.2117 16.4513 11.2
      vertex -14.3383 16.65 13.2
      vertex -14.3383 16.65 11.2
    endloop
  endfacet
  facet normal -0.843364 -0.537342 0
    outer loop
      vertex -14.3383 16.65 13.2
      vertex -14.2117 16.4513 11.2
      vertex -14.2117 16.4513 13.2
    endloop
  endfacet
  facet normal -0.887092 -0.461593 0
    outer loop
      vertex -14.3383 16.65 11.2
      vertex -14.447 16.8589 13.2
      vertex -14.447 16.8589 11.2
    endloop
  endfacet
  facet normal -0.887092 -0.461593 0
    outer loop
      vertex -14.447 16.8589 13.2
      vertex -14.3383 16.65 11.2
      vertex -14.3383 16.65 13.2
    endloop
  endfacet
  facet normal 0.537342 -0.843364 0
    outer loop
      vertex -10.65 15.6617 11.2
      vertex -10.4513 15.7883 13.2
      vertex -10.65 15.6617 13.2
    endloop
  endfacet
  facet normal 0.537342 -0.843364 0
    outer loop
      vertex -10.4513 15.7883 13.2
      vertex -10.65 15.6617 11.2
      vertex -10.4513 15.7883 11.2
    endloop
  endfacet
  facet normal -0.461593 -0.887092 0
    outer loop
      vertex -13.35 15.6617 11.2
      vertex -13.1411 15.553 13.2
      vertex -13.35 15.6617 13.2
    endloop
  endfacet
  facet normal -0.461593 -0.887092 -0
    outer loop
      vertex -13.1411 15.553 13.2
      vertex -13.35 15.6617 11.2
      vertex -13.1411 15.553 11.2
    endloop
  endfacet
  facet normal -0.886987 -0.461794 0
    outer loop
      vertex 9.66173 -19.35 11.2
      vertex 9.55297 -19.1411 13.2
      vertex 9.55297 -19.1411 11.2
    endloop
  endfacet
  facet normal -0.886987 -0.461794 0
    outer loop
      vertex 9.55297 -19.1411 13.2
      vertex 9.66173 -19.35 11.2
      vertex 9.66173 -19.35 13.2
    endloop
  endfacet
  facet normal -0.461593 0.887092 0
    outer loop
      vertex 10.8589 -15.553 11.2
      vertex 10.65 -15.6617 13.2
      vertex 10.8589 -15.553 13.2
    endloop
  endfacet
  facet normal -0.461593 0.887092 0
    outer loop
      vertex 10.65 -15.6617 13.2
      vertex 10.8589 -15.553 11.2
      vertex 10.65 -15.6617 11.2
    endloop
  endfacet
  facet normal -0.537342 0.843364 0
    outer loop
      vertex 10.65 -15.6617 11.2
      vertex 10.4513 -15.7883 13.2
      vertex 10.65 -15.6617 13.2
    endloop
  endfacet
  facet normal -0.537342 0.843364 0
    outer loop
      vertex 10.4513 -15.7883 13.2
      vertex 10.65 -15.6617 11.2
      vertex 10.4513 -15.7883 11.2
    endloop
  endfacet
  facet normal -0.675436 0.737418 0
    outer loop
      vertex 10.2645 -15.9317 11.2
      vertex 10.0908 -16.0908 13.2
      vertex 10.2645 -15.9317 13.2
    endloop
  endfacet
  facet normal -0.675436 0.737418 0
    outer loop
      vertex 10.0908 -16.0908 13.2
      vertex 10.2645 -15.9317 11.2
      vertex 10.0908 -16.0908 11.2
    endloop
  endfacet
  facet normal -0.953738 0.300638 0
    outer loop
      vertex 9.392 -17.3012 11.2
      vertex 9.46283 -17.0765 13.2
      vertex 9.46283 -17.0765 11.2
    endloop
  endfacet
  facet normal -0.953738 0.300638 0
    outer loop
      vertex 9.46283 -17.0765 13.2
      vertex 9.392 -17.3012 11.2
      vertex 9.392 -17.3012 13.2
    endloop
  endfacet
  facet normal 0.216481 0.976287 -0
    outer loop
      vertex 12.6988 -15.392 11.2
      vertex 12.4688 -15.341 13.2
      vertex 12.6988 -15.392 13.2
    endloop
  endfacet
  facet normal 0.216481 0.976287 0
    outer loop
      vertex 12.4688 -15.341 13.2
      vertex 12.6988 -15.392 11.2
      vertex 12.4688 -15.341 11.2
    endloop
  endfacet
  facet normal -0.923869 -0.382709 0
    outer loop
      vertex 9.55297 -19.1411 11.2
      vertex 9.46283 -18.9235 13.2
      vertex 9.46283 -18.9235 11.2
    endloop
  endfacet
  facet normal -0.923869 -0.382709 0
    outer loop
      vertex 9.46283 -18.9235 13.2
      vertex 9.55297 -19.1411 11.2
      vertex 9.55297 -19.1411 13.2
    endloop
  endfacet
  facet normal 0.953836 0.300329 0
    outer loop
      vertex 14.6071 -17.2985 13.2
      vertex 14.5372 -17.0765 11.2
      vertex 14.5372 -17.0765 13.2
    endloop
  endfacet
  facet normal 0.953836 0.300329 0
    outer loop
      vertex 14.5372 -17.0765 11.2
      vertex 14.6071 -17.2985 13.2
      vertex 14.6071 -17.2985 11.2
    endloop
  endfacet
  facet normal -0.99144 -0.130564 0
    outer loop
      vertex 9.34102 -18.4688 11.2
      vertex 9.31027 -18.2353 13.2
      vertex 9.31027 -18.2353 11.2
    endloop
  endfacet
  facet normal -0.99144 -0.130564 0
    outer loop
      vertex 9.31027 -18.2353 13.2
      vertex 9.34102 -18.4688 11.2
      vertex 9.34102 -18.4688 13.2
    endloop
  endfacet
  facet normal 0.843364 0.537342 0
    outer loop
      vertex 14.3383 -16.65 13.2
      vertex 14.2117 -16.4513 11.2
      vertex 14.2117 -16.4513 13.2
    endloop
  endfacet
  facet normal 0.843364 0.537342 0
    outer loop
      vertex 14.2117 -16.4513 11.2
      vertex 14.3383 -16.65 13.2
      vertex 14.3383 -16.65 11.2
    endloop
  endfacet
  facet normal 0.675436 0.737418 -0
    outer loop
      vertex 13.9092 -16.0908 11.2
      vertex 13.7355 -15.9317 13.2
      vertex 13.9092 -16.0908 13.2
    endloop
  endfacet
  facet normal 0.675436 0.737418 0
    outer loop
      vertex 13.7355 -15.9317 13.2
      vertex 13.9092 -16.0908 11.2
      vertex 13.7355 -15.9317 11.2
    endloop
  endfacet
  facet normal -0.216571 0.976267 0
    outer loop
      vertex 11.5311 -15.341 11.2
      vertex 11.3012 -15.392 13.2
      vertex 11.5311 -15.341 13.2
    endloop
  endfacet
  facet normal -0.216571 0.976267 0
    outer loop
      vertex 11.3012 -15.392 13.2
      vertex 11.5311 -15.341 11.2
      vertex 11.3012 -15.392 11.2
    endloop
  endfacet
  facet normal -0.608931 0.793223 0
    outer loop
      vertex 10.4513 -15.7883 11.2
      vertex 10.2645 -15.9317 13.2
      vertex 10.4513 -15.7883 13.2
    endloop
  endfacet
  facet normal -0.608931 0.793223 0
    outer loop
      vertex 10.2645 -15.9317 13.2
      vertex 10.4513 -15.7883 11.2
      vertex 10.2645 -15.9317 11.2
    endloop
  endfacet
  facet normal 0.382927 0.923779 -0
    outer loop
      vertex 13.1411 -15.553 11.2
      vertex 12.9235 -15.4628 13.2
      vertex 13.1411 -15.553 13.2
    endloop
  endfacet
  facet normal 0.382927 0.923779 0
    outer loop
      vertex 12.9235 -15.4628 13.2
      vertex 13.1411 -15.553 11.2
      vertex 12.9235 -15.4628 11.2
    endloop
  endfacet
  facet normal 0.461593 0.887092 -0
    outer loop
      vertex 13.35 -15.6617 11.2
      vertex 13.1411 -15.553 13.2
      vertex 13.35 -15.6617 13.2
    endloop
  endfacet
  facet normal 0.461593 0.887092 0
    outer loop
      vertex 13.1411 -15.553 13.2
      vertex 13.35 -15.6617 11.2
      vertex 13.1411 -15.553 11.2
    endloop
  endfacet
  facet normal 0.608931 0.793223 -0
    outer loop
      vertex 13.7355 -15.9317 11.2
      vertex 13.5487 -15.7883 13.2
      vertex 13.7355 -15.9317 13.2
    endloop
  endfacet
  facet normal 0.608931 0.793223 0
    outer loop
      vertex 13.5487 -15.7883 13.2
      vertex 13.7355 -15.9317 11.2
      vertex 13.5487 -15.7883 11.2
    endloop
  endfacet
  facet normal 0.537342 0.843364 -0
    outer loop
      vertex 13.5487 -15.7883 11.2
      vertex 13.35 -15.6617 13.2
      vertex 13.5487 -15.7883 13.2
    endloop
  endfacet
  facet normal 0.537342 0.843364 0
    outer loop
      vertex 13.35 -15.6617 13.2
      vertex 13.5487 -15.7883 11.2
      vertex 13.35 -15.6617 11.2
    endloop
  endfacet
  facet normal -0.886987 0.461794 0
    outer loop
      vertex 9.55297 -16.8589 11.2
      vertex 9.66173 -16.65 13.2
      vertex 9.66173 -16.65 11.2
    endloop
  endfacet
  facet normal -0.886987 0.461794 0
    outer loop
      vertex 9.66173 -16.65 13.2
      vertex 9.55297 -16.8589 11.2
      vertex 9.55297 -16.8589 13.2
    endloop
  endfacet
  facet normal -0.382927 0.923779 0
    outer loop
      vertex 11.0765 -15.4628 11.2
      vertex 10.8589 -15.553 13.2
      vertex 11.0765 -15.4628 13.2
    endloop
  endfacet
  facet normal -0.382927 0.923779 0
    outer loop
      vertex 10.8589 -15.553 13.2
      vertex 11.0765 -15.4628 11.2
      vertex 10.8589 -15.553 11.2
    endloop
  endfacet
  facet normal 0.130356 0.991467 -0
    outer loop
      vertex 12.4688 -15.341 11.2
      vertex 12.2353 -15.3103 13.2
      vertex 12.4688 -15.341 13.2
    endloop
  endfacet
  facet normal 0.130356 0.991467 0
    outer loop
      vertex 12.2353 -15.3103 13.2
      vertex 12.4688 -15.341 11.2
      vertex 12.2353 -15.3103 11.2
    endloop
  endfacet
  facet normal -0.953738 -0.300638 0
    outer loop
      vertex 9.46283 -18.9235 11.2
      vertex 9.392 -18.6988 13.2
      vertex 9.392 -18.6988 11.2
    endloop
  endfacet
  facet normal -0.953738 -0.300638 0
    outer loop
      vertex 9.392 -18.6988 13.2
      vertex 9.46283 -18.9235 11.2
      vertex 9.46283 -18.9235 13.2
    endloop
  endfacet
  facet normal -0.99144 0.130564 0
    outer loop
      vertex 9.31027 -17.7647 11.2
      vertex 9.34102 -17.5312 13.2
      vertex 9.34102 -17.5312 11.2
    endloop
  endfacet
  facet normal -0.99144 0.130564 0
    outer loop
      vertex 9.34102 -17.5312 13.2
      vertex 9.31027 -17.7647 11.2
      vertex 9.31027 -17.7647 13.2
    endloop
  endfacet
  facet normal 0.923779 0.382927 0
    outer loop
      vertex 14.5372 -17.0765 13.2
      vertex 14.447 -16.8589 11.2
      vertex 14.447 -16.8589 13.2
    endloop
  endfacet
  facet normal 0.923779 0.382927 0
    outer loop
      vertex 14.447 -16.8589 11.2
      vertex 14.5372 -17.0765 13.2
      vertex 14.5372 -17.0765 11.2
    endloop
  endfacet
  facet normal -0.976305 0.2164 0
    outer loop
      vertex 9.34102 -17.5312 11.2
      vertex 9.392 -17.3012 13.2
      vertex 9.392 -17.3012 11.2
    endloop
  endfacet
  facet normal -0.976305 0.2164 0
    outer loop
      vertex 9.392 -17.3012 13.2
      vertex 9.34102 -17.5312 11.2
      vertex 9.34102 -17.5312 13.2
    endloop
  endfacet
  facet normal 0.887092 0.461593 0
    outer loop
      vertex 14.447 -16.8589 13.2
      vertex 14.3383 -16.65 11.2
      vertex 14.3383 -16.65 13.2
    endloop
  endfacet
  facet normal 0.887092 0.461593 0
    outer loop
      vertex 14.3383 -16.65 11.2
      vertex 14.447 -16.8589 13.2
      vertex 14.447 -16.8589 11.2
    endloop
  endfacet
  facet normal -0.786738 -0.617287 0
    outer loop
      vertex 9.78931 -19.55 11.2
      vertex 9.78829 -19.5487 13.2
      vertex 9.78829 -19.5487 11.2
    endloop
  endfacet
  facet normal -0.786738 -0.617287 0
    outer loop
      vertex 9.78829 -19.5487 13.2
      vertex 9.78931 -19.55 11.2
      vertex 9.78931 -19.55 13.2
    endloop
  endfacet
  facet normal -0.043732 0.999043 0
    outer loop
      vertex 12 -15.3 11.2
      vertex 11.7647 -15.3103 13.2
      vertex 12 -15.3 13.2
    endloop
  endfacet
  facet normal -0.043732 0.999043 0
    outer loop
      vertex 11.7647 -15.3103 13.2
      vertex 12 -15.3 11.2
      vertex 11.7647 -15.3103 11.2
    endloop
  endfacet
  facet normal -0.999049 -0.0436049 0
    outer loop
      vertex 9.31027 -18.2353 11.2
      vertex 9.3 -18 13.2
      vertex 9.3 -18 11.2
    endloop
  endfacet
  facet normal -0.999049 -0.0436049 0
    outer loop
      vertex 9.3 -18 13.2
      vertex 9.31027 -18.2353 11.2
      vertex 9.31027 -18.2353 13.2
    endloop
  endfacet
  facet normal -0.130301 0.991475 0
    outer loop
      vertex 11.7647 -15.3103 11.2
      vertex 11.5311 -15.341 13.2
      vertex 11.7647 -15.3103 13.2
    endloop
  endfacet
  facet normal -0.130301 0.991475 0
    outer loop
      vertex 11.5311 -15.341 13.2
      vertex 11.7647 -15.3103 11.2
      vertex 11.5311 -15.341 11.2
    endloop
  endfacet
  facet normal 0.043732 0.999043 -0
    outer loop
      vertex 12.2353 -15.3103 11.2
      vertex 12 -15.3 13.2
      vertex 12.2353 -15.3103 13.2
    endloop
  endfacet
  facet normal 0.043732 0.999043 0
    outer loop
      vertex 12 -15.3 13.2
      vertex 12.2353 -15.3103 11.2
      vertex 12 -15.3 11.2
    endloop
  endfacet
  facet normal -0.737376 0.675482 0
    outer loop
      vertex 9.93168 -16.2645 11.2
      vertex 10.0908 -16.0908 13.2
      vertex 10.0908 -16.0908 11.2
    endloop
  endfacet
  facet normal -0.737376 0.675482 0
    outer loop
      vertex 10.0908 -16.0908 13.2
      vertex 9.93168 -16.2645 11.2
      vertex 9.93168 -16.2645 13.2
    endloop
  endfacet
  facet normal 0.737418 0.675436 0
    outer loop
      vertex 14.0683 -16.2645 13.2
      vertex 13.9092 -16.0908 11.2
      vertex 13.9092 -16.0908 13.2
    endloop
  endfacet
  facet normal 0.737418 0.675436 0
    outer loop
      vertex 13.9092 -16.0908 11.2
      vertex 14.0683 -16.2645 13.2
      vertex 14.0683 -16.2645 11.2
    endloop
  endfacet
  facet normal -0.923869 0.382709 0
    outer loop
      vertex 9.46283 -17.0765 11.2
      vertex 9.55297 -16.8589 13.2
      vertex 9.55297 -16.8589 11.2
    endloop
  endfacet
  facet normal -0.923869 0.382709 0
    outer loop
      vertex 9.55297 -16.8589 13.2
      vertex 9.46283 -17.0765 11.2
      vertex 9.46283 -17.0765 13.2
    endloop
  endfacet
  facet normal 0.793223 0.608931 0
    outer loop
      vertex 14.2117 -16.4513 13.2
      vertex 14.0683 -16.2645 11.2
      vertex 14.0683 -16.2645 13.2
    endloop
  endfacet
  facet normal 0.793223 0.608931 0
    outer loop
      vertex 14.0683 -16.2645 11.2
      vertex 14.2117 -16.4513 13.2
      vertex 14.2117 -16.4513 11.2
    endloop
  endfacet
  facet normal -0.300522 0.953775 0
    outer loop
      vertex 11.3012 -15.392 11.2
      vertex 11.0765 -15.4628 13.2
      vertex 11.3012 -15.392 13.2
    endloop
  endfacet
  facet normal -0.300522 0.953775 0
    outer loop
      vertex 11.0765 -15.4628 13.2
      vertex 11.3012 -15.392 11.2
      vertex 11.0765 -15.4628 11.2
    endloop
  endfacet
  facet normal -0.843441 -0.537222 0
    outer loop
      vertex 9.78829 -19.5487 11.2
      vertex 9.66173 -19.35 13.2
      vertex 9.66173 -19.35 11.2
    endloop
  endfacet
  facet normal -0.843441 -0.537222 0
    outer loop
      vertex 9.66173 -19.35 13.2
      vertex 9.78829 -19.5487 11.2
      vertex 9.78829 -19.5487 13.2
    endloop
  endfacet
  facet normal -0.999049 0.0436049 0
    outer loop
      vertex 9.3 -18 11.2
      vertex 9.31027 -17.7647 13.2
      vertex 9.31027 -17.7647 11.2
    endloop
  endfacet
  facet normal -0.999049 0.0436049 0
    outer loop
      vertex 9.31027 -17.7647 13.2
      vertex 9.3 -18 11.2
      vertex 9.3 -18 13.2
    endloop
  endfacet
  facet normal -0.793244 0.608904 0
    outer loop
      vertex 9.78829 -16.4513 11.2
      vertex 9.93168 -16.2645 13.2
      vertex 9.93168 -16.2645 11.2
    endloop
  endfacet
  facet normal -0.793244 0.608904 0
    outer loop
      vertex 9.93168 -16.2645 13.2
      vertex 9.78829 -16.4513 11.2
      vertex 9.78829 -16.4513 13.2
    endloop
  endfacet
  facet normal -0.976305 -0.2164 0
    outer loop
      vertex 9.392 -18.6988 11.2
      vertex 9.34102 -18.4688 13.2
      vertex 9.34102 -18.4688 11.2
    endloop
  endfacet
  facet normal -0.976305 -0.2164 0
    outer loop
      vertex 9.34102 -18.4688 13.2
      vertex 9.392 -18.6988 11.2
      vertex 9.392 -18.6988 13.2
    endloop
  endfacet
  facet normal -0.843441 0.537222 0
    outer loop
      vertex 9.66173 -16.65 11.2
      vertex 9.78829 -16.4513 13.2
      vertex 9.78829 -16.4513 11.2
    endloop
  endfacet
  facet normal -0.843441 0.537222 0
    outer loop
      vertex 9.78829 -16.4513 13.2
      vertex 9.66173 -16.65 11.2
      vertex 9.66173 -16.65 13.2
    endloop
  endfacet
  facet normal 0.300522 0.953775 -0
    outer loop
      vertex 12.9235 -15.4628 11.2
      vertex 12.6988 -15.392 13.2
      vertex 12.9235 -15.4628 13.2
    endloop
  endfacet
  facet normal 0.300522 0.953775 0
    outer loop
      vertex 12.6988 -15.392 13.2
      vertex 12.9235 -15.4628 11.2
      vertex 12.6988 -15.392 11.2
    endloop
  endfacet
  facet normal 0.300522 -0.953775 0
    outer loop
      vertex 12.6988 15.392 11.2
      vertex 12.9235 15.4628 13.2
      vertex 12.6988 15.392 13.2
    endloop
  endfacet
  facet normal 0.300522 -0.953775 0
    outer loop
      vertex 12.9235 15.4628 13.2
      vertex 12.6988 15.392 11.2
      vertex 12.9235 15.4628 11.2
    endloop
  endfacet
  facet normal -0.675436 -0.737418 0
    outer loop
      vertex 10.0908 16.0908 11.2
      vertex 10.2645 15.9317 13.2
      vertex 10.0908 16.0908 13.2
    endloop
  endfacet
  facet normal -0.675436 -0.737418 -0
    outer loop
      vertex 10.2645 15.9317 13.2
      vertex 10.0908 16.0908 11.2
      vertex 10.2645 15.9317 11.2
    endloop
  endfacet
  facet normal -0.537342 -0.843364 0
    outer loop
      vertex 10.4513 15.7883 11.2
      vertex 10.65 15.6617 13.2
      vertex 10.4513 15.7883 13.2
    endloop
  endfacet
  facet normal -0.537342 -0.843364 -0
    outer loop
      vertex 10.65 15.6617 13.2
      vertex 10.4513 15.7883 11.2
      vertex 10.65 15.6617 11.2
    endloop
  endfacet
  facet normal -0.737376 -0.675482 0
    outer loop
      vertex 10.0908 16.0908 11.2
      vertex 9.93168 16.2645 13.2
      vertex 9.93168 16.2645 11.2
    endloop
  endfacet
  facet normal -0.737376 -0.675482 0
    outer loop
      vertex 9.93168 16.2645 13.2
      vertex 10.0908 16.0908 11.2
      vertex 10.0908 16.0908 13.2
    endloop
  endfacet
  facet normal 0.130356 -0.991467 0
    outer loop
      vertex 12.2353 15.3103 11.2
      vertex 12.4688 15.341 13.2
      vertex 12.2353 15.3103 13.2
    endloop
  endfacet
  facet normal 0.130356 -0.991467 0
    outer loop
      vertex 12.4688 15.341 13.2
      vertex 12.2353 15.3103 11.2
      vertex 12.4688 15.341 11.2
    endloop
  endfacet
  facet normal 0.461593 -0.887092 0
    outer loop
      vertex 13.1411 15.553 11.2
      vertex 13.35 15.6617 13.2
      vertex 13.1411 15.553 13.2
    endloop
  endfacet
  facet normal 0.461593 -0.887092 0
    outer loop
      vertex 13.35 15.6617 13.2
      vertex 13.1411 15.553 11.2
      vertex 13.35 15.6617 11.2
    endloop
  endfacet
  facet normal 0.608931 -0.793223 0
    outer loop
      vertex 13.5487 15.7883 11.2
      vertex 13.7355 15.9317 13.2
      vertex 13.5487 15.7883 13.2
    endloop
  endfacet
  facet normal 0.608931 -0.793223 0
    outer loop
      vertex 13.7355 15.9317 13.2
      vertex 13.5487 15.7883 11.2
      vertex 13.7355 15.9317 11.2
    endloop
  endfacet
  facet normal 0.793223 -0.608931 0
    outer loop
      vertex 14.0683 16.2645 13.2
      vertex 14.2117 16.4513 11.2
      vertex 14.2117 16.4513 13.2
    endloop
  endfacet
  facet normal 0.793223 -0.608931 0
    outer loop
      vertex 14.2117 16.4513 11.2
      vertex 14.0683 16.2645 13.2
      vertex 14.0683 16.2645 11.2
    endloop
  endfacet
  facet normal 0.953836 -0.300329 0
    outer loop
      vertex 14.5372 17.0765 13.2
      vertex 14.6071 17.2985 11.2
      vertex 14.6071 17.2985 13.2
    endloop
  endfacet
  facet normal 0.953836 -0.300329 0
    outer loop
      vertex 14.6071 17.2985 11.2
      vertex 14.5372 17.0765 13.2
      vertex 14.5372 17.0765 11.2
    endloop
  endfacet
  facet normal -0.976305 -0.2164 0
    outer loop
      vertex 9.392 17.3012 11.2
      vertex 9.34102 17.5312 13.2
      vertex 9.34102 17.5312 11.2
    endloop
  endfacet
  facet normal -0.976305 -0.2164 0
    outer loop
      vertex 9.34102 17.5312 13.2
      vertex 9.392 17.3012 11.2
      vertex 9.392 17.3012 13.2
    endloop
  endfacet
  facet normal -0.043732 -0.999043 0
    outer loop
      vertex 11.7647 15.3103 11.2
      vertex 12 15.3 13.2
      vertex 11.7647 15.3103 13.2
    endloop
  endfacet
  facet normal -0.043732 -0.999043 -0
    outer loop
      vertex 12 15.3 13.2
      vertex 11.7647 15.3103 11.2
      vertex 12 15.3 11.2
    endloop
  endfacet
  facet normal 0.043732 -0.999043 0
    outer loop
      vertex 12 15.3 11.2
      vertex 12.2353 15.3103 13.2
      vertex 12 15.3 13.2
    endloop
  endfacet
  facet normal 0.043732 -0.999043 0
    outer loop
      vertex 12.2353 15.3103 13.2
      vertex 12 15.3 11.2
      vertex 12.2353 15.3103 11.2
    endloop
  endfacet
  facet normal 0.923779 -0.382927 0
    outer loop
      vertex 14.447 16.8589 13.2
      vertex 14.5372 17.0765 11.2
      vertex 14.5372 17.0765 13.2
    endloop
  endfacet
  facet normal 0.923779 -0.382927 0
    outer loop
      vertex 14.5372 17.0765 11.2
      vertex 14.447 16.8589 13.2
      vertex 14.447 16.8589 11.2
    endloop
  endfacet
  facet normal -0.923869 -0.382709 0
    outer loop
      vertex 9.55297 16.8589 11.2
      vertex 9.46283 17.0765 13.2
      vertex 9.46283 17.0765 11.2
    endloop
  endfacet
  facet normal -0.923869 -0.382709 0
    outer loop
      vertex 9.46283 17.0765 13.2
      vertex 9.55297 16.8589 11.2
      vertex 9.55297 16.8589 13.2
    endloop
  endfacet
  facet normal -0.843441 0.537222 0
    outer loop
      vertex 9.66173 19.35 11.2
      vertex 9.78829 19.5487 13.2
      vertex 9.78829 19.5487 11.2
    endloop
  endfacet
  facet normal -0.843441 0.537222 0
    outer loop
      vertex 9.78829 19.5487 13.2
      vertex 9.66173 19.35 11.2
      vertex 9.66173 19.35 13.2
    endloop
  endfacet
  facet normal 0.382927 -0.923779 0
    outer loop
      vertex 12.9235 15.4628 11.2
      vertex 13.1411 15.553 13.2
      vertex 12.9235 15.4628 13.2
    endloop
  endfacet
  facet normal 0.382927 -0.923779 0
    outer loop
      vertex 13.1411 15.553 13.2
      vertex 12.9235 15.4628 11.2
      vertex 13.1411 15.553 11.2
    endloop
  endfacet
  facet normal 0.887092 -0.461593 0
    outer loop
      vertex 14.3383 16.65 13.2
      vertex 14.447 16.8589 11.2
      vertex 14.447 16.8589 13.2
    endloop
  endfacet
  facet normal 0.887092 -0.461593 0
    outer loop
      vertex 14.447 16.8589 11.2
      vertex 14.3383 16.65 13.2
      vertex 14.3383 16.65 11.2
    endloop
  endfacet
  facet normal -0.300522 -0.953775 0
    outer loop
      vertex 11.0765 15.4628 11.2
      vertex 11.3012 15.392 13.2
      vertex 11.0765 15.4628 13.2
    endloop
  endfacet
  facet normal -0.300522 -0.953775 -0
    outer loop
      vertex 11.3012 15.392 13.2
      vertex 11.0765 15.4628 11.2
      vertex 11.3012 15.392 11.2
    endloop
  endfacet
  facet normal -0.999049 0.0436049 0
    outer loop
      vertex 9.3 18 11.2
      vertex 9.31027 18.2353 13.2
      vertex 9.31027 18.2353 11.2
    endloop
  endfacet
  facet normal -0.999049 0.0436049 0
    outer loop
      vertex 9.31027 18.2353 13.2
      vertex 9.3 18 11.2
      vertex 9.3 18 13.2
    endloop
  endfacet
  facet normal -0.786738 0.617287 0
    outer loop
      vertex 9.78829 19.5487 11.2
      vertex 9.78931 19.55 13.2
      vertex 9.78931 19.55 11.2
    endloop
  endfacet
  facet normal -0.786738 0.617287 0
    outer loop
      vertex 9.78931 19.55 13.2
      vertex 9.78829 19.5487 11.2
      vertex 9.78829 19.5487 13.2
    endloop
  endfacet
  facet normal -0.216571 -0.976267 0
    outer loop
      vertex 11.3012 15.392 11.2
      vertex 11.5311 15.341 13.2
      vertex 11.3012 15.392 13.2
    endloop
  endfacet
  facet normal -0.216571 -0.976267 -0
    outer loop
      vertex 11.5311 15.341 13.2
      vertex 11.3012 15.392 11.2
      vertex 11.5311 15.341 11.2
    endloop
  endfacet
  facet normal -0.976305 0.2164 0
    outer loop
      vertex 9.34102 18.4688 11.2
      vertex 9.392 18.6988 13.2
      vertex 9.392 18.6988 11.2
    endloop
  endfacet
  facet normal -0.976305 0.2164 0
    outer loop
      vertex 9.392 18.6988 13.2
      vertex 9.34102 18.4688 11.2
      vertex 9.34102 18.4688 13.2
    endloop
  endfacet
  facet normal -0.953738 -0.300638 0
    outer loop
      vertex 9.46283 17.0765 11.2
      vertex 9.392 17.3012 13.2
      vertex 9.392 17.3012 11.2
    endloop
  endfacet
  facet normal -0.953738 -0.300638 0
    outer loop
      vertex 9.392 17.3012 13.2
      vertex 9.46283 17.0765 11.2
      vertex 9.46283 17.0765 13.2
    endloop
  endfacet
  facet normal 0.216481 -0.976287 0
    outer loop
      vertex 12.4688 15.341 11.2
      vertex 12.6988 15.392 13.2
      vertex 12.4688 15.341 13.2
    endloop
  endfacet
  facet normal 0.216481 -0.976287 0
    outer loop
      vertex 12.6988 15.392 13.2
      vertex 12.4688 15.341 11.2
      vertex 12.6988 15.392 11.2
    endloop
  endfacet
  facet normal -0.461593 -0.887092 0
    outer loop
      vertex 10.65 15.6617 11.2
      vertex 10.8589 15.553 13.2
      vertex 10.65 15.6617 13.2
    endloop
  endfacet
  facet normal -0.461593 -0.887092 -0
    outer loop
      vertex 10.8589 15.553 13.2
      vertex 10.65 15.6617 11.2
      vertex 10.8589 15.553 11.2
    endloop
  endfacet
  facet normal 0.843364 -0.537342 0
    outer loop
      vertex 14.2117 16.4513 13.2
      vertex 14.3383 16.65 11.2
      vertex 14.3383 16.65 13.2
    endloop
  endfacet
  facet normal 0.843364 -0.537342 0
    outer loop
      vertex 14.3383 16.65 11.2
      vertex 14.2117 16.4513 13.2
      vertex 14.2117 16.4513 11.2
    endloop
  endfacet
  facet normal -0.99144 0.130564 0
    outer loop
      vertex 9.31027 18.2353 11.2
      vertex 9.34102 18.4688 13.2
      vertex 9.34102 18.4688 11.2
    endloop
  endfacet
  facet normal -0.99144 0.130564 0
    outer loop
      vertex 9.34102 18.4688 13.2
      vertex 9.31027 18.2353 11.2
      vertex 9.31027 18.2353 13.2
    endloop
  endfacet
  facet normal -0.793244 -0.608904 0
    outer loop
      vertex 9.93168 16.2645 11.2
      vertex 9.78829 16.4513 13.2
      vertex 9.78829 16.4513 11.2
    endloop
  endfacet
  facet normal -0.793244 -0.608904 0
    outer loop
      vertex 9.78829 16.4513 13.2
      vertex 9.93168 16.2645 11.2
      vertex 9.93168 16.2645 13.2
    endloop
  endfacet
  facet normal -0.953738 0.300638 0
    outer loop
      vertex 9.392 18.6988 11.2
      vertex 9.46283 18.9235 13.2
      vertex 9.46283 18.9235 11.2
    endloop
  endfacet
  facet normal -0.953738 0.300638 0
    outer loop
      vertex 9.46283 18.9235 13.2
      vertex 9.392 18.6988 11.2
      vertex 9.392 18.6988 13.2
    endloop
  endfacet
  facet normal -0.99144 -0.130564 0
    outer loop
      vertex 9.34102 17.5312 11.2
      vertex 9.31027 17.7647 13.2
      vertex 9.31027 17.7647 11.2
    endloop
  endfacet
  facet normal -0.99144 -0.130564 0
    outer loop
      vertex 9.31027 17.7647 13.2
      vertex 9.34102 17.5312 11.2
      vertex 9.34102 17.5312 13.2
    endloop
  endfacet
  facet normal -0.130301 -0.991475 0
    outer loop
      vertex 11.5311 15.341 11.2
      vertex 11.7647 15.3103 13.2
      vertex 11.5311 15.341 13.2
    endloop
  endfacet
  facet normal -0.130301 -0.991475 -0
    outer loop
      vertex 11.7647 15.3103 13.2
      vertex 11.5311 15.341 11.2
      vertex 11.7647 15.3103 11.2
    endloop
  endfacet
  facet normal 0.675436 -0.737418 0
    outer loop
      vertex 13.7355 15.9317 11.2
      vertex 13.9092 16.0908 13.2
      vertex 13.7355 15.9317 13.2
    endloop
  endfacet
  facet normal 0.675436 -0.737418 0
    outer loop
      vertex 13.9092 16.0908 13.2
      vertex 13.7355 15.9317 11.2
      vertex 13.9092 16.0908 11.2
    endloop
  endfacet
  facet normal -0.999049 -0.0436049 0
    outer loop
      vertex 9.31027 17.7647 11.2
      vertex 9.3 18 13.2
      vertex 9.3 18 11.2
    endloop
  endfacet
  facet normal -0.999049 -0.0436049 0
    outer loop
      vertex 9.3 18 13.2
      vertex 9.31027 17.7647 11.2
      vertex 9.31027 17.7647 13.2
    endloop
  endfacet
  facet normal 0.737418 -0.675436 0
    outer loop
      vertex 13.9092 16.0908 13.2
      vertex 14.0683 16.2645 11.2
      vertex 14.0683 16.2645 13.2
    endloop
  endfacet
  facet normal 0.737418 -0.675436 0
    outer loop
      vertex 14.0683 16.2645 11.2
      vertex 13.9092 16.0908 13.2
      vertex 13.9092 16.0908 11.2
    endloop
  endfacet
  facet normal -0.886987 0.461794 0
    outer loop
      vertex 9.55297 19.1411 11.2
      vertex 9.66173 19.35 13.2
      vertex 9.66173 19.35 11.2
    endloop
  endfacet
  facet normal -0.886987 0.461794 0
    outer loop
      vertex 9.66173 19.35 13.2
      vertex 9.55297 19.1411 11.2
      vertex 9.55297 19.1411 13.2
    endloop
  endfacet
  facet normal -0.608931 -0.793223 0
    outer loop
      vertex 10.2645 15.9317 11.2
      vertex 10.4513 15.7883 13.2
      vertex 10.2645 15.9317 13.2
    endloop
  endfacet
  facet normal -0.608931 -0.793223 -0
    outer loop
      vertex 10.4513 15.7883 13.2
      vertex 10.2645 15.9317 11.2
      vertex 10.4513 15.7883 11.2
    endloop
  endfacet
  facet normal -0.382927 -0.923779 0
    outer loop
      vertex 10.8589 15.553 11.2
      vertex 11.0765 15.4628 13.2
      vertex 10.8589 15.553 13.2
    endloop
  endfacet
  facet normal -0.382927 -0.923779 -0
    outer loop
      vertex 11.0765 15.4628 13.2
      vertex 10.8589 15.553 11.2
      vertex 11.0765 15.4628 11.2
    endloop
  endfacet
  facet normal -0.843441 -0.537222 0
    outer loop
      vertex 9.78829 16.4513 11.2
      vertex 9.66173 16.65 13.2
      vertex 9.66173 16.65 11.2
    endloop
  endfacet
  facet normal -0.843441 -0.537222 0
    outer loop
      vertex 9.66173 16.65 13.2
      vertex 9.78829 16.4513 11.2
      vertex 9.78829 16.4513 13.2
    endloop
  endfacet
  facet normal -0.886987 -0.461794 0
    outer loop
      vertex 9.66173 16.65 11.2
      vertex 9.55297 16.8589 13.2
      vertex 9.55297 16.8589 11.2
    endloop
  endfacet
  facet normal -0.886987 -0.461794 0
    outer loop
      vertex 9.55297 16.8589 13.2
      vertex 9.66173 16.65 11.2
      vertex 9.66173 16.65 13.2
    endloop
  endfacet
  facet normal 0.537342 -0.843364 0
    outer loop
      vertex 13.35 15.6617 11.2
      vertex 13.5487 15.7883 13.2
      vertex 13.35 15.6617 13.2
    endloop
  endfacet
  facet normal 0.537342 -0.843364 0
    outer loop
      vertex 13.5487 15.7883 13.2
      vertex 13.35 15.6617 11.2
      vertex 13.5487 15.7883 11.2
    endloop
  endfacet
  facet normal -0.923869 0.382709 0
    outer loop
      vertex 9.46283 18.9235 11.2
      vertex 9.55297 19.1411 13.2
      vertex 9.55297 19.1411 11.2
    endloop
  endfacet
  facet normal -0.923869 0.382709 0
    outer loop
      vertex 9.55297 19.1411 13.2
      vertex 9.46283 18.9235 11.2
      vertex 9.46283 18.9235 13.2
    endloop
  endfacet
  facet normal -0.843385 -0.53731 0
    outer loop
      vertex -17.2266 -18.8901 0.4
      vertex -17.6344 -18.25 11.2
      vertex -17.6344 -18.25 0.4
    endloop
  endfacet
  facet normal -0.843385 -0.53731 0
    outer loop
      vertex -17.6344 -18.25 11.2
      vertex -17.2266 -18.8901 0.4
      vertex -17.2266 -18.8901 11.2
    endloop
  endfacet
  facet normal 0.521611 -0.47794 -0.70675
    outer loop
      vertex 16.7646 -19.4922 0.4
      vertex 15.969 -19.769 0
      vertex 16.4582 -19.2351 0
    endloop
  endfacet
  facet normal -0.53731 0.843385 0
    outer loop
      vertex -14.45 21.4344 0.4
      vertex -15.0901 21.0266 11.2
      vertex -14.45 21.4344 11.2
    endloop
  endfacet
  facet normal -0.53731 0.843385 0
    outer loop
      vertex -15.0901 21.0266 11.2
      vertex -14.45 21.4344 0.4
      vertex -15.0901 21.0266 0.4
    endloop
  endfacet
  facet normal 0.653567 0.270748 -0.706785
    outer loop
      vertex 17.8994 16.7388 0
      vertex 17.6223 17.4077 0
      vertex 18.2753 16.8756 0.4
    endloop
  endfacet
  facet normal 0.380149 -0.596697 -0.70671
    outer loop
      vertex 15.0901 -21.0266 0.4
      vertex 14.45 -21.4344 0.4
      vertex 14.8607 -20.699 0
    endloop
  endfacet
  facet normal -0.737264 0.675605 0
    outer loop
      vertex -16.7646 19.4922 0.4
      vertex -16.2518 20.0518 11.2
      vertex -16.2518 20.0518 0.4
    endloop
  endfacet
  facet normal -0.737264 0.675605 0
    outer loop
      vertex -16.2518 20.0518 11.2
      vertex -16.7646 19.4922 0.4
      vertex -16.7646 19.4922 11.2
    endloop
  endfacet
  facet normal 0.999048 -0.0436145 0
    outer loop
      vertex 18.7669 -14.6582 11.2
      vertex 18.8 -13.9 0.4
      vertex 18.8 -13.9 11.2
    endloop
  endfacet
  facet normal 0.999048 -0.0436145 0
    outer loop
      vertex 18.8 -13.9 0.4
      vertex 18.7669 -14.6582 11.2
      vertex 18.7669 -14.6582 0.4
    endloop
  endfacet
  facet normal 1 -0 0
    outer loop
      vertex 18.8 -13.9 11.2
      vertex 18.8 13.9 0.4
      vertex 18.8 13.9 11.2
    endloop
  endfacet
  facet normal 1 0 0
    outer loop
      vertex 18.8 13.9 0.4
      vertex 18.8 -13.9 11.2
      vertex 18.8 -13.9 0.4
    endloop
  endfacet
  facet normal 0.0923307 -0.70142 -0.706743
    outer loop
      vertex 11.6107 -22.4678 0.4
      vertex 10.8234 -22.1684 0
      vertex 11.5413 -22.0739 0
    endloop
  endfacet
  facet normal 0 1 -0
    outer loop
      vertex 10.1 22.6 0.4
      vertex -10.1 22.6 11.2
      vertex 10.1 22.6 11.2
    endloop
  endfacet
  facet normal 0 1 0
    outer loop
      vertex -10.1 22.6 11.2
      vertex 10.1 22.6 0.4
      vertex -10.1 22.6 0.4
    endloop
  endfacet
  facet normal -0.0308735 0.70677 -0.70677
    outer loop
      vertex -10.1 22.2 0
      vertex -10.8234 22.1684 0
      vertex -10.1 22.6 0.4
    endloop
  endfacet
  facet normal -0.999048 -0.0436145 0
    outer loop
      vertex -18.7669 -14.6582 0.4
      vertex -18.8 -13.9 11.2
      vertex -18.8 -13.9 0.4
    endloop
  endfacet
  facet normal -0.999048 -0.0436145 0
    outer loop
      vertex -18.8 -13.9 11.2
      vertex -18.7669 -14.6582 0.4
      vertex -18.7669 -14.6582 11.2
    endloop
  endfacet
  facet normal -0.976289 0.21647 0
    outer loop
      vertex -18.6678 15.4107 0.4
      vertex -18.5035 16.1517 11.2
      vertex -18.5035 16.1517 0.4
    endloop
  endfacet
  facet normal -0.976289 0.21647 0
    outer loop
      vertex -18.5035 16.1517 11.2
      vertex -18.6678 15.4107 0.4
      vertex -18.6678 15.4107 11.2
    endloop
  endfacet
  facet normal -0.70138 0.0923255 -0.706783
    outer loop
      vertex -18.3684 14.6234 0
      vertex -18.7669 14.6582 0.4
      vertex -18.2739 15.3413 0
    endloop
  endfacet
  facet normal 0.976289 -0.21647 0
    outer loop
      vertex 18.5035 -16.1517 11.2
      vertex 18.6678 -15.4107 0.4
      vertex 18.6678 -15.4107 11.2
    endloop
  endfacet
  facet normal 0.976289 -0.21647 0
    outer loop
      vertex 18.6678 -15.4107 0.4
      vertex 18.5035 -16.1517 11.2
      vertex 18.5035 -16.1517 0.4
    endloop
  endfacet
  facet normal -0.653534 -0.270659 -0.70685
    outer loop
      vertex -17.9849 -17.5768 0.4
      vertex -18.2753 -16.8756 0.4
      vertex -17.6223 -17.4077 0
    endloop
  endfacet
  facet normal -0.6907 0.153147 -0.706738
    outer loop
      vertex -18.2739 15.3413 0
      vertex -18.6678 15.4107 0.4
      vertex -18.5035 16.1517 0.4
    endloop
  endfacet
  facet normal -0.130567 -0.991439 0
    outer loop
      vertex -11.6107 -22.4678 0.4
      vertex -10.8582 -22.5669 11.2
      vertex -11.6107 -22.4678 11.2
    endloop
  endfacet
  facet normal -0.130567 -0.991439 -0
    outer loop
      vertex -10.8582 -22.5669 11.2
      vertex -11.6107 -22.4678 0.4
      vertex -10.8582 -22.5669 0.4
    endloop
  endfacet
  facet normal 0.0308735 -0.70677 -0.70677
    outer loop
      vertex 10.8234 -22.1684 0
      vertex 10.1 -22.6 0.4
      vertex 10.1 -22.2 0
    endloop
  endfacet
  facet normal -0.627542 -0.326619 -0.706761
    outer loop
      vertex -17.288 -18.05 0
      vertex -17.6344 -18.25 0.4
      vertex -17.6223 -17.4077 0
    endloop
  endfacet
  facet normal -0.991439 -0.130567 0
    outer loop
      vertex -18.6678 -15.4107 0.4
      vertex -18.7669 -14.6582 11.2
      vertex -18.7669 -14.6582 0.4
    endloop
  endfacet
  facet normal -0.991439 -0.130567 0
    outer loop
      vertex -18.7669 -14.6582 11.2
      vertex -18.6678 -15.4107 0.4
      vertex -18.6678 -15.4107 11.2
    endloop
  endfacet
  facet normal 0.270683 -0.653592 -0.706787
    outer loop
      vertex 13.0756 -22.0753 0.4
      vertex 12.9388 -21.6994 0
      vertex 13.7768 -21.7849 0.4
    endloop
  endfacet
  facet normal -0.326663 0.627418 -0.706851
    outer loop
      vertex -13.6077 21.4223 0
      vertex -14.45 21.4344 0.4
      vertex -13.7768 21.7849 0.4
    endloop
  endfacet
  facet normal -1 0 0
    outer loop
      vertex -18.8 -13.9 0.4
      vertex -18.8 13.9 11.2
      vertex -18.8 13.9 0.4
    endloop
  endfacet
  facet normal -1 -0 0
    outer loop
      vertex -18.8 13.9 11.2
      vertex -18.8 -13.9 0.4
      vertex -18.8 -13.9 11.2
    endloop
  endfacet
  facet normal 0.0436145 -0.999048 0
    outer loop
      vertex 10.1 -22.6 0.4
      vertex 10.8582 -22.5669 11.2
      vertex 10.1 -22.6 11.2
    endloop
  endfacet
  facet normal 0.0436145 -0.999048 0
    outer loop
      vertex 10.8582 -22.5669 11.2
      vertex 10.1 -22.6 0.4
      vertex 10.8582 -22.5669 0.4
    endloop
  endfacet
  facet normal 0.382631 -0.923901 0
    outer loop
      vertex 13.0756 -22.0753 0.4
      vertex 13.7768 -21.7849 11.2
      vertex 13.0756 -22.0753 11.2
    endloop
  endfacet
  facet normal 0.382631 -0.923901 0
    outer loop
      vertex 13.7768 -21.7849 11.2
      vertex 13.0756 -22.0753 0.4
      vertex 13.7768 -21.7849 0.4
    endloop
  endfacet
  facet normal -0.706752 -0.0308728 -0.706788
    outer loop
      vertex -18.3684 -14.6234 0
      vertex -18.7669 -14.6582 0.4
      vertex -18.4 -13.9 0
    endloop
  endfacet
  facet normal -0.382631 0.923901 0
    outer loop
      vertex -13.0756 22.0753 0.4
      vertex -13.7768 21.7849 11.2
      vertex -13.0756 22.0753 11.2
    endloop
  endfacet
  facet normal -0.382631 0.923901 0
    outer loop
      vertex -13.7768 21.7849 11.2
      vertex -13.0756 22.0753 0.4
      vertex -13.7768 21.7849 0.4
    endloop
  endfacet
  facet normal 0.843385 0.53731 0
    outer loop
      vertex 17.6344 18.25 11.2
      vertex 17.2266 18.8901 0.4
      vertex 17.2266 18.8901 11.2
    endloop
  endfacet
  facet normal 0.843385 0.53731 0
    outer loop
      vertex 17.2266 18.8901 0.4
      vertex 17.6344 18.25 11.2
      vertex 17.6344 18.25 0.4
    endloop
  endfacet
  facet normal 0.461805 0.886982 -0
    outer loop
      vertex 14.45 21.4344 0.4
      vertex 13.7768 21.7849 11.2
      vertex 14.45 21.4344 11.2
    endloop
  endfacet
  facet normal 0.461805 0.886982 0
    outer loop
      vertex 13.7768 21.7849 11.2
      vertex 14.45 21.4344 0.4
      vertex 13.7768 21.7849 0.4
    endloop
  endfacet
  facet normal 0.430672 0.561272 -0.706749
    outer loop
      vertex 15.4351 20.2582 0
      vertex 15.0901 21.0266 0.4
      vertex 15.6922 20.5646 0.4
    endloop
  endfacet
  facet normal -0.43073 -0.561278 -0.70671
    outer loop
      vertex -15.0901 -21.0266 0.4
      vertex -15.4351 -20.2582 0
      vertex -14.8607 -20.699 0
    endloop
  endfacet
  facet normal -0.561303 -0.430696 -0.706711
    outer loop
      vertex -16.7646 -19.4922 0.4
      vertex -17.2266 -18.8901 0.4
      vertex -16.899 -18.6607 0
    endloop
  endfacet
  facet normal 0.70677 0.0308548 -0.70677
    outer loop
      vertex 18.8 13.9 0.4
      vertex 18.4 13.9 0
      vertex 18.7669 14.6582 0.4
    endloop
  endfacet
  facet normal -0.923901 -0.382631 0
    outer loop
      vertex -17.9849 -17.5768 0.4
      vertex -18.2753 -16.8756 11.2
      vertex -18.2753 -16.8756 0.4
    endloop
  endfacet
  facet normal -0.923901 -0.382631 0
    outer loop
      vertex -18.2753 -16.8756 11.2
      vertex -17.9849 -17.5768 0.4
      vertex -17.9849 -17.5768 11.2
    endloop
  endfacet
  facet normal 0.270723 0.653506 -0.706851
    outer loop
      vertex 13.6077 21.4223 0
      vertex 12.9388 21.6994 0
      vertex 13.7768 21.7849 0.4
    endloop
  endfacet
  facet normal 0.999048 0.0436145 0
    outer loop
      vertex 18.8 13.9 11.2
      vertex 18.7669 14.6582 0.4
      vertex 18.7669 14.6582 11.2
    endloop
  endfacet
  facet normal 0.999048 0.0436145 0
    outer loop
      vertex 18.7669 14.6582 0.4
      vertex 18.8 13.9 11.2
      vertex 18.8 13.9 0.4
    endloop
  endfacet
  facet normal -0.843385 0.53731 0
    outer loop
      vertex -17.6344 18.25 0.4
      vertex -17.2266 18.8901 11.2
      vertex -17.2266 18.8901 0.4
    endloop
  endfacet
  facet normal -0.843385 0.53731 0
    outer loop
      vertex -17.2266 18.8901 11.2
      vertex -17.6344 18.25 0.4
      vertex -17.6344 18.25 11.2
    endloop
  endfacet
  facet normal -0.0436145 0.999048 0
    outer loop
      vertex -10.1 22.6 0.4
      vertex -10.8582 22.5669 11.2
      vertex -10.1 22.6 11.2
    endloop
  endfacet
  facet normal -0.0436145 0.999048 0
    outer loop
      vertex -10.8582 22.5669 11.2
      vertex -10.1 22.6 0.4
      vertex -10.8582 22.5669 0.4
    endloop
  endfacet
  facet normal -0.0923672 0.701376 -0.706782
    outer loop
      vertex -10.8234 22.1684 0
      vertex -11.6107 22.4678 0.4
      vertex -10.8582 22.5669 0.4
    endloop
  endfacet
  facet normal -0.461805 0.886982 0
    outer loop
      vertex -13.7768 21.7849 0.4
      vertex -14.45 21.4344 11.2
      vertex -13.7768 21.7849 11.2
    endloop
  endfacet
  facet normal -0.461805 0.886982 0
    outer loop
      vertex -14.45 21.4344 11.2
      vertex -13.7768 21.7849 0.4
      vertex -14.45 21.4344 0.4
    endloop
  endfacet
  facet normal 0.270723 -0.653506 -0.706851
    outer loop
      vertex 13.7768 -21.7849 0.4
      vertex 12.9388 -21.6994 0
      vertex 13.6077 -21.4223 0
    endloop
  endfacet
  facet normal 0.923901 -0.382631 0
    outer loop
      vertex 17.9849 -17.5768 11.2
      vertex 18.2753 -16.8756 0.4
      vertex 18.2753 -16.8756 11.2
    endloop
  endfacet
  facet normal 0.923901 -0.382631 0
    outer loop
      vertex 18.2753 -16.8756 0.4
      vertex 17.9849 -17.5768 11.2
      vertex 17.9849 -17.5768 0.4
    endloop
  endfacet
  facet normal -0.70677 0.0308548 -0.70677
    outer loop
      vertex -18.4 13.9 0
      vertex -18.8 13.9 0.4
      vertex -18.7669 14.6582 0.4
    endloop
  endfacet
  facet normal -0.701414 -0.0923722 -0.706744
    outer loop
      vertex -18.6678 -15.4107 0.4
      vertex -18.7669 -14.6582 0.4
      vertex -18.2739 -15.3413 0
    endloop
  endfacet
  facet normal -0.67475 -0.212801 -0.706702
    outer loop
      vertex -17.8994 -16.7388 0
      vertex -18.5035 -16.1517 0.4
      vertex -18.1172 -16.0482 0
    endloop
  endfacet
  facet normal -0.999048 0.0436145 0
    outer loop
      vertex -18.8 13.9 0.4
      vertex -18.7669 14.6582 11.2
      vertex -18.7669 14.6582 0.4
    endloop
  endfacet
  facet normal -0.999048 0.0436145 0
    outer loop
      vertex -18.7669 14.6582 11.2
      vertex -18.8 13.9 0.4
      vertex -18.8 13.9 11.2
    endloop
  endfacet
  facet normal 0.477988 -0.521611 -0.706717
    outer loop
      vertex 16.2518 -20.0518 0.4
      vertex 15.6922 -20.5646 0.4
      vertex 15.969 -19.769 0
    endloop
  endfacet
  facet normal 0.608755 -0.793358 0
    outer loop
      vertex 15.0901 -21.0266 0.4
      vertex 15.6922 -20.5646 11.2
      vertex 15.0901 -21.0266 11.2
    endloop
  endfacet
  facet normal 0.608755 -0.793358 0
    outer loop
      vertex 15.6922 -20.5646 11.2
      vertex 15.0901 -21.0266 0.4
      vertex 15.6922 -20.5646 0.4
    endloop
  endfacet
  facet normal -0.521611 0.47794 -0.70675
    outer loop
      vertex -16.4582 19.2351 0
      vertex -16.7646 19.4922 0.4
      vertex -15.969 19.769 0
    endloop
  endfacet
  facet normal -0.212689 -0.674697 -0.706786
    outer loop
      vertex -12.3517 -22.3035 0.4
      vertex -13.0756 -22.0753 0.4
      vertex -12.9388 -21.6994 0
    endloop
  endfacet
  facet normal -0.21647 -0.976289 0
    outer loop
      vertex -12.3517 -22.3035 0.4
      vertex -11.6107 -22.4678 11.2
      vertex -12.3517 -22.3035 11.2
    endloop
  endfacet
  facet normal -0.21647 -0.976289 -0
    outer loop
      vertex -11.6107 -22.4678 11.2
      vertex -12.3517 -22.3035 0.4
      vertex -11.6107 -22.4678 0.4
    endloop
  endfacet
  facet normal 0.0436145 0.999048 -0
    outer loop
      vertex 10.8582 22.5669 0.4
      vertex 10.1 22.6 11.2
      vertex 10.8582 22.5669 11.2
    endloop
  endfacet
  facet normal 0.0436145 0.999048 0
    outer loop
      vertex 10.1 22.6 11.2
      vertex 10.8582 22.5669 0.4
      vertex 10.1 22.6 0.4
    endloop
  endfacet
  facet normal 0.70677 -0.0308548 -0.70677
    outer loop
      vertex 18.7669 -14.6582 0.4
      vertex 18.4 -13.9 0
      vertex 18.8 -13.9 0.4
    endloop
  endfacet
  facet normal 0.53731 -0.843385 0
    outer loop
      vertex 14.45 -21.4344 0.4
      vertex 15.0901 -21.0266 11.2
      vertex 14.45 -21.4344 11.2
    endloop
  endfacet
  facet normal 0.53731 -0.843385 0
    outer loop
      vertex 15.0901 -21.0266 11.2
      vertex 14.45 -21.4344 0.4
      vertex 15.0901 -21.0266 0.4
    endloop
  endfacet
  facet normal -0.674697 -0.212689 -0.706786
    outer loop
      vertex -18.2753 -16.8756 0.4
      vertex -18.5035 -16.1517 0.4
      vertex -17.8994 -16.7388 0
    endloop
  endfacet
  facet normal -0.608755 -0.793358 0
    outer loop
      vertex -15.6922 -20.5646 0.4
      vertex -15.0901 -21.0266 11.2
      vertex -15.6922 -20.5646 11.2
    endloop
  endfacet
  facet normal -0.608755 -0.793358 -0
    outer loop
      vertex -15.0901 -21.0266 11.2
      vertex -15.6922 -20.5646 0.4
      vertex -15.0901 -21.0266 0.4
    endloop
  endfacet
  facet normal -0.976289 -0.21647 0
    outer loop
      vertex -18.5035 -16.1517 0.4
      vertex -18.6678 -15.4107 11.2
      vertex -18.6678 -15.4107 0.4
    endloop
  endfacet
  facet normal -0.976289 -0.21647 0
    outer loop
      vertex -18.6678 -15.4107 11.2
      vertex -18.5035 -16.1517 0.4
      vertex -18.5035 -16.1517 11.2
    endloop
  endfacet
  facet normal -0.6907 -0.153147 -0.706738
    outer loop
      vertex -18.5035 -16.1517 0.4
      vertex -18.6678 -15.4107 0.4
      vertex -18.2739 -15.3413 0
    endloop
  endfacet
  facet normal 0.596683 -0.380072 -0.706764
    outer loop
      vertex 17.6344 -18.25 0.4
      vertex 16.899 -18.6607 0
      vertex 17.288 -18.05 0
    endloop
  endfacet
  facet normal -0.130567 0.991439 0
    outer loop
      vertex -10.8582 22.5669 0.4
      vertex -11.6107 22.4678 11.2
      vertex -10.8582 22.5669 11.2
    endloop
  endfacet
  facet normal -0.130567 0.991439 0
    outer loop
      vertex -11.6107 22.4678 11.2
      vertex -10.8582 22.5669 0.4
      vertex -11.6107 22.4678 0.4
    endloop
  endfacet
  facet normal -0.991439 0.130567 0
    outer loop
      vertex -18.7669 14.6582 0.4
      vertex -18.6678 15.4107 11.2
      vertex -18.6678 15.4107 0.4
    endloop
  endfacet
  facet normal -0.991439 0.130567 0
    outer loop
      vertex -18.6678 15.4107 11.2
      vertex -18.7669 14.6582 0.4
      vertex -18.7669 14.6582 11.2
    endloop
  endfacet
  facet normal 0.675605 -0.737264 0
    outer loop
      vertex 15.6922 -20.5646 0.4
      vertex 16.2518 -20.0518 11.2
      vertex 15.6922 -20.5646 11.2
    endloop
  endfacet
  facet normal 0.675605 -0.737264 0
    outer loop
      vertex 16.2518 -20.0518 11.2
      vertex 15.6922 -20.5646 0.4
      vertex 16.2518 -20.0518 0.4
    endloop
  endfacet
  facet normal 0.886982 0.461805 0
    outer loop
      vertex 17.9849 17.5768 11.2
      vertex 17.6344 18.25 0.4
      vertex 17.6344 18.25 11.2
    endloop
  endfacet
  facet normal 0.886982 0.461805 0
    outer loop
      vertex 17.6344 18.25 0.4
      vertex 17.9849 17.5768 11.2
      vertex 17.9849 17.5768 0.4
    endloop
  endfacet
  facet normal 0.596683 0.380072 -0.706764
    outer loop
      vertex 17.288 18.05 0
      vertex 16.899 18.6607 0
      vertex 17.6344 18.25 0.4
    endloop
  endfacet
  facet normal -0.596683 -0.380072 -0.706764
    outer loop
      vertex -16.899 -18.6607 0
      vertex -17.6344 -18.25 0.4
      vertex -17.288 -18.05 0
    endloop
  endfacet
  facet normal 0.0923672 0.701376 -0.706782
    outer loop
      vertex 11.6107 22.4678 0.4
      vertex 10.8234 22.1684 0
      vertex 10.8582 22.5669 0.4
    endloop
  endfacet
  facet normal 0.674697 -0.212689 -0.706786
    outer loop
      vertex 18.2753 -16.8756 0.4
      vertex 17.8994 -16.7388 0
      vertex 18.5035 -16.1517 0.4
    endloop
  endfacet
  facet normal -0.212689 0.674697 -0.706786
    outer loop
      vertex -12.9388 21.6994 0
      vertex -13.0756 22.0753 0.4
      vertex -12.3517 22.3035 0.4
    endloop
  endfacet
  facet normal 0.886982 -0.461805 0
    outer loop
      vertex 17.6344 -18.25 11.2
      vertex 17.9849 -17.5768 0.4
      vertex 17.9849 -17.5768 11.2
    endloop
  endfacet
  facet normal 0.886982 -0.461805 0
    outer loop
      vertex 17.9849 -17.5768 0.4
      vertex 17.6344 -18.25 11.2
      vertex 17.6344 -18.25 0.4
    endloop
  endfacet
  facet normal -0.212801 0.67475 -0.706702
    outer loop
      vertex -12.2482 21.9172 0
      vertex -12.9388 21.6994 0
      vertex -12.3517 22.3035 0.4
    endloop
  endfacet
  facet normal -0.886982 -0.461805 0
    outer loop
      vertex -17.6344 -18.25 0.4
      vertex -17.9849 -17.5768 11.2
      vertex -17.9849 -17.5768 0.4
    endloop
  endfacet
  facet normal -0.886982 -0.461805 0
    outer loop
      vertex -17.9849 -17.5768 11.2
      vertex -17.6344 -18.25 0.4
      vertex -17.6344 -18.25 11.2
    endloop
  endfacet
  facet normal -0.461805 -0.886982 0
    outer loop
      vertex -14.45 -21.4344 0.4
      vertex -13.7768 -21.7849 11.2
      vertex -14.45 -21.4344 11.2
    endloop
  endfacet
  facet normal -0.461805 -0.886982 -0
    outer loop
      vertex -13.7768 -21.7849 11.2
      vertex -14.45 -21.4344 0.4
      vertex -13.7768 -21.7849 0.4
    endloop
  endfacet
  facet normal 0.153118 -0.690742 -0.706704
    outer loop
      vertex 12.3517 -22.3035 0.4
      vertex 11.5413 -22.0739 0
      vertex 12.2482 -21.9172 0
    endloop
  endfacet
  facet normal 0.653567 -0.270748 -0.706785
    outer loop
      vertex 18.2753 -16.8756 0.4
      vertex 17.6223 -17.4077 0
      vertex 17.8994 -16.7388 0
    endloop
  endfacet
  facet normal 0.596697 -0.380149 -0.70671
    outer loop
      vertex 17.2266 -18.8901 0.4
      vertex 16.899 -18.6607 0
      vertex 17.6344 -18.25 0.4
    endloop
  endfacet
  facet normal -0.674697 0.212689 -0.706786
    outer loop
      vertex -17.8994 16.7388 0
      vertex -18.5035 16.1517 0.4
      vertex -18.2753 16.8756 0.4
    endloop
  endfacet
  facet normal 0.43073 0.561278 -0.70671
    outer loop
      vertex 15.4351 20.2582 0
      vertex 14.8607 20.699 0
      vertex 15.0901 21.0266 0.4
    endloop
  endfacet
  facet normal 0.561246 0.430705 -0.70675
    outer loop
      vertex 16.899 18.6607 0
      vertex 16.4582 19.2351 0
      vertex 16.7646 19.4922 0.4
    endloop
  endfacet
  facet normal -0.70677 -0.0308548 -0.70677
    outer loop
      vertex -18.7669 -14.6582 0.4
      vertex -18.8 -13.9 0.4
      vertex -18.4 -13.9 0
    endloop
  endfacet
  facet normal -0.675605 0.737264 0
    outer loop
      vertex -15.6922 20.5646 0.4
      vertex -16.2518 20.0518 11.2
      vertex -15.6922 20.5646 11.2
    endloop
  endfacet
  facet normal -0.675605 0.737264 0
    outer loop
      vertex -16.2518 20.0518 11.2
      vertex -15.6922 20.5646 0.4
      vertex -16.2518 20.0518 0.4
    endloop
  endfacet
  facet normal 0.843385 -0.53731 0
    outer loop
      vertex 17.2266 -18.8901 11.2
      vertex 17.6344 -18.25 0.4
      vertex 17.6344 -18.25 11.2
    endloop
  endfacet
  facet normal 0.843385 -0.53731 0
    outer loop
      vertex 17.6344 -18.25 0.4
      vertex 17.2266 -18.8901 11.2
      vertex 17.2266 -18.8901 0.4
    endloop
  endfacet
  facet normal 0.923901 0.382631 0
    outer loop
      vertex 18.2753 16.8756 11.2
      vertex 17.9849 17.5768 0.4
      vertex 17.9849 17.5768 11.2
    endloop
  endfacet
  facet normal 0.923901 0.382631 0
    outer loop
      vertex 17.9849 17.5768 0.4
      vertex 18.2753 16.8756 11.2
      vertex 18.2753 16.8756 0.4
    endloop
  endfacet
  facet normal -0.737264 -0.675605 0
    outer loop
      vertex -16.2518 -20.0518 0.4
      vertex -16.7646 -19.4922 11.2
      vertex -16.7646 -19.4922 0.4
    endloop
  endfacet
  facet normal -0.737264 -0.675605 0
    outer loop
      vertex -16.7646 -19.4922 11.2
      vertex -16.2518 -20.0518 0.4
      vertex -16.2518 -20.0518 11.2
    endloop
  endfacet
  facet normal -0.627418 -0.326663 -0.706851
    outer loop
      vertex -17.6344 -18.25 0.4
      vertex -17.9849 -17.5768 0.4
      vertex -17.6223 -17.4077 0
    endloop
  endfacet
  facet normal -0.653567 -0.270748 -0.706785
    outer loop
      vertex -17.6223 -17.4077 0
      vertex -18.2753 -16.8756 0.4
      vertex -17.8994 -16.7388 0
    endloop
  endfacet
  facet normal 0.21647 0.976289 -0
    outer loop
      vertex 12.3517 22.3035 0.4
      vertex 11.6107 22.4678 11.2
      vertex 12.3517 22.3035 11.2
    endloop
  endfacet
  facet normal 0.21647 0.976289 0
    outer loop
      vertex 11.6107 22.4678 11.2
      vertex 12.3517 22.3035 0.4
      vertex 11.6107 22.4678 0.4
    endloop
  endfacet
  facet normal 0.477988 0.521611 -0.706717
    outer loop
      vertex 15.969 19.769 0
      vertex 15.6922 20.5646 0.4
      vertex 16.2518 20.0518 0.4
    endloop
  endfacet
  facet normal -0.561303 0.430696 -0.706711
    outer loop
      vertex -16.899 18.6607 0
      vertex -17.2266 18.8901 0.4
      vertex -16.7646 19.4922 0.4
    endloop
  endfacet
  facet normal -0.70138 -0.0923255 -0.706783
    outer loop
      vertex -18.2739 -15.3413 0
      vertex -18.7669 -14.6582 0.4
      vertex -18.3684 -14.6234 0
    endloop
  endfacet
  facet normal 0 -1 0
    outer loop
      vertex -10.1 -22.6 0.4
      vertex 10.1 -22.6 11.2
      vertex -10.1 -22.6 11.2
    endloop
  endfacet
  facet normal 0 -1 -0
    outer loop
      vertex 10.1 -22.6 11.2
      vertex -10.1 -22.6 0.4
      vertex 10.1 -22.6 0.4
    endloop
  endfacet
  facet normal 0.976289 0.21647 0
    outer loop
      vertex 18.6678 15.4107 11.2
      vertex 18.5035 16.1517 0.4
      vertex 18.5035 16.1517 11.2
    endloop
  endfacet
  facet normal 0.976289 0.21647 0
    outer loop
      vertex 18.5035 16.1517 0.4
      vertex 18.6678 15.4107 11.2
      vertex 18.6678 15.4107 0.4
    endloop
  endfacet
  facet normal 0.43073 -0.561278 -0.70671
    outer loop
      vertex 15.0901 -21.0266 0.4
      vertex 14.8607 -20.699 0
      vertex 15.4351 -20.2582 0
    endloop
  endfacet
  facet normal 0.130567 -0.991439 0
    outer loop
      vertex 10.8582 -22.5669 0.4
      vertex 11.6107 -22.4678 11.2
      vertex 10.8582 -22.5669 11.2
    endloop
  endfacet
  facet normal 0.130567 -0.991439 0
    outer loop
      vertex 11.6107 -22.4678 11.2
      vertex 10.8582 -22.5669 0.4
      vertex 11.6107 -22.4678 0.4
    endloop
  endfacet
  facet normal -0.326663 -0.627418 -0.706851
    outer loop
      vertex -13.7768 -21.7849 0.4
      vertex -14.45 -21.4344 0.4
      vertex -13.6077 -21.4223 0
    endloop
  endfacet
  facet normal -0.21647 0.976289 0
    outer loop
      vertex -11.6107 22.4678 0.4
      vertex -12.3517 22.3035 11.2
      vertex -11.6107 22.4678 11.2
    endloop
  endfacet
  facet normal -0.21647 0.976289 0
    outer loop
      vertex -12.3517 22.3035 11.2
      vertex -11.6107 22.4678 0.4
      vertex -12.3517 22.3035 0.4
    endloop
  endfacet
  facet normal -0.793358 -0.608755 0
    outer loop
      vertex -16.7646 -19.4922 0.4
      vertex -17.2266 -18.8901 11.2
      vertex -17.2266 -18.8901 0.4
    endloop
  endfacet
  facet normal -0.793358 -0.608755 0
    outer loop
      vertex -17.2266 -18.8901 11.2
      vertex -16.7646 -19.4922 0.4
      vertex -16.7646 -19.4922 11.2
    endloop
  endfacet
  facet normal 0.212801 -0.67475 -0.706702
    outer loop
      vertex 12.3517 -22.3035 0.4
      vertex 12.2482 -21.9172 0
      vertex 12.9388 -21.6994 0
    endloop
  endfacet
  facet normal -0.608755 0.793358 0
    outer loop
      vertex -15.0901 21.0266 0.4
      vertex -15.6922 20.5646 11.2
      vertex -15.0901 21.0266 11.2
    endloop
  endfacet
  facet normal -0.608755 0.793358 0
    outer loop
      vertex -15.6922 20.5646 11.2
      vertex -15.0901 21.0266 0.4
      vertex -15.6922 20.5646 0.4
    endloop
  endfacet
  facet normal 0.991439 0.130567 0
    outer loop
      vertex 18.7669 14.6582 11.2
      vertex 18.6678 15.4107 0.4
      vertex 18.6678 15.4107 11.2
    endloop
  endfacet
  facet normal 0.991439 0.130567 0
    outer loop
      vertex 18.6678 15.4107 0.4
      vertex 18.7669 14.6582 11.2
      vertex 18.7669 14.6582 0.4
    endloop
  endfacet
  facet normal -0.270683 0.653592 -0.706787
    outer loop
      vertex -12.9388 21.6994 0
      vertex -13.7768 21.7849 0.4
      vertex -13.0756 22.0753 0.4
    endloop
  endfacet
  facet normal -0.596697 -0.380149 -0.70671
    outer loop
      vertex -17.2266 -18.8901 0.4
      vertex -17.6344 -18.25 0.4
      vertex -16.899 -18.6607 0
    endloop
  endfacet
  facet normal -0.953734 -0.300652 0
    outer loop
      vertex -18.2753 -16.8756 0.4
      vertex -18.5035 -16.1517 11.2
      vertex -18.5035 -16.1517 0.4
    endloop
  endfacet
  facet normal -0.953734 -0.300652 0
    outer loop
      vertex -18.5035 -16.1517 11.2
      vertex -18.2753 -16.8756 0.4
      vertex -18.2753 -16.8756 11.2
    endloop
  endfacet
  facet normal -0.793358 0.608755 0
    outer loop
      vertex -17.2266 18.8901 0.4
      vertex -16.7646 19.4922 11.2
      vertex -16.7646 19.4922 0.4
    endloop
  endfacet
  facet normal -0.793358 0.608755 0
    outer loop
      vertex -16.7646 19.4922 11.2
      vertex -17.2266 18.8901 0.4
      vertex -17.2266 18.8901 11.2
    endloop
  endfacet
  facet normal 0.461805 -0.886982 0
    outer loop
      vertex 13.7768 -21.7849 0.4
      vertex 14.45 -21.4344 11.2
      vertex 13.7768 -21.7849 11.2
    endloop
  endfacet
  facet normal 0.461805 -0.886982 0
    outer loop
      vertex 14.45 -21.4344 11.2
      vertex 13.7768 -21.7849 0.4
      vertex 14.45 -21.4344 0.4
    endloop
  endfacet
  facet normal -0.380149 -0.596697 -0.70671
    outer loop
      vertex -14.45 -21.4344 0.4
      vertex -15.0901 -21.0266 0.4
      vertex -14.8607 -20.699 0
    endloop
  endfacet
  facet normal 0.212689 0.674697 -0.706786
    outer loop
      vertex 12.9388 21.6994 0
      vertex 12.3517 22.3035 0.4
      vertex 13.0756 22.0753 0.4
    endloop
  endfacet
  facet normal 0.706752 -0.0308728 -0.706788
    outer loop
      vertex 18.7669 -14.6582 0.4
      vertex 18.3684 -14.6234 0
      vertex 18.4 -13.9 0
    endloop
  endfacet
  facet normal -0.0308735 -0.70677 -0.70677
    outer loop
      vertex -10.1 -22.6 0.4
      vertex -10.8234 -22.1684 0
      vertex -10.1 -22.2 0
    endloop
  endfacet
  facet normal 0.596697 0.380149 -0.70671
    outer loop
      vertex 17.6344 18.25 0.4
      vertex 16.899 18.6607 0
      vertex 17.2266 18.8901 0.4
    endloop
  endfacet
  facet normal -0.030854 0.706753 -0.706787
    outer loop
      vertex -10.8234 22.1684 0
      vertex -10.8582 22.5669 0.4
      vertex -10.1 22.6 0.4
    endloop
  endfacet
  facet normal 0.627418 -0.326663 -0.706851
    outer loop
      vertex 17.6344 -18.25 0.4
      vertex 17.6223 -17.4077 0
      vertex 17.9849 -17.5768 0.4
    endloop
  endfacet
  facet normal -0.690742 -0.153118 -0.706704
    outer loop
      vertex -18.1172 -16.0482 0
      vertex -18.5035 -16.1517 0.4
      vertex -18.2739 -15.3413 0
    endloop
  endfacet
  facet normal 0.793358 -0.608755 0
    outer loop
      vertex 16.7646 -19.4922 11.2
      vertex 17.2266 -18.8901 0.4
      vertex 17.2266 -18.8901 11.2
    endloop
  endfacet
  facet normal 0.793358 -0.608755 0
    outer loop
      vertex 17.2266 -18.8901 0.4
      vertex 16.7646 -19.4922 11.2
      vertex 16.7646 -19.4922 0.4
    endloop
  endfacet
  facet normal -0.0436145 -0.999048 0
    outer loop
      vertex -10.8582 -22.5669 0.4
      vertex -10.1 -22.6 11.2
      vertex -10.8582 -22.5669 11.2
    endloop
  endfacet
  facet normal -0.0436145 -0.999048 -0
    outer loop
      vertex -10.1 -22.6 11.2
      vertex -10.8582 -22.5669 0.4
      vertex -10.1 -22.6 0.4
    endloop
  endfacet
  facet normal -0.0923672 -0.701376 -0.706782
    outer loop
      vertex -10.8582 -22.5669 0.4
      vertex -11.6107 -22.4678 0.4
      vertex -10.8234 -22.1684 0
    endloop
  endfacet
  facet normal -0.521611 -0.477988 -0.706717
    outer loop
      vertex -16.2518 -20.0518 0.4
      vertex -16.7646 -19.4922 0.4
      vertex -15.969 -19.769 0
    endloop
  endfacet
  facet normal -0.382631 -0.923901 0
    outer loop
      vertex -13.7768 -21.7849 0.4
      vertex -13.0756 -22.0753 11.2
      vertex -13.7768 -21.7849 11.2
    endloop
  endfacet
  facet normal -0.382631 -0.923901 -0
    outer loop
      vertex -13.0756 -22.0753 11.2
      vertex -13.7768 -21.7849 0.4
      vertex -13.0756 -22.0753 0.4
    endloop
  endfacet
  facet normal -0.953734 0.300652 0
    outer loop
      vertex -18.5035 16.1517 0.4
      vertex -18.2753 16.8756 11.2
      vertex -18.2753 16.8756 0.4
    endloop
  endfacet
  facet normal -0.953734 0.300652 0
    outer loop
      vertex -18.2753 16.8756 11.2
      vertex -18.5035 16.1517 0.4
      vertex -18.5035 16.1517 11.2
    endloop
  endfacet
  facet normal 0.430672 -0.561272 -0.706749
    outer loop
      vertex 15.6922 -20.5646 0.4
      vertex 15.0901 -21.0266 0.4
      vertex 15.4351 -20.2582 0
    endloop
  endfacet
  facet normal -0.270723 -0.653506 -0.706851
    outer loop
      vertex -12.9388 -21.6994 0
      vertex -13.7768 -21.7849 0.4
      vertex -13.6077 -21.4223 0
    endloop
  endfacet
  facet normal 0.326663 -0.627418 -0.706851
    outer loop
      vertex 13.7768 -21.7849 0.4
      vertex 13.6077 -21.4223 0
      vertex 14.45 -21.4344 0.4
    endloop
  endfacet
  facet normal 0.380072 0.596683 -0.706764
    outer loop
      vertex 14.8607 20.699 0
      vertex 14.25 21.088 0
      vertex 14.45 21.4344 0.4
    endloop
  endfacet
  facet normal -0.326619 -0.627542 -0.706761
    outer loop
      vertex -13.6077 -21.4223 0
      vertex -14.45 -21.4344 0.4
      vertex -14.25 -21.088 0
    endloop
  endfacet
  facet normal 0.521611 -0.477988 -0.706717
    outer loop
      vertex 16.2518 -20.0518 0.4
      vertex 15.969 -19.769 0
      vertex 16.7646 -19.4922 0.4
    endloop
  endfacet
  facet normal -0.923901 0.382631 0
    outer loop
      vertex -18.2753 16.8756 0.4
      vertex -17.9849 17.5768 11.2
      vertex -17.9849 17.5768 0.4
    endloop
  endfacet
  facet normal -0.923901 0.382631 0
    outer loop
      vertex -17.9849 17.5768 11.2
      vertex -18.2753 16.8756 0.4
      vertex -18.2753 16.8756 11.2
    endloop
  endfacet
  facet normal -0.300652 0.953734 0
    outer loop
      vertex -12.3517 22.3035 0.4
      vertex -13.0756 22.0753 11.2
      vertex -12.3517 22.3035 11.2
    endloop
  endfacet
  facet normal -0.300652 0.953734 0
    outer loop
      vertex -13.0756 22.0753 11.2
      vertex -12.3517 22.3035 0.4
      vertex -13.0756 22.0753 0.4
    endloop
  endfacet
  facet normal -0.430672 0.561272 -0.706749
    outer loop
      vertex -15.4351 20.2582 0
      vertex -15.6922 20.5646 0.4
      vertex -15.0901 21.0266 0.4
    endloop
  endfacet
  facet normal -0.300652 -0.953734 0
    outer loop
      vertex -13.0756 -22.0753 0.4
      vertex -12.3517 -22.3035 11.2
      vertex -13.0756 -22.0753 11.2
    endloop
  endfacet
  facet normal -0.300652 -0.953734 -0
    outer loop
      vertex -12.3517 -22.3035 11.2
      vertex -13.0756 -22.0753 0.4
      vertex -12.3517 -22.3035 0.4
    endloop
  endfacet
  facet normal 0.653534 0.270659 -0.70685
    outer loop
      vertex 18.2753 16.8756 0.4
      vertex 17.6223 17.4077 0
      vertex 17.9849 17.5768 0.4
    endloop
  endfacet
  facet normal 0.0923307 0.70142 -0.706743
    outer loop
      vertex 11.5413 22.0739 0
      vertex 10.8234 22.1684 0
      vertex 11.6107 22.4678 0.4
    endloop
  endfacet
  facet normal -0.67475 0.212801 -0.706702
    outer loop
      vertex -18.1172 16.0482 0
      vertex -18.5035 16.1517 0.4
      vertex -17.8994 16.7388 0
    endloop
  endfacet
  facet normal 0.701414 -0.0923722 -0.706744
    outer loop
      vertex 18.6678 -15.4107 0.4
      vertex 18.2739 -15.3413 0
      vertex 18.7669 -14.6582 0.4
    endloop
  endfacet
  facet normal 0.53731 0.843385 -0
    outer loop
      vertex 15.0901 21.0266 0.4
      vertex 14.45 21.4344 11.2
      vertex 15.0901 21.0266 11.2
    endloop
  endfacet
  facet normal 0.53731 0.843385 0
    outer loop
      vertex 14.45 21.4344 11.2
      vertex 15.0901 21.0266 0.4
      vertex 14.45 21.4344 0.4
    endloop
  endfacet
  facet normal 0.212689 -0.674697 -0.706786
    outer loop
      vertex 13.0756 -22.0753 0.4
      vertex 12.3517 -22.3035 0.4
      vertex 12.9388 -21.6994 0
    endloop
  endfacet
  facet normal 0.627542 0.326619 -0.706761
    outer loop
      vertex 17.6223 17.4077 0
      vertex 17.288 18.05 0
      vertex 17.6344 18.25 0.4
    endloop
  endfacet
  facet normal 0.300652 -0.953734 0
    outer loop
      vertex 12.3517 -22.3035 0.4
      vertex 13.0756 -22.0753 11.2
      vertex 12.3517 -22.3035 11.2
    endloop
  endfacet
  facet normal 0.300652 -0.953734 0
    outer loop
      vertex 13.0756 -22.0753 11.2
      vertex 12.3517 -22.3035 0.4
      vertex 13.0756 -22.0753 0.4
    endloop
  endfacet
  facet normal -0.270723 0.653506 -0.706851
    outer loop
      vertex -13.6077 21.4223 0
      vertex -13.7768 21.7849 0.4
      vertex -12.9388 21.6994 0
    endloop
  endfacet
  facet normal -0.596697 0.380149 -0.70671
    outer loop
      vertex -16.899 18.6607 0
      vertex -17.6344 18.25 0.4
      vertex -17.2266 18.8901 0.4
    endloop
  endfacet
  facet normal -0.153147 0.6907 -0.706738
    outer loop
      vertex -11.5413 22.0739 0
      vertex -12.3517 22.3035 0.4
      vertex -11.6107 22.4678 0.4
    endloop
  endfacet
  facet normal 0.706752 0.0308728 -0.706788
    outer loop
      vertex 18.4 13.9 0
      vertex 18.3684 14.6234 0
      vertex 18.7669 14.6582 0.4
    endloop
  endfacet
  facet normal -0.0923307 -0.70142 -0.706743
    outer loop
      vertex -10.8234 -22.1684 0
      vertex -11.6107 -22.4678 0.4
      vertex -11.5413 -22.0739 0
    endloop
  endfacet
  facet normal 0.130567 0.991439 -0
    outer loop
      vertex 11.6107 22.4678 0.4
      vertex 10.8582 22.5669 11.2
      vertex 11.6107 22.4678 11.2
    endloop
  endfacet
  facet normal 0.130567 0.991439 0
    outer loop
      vertex 10.8582 22.5669 11.2
      vertex 11.6107 22.4678 0.4
      vertex 10.8582 22.5669 0.4
    endloop
  endfacet
  facet normal -0.030854 -0.706753 -0.706787
    outer loop
      vertex -10.1 -22.6 0.4
      vertex -10.8582 -22.5669 0.4
      vertex -10.8234 -22.1684 0
    endloop
  endfacet
  facet normal -0.561246 -0.430705 -0.70675
    outer loop
      vertex -16.7646 -19.4922 0.4
      vertex -16.899 -18.6607 0
      vertex -16.4582 -19.2351 0
    endloop
  endfacet
  facet normal 0.707107 0 -0.707107
    outer loop
      vertex 18.8 -13.9 0.4
      vertex 18.4 13.9 0
      vertex 18.8 13.9 0.4
    endloop
  endfacet
  facet normal 0.707107 0 -0.707107
    outer loop
      vertex 18.4 13.9 0
      vertex 18.8 -13.9 0.4
      vertex 18.4 -13.9 0
    endloop
  endfacet
  facet normal 0 -0.707107 -0.707107
    outer loop
      vertex -10.1 -22.2 0
      vertex 10.1 -22.6 0.4
      vertex -10.1 -22.6 0.4
    endloop
  endfacet
  facet normal 0 -0.707107 -0.707107
    outer loop
      vertex 10.1 -22.6 0.4
      vertex -10.1 -22.2 0
      vertex 10.1 -22.2 0
    endloop
  endfacet
  facet normal -0.270683 -0.653592 -0.706787
    outer loop
      vertex -13.0756 -22.0753 0.4
      vertex -13.7768 -21.7849 0.4
      vertex -12.9388 -21.6994 0
    endloop
  endfacet
  facet normal -0.886982 0.461805 0
    outer loop
      vertex -17.9849 17.5768 0.4
      vertex -17.6344 18.25 11.2
      vertex -17.6344 18.25 0.4
    endloop
  endfacet
  facet normal -0.886982 0.461805 0
    outer loop
      vertex -17.6344 18.25 11.2
      vertex -17.9849 17.5768 0.4
      vertex -17.9849 17.5768 11.2
    endloop
  endfacet
  facet normal 0.030854 -0.706753 -0.706787
    outer loop
      vertex 10.8582 -22.5669 0.4
      vertex 10.1 -22.6 0.4
      vertex 10.8234 -22.1684 0
    endloop
  endfacet
  facet normal 0.0923672 -0.701376 -0.706782
    outer loop
      vertex 10.8582 -22.5669 0.4
      vertex 10.8234 -22.1684 0
      vertex 11.6107 -22.4678 0.4
    endloop
  endfacet
  facet normal 0.380149 0.596697 -0.70671
    outer loop
      vertex 14.8607 20.699 0
      vertex 14.45 21.4344 0.4
      vertex 15.0901 21.0266 0.4
    endloop
  endfacet
  facet normal 0.382631 0.923901 -0
    outer loop
      vertex 13.7768 21.7849 0.4
      vertex 13.0756 22.0753 11.2
      vertex 13.7768 21.7849 11.2
    endloop
  endfacet
  facet normal 0.382631 0.923901 0
    outer loop
      vertex 13.0756 22.0753 11.2
      vertex 13.7768 21.7849 0.4
      vertex 13.0756 22.0753 0.4
    endloop
  endfacet
  facet normal 0.0308735 0.70677 -0.70677
    outer loop
      vertex 10.8234 22.1684 0
      vertex 10.1 22.2 0
      vertex 10.1 22.6 0.4
    endloop
  endfacet
  facet normal 0.674697 0.212689 -0.706786
    outer loop
      vertex 18.5035 16.1517 0.4
      vertex 17.8994 16.7388 0
      vertex 18.2753 16.8756 0.4
    endloop
  endfacet
  facet normal 0.70138 -0.0923255 -0.706783
    outer loop
      vertex 18.7669 -14.6582 0.4
      vertex 18.2739 -15.3413 0
      vertex 18.3684 -14.6234 0
    endloop
  endfacet
  facet normal 0.953734 -0.300652 0
    outer loop
      vertex 18.2753 -16.8756 11.2
      vertex 18.5035 -16.1517 0.4
      vertex 18.5035 -16.1517 11.2
    endloop
  endfacet
  facet normal 0.953734 -0.300652 0
    outer loop
      vertex 18.5035 -16.1517 0.4
      vertex 18.2753 -16.8756 11.2
      vertex 18.2753 -16.8756 0.4
    endloop
  endfacet
  facet normal 0.300652 0.953734 -0
    outer loop
      vertex 13.0756 22.0753 0.4
      vertex 12.3517 22.3035 11.2
      vertex 13.0756 22.0753 11.2
    endloop
  endfacet
  facet normal 0.300652 0.953734 0
    outer loop
      vertex 12.3517 22.3035 11.2
      vertex 13.0756 22.0753 0.4
      vertex 12.3517 22.3035 0.4
    endloop
  endfacet
  facet normal 0.47794 0.521611 -0.70675
    outer loop
      vertex 15.969 19.769 0
      vertex 15.4351 20.2582 0
      vertex 15.6922 20.5646 0.4
    endloop
  endfacet
  facet normal 0.653534 -0.270659 -0.70685
    outer loop
      vertex 17.9849 -17.5768 0.4
      vertex 17.6223 -17.4077 0
      vertex 18.2753 -16.8756 0.4
    endloop
  endfacet
  facet normal 0.627418 0.326663 -0.706851
    outer loop
      vertex 17.9849 17.5768 0.4
      vertex 17.6223 17.4077 0
      vertex 17.6344 18.25 0.4
    endloop
  endfacet
  facet normal 0.991439 -0.130567 0
    outer loop
      vertex 18.6678 -15.4107 11.2
      vertex 18.7669 -14.6582 0.4
      vertex 18.7669 -14.6582 11.2
    endloop
  endfacet
  facet normal 0.991439 -0.130567 0
    outer loop
      vertex 18.7669 -14.6582 0.4
      vertex 18.6678 -15.4107 11.2
      vertex 18.6678 -15.4107 0.4
    endloop
  endfacet
  facet normal 0.690742 0.153118 -0.706704
    outer loop
      vertex 18.2739 15.3413 0
      vertex 18.1172 16.0482 0
      vertex 18.5035 16.1517 0.4
    endloop
  endfacet
  facet normal -0.380072 -0.596683 -0.706764
    outer loop
      vertex -14.45 -21.4344 0.4
      vertex -14.8607 -20.699 0
      vertex -14.25 -21.088 0
    endloop
  endfacet
  facet normal -0.0923307 0.70142 -0.706743
    outer loop
      vertex -11.5413 22.0739 0
      vertex -11.6107 22.4678 0.4
      vertex -10.8234 22.1684 0
    endloop
  endfacet
  facet normal -0.212801 -0.67475 -0.706702
    outer loop
      vertex -12.3517 -22.3035 0.4
      vertex -12.9388 -21.6994 0
      vertex -12.2482 -21.9172 0
    endloop
  endfacet
  facet normal 0.212801 0.67475 -0.706702
    outer loop
      vertex 12.9388 21.6994 0
      vertex 12.2482 21.9172 0
      vertex 12.3517 22.3035 0.4
    endloop
  endfacet
  facet normal -0.153147 -0.6907 -0.706738
    outer loop
      vertex -11.6107 -22.4678 0.4
      vertex -12.3517 -22.3035 0.4
      vertex -11.5413 -22.0739 0
    endloop
  endfacet
  facet normal -0.690742 0.153118 -0.706704
    outer loop
      vertex -18.2739 15.3413 0
      vertex -18.5035 16.1517 0.4
      vertex -18.1172 16.0482 0
    endloop
  endfacet
  facet normal -0.596683 0.380072 -0.706764
    outer loop
      vertex -17.288 18.05 0
      vertex -17.6344 18.25 0.4
      vertex -16.899 18.6607 0
    endloop
  endfacet
  facet normal 0.561303 0.430696 -0.706711
    outer loop
      vertex 16.899 18.6607 0
      vertex 16.7646 19.4922 0.4
      vertex 17.2266 18.8901 0.4
    endloop
  endfacet
  facet normal 0.690742 -0.153118 -0.706704
    outer loop
      vertex 18.5035 -16.1517 0.4
      vertex 18.1172 -16.0482 0
      vertex 18.2739 -15.3413 0
    endloop
  endfacet
  facet normal 0.67475 -0.212801 -0.706702
    outer loop
      vertex 18.5035 -16.1517 0.4
      vertex 17.8994 -16.7388 0
      vertex 18.1172 -16.0482 0
    endloop
  endfacet
  facet normal 0.737264 0.675605 0
    outer loop
      vertex 16.7646 19.4922 11.2
      vertex 16.2518 20.0518 0.4
      vertex 16.2518 20.0518 11.2
    endloop
  endfacet
  facet normal 0.737264 0.675605 0
    outer loop
      vertex 16.2518 20.0518 0.4
      vertex 16.7646 19.4922 11.2
      vertex 16.7646 19.4922 0.4
    endloop
  endfacet
  facet normal 0.521611 0.477988 -0.706717
    outer loop
      vertex 16.7646 19.4922 0.4
      vertex 15.969 19.769 0
      vertex 16.2518 20.0518 0.4
    endloop
  endfacet
  facet normal 0.70138 0.0923255 -0.706783
    outer loop
      vertex 18.3684 14.6234 0
      vertex 18.2739 15.3413 0
      vertex 18.7669 14.6582 0.4
    endloop
  endfacet
  facet normal 0.675605 0.737264 -0
    outer loop
      vertex 16.2518 20.0518 0.4
      vertex 15.6922 20.5646 11.2
      vertex 16.2518 20.0518 11.2
    endloop
  endfacet
  facet normal 0.675605 0.737264 0
    outer loop
      vertex 15.6922 20.5646 11.2
      vertex 16.2518 20.0518 0.4
      vertex 15.6922 20.5646 0.4
    endloop
  endfacet
  facet normal 0.737264 -0.675605 0
    outer loop
      vertex 16.2518 -20.0518 11.2
      vertex 16.7646 -19.4922 0.4
      vertex 16.7646 -19.4922 11.2
    endloop
  endfacet
  facet normal 0.737264 -0.675605 0
    outer loop
      vertex 16.7646 -19.4922 0.4
      vertex 16.2518 -20.0518 11.2
      vertex 16.2518 -20.0518 0.4
    endloop
  endfacet
  facet normal 0.47794 -0.521611 -0.70675
    outer loop
      vertex 15.6922 -20.5646 0.4
      vertex 15.4351 -20.2582 0
      vertex 15.969 -19.769 0
    endloop
  endfacet
  facet normal -0.521611 -0.47794 -0.70675
    outer loop
      vertex -15.969 -19.769 0
      vertex -16.7646 -19.4922 0.4
      vertex -16.4582 -19.2351 0
    endloop
  endfacet
  facet normal 0.326619 -0.627542 -0.706761
    outer loop
      vertex 14.45 -21.4344 0.4
      vertex 13.6077 -21.4223 0
      vertex 14.25 -21.088 0
    endloop
  endfacet
  facet normal -0.675605 -0.737264 0
    outer loop
      vertex -16.2518 -20.0518 0.4
      vertex -15.6922 -20.5646 11.2
      vertex -16.2518 -20.0518 11.2
    endloop
  endfacet
  facet normal -0.675605 -0.737264 -0
    outer loop
      vertex -15.6922 -20.5646 11.2
      vertex -16.2518 -20.0518 0.4
      vertex -15.6922 -20.5646 0.4
    endloop
  endfacet
  facet normal -0.477988 -0.521611 -0.706717
    outer loop
      vertex -15.6922 -20.5646 0.4
      vertex -16.2518 -20.0518 0.4
      vertex -15.969 -19.769 0
    endloop
  endfacet
  facet normal 0 0 1
    outer loop
      vertex 17.35 13.9 11.2
      vertex 18.8 13.9 11.2
      vertex 18.7669 14.6582 11.2
    endloop
  endfacet
  facet normal 0 0 1
    outer loop
      vertex 18.8 13.9 11.2
      vertex 17.35 13.9 11.2
      vertex 18.8 -13.9 11.2
    endloop
  endfacet
  facet normal 0 0 1
    outer loop
      vertex 17.3224 14.5319 11.2
      vertex 18.7669 14.6582 11.2
      vertex 18.6678 15.4107 11.2
    endloop
  endfacet
  facet normal 0 0 1
    outer loop
      vertex 17.35 -13.9 11.2
      vertex 18.8 -13.9 11.2
      vertex 17.35 13.9 11.2
    endloop
  endfacet
  facet normal 0 0 1
    outer loop
      vertex 17.2399 15.1589 11.2
      vertex 18.6678 15.4107 11.2
      vertex 18.5035 16.1517 11.2
    endloop
  endfacet
  facet normal 0 0 1
    outer loop
      vertex 18.8 -13.9 11.2
      vertex 17.35 -13.9 11.2
      vertex 18.7669 -14.6582 11.2
    endloop
  endfacet
  facet normal 0 0 1
    outer loop
      vertex 17.103 15.7764 11.2
      vertex 18.5035 16.1517 11.2
      vertex 18.2753 16.8756 11.2
    endloop
  endfacet
  facet normal -0 0 1
    outer loop
      vertex 17.3224 -14.5319 11.2
      vertex 18.7669 -14.6582 11.2
      vertex 17.35 -13.9 11.2
    endloop
  endfacet
  facet normal 0 0 1
    outer loop
      vertex 16.9128 16.3796 11.2
      vertex 18.2753 16.8756 11.2
      vertex 17.9849 17.5768 11.2
    endloop
  endfacet
  facet normal 0 0 1
    outer loop
      vertex 18.7669 -14.6582 11.2
      vertex 17.3224 -14.5319 11.2
      vertex 18.6678 -15.4107 11.2
    endloop
  endfacet
  facet normal 0 0 1
    outer loop
      vertex 16.6707 16.964 11.2
      vertex 17.9849 17.5768 11.2
      vertex 17.6344 18.25 11.2
    endloop
  endfacet
  facet normal -0 0 1
    outer loop
      vertex 17.2399 -15.1589 11.2
      vertex 18.6678 -15.4107 11.2
      vertex 17.3224 -14.5319 11.2
    endloop
  endfacet
  facet normal 0 0 1
    outer loop
      vertex 18.6678 -15.4107 11.2
      vertex 17.2399 -15.1589 11.2
      vertex 18.5035 -16.1517 11.2
    endloop
  endfacet
  facet normal 0 0 1
    outer loop
      vertex 18.7669 14.6582 11.2
      vertex 17.3224 14.5319 11.2
      vertex 17.35 13.9 11.2
    endloop
  endfacet
  facet normal 0 0 1
    outer loop
      vertex 18.6678 15.4107 11.2
      vertex 17.2399 15.1589 11.2
      vertex 17.3224 14.5319 11.2
    endloop
  endfacet
  facet normal 0 0 1
    outer loop
      vertex 16.3787 17.525 11.2
      vertex 17.6344 18.25 11.2
      vertex 17.2266 18.8901 11.2
    endloop
  endfacet
  facet normal 0 0 1
    outer loop
      vertex 18.5035 16.1517 11.2
      vertex 17.103 15.7764 11.2
      vertex 17.2399 15.1589 11.2
    endloop
  endfacet
  facet normal 0 0 1
    outer loop
      vertex 18.2753 16.8756 11.2
      vertex 16.9128 16.3796 11.2
      vertex 17.103 15.7764 11.2
    endloop
  endfacet
  facet normal 0 0 1
    outer loop
      vertex 16.0388 18.0584 11.2
      vertex 17.2266 18.8901 11.2
      vertex 16.7646 19.4922 11.2
    endloop
  endfacet
  facet normal 0 0 1
    outer loop
      vertex 17.9849 17.5768 11.2
      vertex 16.6707 16.964 11.2
      vertex 16.9128 16.3796 11.2
    endloop
  endfacet
  facet normal 0 0 1
    outer loop
      vertex 17.6344 18.25 11.2
      vertex 16.3787 17.525 11.2
      vertex 16.6707 16.964 11.2
    endloop
  endfacet
  facet normal 0 0 1
    outer loop
      vertex 15.6538 18.5602 11.2
      vertex 16.7646 19.4922 11.2
      vertex 16.2518 20.0518 11.2
    endloop
  endfacet
  facet normal 0 0 1
    outer loop
      vertex 17.2266 18.8901 11.2
      vertex 16.0388 18.0584 11.2
      vertex 16.3787 17.525 11.2
    endloop
  endfacet
  facet normal 0 0 1
    outer loop
      vertex 15.2265 19.0265 11.2
      vertex 16.2518 20.0518 11.2
      vertex 15.6922 20.5646 11.2
    endloop
  endfacet
  facet normal 0 0 1
    outer loop
      vertex 16.7646 19.4922 11.2
      vertex 15.6538 18.5602 11.2
      vertex 16.0388 18.0584 11.2
    endloop
  endfacet
  facet normal 0 0 1
    outer loop
      vertex 16.2518 20.0518 11.2
      vertex 15.2265 19.0265 11.2
      vertex 15.6538 18.5602 11.2
    endloop
  endfacet
  facet normal 0 0 1
    outer loop
      vertex 14.7602 19.4538 11.2
      vertex 15.6922 20.5646 11.2
      vertex 15.0901 21.0266 11.2
    endloop
  endfacet
  facet normal 0 0 1
    outer loop
      vertex 15.6922 20.5646 11.2
      vertex 14.7602 19.4538 11.2
      vertex 15.2265 19.0265 11.2
    endloop
  endfacet
  facet normal 0 0 1
    outer loop
      vertex 14.2584 19.8389 11.2
      vertex 15.0901 21.0266 11.2
      vertex 14.45 21.4344 11.2
    endloop
  endfacet
  facet normal 0 0 1
    outer loop
      vertex 15.0901 21.0266 11.2
      vertex 14.2584 19.8389 11.2
      vertex 14.7602 19.4538 11.2
    endloop
  endfacet
  facet normal 0 0 1
    outer loop
      vertex 13.725 20.1787 11.2
      vertex 14.45 21.4344 11.2
      vertex 13.7768 21.7849 11.2
    endloop
  endfacet
  facet normal 0 0 1
    outer loop
      vertex 14.45 21.4344 11.2
      vertex 13.725 20.1787 11.2
      vertex 14.2584 19.8389 11.2
    endloop
  endfacet
  facet normal 0 0 1
    outer loop
      vertex 13.7768 21.7849 11.2
      vertex 13.164 20.4707 11.2
      vertex 13.725 20.1787 11.2
    endloop
  endfacet
  facet normal 0 0 1
    outer loop
      vertex 13.0756 22.0753 11.2
      vertex 13.164 20.4707 11.2
      vertex 13.7768 21.7849 11.2
    endloop
  endfacet
  facet normal 0 0 1
    outer loop
      vertex 13.0756 22.0753 11.2
      vertex 12.5796 20.7128 11.2
      vertex 13.164 20.4707 11.2
    endloop
  endfacet
  facet normal 0 0 1
    outer loop
      vertex 12.3517 22.3035 11.2
      vertex 12.5796 20.7128 11.2
      vertex 13.0756 22.0753 11.2
    endloop
  endfacet
  facet normal 0 0 1
    outer loop
      vertex 12.3517 22.3035 11.2
      vertex 11.9764 20.903 11.2
      vertex 12.5796 20.7128 11.2
    endloop
  endfacet
  facet normal 0 0 1
    outer loop
      vertex 11.6107 22.4678 11.2
      vertex 11.9764 20.903 11.2
      vertex 12.3517 22.3035 11.2
    endloop
  endfacet
  facet normal 0 0 1
    outer loop
      vertex 11.6107 22.4678 11.2
      vertex 11.3589 21.0399 11.2
      vertex 11.9764 20.903 11.2
    endloop
  endfacet
  facet normal 0 0 1
    outer loop
      vertex 10.8582 22.5669 11.2
      vertex 11.3589 21.0399 11.2
      vertex 11.6107 22.4678 11.2
    endloop
  endfacet
  facet normal 0 0 1
    outer loop
      vertex 10.8582 22.5669 11.2
      vertex 10.7319 21.1224 11.2
      vertex 11.3589 21.0399 11.2
    endloop
  endfacet
  facet normal 0 0 1
    outer loop
      vertex 10.1 22.6 11.2
      vertex 10.7319 21.1224 11.2
      vertex 10.8582 22.5669 11.2
    endloop
  endfacet
  facet normal 0 0 1
    outer loop
      vertex 10.1 22.6 11.2
      vertex 10.1 21.15 11.2
      vertex 10.7319 21.1224 11.2
    endloop
  endfacet
  facet normal -0 0 1
    outer loop
      vertex -10.1 22.6 11.2
      vertex 10.1 21.15 11.2
      vertex 10.1 22.6 11.2
    endloop
  endfacet
  facet normal 0 0 1
    outer loop
      vertex -10.1 22.6 11.2
      vertex -10.1 21.15 11.2
      vertex 10.1 21.15 11.2
    endloop
  endfacet
  facet normal 0 0 1
    outer loop
      vertex -10.1 22.6 11.2
      vertex -10.7319 21.1224 11.2
      vertex -10.1 21.15 11.2
    endloop
  endfacet
  facet normal -0 0 1
    outer loop
      vertex -10.8582 22.5669 11.2
      vertex -10.7319 21.1224 11.2
      vertex -10.1 22.6 11.2
    endloop
  endfacet
  facet normal 0 0 1
    outer loop
      vertex -10.8582 22.5669 11.2
      vertex -11.3589 21.0399 11.2
      vertex -10.7319 21.1224 11.2
    endloop
  endfacet
  facet normal -0 0 1
    outer loop
      vertex -11.6107 22.4678 11.2
      vertex -11.3589 21.0399 11.2
      vertex -10.8582 22.5669 11.2
    endloop
  endfacet
  facet normal 0 0 1
    outer loop
      vertex -11.6107 22.4678 11.2
      vertex -11.9764 20.903 11.2
      vertex -11.3589 21.0399 11.2
    endloop
  endfacet
  facet normal -0 0 1
    outer loop
      vertex -12.3517 22.3035 11.2
      vertex -11.9764 20.903 11.2
      vertex -11.6107 22.4678 11.2
    endloop
  endfacet
  facet normal 0 0 1
    outer loop
      vertex -12.3517 22.3035 11.2
      vertex -12.5796 20.7128 11.2
      vertex -11.9764 20.903 11.2
    endloop
  endfacet
  facet normal -0 0 1
    outer loop
      vertex -13.0756 22.0753 11.2
      vertex -12.5796 20.7128 11.2
      vertex -12.3517 22.3035 11.2
    endloop
  endfacet
  facet normal 0 0 1
    outer loop
      vertex -13.0756 22.0753 11.2
      vertex -13.164 20.4707 11.2
      vertex -12.5796 20.7128 11.2
    endloop
  endfacet
  facet normal -0 0 1
    outer loop
      vertex -13.7768 21.7849 11.2
      vertex -13.164 20.4707 11.2
      vertex -13.0756 22.0753 11.2
    endloop
  endfacet
  facet normal 0 0 1
    outer loop
      vertex -13.164 20.4707 11.2
      vertex -13.7768 21.7849 11.2
      vertex -13.725 20.1787 11.2
    endloop
  endfacet
  facet normal -0 0 1
    outer loop
      vertex -14.45 21.4344 11.2
      vertex -13.725 20.1787 11.2
      vertex -13.7768 21.7849 11.2
    endloop
  endfacet
  facet normal 0 0 1
    outer loop
      vertex -13.725 20.1787 11.2
      vertex -14.45 21.4344 11.2
      vertex -14.2584 19.8389 11.2
    endloop
  endfacet
  facet normal -0 0 1
    outer loop
      vertex -15.0901 21.0266 11.2
      vertex -14.2584 19.8389 11.2
      vertex -14.45 21.4344 11.2
    endloop
  endfacet
  facet normal 0 0 1
    outer loop
      vertex -14.2584 19.8389 11.2
      vertex -15.0901 21.0266 11.2
      vertex -14.7602 19.4538 11.2
    endloop
  endfacet
  facet normal -0 0 1
    outer loop
      vertex -15.6922 20.5646 11.2
      vertex -14.7602 19.4538 11.2
      vertex -15.0901 21.0266 11.2
    endloop
  endfacet
  facet normal 0 0 1
    outer loop
      vertex -14.7602 19.4538 11.2
      vertex -15.6922 20.5646 11.2
      vertex -15.2265 19.0265 11.2
    endloop
  endfacet
  facet normal -0 0 1
    outer loop
      vertex -16.2518 20.0518 11.2
      vertex -15.2265 19.0265 11.2
      vertex -15.6922 20.5646 11.2
    endloop
  endfacet
  facet normal 0 0 1
    outer loop
      vertex -15.2265 19.0265 11.2
      vertex -16.2518 20.0518 11.2
      vertex -15.6538 18.5602 11.2
    endloop
  endfacet
  facet normal -0 0 1
    outer loop
      vertex -16.7646 19.4922 11.2
      vertex -15.6538 18.5602 11.2
      vertex -16.2518 20.0518 11.2
    endloop
  endfacet
  facet normal 0 0 1
    outer loop
      vertex -15.6538 18.5602 11.2
      vertex -16.7646 19.4922 11.2
      vertex -16.0388 18.0584 11.2
    endloop
  endfacet
  facet normal -0 0 1
    outer loop
      vertex -17.2266 18.8901 11.2
      vertex -16.0388 18.0584 11.2
      vertex -16.7646 19.4922 11.2
    endloop
  endfacet
  facet normal 0 0 1
    outer loop
      vertex -16.0388 18.0584 11.2
      vertex -17.2266 18.8901 11.2
      vertex -16.3787 17.525 11.2
    endloop
  endfacet
  facet normal -0 0 1
    outer loop
      vertex -17.6344 18.25 11.2
      vertex -16.3787 17.525 11.2
      vertex -17.2266 18.8901 11.2
    endloop
  endfacet
  facet normal 0 0 1
    outer loop
      vertex -16.3787 17.525 11.2
      vertex -17.6344 18.25 11.2
      vertex -16.6707 16.964 11.2
    endloop
  endfacet
  facet normal -0 0 1
    outer loop
      vertex -17.9849 17.5768 11.2
      vertex -16.6707 16.964 11.2
      vertex -17.6344 18.25 11.2
    endloop
  endfacet
  facet normal 0 0 1
    outer loop
      vertex -16.6707 16.964 11.2
      vertex -17.9849 17.5768 11.2
      vertex -16.9128 16.3796 11.2
    endloop
  endfacet
  facet normal -0 0 1
    outer loop
      vertex -18.2753 16.8756 11.2
      vertex -16.9128 16.3796 11.2
      vertex -17.9849 17.5768 11.2
    endloop
  endfacet
  facet normal 0 0 1
    outer loop
      vertex -16.9128 16.3796 11.2
      vertex -18.2753 16.8756 11.2
      vertex -17.103 15.7764 11.2
    endloop
  endfacet
  facet normal 0 0 1
    outer loop
      vertex -17.103 15.7764 11.2
      vertex -18.5035 16.1517 11.2
      vertex -17.2399 15.1589 11.2
    endloop
  endfacet
  facet normal -0 0 1
    outer loop
      vertex -18.5035 16.1517 11.2
      vertex -17.103 15.7764 11.2
      vertex -18.2753 16.8756 11.2
    endloop
  endfacet
  facet normal -0 0 1
    outer loop
      vertex 17.103 -15.7764 11.2
      vertex 18.5035 -16.1517 11.2
      vertex 17.2399 -15.1589 11.2
    endloop
  endfacet
  facet normal 0 0 1
    outer loop
      vertex 18.5035 -16.1517 11.2
      vertex 17.103 -15.7764 11.2
      vertex 18.2753 -16.8756 11.2
    endloop
  endfacet
  facet normal -0 0 1
    outer loop
      vertex 16.9128 -16.3796 11.2
      vertex 18.2753 -16.8756 11.2
      vertex 17.103 -15.7764 11.2
    endloop
  endfacet
  facet normal 0 0 1
    outer loop
      vertex 18.2753 -16.8756 11.2
      vertex 16.9128 -16.3796 11.2
      vertex 17.9849 -17.5768 11.2
    endloop
  endfacet
  facet normal -0 0 1
    outer loop
      vertex 16.6707 -16.964 11.2
      vertex 17.9849 -17.5768 11.2
      vertex 16.9128 -16.3796 11.2
    endloop
  endfacet
  facet normal 0 0 1
    outer loop
      vertex 17.9849 -17.5768 11.2
      vertex 16.6707 -16.964 11.2
      vertex 17.6344 -18.25 11.2
    endloop
  endfacet
  facet normal -0 0 1
    outer loop
      vertex 16.3787 -17.525 11.2
      vertex 17.6344 -18.25 11.2
      vertex 16.6707 -16.964 11.2
    endloop
  endfacet
  facet normal 0 0 1
    outer loop
      vertex 17.6344 -18.25 11.2
      vertex 16.3787 -17.525 11.2
      vertex 17.2266 -18.8901 11.2
    endloop
  endfacet
  facet normal -0 0 1
    outer loop
      vertex 16.0388 -18.0584 11.2
      vertex 17.2266 -18.8901 11.2
      vertex 16.3787 -17.525 11.2
    endloop
  endfacet
  facet normal 0 0 1
    outer loop
      vertex 17.2266 -18.8901 11.2
      vertex 16.0388 -18.0584 11.2
      vertex 16.7646 -19.4922 11.2
    endloop
  endfacet
  facet normal -0 0 1
    outer loop
      vertex 15.6538 -18.5602 11.2
      vertex 16.7646 -19.4922 11.2
      vertex 16.0388 -18.0584 11.2
    endloop
  endfacet
  facet normal 0 0 1
    outer loop
      vertex 16.7646 -19.4922 11.2
      vertex 15.6538 -18.5602 11.2
      vertex 16.2518 -20.0518 11.2
    endloop
  endfacet
  facet normal -0 0 1
    outer loop
      vertex 15.2265 -19.0265 11.2
      vertex 16.2518 -20.0518 11.2
      vertex 15.6538 -18.5602 11.2
    endloop
  endfacet
  facet normal 0 0 1
    outer loop
      vertex 16.2518 -20.0518 11.2
      vertex 15.2265 -19.0265 11.2
      vertex 15.6922 -20.5646 11.2
    endloop
  endfacet
  facet normal -0 0 1
    outer loop
      vertex 14.7602 -19.4538 11.2
      vertex 15.6922 -20.5646 11.2
      vertex 15.2265 -19.0265 11.2
    endloop
  endfacet
  facet normal 0 0 1
    outer loop
      vertex 15.6922 -20.5646 11.2
      vertex 14.7602 -19.4538 11.2
      vertex 15.0901 -21.0266 11.2
    endloop
  endfacet
  facet normal -0 0 1
    outer loop
      vertex 14.2584 -19.8389 11.2
      vertex 15.0901 -21.0266 11.2
      vertex 14.7602 -19.4538 11.2
    endloop
  endfacet
  facet normal 0 0 1
    outer loop
      vertex 15.0901 -21.0266 11.2
      vertex 14.2584 -19.8389 11.2
      vertex 14.45 -21.4344 11.2
    endloop
  endfacet
  facet normal -0 0 1
    outer loop
      vertex 13.725 -20.1787 11.2
      vertex 14.45 -21.4344 11.2
      vertex 14.2584 -19.8389 11.2
    endloop
  endfacet
  facet normal 0 0 1
    outer loop
      vertex 14.45 -21.4344 11.2
      vertex 13.725 -20.1787 11.2
      vertex 13.7768 -21.7849 11.2
    endloop
  endfacet
  facet normal -0 0 1
    outer loop
      vertex 13.164 -20.4707 11.2
      vertex 13.7768 -21.7849 11.2
      vertex 13.725 -20.1787 11.2
    endloop
  endfacet
  facet normal 0 0 1
    outer loop
      vertex 13.164 -20.4707 11.2
      vertex 13.0756 -22.0753 11.2
      vertex 13.7768 -21.7849 11.2
    endloop
  endfacet
  facet normal -0 0 1
    outer loop
      vertex 12.5796 -20.7128 11.2
      vertex 13.0756 -22.0753 11.2
      vertex 13.164 -20.4707 11.2
    endloop
  endfacet
  facet normal 0 0 1
    outer loop
      vertex 12.5796 -20.7128 11.2
      vertex 12.3517 -22.3035 11.2
      vertex 13.0756 -22.0753 11.2
    endloop
  endfacet
  facet normal -0 0 1
    outer loop
      vertex 11.9764 -20.903 11.2
      vertex 12.3517 -22.3035 11.2
      vertex 12.5796 -20.7128 11.2
    endloop
  endfacet
  facet normal 0 0 1
    outer loop
      vertex 11.9764 -20.903 11.2
      vertex 11.6107 -22.4678 11.2
      vertex 12.3517 -22.3035 11.2
    endloop
  endfacet
  facet normal -0 0 1
    outer loop
      vertex 11.3589 -21.0399 11.2
      vertex 11.6107 -22.4678 11.2
      vertex 11.9764 -20.903 11.2
    endloop
  endfacet
  facet normal 0 0 1
    outer loop
      vertex 11.3589 -21.0399 11.2
      vertex 10.8582 -22.5669 11.2
      vertex 11.6107 -22.4678 11.2
    endloop
  endfacet
  facet normal -0 0 1
    outer loop
      vertex 10.7319 -21.1224 11.2
      vertex 10.8582 -22.5669 11.2
      vertex 11.3589 -21.0399 11.2
    endloop
  endfacet
  facet normal -0 0 1
    outer loop
      vertex 10.1 -21.15 11.2
      vertex 10.8582 -22.5669 11.2
      vertex 10.7319 -21.1224 11.2
    endloop
  endfacet
  facet normal 0 0 1
    outer loop
      vertex 10.1 -21.15 11.2
      vertex 10.1 -22.6 11.2
      vertex 10.8582 -22.5669 11.2
    endloop
  endfacet
  facet normal -0 0 1
    outer loop
      vertex -10.1 -21.15 11.2
      vertex 10.1 -22.6 11.2
      vertex 10.1 -21.15 11.2
    endloop
  endfacet
  facet normal 0 0 1
    outer loop
      vertex -10.1 -21.15 11.2
      vertex -10.1 -22.6 11.2
      vertex 10.1 -22.6 11.2
    endloop
  endfacet
  facet normal 0 0 1
    outer loop
      vertex -10.7319 -21.1224 11.2
      vertex -10.1 -22.6 11.2
      vertex -10.1 -21.15 11.2
    endloop
  endfacet
  facet normal 0 0 1
    outer loop
      vertex -10.7319 -21.1224 11.2
      vertex -10.8582 -22.5669 11.2
      vertex -10.1 -22.6 11.2
    endloop
  endfacet
  facet normal 0 0 1
    outer loop
      vertex -11.3589 -21.0399 11.2
      vertex -10.8582 -22.5669 11.2
      vertex -10.7319 -21.1224 11.2
    endloop
  endfacet
  facet normal 0 0 1
    outer loop
      vertex -11.3589 -21.0399 11.2
      vertex -11.6107 -22.4678 11.2
      vertex -10.8582 -22.5669 11.2
    endloop
  endfacet
  facet normal 0 0 1
    outer loop
      vertex -11.9764 -20.903 11.2
      vertex -11.6107 -22.4678 11.2
      vertex -11.3589 -21.0399 11.2
    endloop
  endfacet
  facet normal 0 0 1
    outer loop
      vertex -11.9764 -20.903 11.2
      vertex -12.3517 -22.3035 11.2
      vertex -11.6107 -22.4678 11.2
    endloop
  endfacet
  facet normal 0 0 1
    outer loop
      vertex -12.5796 -20.7128 11.2
      vertex -12.3517 -22.3035 11.2
      vertex -11.9764 -20.903 11.2
    endloop
  endfacet
  facet normal 0 0 1
    outer loop
      vertex -12.5796 -20.7128 11.2
      vertex -13.0756 -22.0753 11.2
      vertex -12.3517 -22.3035 11.2
    endloop
  endfacet
  facet normal 0 0 1
    outer loop
      vertex -13.164 -20.4707 11.2
      vertex -13.0756 -22.0753 11.2
      vertex -12.5796 -20.7128 11.2
    endloop
  endfacet
  facet normal 0 0 1
    outer loop
      vertex -13.7768 -21.7849 11.2
      vertex -13.164 -20.4707 11.2
      vertex -13.725 -20.1787 11.2
    endloop
  endfacet
  facet normal 0 0 1
    outer loop
      vertex -13.164 -20.4707 11.2
      vertex -13.7768 -21.7849 11.2
      vertex -13.0756 -22.0753 11.2
    endloop
  endfacet
  facet normal 0 0 1
    outer loop
      vertex -14.45 -21.4344 11.2
      vertex -13.725 -20.1787 11.2
      vertex -14.2584 -19.8389 11.2
    endloop
  endfacet
  facet normal 0 0 1
    outer loop
      vertex -13.725 -20.1787 11.2
      vertex -14.45 -21.4344 11.2
      vertex -13.7768 -21.7849 11.2
    endloop
  endfacet
  facet normal 0 0 1
    outer loop
      vertex -15.0901 -21.0266 11.2
      vertex -14.2584 -19.8389 11.2
      vertex -14.7602 -19.4538 11.2
    endloop
  endfacet
  facet normal 0 0 1
    outer loop
      vertex -14.2584 -19.8389 11.2
      vertex -15.0901 -21.0266 11.2
      vertex -14.45 -21.4344 11.2
    endloop
  endfacet
  facet normal 0 0 1
    outer loop
      vertex -15.6922 -20.5646 11.2
      vertex -14.7602 -19.4538 11.2
      vertex -15.2265 -19.0265 11.2
    endloop
  endfacet
  facet normal 0 0 1
    outer loop
      vertex -16.2518 -20.0518 11.2
      vertex -15.2265 -19.0265 11.2
      vertex -15.6538 -18.5602 11.2
    endloop
  endfacet
  facet normal 0 0 1
    outer loop
      vertex -14.7602 -19.4538 11.2
      vertex -15.6922 -20.5646 11.2
      vertex -15.0901 -21.0266 11.2
    endloop
  endfacet
  facet normal 0 0 1
    outer loop
      vertex -16.7646 -19.4922 11.2
      vertex -15.6538 -18.5602 11.2
      vertex -16.0388 -18.0584 11.2
    endloop
  endfacet
  facet normal 0 0 1
    outer loop
      vertex -15.2265 -19.0265 11.2
      vertex -16.2518 -20.0518 11.2
      vertex -15.6922 -20.5646 11.2
    endloop
  endfacet
  facet normal 0 0 1
    outer loop
      vertex -17.2266 -18.8901 11.2
      vertex -16.0388 -18.0584 11.2
      vertex -16.3787 -17.525 11.2
    endloop
  endfacet
  facet normal 0 0 1
    outer loop
      vertex -17.6344 -18.25 11.2
      vertex -16.3787 -17.525 11.2
      vertex -16.6707 -16.964 11.2
    endloop
  endfacet
  facet normal 0 0 1
    outer loop
      vertex -15.6538 -18.5602 11.2
      vertex -16.7646 -19.4922 11.2
      vertex -16.2518 -20.0518 11.2
    endloop
  endfacet
  facet normal 0 0 1
    outer loop
      vertex -17.9849 -17.5768 11.2
      vertex -16.6707 -16.964 11.2
      vertex -16.9128 -16.3796 11.2
    endloop
  endfacet
  facet normal 0 0 1
    outer loop
      vertex -18.2753 -16.8756 11.2
      vertex -16.9128 -16.3796 11.2
      vertex -17.103 -15.7764 11.2
    endloop
  endfacet
  facet normal 0 0 1
    outer loop
      vertex -16.0388 -18.0584 11.2
      vertex -17.2266 -18.8901 11.2
      vertex -16.7646 -19.4922 11.2
    endloop
  endfacet
  facet normal 0 0 1
    outer loop
      vertex -18.5035 -16.1517 11.2
      vertex -17.103 -15.7764 11.2
      vertex -17.2399 -15.1589 11.2
    endloop
  endfacet
  facet normal 0 0 1
    outer loop
      vertex -18.6678 -15.4107 11.2
      vertex -17.2399 -15.1589 11.2
      vertex -17.3224 -14.5319 11.2
    endloop
  endfacet
  facet normal 0 0 1
    outer loop
      vertex -18.7669 -14.6582 11.2
      vertex -17.3224 -14.5319 11.2
      vertex -17.35 -13.9 11.2
    endloop
  endfacet
  facet normal 0 0 1
    outer loop
      vertex -16.3787 -17.525 11.2
      vertex -17.6344 -18.25 11.2
      vertex -17.2266 -18.8901 11.2
    endloop
  endfacet
  facet normal 0 0 1
    outer loop
      vertex -17.35 13.9 11.2
      vertex -18.8 13.9 11.2
      vertex -17.35 -13.9 11.2
    endloop
  endfacet
  facet normal -0 0 1
    outer loop
      vertex -18.6678 15.4107 11.2
      vertex -17.2399 15.1589 11.2
      vertex -18.5035 16.1517 11.2
    endloop
  endfacet
  facet normal 0 0 1
    outer loop
      vertex -18.8 -13.9 11.2
      vertex -17.35 -13.9 11.2
      vertex -18.8 13.9 11.2
    endloop
  endfacet
  facet normal 0 0 1
    outer loop
      vertex -17.2399 15.1589 11.2
      vertex -18.6678 15.4107 11.2
      vertex -17.3224 14.5319 11.2
    endloop
  endfacet
  facet normal 0 -0 1
    outer loop
      vertex -18.7669 -14.6582 11.2
      vertex -17.35 -13.9 11.2
      vertex -18.8 -13.9 11.2
    endloop
  endfacet
  facet normal -0 0 1
    outer loop
      vertex -18.7669 14.6582 11.2
      vertex -17.3224 14.5319 11.2
      vertex -18.6678 15.4107 11.2
    endloop
  endfacet
  facet normal 0 0 1
    outer loop
      vertex -16.6707 -16.964 11.2
      vertex -17.9849 -17.5768 11.2
      vertex -17.6344 -18.25 11.2
    endloop
  endfacet
  facet normal 0 0 1
    outer loop
      vertex -17.3224 14.5319 11.2
      vertex -18.7669 14.6582 11.2
      vertex -17.35 13.9 11.2
    endloop
  endfacet
  facet normal 0 0 1
    outer loop
      vertex -16.9128 -16.3796 11.2
      vertex -18.2753 -16.8756 11.2
      vertex -17.9849 -17.5768 11.2
    endloop
  endfacet
  facet normal 0 0 1
    outer loop
      vertex -17.35 13.9 11.2
      vertex -18.7669 14.6582 11.2
      vertex -18.8 13.9 11.2
    endloop
  endfacet
  facet normal 0 0 1
    outer loop
      vertex -17.103 -15.7764 11.2
      vertex -18.5035 -16.1517 11.2
      vertex -18.2753 -16.8756 11.2
    endloop
  endfacet
  facet normal 0 0 1
    outer loop
      vertex -17.2399 -15.1589 11.2
      vertex -18.6678 -15.4107 11.2
      vertex -18.5035 -16.1517 11.2
    endloop
  endfacet
  facet normal 0 0 1
    outer loop
      vertex -17.3224 -14.5319 11.2
      vertex -18.7669 -14.6582 11.2
      vertex -18.6678 -15.4107 11.2
    endloop
  endfacet
  facet normal 0 0 1
    outer loop
      vertex 9.31027 18.2353 11.2
      vertex -9.3 18 11.2
      vertex 9.3 18 11.2
    endloop
  endfacet
  facet normal 0 0 1
    outer loop
      vertex -9.31027 18.2353 11.2
      vertex 9.31027 18.2353 11.2
      vertex 9.34102 18.4688 11.2
    endloop
  endfacet
  facet normal 0 0 1
    outer loop
      vertex -9.34102 18.4688 11.2
      vertex 9.34102 18.4688 11.2
      vertex 9.392 18.6988 11.2
    endloop
  endfacet
  facet normal 0 0 1
    outer loop
      vertex -9.392 18.6988 11.2
      vertex 9.392 18.6988 11.2
      vertex 9.46283 18.9235 11.2
    endloop
  endfacet
  facet normal 0 0 1
    outer loop
      vertex -9.46283 18.9235 11.2
      vertex 9.46283 18.9235 11.2
      vertex 9.55297 19.1411 11.2
    endloop
  endfacet
  facet normal 0 0 1
    outer loop
      vertex -9.55297 19.1411 11.2
      vertex 9.55297 19.1411 11.2
      vertex 9.66173 19.35 11.2
    endloop
  endfacet
  facet normal 0 0 1
    outer loop
      vertex -9.66173 19.35 11.2
      vertex 9.66173 19.35 11.2
      vertex 9.78829 19.5487 11.2
    endloop
  endfacet
  facet normal 0 0 1
    outer loop
      vertex -9.78829 19.5487 11.2
      vertex 9.78829 19.5487 11.2
      vertex 9.78931 19.55 11.2
    endloop
  endfacet
  facet normal 0 0 1
    outer loop
      vertex 9.31027 18.2353 11.2
      vertex -9.31027 18.2353 11.2
      vertex -9.3 18 11.2
    endloop
  endfacet
  facet normal 0 0 1
    outer loop
      vertex 9.34102 18.4688 11.2
      vertex -9.34102 18.4688 11.2
      vertex -9.31027 18.2353 11.2
    endloop
  endfacet
  facet normal 0 0 1
    outer loop
      vertex 9.392 18.6988 11.2
      vertex -9.392 18.6988 11.2
      vertex -9.34102 18.4688 11.2
    endloop
  endfacet
  facet normal 0 0 1
    outer loop
      vertex 9.46283 18.9235 11.2
      vertex -9.46283 18.9235 11.2
      vertex -9.392 18.6988 11.2
    endloop
  endfacet
  facet normal 0 0 1
    outer loop
      vertex 9.55297 19.1411 11.2
      vertex -9.55297 19.1411 11.2
      vertex -9.46283 18.9235 11.2
    endloop
  endfacet
  facet normal 0 0 1
    outer loop
      vertex 9.66173 19.35 11.2
      vertex -9.66173 19.35 11.2
      vertex -9.55297 19.1411 11.2
    endloop
  endfacet
  facet normal 0 0 1
    outer loop
      vertex 9.78829 19.5487 11.2
      vertex -9.78829 19.5487 11.2
      vertex -9.66173 19.35 11.2
    endloop
  endfacet
  facet normal 0 -0 1
    outer loop
      vertex -9.78829 19.5487 11.2
      vertex 9.78931 19.55 11.2
      vertex -9.78931 19.55 11.2
    endloop
  endfacet
  facet normal 0 0 1
    outer loop
      vertex 13.1567 13.0827 11.2
      vertex 15.75 13.9 11.2
      vertex 15.7285 14.3924 11.2
    endloop
  endfacet
  facet normal 0 0 1
    outer loop
      vertex 15.75 13.9 11.2
      vertex 14 11 11.2
      vertex 15.75 -13.9 11.2
    endloop
  endfacet
  facet normal 0 0 1
    outer loop
      vertex 13.35 15.6617 11.2
      vertex 15.7285 14.3924 11.2
      vertex 15.6642 14.8811 11.2
    endloop
  endfacet
  facet normal -0 0 1
    outer loop
      vertex 14 -11 11.2
      vertex 15.75 -13.9 11.2
      vertex 14 11 11.2
    endloop
  endfacet
  facet normal 0 0 1
    outer loop
      vertex 13.5487 15.7883 11.2
      vertex 15.6642 14.8811 11.2
      vertex 15.5575 15.3623 11.2
    endloop
  endfacet
  facet normal -0 0 1
    outer loop
      vertex 13.9977 -11.0523 11.2
      vertex 15.75 -13.9 11.2
      vertex 14 -11 11.2
    endloop
  endfacet
  facet normal 0 0 1
    outer loop
      vertex 13.9092 16.0908 11.2
      vertex 15.5575 15.3623 11.2
      vertex 15.4093 15.8324 11.2
    endloop
  endfacet
  facet normal -0 0 1
    outer loop
      vertex 13.9886 -11.2615 11.2
      vertex 15.75 -13.9 11.2
      vertex 13.9977 -11.0523 11.2
    endloop
  endfacet
  facet normal -0 0 1
    outer loop
      vertex 14.0683 16.2645 11.2
      vertex 15.4093 15.8324 11.2
      vertex 15.2206 16.2878 11.2
    endloop
  endfacet
  facet normal -0 0 1
    outer loop
      vertex 13.9544 -11.5209 11.2
      vertex 15.75 -13.9 11.2
      vertex 13.9886 -11.2615 11.2
    endloop
  endfacet
  facet normal -0 0 1
    outer loop
      vertex 14.3383 16.65 11.2
      vertex 15.2206 16.2878 11.2
      vertex 14.993 16.725 11.2
    endloop
  endfacet
  facet normal -0 0 1
    outer loop
      vertex 13.9431 -11.572 11.2
      vertex 15.75 -13.9 11.2
      vertex 13.9544 -11.5209 11.2
    endloop
  endfacet
  facet normal -0 0 1
    outer loop
      vertex 14.447 16.8589 11.2
      vertex 14.993 16.725 11.2
      vertex 14.7282 17.1407 11.2
    endloop
  endfacet
  facet normal -0 0 1
    outer loop
      vertex 13.8978 -11.7764 11.2
      vertex 15.75 -13.9 11.2
      vertex 13.9431 -11.572 11.2
    endloop
  endfacet
  facet normal 0 0 1
    outer loop
      vertex 14.5372 17.0765 11.2
      vertex 14.7282 17.1407 11.2
      vertex 14.6071 17.2985 11.2
    endloop
  endfacet
  facet normal -0 0 1
    outer loop
      vertex 13.8348 -11.9761 11.2
      vertex 15.75 -13.9 11.2
      vertex 13.8978 -11.7764 11.2
    endloop
  endfacet
  facet normal 0 0 1
    outer loop
      vertex 14.447 16.8589 11.2
      vertex 14.7282 17.1407 11.2
      vertex 14.5372 17.0765 11.2
    endloop
  endfacet
  facet normal -0 0 1
    outer loop
      vertex 13.8191 -12.0261 11.2
      vertex 15.75 -13.9 11.2
      vertex 13.8348 -11.9761 11.2
    endloop
  endfacet
  facet normal 0 0 1
    outer loop
      vertex 14.993 16.725 11.2
      vertex 14.447 16.8589 11.2
      vertex 14.3383 16.65 11.2
    endloop
  endfacet
  facet normal -0 0 1
    outer loop
      vertex 13.7189 -12.2679 11.2
      vertex 15.75 -13.9 11.2
      vertex 13.8191 -12.0261 11.2
    endloop
  endfacet
  facet normal 0 0 1
    outer loop
      vertex 15.2206 16.2878 11.2
      vertex 14.3383 16.65 11.2
      vertex 14.2117 16.4513 11.2
    endloop
  endfacet
  facet normal -0 0 1
    outer loop
      vertex 13.6222 -12.4536 11.2
      vertex 15.75 -13.9 11.2
      vertex 13.7189 -12.2679 11.2
    endloop
  endfacet
  facet normal 0 0 1
    outer loop
      vertex 15.2206 16.2878 11.2
      vertex 14.2117 16.4513 11.2
      vertex 14.0683 16.2645 11.2
    endloop
  endfacet
  facet normal -0 0 1
    outer loop
      vertex 13.5981 -12.5 11.2
      vertex 15.75 -13.9 11.2
      vertex 13.6222 -12.4536 11.2
    endloop
  endfacet
  facet normal 0 0 1
    outer loop
      vertex 15.4093 15.8324 11.2
      vertex 14.0683 16.2645 11.2
      vertex 13.9092 16.0908 11.2
    endloop
  endfacet
  facet normal 0 0 1
    outer loop
      vertex 14.7282 -17.1407 11.2
      vertex 14.5372 -17.0765 11.2
      vertex 14.6071 -17.2985 11.2
    endloop
  endfacet
  facet normal -0 0 1
    outer loop
      vertex 13.57 -12.5441 11.2
      vertex 15.75 -13.9 11.2
      vertex 13.5981 -12.5 11.2
    endloop
  endfacet
  facet normal 0 0 1
    outer loop
      vertex 15.75 13.9 11.2
      vertex 13.9977 11.0523 11.2
      vertex 14 11 11.2
    endloop
  endfacet
  facet normal 0 0 1
    outer loop
      vertex 15.75 13.9 11.2
      vertex 13.9886 11.2615 11.2
      vertex 13.9977 11.0523 11.2
    endloop
  endfacet
  facet normal 0 0 1
    outer loop
      vertex 15.75 13.9 11.2
      vertex 13.9544 11.5209 11.2
      vertex 13.9886 11.2615 11.2
    endloop
  endfacet
  facet normal 0 0 1
    outer loop
      vertex 15.75 13.9 11.2
      vertex 13.9431 11.572 11.2
      vertex 13.9544 11.5209 11.2
    endloop
  endfacet
  facet normal 0 0 1
    outer loop
      vertex 15.5575 15.3623 11.2
      vertex 13.9092 16.0908 11.2
      vertex 13.7355 15.9317 11.2
    endloop
  endfacet
  facet normal 0 0 1
    outer loop
      vertex 15.75 13.9 11.2
      vertex 13.8978 11.7764 11.2
      vertex 13.9431 11.572 11.2
    endloop
  endfacet
  facet normal 0 0 1
    outer loop
      vertex 15.75 13.9 11.2
      vertex 13.8348 11.9761 11.2
      vertex 13.8978 11.7764 11.2
    endloop
  endfacet
  facet normal 0 0 1
    outer loop
      vertex 15.75 13.9 11.2
      vertex 13.8191 12.0261 11.2
      vertex 13.8348 11.9761 11.2
    endloop
  endfacet
  facet normal 0 0 1
    outer loop
      vertex 15.5575 15.3623 11.2
      vertex 13.7355 15.9317 11.2
      vertex 13.5487 15.7883 11.2
    endloop
  endfacet
  facet normal 0 0 1
    outer loop
      vertex 15.75 13.9 11.2
      vertex 13.7189 12.2679 11.2
      vertex 13.8191 12.0261 11.2
    endloop
  endfacet
  facet normal 0 0 1
    outer loop
      vertex 15.75 13.9 11.2
      vertex 13.6222 12.4536 11.2
      vertex 13.7189 12.2679 11.2
    endloop
  endfacet
  facet normal 0 0 1
    outer loop
      vertex 15.75 13.9 11.2
      vertex 13.5981 12.5 11.2
      vertex 13.6222 12.4536 11.2
    endloop
  endfacet
  facet normal 0 0 1
    outer loop
      vertex 15.75 13.9 11.2
      vertex 13.57 12.5441 11.2
      vertex 13.5981 12.5 11.2
    endloop
  endfacet
  facet normal 0 0 1
    outer loop
      vertex 15.6642 14.8811 11.2
      vertex 13.5487 15.7883 11.2
      vertex 13.35 15.6617 11.2
    endloop
  endfacet
  facet normal 0 0 1
    outer loop
      vertex 15.75 13.9 11.2
      vertex 13.4574 12.7207 11.2
      vertex 13.57 12.5441 11.2
    endloop
  endfacet
  facet normal 0 0 1
    outer loop
      vertex 15.7285 14.3924 11.2
      vertex 13.35 15.6617 11.2
      vertex 13.1213 13.1213 11.2
    endloop
  endfacet
  facet normal 0 0 1
    outer loop
      vertex 15.75 13.9 11.2
      vertex 13.33 12.8868 11.2
      vertex 13.4574 12.7207 11.2
    endloop
  endfacet
  facet normal 0 0 1
    outer loop
      vertex 15.75 13.9 11.2
      vertex 13.2981 12.9284 11.2
      vertex 13.33 12.8868 11.2
    endloop
  endfacet
  facet normal 0 0 1
    outer loop
      vertex 15.75 13.9 11.2
      vertex 13.1567 13.0827 11.2
      vertex 13.2981 12.9284 11.2
    endloop
  endfacet
  facet normal 0 0 1
    outer loop
      vertex 12.9284 13.2981 11.2
      vertex 13.35 15.6617 11.2
      vertex 13.1411 15.553 11.2
    endloop
  endfacet
  facet normal 0 0 1
    outer loop
      vertex 15.7285 14.3924 11.2
      vertex 13.1213 13.1213 11.2
      vertex 13.1567 13.0827 11.2
    endloop
  endfacet
  facet normal 0 0 1
    outer loop
      vertex 13.35 15.6617 11.2
      vertex 13.0827 13.1567 11.2
      vertex 13.1213 13.1213 11.2
    endloop
  endfacet
  facet normal 0 0 1
    outer loop
      vertex 13.35 15.6617 11.2
      vertex 12.9284 13.2981 11.2
      vertex 13.0827 13.1567 11.2
    endloop
  endfacet
  facet normal 0 0 1
    outer loop
      vertex 12.7207 13.4574 11.2
      vertex 13.1411 15.553 11.2
      vertex 12.9235 15.4628 11.2
    endloop
  endfacet
  facet normal 0 0 1
    outer loop
      vertex 13.1411 15.553 11.2
      vertex 12.8868 13.33 11.2
      vertex 12.9284 13.2981 11.2
    endloop
  endfacet
  facet normal 0 0 1
    outer loop
      vertex 13.1411 15.553 11.2
      vertex 12.7207 13.4574 11.2
      vertex 12.8868 13.33 11.2
    endloop
  endfacet
  facet normal 0 0 1
    outer loop
      vertex 12.5441 13.57 11.2
      vertex 12.9235 15.4628 11.2
      vertex 12.6988 15.392 11.2
    endloop
  endfacet
  facet normal 0 0 1
    outer loop
      vertex 12.9235 15.4628 11.2
      vertex 12.5441 13.57 11.2
      vertex 12.7207 13.4574 11.2
    endloop
  endfacet
  facet normal 0 0 1
    outer loop
      vertex 12.6988 15.392 11.2
      vertex 12.5 13.5981 11.2
      vertex 12.5441 13.57 11.2
    endloop
  endfacet
  facet normal 0 0 1
    outer loop
      vertex 12.4536 13.6222 11.2
      vertex 12.6988 15.392 11.2
      vertex 12.4688 15.341 11.2
    endloop
  endfacet
  facet normal 0 0 1
    outer loop
      vertex 12.6988 15.392 11.2
      vertex 12.4536 13.6222 11.2
      vertex 12.5 13.5981 11.2
    endloop
  endfacet
  facet normal 0 0 1
    outer loop
      vertex 12.4688 15.341 11.2
      vertex 12.2679 13.7189 11.2
      vertex 12.4536 13.6222 11.2
    endloop
  endfacet
  facet normal -0 0 1
    outer loop
      vertex 12.2353 15.3103 11.2
      vertex 12.2679 13.7189 11.2
      vertex 12.4688 15.341 11.2
    endloop
  endfacet
  facet normal 0 0 1
    outer loop
      vertex 12.2353 15.3103 11.2
      vertex 12.0261 13.8191 11.2
      vertex 12.2679 13.7189 11.2
    endloop
  endfacet
  facet normal 0 0 1
    outer loop
      vertex 11.9761 13.8348 11.2
      vertex 12.2353 15.3103 11.2
      vertex 12 15.3 11.2
    endloop
  endfacet
  facet normal 0 0 1
    outer loop
      vertex 12.2353 15.3103 11.2
      vertex 11.9761 13.8348 11.2
      vertex 12.0261 13.8191 11.2
    endloop
  endfacet
  facet normal 0 0 1
    outer loop
      vertex 12 15.3 11.2
      vertex 11.7764 13.8978 11.2
      vertex 11.9761 13.8348 11.2
    endloop
  endfacet
  facet normal 0 0 1
    outer loop
      vertex 11.7647 15.3103 11.2
      vertex 11.7764 13.8978 11.2
      vertex 12 15.3 11.2
    endloop
  endfacet
  facet normal 0 0 1
    outer loop
      vertex 11.7647 15.3103 11.2
      vertex 11.572 13.9431 11.2
      vertex 11.7764 13.8978 11.2
    endloop
  endfacet
  facet normal 0 0 1
    outer loop
      vertex 11.5209 13.9544 11.2
      vertex 11.7647 15.3103 11.2
      vertex 11.5311 15.341 11.2
    endloop
  endfacet
  facet normal 0 0 1
    outer loop
      vertex 11.7647 15.3103 11.2
      vertex 11.5209 13.9544 11.2
      vertex 11.572 13.9431 11.2
    endloop
  endfacet
  facet normal 0 0 1
    outer loop
      vertex 11.2615 13.9886 11.2
      vertex 11.5311 15.341 11.2
      vertex 11.3012 15.392 11.2
    endloop
  endfacet
  facet normal 0 0 1
    outer loop
      vertex 11.5311 15.341 11.2
      vertex 11.2615 13.9886 11.2
      vertex 11.5209 13.9544 11.2
    endloop
  endfacet
  facet normal 0 0 1
    outer loop
      vertex 11 14 11.2
      vertex 11.3012 15.392 11.2
      vertex 11.0765 15.4628 11.2
    endloop
  endfacet
  facet normal 0 0 1
    outer loop
      vertex 11.3012 15.392 11.2
      vertex 11.0523 13.9977 11.2
      vertex 11.2615 13.9886 11.2
    endloop
  endfacet
  facet normal 0 0 1
    outer loop
      vertex 11.3012 15.392 11.2
      vertex 11 14 11.2
      vertex 11.0523 13.9977 11.2
    endloop
  endfacet
  facet normal 0 0 1
    outer loop
      vertex 10.8589 15.553 11.2
      vertex 11 14 11.2
      vertex 11.0765 15.4628 11.2
    endloop
  endfacet
  facet normal 0 0 1
    outer loop
      vertex 10.65 15.6617 11.2
      vertex 11 14 11.2
      vertex 10.8589 15.553 11.2
    endloop
  endfacet
  facet normal 0 0 1
    outer loop
      vertex 10.4513 15.7883 11.2
      vertex 11 14 11.2
      vertex 10.65 15.6617 11.2
    endloop
  endfacet
  facet normal 0 0 1
    outer loop
      vertex 10.2645 15.9317 11.2
      vertex 11 14 11.2
      vertex 10.4513 15.7883 11.2
    endloop
  endfacet
  facet normal 0 0 1
    outer loop
      vertex 10.0908 16.0908 11.2
      vertex 11 14 11.2
      vertex 10.2645 15.9317 11.2
    endloop
  endfacet
  facet normal 0 0 1
    outer loop
      vertex 9.93168 16.2645 11.2
      vertex 11 14 11.2
      vertex 10.0908 16.0908 11.2
    endloop
  endfacet
  facet normal 0 0 1
    outer loop
      vertex 9.78829 16.4513 11.2
      vertex 11 14 11.2
      vertex 9.93168 16.2645 11.2
    endloop
  endfacet
  facet normal 0 0 1
    outer loop
      vertex -9.78829 16.4513 11.2
      vertex 9.78829 16.4513 11.2
      vertex 9.66173 16.65 11.2
    endloop
  endfacet
  facet normal 0 0 1
    outer loop
      vertex -9.66173 16.65 11.2
      vertex 9.66173 16.65 11.2
      vertex 9.55297 16.8589 11.2
    endloop
  endfacet
  facet normal -0 0 1
    outer loop
      vertex -9.3 18 11.2
      vertex 9.31027 17.7647 11.2
      vertex 9.3 18 11.2
    endloop
  endfacet
  facet normal 0 0 1
    outer loop
      vertex -9.31027 17.7647 11.2
      vertex 9.31027 17.7647 11.2
      vertex -9.3 18 11.2
    endloop
  endfacet
  facet normal 0 0 1
    outer loop
      vertex 9.31027 17.7647 11.2
      vertex -9.31027 17.7647 11.2
      vertex 9.34102 17.5312 11.2
    endloop
  endfacet
  facet normal 0 0 1
    outer loop
      vertex -9.34102 17.5312 11.2
      vertex 9.34102 17.5312 11.2
      vertex -9.31027 17.7647 11.2
    endloop
  endfacet
  facet normal 0 0 1
    outer loop
      vertex 9.34102 17.5312 11.2
      vertex -9.34102 17.5312 11.2
      vertex 9.392 17.3012 11.2
    endloop
  endfacet
  facet normal 0 0 1
    outer loop
      vertex -9.392 17.3012 11.2
      vertex 9.392 17.3012 11.2
      vertex -9.34102 17.5312 11.2
    endloop
  endfacet
  facet normal 0 0 1
    outer loop
      vertex 9.392 17.3012 11.2
      vertex -9.392 17.3012 11.2
      vertex 9.46283 17.0765 11.2
    endloop
  endfacet
  facet normal 0 0 1
    outer loop
      vertex -9.46283 17.0765 11.2
      vertex 9.46283 17.0765 11.2
      vertex -9.392 17.3012 11.2
    endloop
  endfacet
  facet normal 0 0 1
    outer loop
      vertex 9.46283 17.0765 11.2
      vertex -9.46283 17.0765 11.2
      vertex 9.55297 16.8589 11.2
    endloop
  endfacet
  facet normal 0 0 1
    outer loop
      vertex -9.55297 16.8589 11.2
      vertex 9.55297 16.8589 11.2
      vertex -9.46283 17.0765 11.2
    endloop
  endfacet
  facet normal 0 0 1
    outer loop
      vertex -9.66173 16.65 11.2
      vertex 9.55297 16.8589 11.2
      vertex -9.55297 16.8589 11.2
    endloop
  endfacet
  facet normal 0 0 1
    outer loop
      vertex -9.78829 16.4513 11.2
      vertex 9.66173 16.65 11.2
      vertex -9.66173 16.65 11.2
    endloop
  endfacet
  facet normal 0 0 1
    outer loop
      vertex 9.78829 16.4513 11.2
      vertex -9.78829 16.4513 11.2
      vertex 11 14 11.2
    endloop
  endfacet
  facet normal 0 0 1
    outer loop
      vertex -11 14 11.2
      vertex -9.78829 16.4513 11.2
      vertex -9.93168 16.2645 11.2
    endloop
  endfacet
  facet normal 0 0 1
    outer loop
      vertex -11 14 11.2
      vertex -9.93168 16.2645 11.2
      vertex -10.0908 16.0908 11.2
    endloop
  endfacet
  facet normal 0 0 1
    outer loop
      vertex -11 14 11.2
      vertex -10.0908 16.0908 11.2
      vertex -10.2645 15.9317 11.2
    endloop
  endfacet
  facet normal 0 0 1
    outer loop
      vertex -11 14 11.2
      vertex -10.2645 15.9317 11.2
      vertex -10.4513 15.7883 11.2
    endloop
  endfacet
  facet normal 0 0 1
    outer loop
      vertex -11 14 11.2
      vertex -10.4513 15.7883 11.2
      vertex -10.65 15.6617 11.2
    endloop
  endfacet
  facet normal 0 0 1
    outer loop
      vertex -11 14 11.2
      vertex -10.65 15.6617 11.2
      vertex -10.8589 15.553 11.2
    endloop
  endfacet
  facet normal 0 0 1
    outer loop
      vertex -9.78829 16.4513 11.2
      vertex -11 14 11.2
      vertex 11 14 11.2
    endloop
  endfacet
  facet normal -0 0 1
    outer loop
      vertex -11.0765 15.4628 11.2
      vertex -11 14 11.2
      vertex -10.8589 15.553 11.2
    endloop
  endfacet
  facet normal -0 0 1
    outer loop
      vertex -11.3012 15.392 11.2
      vertex -11 14 11.2
      vertex -11.0765 15.4628 11.2
    endloop
  endfacet
  facet normal 0 0 1
    outer loop
      vertex -11 14 11.2
      vertex -11.3012 15.392 11.2
      vertex -11.0523 13.9977 11.2
    endloop
  endfacet
  facet normal 0 0 1
    outer loop
      vertex -11.0523 13.9977 11.2
      vertex -11.3012 15.392 11.2
      vertex -11.2615 13.9886 11.2
    endloop
  endfacet
  facet normal -0 0 1
    outer loop
      vertex -11.5311 15.341 11.2
      vertex -11.2615 13.9886 11.2
      vertex -11.3012 15.392 11.2
    endloop
  endfacet
  facet normal 0 0 1
    outer loop
      vertex -11.2615 13.9886 11.2
      vertex -11.5311 15.341 11.2
      vertex -11.5209 13.9544 11.2
    endloop
  endfacet
  facet normal -0 0 1
    outer loop
      vertex -11.7647 15.3103 11.2
      vertex -11.5209 13.9544 11.2
      vertex -11.5311 15.341 11.2
    endloop
  endfacet
  facet normal 0 0 1
    outer loop
      vertex -11.5209 13.9544 11.2
      vertex -11.7647 15.3103 11.2
      vertex -11.572 13.9431 11.2
    endloop
  endfacet
  facet normal 0 0 1
    outer loop
      vertex -11.7647 15.3103 11.2
      vertex -11.7764 13.8978 11.2
      vertex -11.572 13.9431 11.2
    endloop
  endfacet
  facet normal -0 0 1
    outer loop
      vertex -12 15.3 11.2
      vertex -11.7764 13.8978 11.2
      vertex -11.7647 15.3103 11.2
    endloop
  endfacet
  facet normal 0 0 1
    outer loop
      vertex -11.7764 13.8978 11.2
      vertex -12 15.3 11.2
      vertex -11.9761 13.8348 11.2
    endloop
  endfacet
  facet normal 0 0 1
    outer loop
      vertex -12.2353 15.3103 11.2
      vertex -11.9761 13.8348 11.2
      vertex -12 15.3 11.2
    endloop
  endfacet
  facet normal 0 0 1
    outer loop
      vertex -11.9761 13.8348 11.2
      vertex -12.2353 15.3103 11.2
      vertex -12.0261 13.8191 11.2
    endloop
  endfacet
  facet normal 0 0 1
    outer loop
      vertex -12.2353 15.3103 11.2
      vertex -12.2679 13.7189 11.2
      vertex -12.0261 13.8191 11.2
    endloop
  endfacet
  facet normal 0 0 1
    outer loop
      vertex -12.4688 15.341 11.2
      vertex -12.2679 13.7189 11.2
      vertex -12.2353 15.3103 11.2
    endloop
  endfacet
  facet normal 0 0 1
    outer loop
      vertex -12.2679 13.7189 11.2
      vertex -12.4688 15.341 11.2
      vertex -12.4536 13.6222 11.2
    endloop
  endfacet
  facet normal 0 0 1
    outer loop
      vertex -12.6988 15.392 11.2
      vertex -12.4536 13.6222 11.2
      vertex -12.4688 15.341 11.2
    endloop
  endfacet
  facet normal 0 0 1
    outer loop
      vertex -12.4536 13.6222 11.2
      vertex -12.6988 15.392 11.2
      vertex -12.5 13.5981 11.2
    endloop
  endfacet
  facet normal 0 0 1
    outer loop
      vertex -12.5 13.5981 11.2
      vertex -12.6988 15.392 11.2
      vertex -12.5441 13.57 11.2
    endloop
  endfacet
  facet normal 0 0 1
    outer loop
      vertex -12.9235 15.4628 11.2
      vertex -12.5441 13.57 11.2
      vertex -12.6988 15.392 11.2
    endloop
  endfacet
  facet normal 0 0 1
    outer loop
      vertex -12.5441 13.57 11.2
      vertex -12.9235 15.4628 11.2
      vertex -12.7207 13.4574 11.2
    endloop
  endfacet
  facet normal 0 0 1
    outer loop
      vertex -13.1411 15.553 11.2
      vertex -12.7207 13.4574 11.2
      vertex -12.9235 15.4628 11.2
    endloop
  endfacet
  facet normal 0 0 1
    outer loop
      vertex -12.7207 13.4574 11.2
      vertex -13.1411 15.553 11.2
      vertex -12.8868 13.33 11.2
    endloop
  endfacet
  facet normal 0 0 1
    outer loop
      vertex -12.8868 13.33 11.2
      vertex -13.1411 15.553 11.2
      vertex -12.9284 13.2981 11.2
    endloop
  endfacet
  facet normal 0 0 1
    outer loop
      vertex -13.35 15.6617 11.2
      vertex -12.9284 13.2981 11.2
      vertex -13.1411 15.553 11.2
    endloop
  endfacet
  facet normal 0 0 1
    outer loop
      vertex -12.9284 13.2981 11.2
      vertex -13.35 15.6617 11.2
      vertex -13.0827 13.1567 11.2
    endloop
  endfacet
  facet normal 0 0 1
    outer loop
      vertex -13.0827 13.1567 11.2
      vertex -13.35 15.6617 11.2
      vertex -13.1213 13.1213 11.2
    endloop
  endfacet
  facet normal -0 0 1
    outer loop
      vertex -15.75 13.9 11.2
      vertex -13.1213 13.1213 11.2
      vertex -13.35 15.6617 11.2
    endloop
  endfacet
  facet normal 0 0 1
    outer loop
      vertex -13.1213 13.1213 11.2
      vertex -15.75 13.9 11.2
      vertex -13.1567 13.0827 11.2
    endloop
  endfacet
  facet normal 0 0 1
    outer loop
      vertex -13.1567 13.0827 11.2
      vertex -15.75 13.9 11.2
      vertex -13.2981 12.9284 11.2
    endloop
  endfacet
  facet normal 0 0 1
    outer loop
      vertex -13.2981 12.9284 11.2
      vertex -15.75 13.9 11.2
      vertex -13.33 12.8868 11.2
    endloop
  endfacet
  facet normal 0 0 1
    outer loop
      vertex -15.75 13.9 11.2
      vertex -13.35 15.6617 11.2
      vertex -13.5487 15.7883 11.2
    endloop
  endfacet
  facet normal 0 0 1
    outer loop
      vertex -13.33 12.8868 11.2
      vertex -15.75 13.9 11.2
      vertex -13.4574 12.7207 11.2
    endloop
  endfacet
  facet normal 0 0 1
    outer loop
      vertex -13.4574 12.7207 11.2
      vertex -15.75 13.9 11.2
      vertex -13.57 12.5441 11.2
    endloop
  endfacet
  facet normal 0 0 1
    outer loop
      vertex -13.57 12.5441 11.2
      vertex -15.75 13.9 11.2
      vertex -13.5981 12.5 11.2
    endloop
  endfacet
  facet normal 0 0 1
    outer loop
      vertex -13.5981 12.5 11.2
      vertex -15.75 13.9 11.2
      vertex -13.6222 12.4536 11.2
    endloop
  endfacet
  facet normal 0 0 1
    outer loop
      vertex -15.75 13.9 11.2
      vertex -13.5487 15.7883 11.2
      vertex -13.7355 15.9317 11.2
    endloop
  endfacet
  facet normal 0 0 1
    outer loop
      vertex -13.6222 12.4536 11.2
      vertex -15.75 13.9 11.2
      vertex -13.7189 12.2679 11.2
    endloop
  endfacet
  facet normal 0 0 1
    outer loop
      vertex -13.7189 12.2679 11.2
      vertex -15.75 13.9 11.2
      vertex -13.8191 12.0261 11.2
    endloop
  endfacet
  facet normal 0 0 1
    outer loop
      vertex -13.8191 12.0261 11.2
      vertex -15.75 13.9 11.2
      vertex -13.8348 11.9761 11.2
    endloop
  endfacet
  facet normal 0 0 1
    outer loop
      vertex -15.75 13.9 11.2
      vertex -13.7355 15.9317 11.2
      vertex -13.9092 16.0908 11.2
    endloop
  endfacet
  facet normal 0 0 1
    outer loop
      vertex -13.8348 11.9761 11.2
      vertex -15.75 13.9 11.2
      vertex -13.8978 11.7764 11.2
    endloop
  endfacet
  facet normal 0 0 1
    outer loop
      vertex -13.8978 11.7764 11.2
      vertex -15.75 13.9 11.2
      vertex -13.9431 11.572 11.2
    endloop
  endfacet
  facet normal 0 0 1
    outer loop
      vertex -13.9431 11.572 11.2
      vertex -15.75 13.9 11.2
      vertex -13.9544 11.5209 11.2
    endloop
  endfacet
  facet normal 0 0 1
    outer loop
      vertex -13.9544 11.5209 11.2
      vertex -15.75 13.9 11.2
      vertex -13.9886 11.2615 11.2
    endloop
  endfacet
  facet normal 0 0 1
    outer loop
      vertex -13.9886 11.2615 11.2
      vertex -15.75 13.9 11.2
      vertex -13.9977 11.0523 11.2
    endloop
  endfacet
  facet normal 0 0 1
    outer loop
      vertex -13.9977 11.0523 11.2
      vertex -15.75 13.9 11.2
      vertex -14 11 11.2
    endloop
  endfacet
  facet normal 0 0 1
    outer loop
      vertex -15.75 13.9 11.2
      vertex -13.9092 16.0908 11.2
      vertex -14.0683 16.2645 11.2
    endloop
  endfacet
  facet normal 0 0 1
    outer loop
      vertex 14.7282 -17.1407 11.2
      vertex 14.447 -16.8589 11.2
      vertex 14.5372 -17.0765 11.2
    endloop
  endfacet
  facet normal -0 0 1
    outer loop
      vertex 13.4574 -12.7207 11.2
      vertex 15.75 -13.9 11.2
      vertex 13.57 -12.5441 11.2
    endloop
  endfacet
  facet normal -0 0 1
    outer loop
      vertex 13.33 -12.8868 11.2
      vertex 15.75 -13.9 11.2
      vertex 13.4574 -12.7207 11.2
    endloop
  endfacet
  facet normal 0 0 1
    outer loop
      vertex 14.993 -16.725 11.2
      vertex 14.447 -16.8589 11.2
      vertex 14.7282 -17.1407 11.2
    endloop
  endfacet
  facet normal -0 0 1
    outer loop
      vertex 13.2981 -12.9284 11.2
      vertex 15.75 -13.9 11.2
      vertex 13.33 -12.8868 11.2
    endloop
  endfacet
  facet normal 0 0 1
    outer loop
      vertex 15.2206 -16.2878 11.2
      vertex 14.3383 -16.65 11.2
      vertex 14.993 -16.725 11.2
    endloop
  endfacet
  facet normal 0 -0 1
    outer loop
      vertex 14.447 -16.8589 11.2
      vertex 14.993 -16.725 11.2
      vertex 14.3383 -16.65 11.2
    endloop
  endfacet
  facet normal -0 0 1
    outer loop
      vertex 13.1567 -13.0827 11.2
      vertex 15.75 -13.9 11.2
      vertex 13.2981 -12.9284 11.2
    endloop
  endfacet
  facet normal 0 -0 1
    outer loop
      vertex 14.3383 -16.65 11.2
      vertex 15.2206 -16.2878 11.2
      vertex 14.2117 -16.4513 11.2
    endloop
  endfacet
  facet normal 0 0 1
    outer loop
      vertex 15.75 -13.9 11.2
      vertex 13.1567 -13.0827 11.2
      vertex 15.7285 -14.3924 11.2
    endloop
  endfacet
  facet normal -0 0 1
    outer loop
      vertex 13.1213 -13.1213 11.2
      vertex 15.7285 -14.3924 11.2
      vertex 13.1567 -13.0827 11.2
    endloop
  endfacet
  facet normal 0 -0 1
    outer loop
      vertex 14.2117 -16.4513 11.2
      vertex 15.2206 -16.2878 11.2
      vertex 14.0683 -16.2645 11.2
    endloop
  endfacet
  facet normal 0 -0 1
    outer loop
      vertex 13.35 -15.6617 11.2
      vertex 15.7285 -14.3924 11.2
      vertex 13.1213 -13.1213 11.2
    endloop
  endfacet
  facet normal 0 0 1
    outer loop
      vertex 15.4093 -15.8324 11.2
      vertex 14.0683 -16.2645 11.2
      vertex 15.2206 -16.2878 11.2
    endloop
  endfacet
  facet normal 0 -0 1
    outer loop
      vertex 14.0683 -16.2645 11.2
      vertex 15.4093 -15.8324 11.2
      vertex 13.9092 -16.0908 11.2
    endloop
  endfacet
  facet normal 0 0 1
    outer loop
      vertex 15.7285 -14.3924 11.2
      vertex 13.35 -15.6617 11.2
      vertex 15.6642 -14.8811 11.2
    endloop
  endfacet
  facet normal 0 0 1
    outer loop
      vertex 15.5575 -15.3623 11.2
      vertex 13.9092 -16.0908 11.2
      vertex 15.4093 -15.8324 11.2
    endloop
  endfacet
  facet normal 0 -0 1
    outer loop
      vertex 13.9092 -16.0908 11.2
      vertex 15.5575 -15.3623 11.2
      vertex 13.7355 -15.9317 11.2
    endloop
  endfacet
  facet normal 0 -0 1
    outer loop
      vertex 13.7355 -15.9317 11.2
      vertex 15.5575 -15.3623 11.2
      vertex 13.5487 -15.7883 11.2
    endloop
  endfacet
  facet normal 0 -0 1
    outer loop
      vertex 13.5487 -15.7883 11.2
      vertex 15.6642 -14.8811 11.2
      vertex 13.35 -15.6617 11.2
    endloop
  endfacet
  facet normal 0 0 1
    outer loop
      vertex 15.6642 -14.8811 11.2
      vertex 13.5487 -15.7883 11.2
      vertex 15.5575 -15.3623 11.2
    endloop
  endfacet
  facet normal -0 0 1
    outer loop
      vertex 13.0827 -13.1567 11.2
      vertex 13.35 -15.6617 11.2
      vertex 13.1213 -13.1213 11.2
    endloop
  endfacet
  facet normal -0 0 1
    outer loop
      vertex 12.9284 -13.2981 11.2
      vertex 13.35 -15.6617 11.2
      vertex 13.0827 -13.1567 11.2
    endloop
  endfacet
  facet normal 0 0 1
    outer loop
      vertex 13.35 -15.6617 11.2
      vertex 12.9284 -13.2981 11.2
      vertex 13.1411 -15.553 11.2
    endloop
  endfacet
  facet normal -0 0 1
    outer loop
      vertex 12.8868 -13.33 11.2
      vertex 13.1411 -15.553 11.2
      vertex 12.9284 -13.2981 11.2
    endloop
  endfacet
  facet normal -0 0 1
    outer loop
      vertex 12.7207 -13.4574 11.2
      vertex 13.1411 -15.553 11.2
      vertex 12.8868 -13.33 11.2
    endloop
  endfacet
  facet normal 0 0 1
    outer loop
      vertex 13.1411 -15.553 11.2
      vertex 12.7207 -13.4574 11.2
      vertex 12.9235 -15.4628 11.2
    endloop
  endfacet
  facet normal -0 0 1
    outer loop
      vertex 12.5441 -13.57 11.2
      vertex 12.9235 -15.4628 11.2
      vertex 12.7207 -13.4574 11.2
    endloop
  endfacet
  facet normal 0 0 1
    outer loop
      vertex 12.9235 -15.4628 11.2
      vertex 12.5441 -13.57 11.2
      vertex 12.6988 -15.392 11.2
    endloop
  endfacet
  facet normal -0 0 1
    outer loop
      vertex 12.5 -13.5981 11.2
      vertex 12.6988 -15.392 11.2
      vertex 12.5441 -13.57 11.2
    endloop
  endfacet
  facet normal -0 0 1
    outer loop
      vertex 12.4536 -13.6222 11.2
      vertex 12.6988 -15.392 11.2
      vertex 12.5 -13.5981 11.2
    endloop
  endfacet
  facet normal 0 0 1
    outer loop
      vertex 12.6988 -15.392 11.2
      vertex 12.4536 -13.6222 11.2
      vertex 12.4688 -15.341 11.2
    endloop
  endfacet
  facet normal -0 0 1
    outer loop
      vertex 12.2679 -13.7189 11.2
      vertex 12.4688 -15.341 11.2
      vertex 12.4536 -13.6222 11.2
    endloop
  endfacet
  facet normal 0 0 1
    outer loop
      vertex 12.2679 -13.7189 11.2
      vertex 12.2353 -15.3103 11.2
      vertex 12.4688 -15.341 11.2
    endloop
  endfacet
  facet normal -0 0 1
    outer loop
      vertex 12.0261 -13.8191 11.2
      vertex 12.2353 -15.3103 11.2
      vertex 12.2679 -13.7189 11.2
    endloop
  endfacet
  facet normal -0 0 1
    outer loop
      vertex 11.9761 -13.8348 11.2
      vertex 12.2353 -15.3103 11.2
      vertex 12.0261 -13.8191 11.2
    endloop
  endfacet
  facet normal 0 0 1
    outer loop
      vertex 12.2353 -15.3103 11.2
      vertex 11.9761 -13.8348 11.2
      vertex 12 -15.3 11.2
    endloop
  endfacet
  facet normal -0 0 1
    outer loop
      vertex 11.7764 -13.8978 11.2
      vertex 12 -15.3 11.2
      vertex 11.9761 -13.8348 11.2
    endloop
  endfacet
  facet normal 0 0 1
    outer loop
      vertex 11.7764 -13.8978 11.2
      vertex 11.7647 -15.3103 11.2
      vertex 12 -15.3 11.2
    endloop
  endfacet
  facet normal -0 0 1
    outer loop
      vertex 11.572 -13.9431 11.2
      vertex 11.7647 -15.3103 11.2
      vertex 11.7764 -13.8978 11.2
    endloop
  endfacet
  facet normal -0 0 1
    outer loop
      vertex 11.5209 -13.9544 11.2
      vertex 11.7647 -15.3103 11.2
      vertex 11.572 -13.9431 11.2
    endloop
  endfacet
  facet normal 0 0 1
    outer loop
      vertex 11.7647 -15.3103 11.2
      vertex 11.5209 -13.9544 11.2
      vertex 11.5311 -15.341 11.2
    endloop
  endfacet
  facet normal -0 0 1
    outer loop
      vertex 11.2615 -13.9886 11.2
      vertex 11.5311 -15.341 11.2
      vertex 11.5209 -13.9544 11.2
    endloop
  endfacet
  facet normal 0 0 1
    outer loop
      vertex 11.5311 -15.341 11.2
      vertex 11.2615 -13.9886 11.2
      vertex 11.3012 -15.392 11.2
    endloop
  endfacet
  facet normal -0 0 1
    outer loop
      vertex 11.0523 -13.9977 11.2
      vertex 11.3012 -15.392 11.2
      vertex 11.2615 -13.9886 11.2
    endloop
  endfacet
  facet normal -0 0 1
    outer loop
      vertex 11 -14 11.2
      vertex 11.3012 -15.392 11.2
      vertex 11.0523 -13.9977 11.2
    endloop
  endfacet
  facet normal 0 0 1
    outer loop
      vertex 11.3012 -15.392 11.2
      vertex 11 -14 11.2
      vertex 11.0765 -15.4628 11.2
    endloop
  endfacet
  facet normal 0 0 1
    outer loop
      vertex 11 -14 11.2
      vertex 10.8589 -15.553 11.2
      vertex 11.0765 -15.4628 11.2
    endloop
  endfacet
  facet normal 0 0 1
    outer loop
      vertex 11 -14 11.2
      vertex 10.65 -15.6617 11.2
      vertex 10.8589 -15.553 11.2
    endloop
  endfacet
  facet normal 0 0 1
    outer loop
      vertex 11 -14 11.2
      vertex 10.4513 -15.7883 11.2
      vertex 10.65 -15.6617 11.2
    endloop
  endfacet
  facet normal 0 0 1
    outer loop
      vertex 11 -14 11.2
      vertex 10.2645 -15.9317 11.2
      vertex 10.4513 -15.7883 11.2
    endloop
  endfacet
  facet normal 0 0 1
    outer loop
      vertex 11 -14 11.2
      vertex 10.0908 -16.0908 11.2
      vertex 10.2645 -15.9317 11.2
    endloop
  endfacet
  facet normal 0 0 1
    outer loop
      vertex 11 -14 11.2
      vertex 9.93168 -16.2645 11.2
      vertex 10.0908 -16.0908 11.2
    endloop
  endfacet
  facet normal 0 0 1
    outer loop
      vertex 11 -14 11.2
      vertex 9.78829 -16.4513 11.2
      vertex 9.93168 -16.2645 11.2
    endloop
  endfacet
  facet normal 0 0 1
    outer loop
      vertex -9.78829 -16.4513 11.2
      vertex 9.78829 -16.4513 11.2
      vertex 11 -14 11.2
    endloop
  endfacet
  facet normal 0 0 1
    outer loop
      vertex 9.78829 -16.4513 11.2
      vertex -9.78829 -16.4513 11.2
      vertex 9.66173 -16.65 11.2
    endloop
  endfacet
  facet normal 0 0 1
    outer loop
      vertex 9.31027 -17.7647 11.2
      vertex -9.3 -18 11.2
      vertex 9.3 -18 11.2
    endloop
  endfacet
  facet normal 0 0 1
    outer loop
      vertex -9.31027 -17.7647 11.2
      vertex 9.31027 -17.7647 11.2
      vertex 9.34102 -17.5312 11.2
    endloop
  endfacet
  facet normal 0 0 1
    outer loop
      vertex -9.34102 -17.5312 11.2
      vertex 9.34102 -17.5312 11.2
      vertex 9.392 -17.3012 11.2
    endloop
  endfacet
  facet normal 0 0 1
    outer loop
      vertex -9.392 -17.3012 11.2
      vertex 9.392 -17.3012 11.2
      vertex 9.46283 -17.0765 11.2
    endloop
  endfacet
  facet normal 0 0 1
    outer loop
      vertex -9.46283 -17.0765 11.2
      vertex 9.46283 -17.0765 11.2
      vertex 9.55297 -16.8589 11.2
    endloop
  endfacet
  facet normal 0 0 1
    outer loop
      vertex 9.66173 -16.65 11.2
      vertex -9.66173 -16.65 11.2
      vertex 9.55297 -16.8589 11.2
    endloop
  endfacet
  facet normal 0 0 1
    outer loop
      vertex 9.31027 -17.7647 11.2
      vertex -9.31027 -17.7647 11.2
      vertex -9.3 -18 11.2
    endloop
  endfacet
  facet normal 0 0 1
    outer loop
      vertex 9.34102 -17.5312 11.2
      vertex -9.34102 -17.5312 11.2
      vertex -9.31027 -17.7647 11.2
    endloop
  endfacet
  facet normal 0 0 1
    outer loop
      vertex 9.392 -17.3012 11.2
      vertex -9.392 -17.3012 11.2
      vertex -9.34102 -17.5312 11.2
    endloop
  endfacet
  facet normal 0 0 1
    outer loop
      vertex 9.46283 -17.0765 11.2
      vertex -9.46283 -17.0765 11.2
      vertex -9.392 -17.3012 11.2
    endloop
  endfacet
  facet normal 0 0 1
    outer loop
      vertex 9.55297 -16.8589 11.2
      vertex -9.55297 -16.8589 11.2
      vertex -9.46283 -17.0765 11.2
    endloop
  endfacet
  facet normal 0 0 1
    outer loop
      vertex 9.55297 -16.8589 11.2
      vertex -9.66173 -16.65 11.2
      vertex -9.55297 -16.8589 11.2
    endloop
  endfacet
  facet normal 0 0 1
    outer loop
      vertex 9.66173 -16.65 11.2
      vertex -9.78829 -16.4513 11.2
      vertex -9.66173 -16.65 11.2
    endloop
  endfacet
  facet normal -0 0 1
    outer loop
      vertex -11 -14 11.2
      vertex -9.78829 -16.4513 11.2
      vertex 11 -14 11.2
    endloop
  endfacet
  facet normal 0 0 1
    outer loop
      vertex -9.78829 -16.4513 11.2
      vertex -11 -14 11.2
      vertex -9.93168 -16.2645 11.2
    endloop
  endfacet
  facet normal 0 0 1
    outer loop
      vertex -9.93168 -16.2645 11.2
      vertex -11 -14 11.2
      vertex -10.0908 -16.0908 11.2
    endloop
  endfacet
  facet normal 0 0 1
    outer loop
      vertex -10.0908 -16.0908 11.2
      vertex -11 -14 11.2
      vertex -10.2645 -15.9317 11.2
    endloop
  endfacet
  facet normal 0 0 1
    outer loop
      vertex -10.2645 -15.9317 11.2
      vertex -11 -14 11.2
      vertex -10.4513 -15.7883 11.2
    endloop
  endfacet
  facet normal 0 0 1
    outer loop
      vertex -10.4513 -15.7883 11.2
      vertex -11 -14 11.2
      vertex -10.65 -15.6617 11.2
    endloop
  endfacet
  facet normal 0 0 1
    outer loop
      vertex -10.65 -15.6617 11.2
      vertex -11 -14 11.2
      vertex -10.8589 -15.553 11.2
    endloop
  endfacet
  facet normal 0 0 1
    outer loop
      vertex -11.3012 -15.392 11.2
      vertex -11 -14 11.2
      vertex -11.0523 -13.9977 11.2
    endloop
  endfacet
  facet normal 0 0 1
    outer loop
      vertex -11 -14 11.2
      vertex -11.0765 -15.4628 11.2
      vertex -10.8589 -15.553 11.2
    endloop
  endfacet
  facet normal 0 0 1
    outer loop
      vertex -11.3012 -15.392 11.2
      vertex -11.0523 -13.9977 11.2
      vertex -11.2615 -13.9886 11.2
    endloop
  endfacet
  facet normal 0 0 1
    outer loop
      vertex -11 -14 11.2
      vertex -11.3012 -15.392 11.2
      vertex -11.0765 -15.4628 11.2
    endloop
  endfacet
  facet normal 0 0 1
    outer loop
      vertex -11.5311 -15.341 11.2
      vertex -11.2615 -13.9886 11.2
      vertex -11.5209 -13.9544 11.2
    endloop
  endfacet
  facet normal 0 0 1
    outer loop
      vertex -11.2615 -13.9886 11.2
      vertex -11.5311 -15.341 11.2
      vertex -11.3012 -15.392 11.2
    endloop
  endfacet
  facet normal 0 0 1
    outer loop
      vertex -11.7647 -15.3103 11.2
      vertex -11.5209 -13.9544 11.2
      vertex -11.572 -13.9431 11.2
    endloop
  endfacet
  facet normal 0 0 1
    outer loop
      vertex -11.5209 -13.9544 11.2
      vertex -11.7647 -15.3103 11.2
      vertex -11.5311 -15.341 11.2
    endloop
  endfacet
  facet normal 0 0 1
    outer loop
      vertex -11.7764 -13.8978 11.2
      vertex -11.7647 -15.3103 11.2
      vertex -11.572 -13.9431 11.2
    endloop
  endfacet
  facet normal 0 0 1
    outer loop
      vertex -12 -15.3 11.2
      vertex -11.7764 -13.8978 11.2
      vertex -11.9761 -13.8348 11.2
    endloop
  endfacet
  facet normal 0 0 1
    outer loop
      vertex -11.7764 -13.8978 11.2
      vertex -12 -15.3 11.2
      vertex -11.7647 -15.3103 11.2
    endloop
  endfacet
  facet normal 0 0 1
    outer loop
      vertex -12.2353 -15.3103 11.2
      vertex -11.9761 -13.8348 11.2
      vertex -12.0261 -13.8191 11.2
    endloop
  endfacet
  facet normal 0 0 1
    outer loop
      vertex -11.9761 -13.8348 11.2
      vertex -12.2353 -15.3103 11.2
      vertex -12 -15.3 11.2
    endloop
  endfacet
  facet normal 0 0 1
    outer loop
      vertex -12.2679 -13.7189 11.2
      vertex -12.2353 -15.3103 11.2
      vertex -12.0261 -13.8191 11.2
    endloop
  endfacet
  facet normal 0 0 1
    outer loop
      vertex -12.4688 -15.341 11.2
      vertex -12.2679 -13.7189 11.2
      vertex -12.4536 -13.6222 11.2
    endloop
  endfacet
  facet normal 0 0 1
    outer loop
      vertex -12.2679 -13.7189 11.2
      vertex -12.4688 -15.341 11.2
      vertex -12.2353 -15.3103 11.2
    endloop
  endfacet
  facet normal 0 0 1
    outer loop
      vertex -12.6988 -15.392 11.2
      vertex -12.4536 -13.6222 11.2
      vertex -12.5 -13.5981 11.2
    endloop
  endfacet
  facet normal 0 0 1
    outer loop
      vertex -12.6988 -15.392 11.2
      vertex -12.5 -13.5981 11.2
      vertex -12.5441 -13.57 11.2
    endloop
  endfacet
  facet normal 0 0 1
    outer loop
      vertex -12.4536 -13.6222 11.2
      vertex -12.6988 -15.392 11.2
      vertex -12.4688 -15.341 11.2
    endloop
  endfacet
  facet normal 0 0 1
    outer loop
      vertex -12.9235 -15.4628 11.2
      vertex -12.5441 -13.57 11.2
      vertex -12.7207 -13.4574 11.2
    endloop
  endfacet
  facet normal 0 0 1
    outer loop
      vertex -13.1411 -15.553 11.2
      vertex -12.7207 -13.4574 11.2
      vertex -12.8868 -13.33 11.2
    endloop
  endfacet
  facet normal 0 0 1
    outer loop
      vertex -12.5441 -13.57 11.2
      vertex -12.9235 -15.4628 11.2
      vertex -12.6988 -15.392 11.2
    endloop
  endfacet
  facet normal 0 0 1
    outer loop
      vertex -13.1411 -15.553 11.2
      vertex -12.8868 -13.33 11.2
      vertex -12.9284 -13.2981 11.2
    endloop
  endfacet
  facet normal 0 0 1
    outer loop
      vertex -13.35 -15.6617 11.2
      vertex -12.9284 -13.2981 11.2
      vertex -13.0827 -13.1567 11.2
    endloop
  endfacet
  facet normal 0 0 1
    outer loop
      vertex -13.35 -15.6617 11.2
      vertex -13.0827 -13.1567 11.2
      vertex -13.1213 -13.1213 11.2
    endloop
  endfacet
  facet normal 0 0 1
    outer loop
      vertex -12.7207 -13.4574 11.2
      vertex -13.1411 -15.553 11.2
      vertex -12.9235 -15.4628 11.2
    endloop
  endfacet
  facet normal 0 0 1
    outer loop
      vertex -15.7285 -14.3924 11.2
      vertex -13.1213 -13.1213 11.2
      vertex -13.1567 -13.0827 11.2
    endloop
  endfacet
  facet normal 0 0 1
    outer loop
      vertex -15.75 -13.9 11.2
      vertex -13.1567 -13.0827 11.2
      vertex -13.2981 -12.9284 11.2
    endloop
  endfacet
  facet normal 0 0 1
    outer loop
      vertex -15.75 -13.9 11.2
      vertex -13.2981 -12.9284 11.2
      vertex -13.33 -12.8868 11.2
    endloop
  endfacet
  facet normal 0 0 1
    outer loop
      vertex -12.9284 -13.2981 11.2
      vertex -13.35 -15.6617 11.2
      vertex -13.1411 -15.553 11.2
    endloop
  endfacet
  facet normal 0 0 1
    outer loop
      vertex -15.75 -13.9 11.2
      vertex -13.33 -12.8868 11.2
      vertex -13.4574 -12.7207 11.2
    endloop
  endfacet
  facet normal 0 0 1
    outer loop
      vertex -13.1213 -13.1213 11.2
      vertex -15.7285 -14.3924 11.2
      vertex -13.35 -15.6617 11.2
    endloop
  endfacet
  facet normal 0 0 1
    outer loop
      vertex -15.75 -13.9 11.2
      vertex -13.4574 -12.7207 11.2
      vertex -13.57 -12.5441 11.2
    endloop
  endfacet
  facet normal 0 0 1
    outer loop
      vertex -15.75 -13.9 11.2
      vertex -13.57 -12.5441 11.2
      vertex -13.5981 -12.5 11.2
    endloop
  endfacet
  facet normal 0 0 1
    outer loop
      vertex -15.75 -13.9 11.2
      vertex -13.5981 -12.5 11.2
      vertex -13.6222 -12.4536 11.2
    endloop
  endfacet
  facet normal 0 0 1
    outer loop
      vertex -15.75 -13.9 11.2
      vertex -13.6222 -12.4536 11.2
      vertex -13.7189 -12.2679 11.2
    endloop
  endfacet
  facet normal 0 0 1
    outer loop
      vertex -13.1567 -13.0827 11.2
      vertex -15.75 -13.9 11.2
      vertex -15.7285 -14.3924 11.2
    endloop
  endfacet
  facet normal 0 0 1
    outer loop
      vertex -15.75 -13.9 11.2
      vertex -13.7189 -12.2679 11.2
      vertex -13.8191 -12.0261 11.2
    endloop
  endfacet
  facet normal 0 0 1
    outer loop
      vertex -15.75 -13.9 11.2
      vertex -13.8191 -12.0261 11.2
      vertex -13.8348 -11.9761 11.2
    endloop
  endfacet
  facet normal 0 0 1
    outer loop
      vertex -15.75 -13.9 11.2
      vertex -13.8348 -11.9761 11.2
      vertex -13.8978 -11.7764 11.2
    endloop
  endfacet
  facet normal -0 -0 1
    outer loop
      vertex -15.6642 -14.8811 11.2
      vertex -13.35 -15.6617 11.2
      vertex -15.7285 -14.3924 11.2
    endloop
  endfacet
  facet normal 0 0 1
    outer loop
      vertex -15.75 -13.9 11.2
      vertex -13.8978 -11.7764 11.2
      vertex -13.9431 -11.572 11.2
    endloop
  endfacet
  facet normal 0 0 1
    outer loop
      vertex -15.75 -13.9 11.2
      vertex -13.9431 -11.572 11.2
      vertex -13.9544 -11.5209 11.2
    endloop
  endfacet
  facet normal 0 0 1
    outer loop
      vertex -15.75 -13.9 11.2
      vertex -13.9544 -11.5209 11.2
      vertex -13.9886 -11.2615 11.2
    endloop
  endfacet
  facet normal 0 0 1
    outer loop
      vertex -15.75 -13.9 11.2
      vertex -13.9886 -11.2615 11.2
      vertex -13.9977 -11.0523 11.2
    endloop
  endfacet
  facet normal 0 0 1
    outer loop
      vertex -15.75 -13.9 11.2
      vertex -13.9977 -11.0523 11.2
      vertex -14 -11 11.2
    endloop
  endfacet
  facet normal 0 0 1
    outer loop
      vertex -13.35 -15.6617 11.2
      vertex -15.6642 -14.8811 11.2
      vertex -13.5487 -15.7883 11.2
    endloop
  endfacet
  facet normal 0 0 1
    outer loop
      vertex -14 11 11.2
      vertex -15.75 13.9 11.2
      vertex -14 -11 11.2
    endloop
  endfacet
  facet normal -0 0 1
    outer loop
      vertex -15.2206 16.2878 11.2
      vertex -14.0683 16.2645 11.2
      vertex -14.2117 16.4513 11.2
    endloop
  endfacet
  facet normal 0 0 1
    outer loop
      vertex -15.75 -13.9 11.2
      vertex -14 -11 11.2
      vertex -15.75 13.9 11.2
    endloop
  endfacet
  facet normal 0 0 1
    outer loop
      vertex -15.2206 16.2878 11.2
      vertex -14.2117 16.4513 11.2
      vertex -14.3383 16.65 11.2
    endloop
  endfacet
  facet normal 0 0 1
    outer loop
      vertex -13.5487 -15.7883 11.2
      vertex -15.6642 -14.8811 11.2
      vertex -13.7355 -15.9317 11.2
    endloop
  endfacet
  facet normal -0 0 1
    outer loop
      vertex -14.993 16.725 11.2
      vertex -14.3383 16.65 11.2
      vertex -14.447 16.8589 11.2
    endloop
  endfacet
  facet normal -0 -0 1
    outer loop
      vertex -15.5575 -15.3623 11.2
      vertex -13.7355 -15.9317 11.2
      vertex -15.6642 -14.8811 11.2
    endloop
  endfacet
  facet normal 0 0 1
    outer loop
      vertex -14.7282 17.1407 11.2
      vertex -14.447 16.8589 11.2
      vertex -14.5372 17.0765 11.2
    endloop
  endfacet
  facet normal 0 0 1
    outer loop
      vertex -13.7355 -15.9317 11.2
      vertex -15.5575 -15.3623 11.2
      vertex -13.9092 -16.0908 11.2
    endloop
  endfacet
  facet normal -0 0 1
    outer loop
      vertex -14.7282 17.1407 11.2
      vertex -14.5372 17.0765 11.2
      vertex -14.6071 17.2985 11.2
    endloop
  endfacet
  facet normal -0 -0 1
    outer loop
      vertex -15.4093 -15.8324 11.2
      vertex -13.9092 -16.0908 11.2
      vertex -15.5575 -15.3623 11.2
    endloop
  endfacet
  facet normal 0 0 1
    outer loop
      vertex -14.447 16.8589 11.2
      vertex -14.7282 17.1407 11.2
      vertex -14.993 16.725 11.2
    endloop
  endfacet
  facet normal 0 0 1
    outer loop
      vertex -13.9092 -16.0908 11.2
      vertex -15.4093 -15.8324 11.2
      vertex -14.0683 -16.2645 11.2
    endloop
  endfacet
  facet normal 0 0 1
    outer loop
      vertex -14.3383 16.65 11.2
      vertex -14.993 16.725 11.2
      vertex -15.2206 16.2878 11.2
    endloop
  endfacet
  facet normal 0 -0 1
    outer loop
      vertex -15.2206 -16.2878 11.2
      vertex -14.0683 -16.2645 11.2
      vertex -15.4093 -15.8324 11.2
    endloop
  endfacet
  facet normal 0 0 1
    outer loop
      vertex -14.0683 16.2645 11.2
      vertex -15.2206 16.2878 11.2
      vertex -15.4093 15.8324 11.2
    endloop
  endfacet
  facet normal 0 0 1
    outer loop
      vertex -14.447 -16.8589 11.2
      vertex -14.7282 -17.1407 11.2
      vertex -14.5372 -17.0765 11.2
    endloop
  endfacet
  facet normal 0 0 1
    outer loop
      vertex -14.0683 16.2645 11.2
      vertex -15.4093 15.8324 11.2
      vertex -15.5575 15.3623 11.2
    endloop
  endfacet
  facet normal 0 0 1
    outer loop
      vertex -14.5372 -17.0765 11.2
      vertex -14.7282 -17.1407 11.2
      vertex -14.6071 -17.2985 11.2
    endloop
  endfacet
  facet normal 0 0 1
    outer loop
      vertex -14.0683 16.2645 11.2
      vertex -15.5575 15.3623 11.2
      vertex -15.6642 14.8811 11.2
    endloop
  endfacet
  facet normal 0 -0 1
    outer loop
      vertex -14.7282 -17.1407 11.2
      vertex -14.447 -16.8589 11.2
      vertex -14.993 -16.725 11.2
    endloop
  endfacet
  facet normal 0 0 1
    outer loop
      vertex -14.0683 16.2645 11.2
      vertex -15.6642 14.8811 11.2
      vertex -15.7285 14.3924 11.2
    endloop
  endfacet
  facet normal 0 0 1
    outer loop
      vertex -14.3383 -16.65 11.2
      vertex -14.993 -16.725 11.2
      vertex -14.447 -16.8589 11.2
    endloop
  endfacet
  facet normal 0 0 1
    outer loop
      vertex -14.0683 16.2645 11.2
      vertex -15.7285 14.3924 11.2
      vertex -15.75 13.9 11.2
    endloop
  endfacet
  facet normal 0 -0 1
    outer loop
      vertex -14.993 -16.725 11.2
      vertex -14.3383 -16.65 11.2
      vertex -15.2206 -16.2878 11.2
    endloop
  endfacet
  facet normal 0 0 1
    outer loop
      vertex -14.2117 -16.4513 11.2
      vertex -15.2206 -16.2878 11.2
      vertex -14.3383 -16.65 11.2
    endloop
  endfacet
  facet normal 0 0 1
    outer loop
      vertex -14.0683 -16.2645 11.2
      vertex -15.2206 -16.2878 11.2
      vertex -14.2117 -16.4513 11.2
    endloop
  endfacet
  facet normal -0 0 1
    outer loop
      vertex -9.3 -18 11.2
      vertex 9.31027 -18.2353 11.2
      vertex 9.3 -18 11.2
    endloop
  endfacet
  facet normal 0 0 1
    outer loop
      vertex -9.31027 -18.2353 11.2
      vertex 9.31027 -18.2353 11.2
      vertex -9.3 -18 11.2
    endloop
  endfacet
  facet normal 0 0 1
    outer loop
      vertex 9.31027 -18.2353 11.2
      vertex -9.31027 -18.2353 11.2
      vertex 9.34102 -18.4688 11.2
    endloop
  endfacet
  facet normal 0 0 1
    outer loop
      vertex -9.34102 -18.4688 11.2
      vertex 9.34102 -18.4688 11.2
      vertex -9.31027 -18.2353 11.2
    endloop
  endfacet
  facet normal 0 0 1
    outer loop
      vertex 9.34102 -18.4688 11.2
      vertex -9.34102 -18.4688 11.2
      vertex 9.392 -18.6988 11.2
    endloop
  endfacet
  facet normal 0 0 1
    outer loop
      vertex -9.392 -18.6988 11.2
      vertex 9.392 -18.6988 11.2
      vertex -9.34102 -18.4688 11.2
    endloop
  endfacet
  facet normal 0 0 1
    outer loop
      vertex 9.392 -18.6988 11.2
      vertex -9.392 -18.6988 11.2
      vertex 9.46283 -18.9235 11.2
    endloop
  endfacet
  facet normal 0 0 1
    outer loop
      vertex -9.46283 -18.9235 11.2
      vertex 9.46283 -18.9235 11.2
      vertex -9.392 -18.6988 11.2
    endloop
  endfacet
  facet normal 0 0 1
    outer loop
      vertex 9.46283 -18.9235 11.2
      vertex -9.46283 -18.9235 11.2
      vertex 9.55297 -19.1411 11.2
    endloop
  endfacet
  facet normal 0 0 1
    outer loop
      vertex -9.55297 -19.1411 11.2
      vertex 9.55297 -19.1411 11.2
      vertex -9.46283 -18.9235 11.2
    endloop
  endfacet
  facet normal 0 0 1
    outer loop
      vertex 9.55297 -19.1411 11.2
      vertex -9.55297 -19.1411 11.2
      vertex 9.66173 -19.35 11.2
    endloop
  endfacet
  facet normal 0 0 1
    outer loop
      vertex -9.66173 -19.35 11.2
      vertex 9.66173 -19.35 11.2
      vertex -9.55297 -19.1411 11.2
    endloop
  endfacet
  facet normal 0 0 1
    outer loop
      vertex 9.66173 -19.35 11.2
      vertex -9.66173 -19.35 11.2
      vertex 9.78829 -19.5487 11.2
    endloop
  endfacet
  facet normal 0 0 1
    outer loop
      vertex -9.78829 -19.5487 11.2
      vertex 9.78829 -19.5487 11.2
      vertex -9.66173 -19.35 11.2
    endloop
  endfacet
  facet normal 0 0 1
    outer loop
      vertex 9.78829 -19.5487 11.2
      vertex -9.78829 -19.5487 11.2
      vertex 9.78931 -19.55 11.2
    endloop
  endfacet
  facet normal 0 0 1
    outer loop
      vertex 9.78931 -19.55 11.2
      vertex -9.78829 -19.5487 11.2
      vertex -9.78931 -19.55 11.2
    endloop
  endfacet
  facet normal 0.153118 0.690742 -0.706704
    outer loop
      vertex 12.2482 21.9172 0
      vertex 11.5413 22.0739 0
      vertex 12.3517 22.3035 0.4
    endloop
  endfacet
  facet normal -0.326619 0.627542 -0.706761
    outer loop
      vertex -14.25 21.088 0
      vertex -14.45 21.4344 0.4
      vertex -13.6077 21.4223 0
    endloop
  endfacet
  facet normal 0.380072 -0.596683 -0.706764
    outer loop
      vertex 14.45 -21.4344 0.4
      vertex 14.25 -21.088 0
      vertex 14.8607 -20.699 0
    endloop
  endfacet
  facet normal 0.608755 0.793358 -0
    outer loop
      vertex 15.6922 20.5646 0.4
      vertex 15.0901 21.0266 11.2
      vertex 15.6922 20.5646 11.2
    endloop
  endfacet
  facet normal 0.608755 0.793358 0
    outer loop
      vertex 15.0901 21.0266 11.2
      vertex 15.6922 20.5646 0.4
      vertex 15.0901 21.0266 0.4
    endloop
  endfacet
  facet normal 0.21647 -0.976289 0
    outer loop
      vertex 11.6107 -22.4678 0.4
      vertex 12.3517 -22.3035 11.2
      vertex 11.6107 -22.4678 11.2
    endloop
  endfacet
  facet normal 0.21647 -0.976289 0
    outer loop
      vertex 12.3517 -22.3035 11.2
      vertex 11.6107 -22.4678 0.4
      vertex 12.3517 -22.3035 0.4
    endloop
  endfacet
  facet normal 0.153147 -0.6907 -0.706738
    outer loop
      vertex 11.6107 -22.4678 0.4
      vertex 11.5413 -22.0739 0
      vertex 12.3517 -22.3035 0.4
    endloop
  endfacet
  facet normal 0.326663 0.627418 -0.706851
    outer loop
      vertex 14.45 21.4344 0.4
      vertex 13.6077 21.4223 0
      vertex 13.7768 21.7849 0.4
    endloop
  endfacet
  facet normal -0.380149 0.596697 -0.70671
    outer loop
      vertex -14.8607 20.699 0
      vertex -15.0901 21.0266 0.4
      vertex -14.45 21.4344 0.4
    endloop
  endfacet
  facet normal -0.43073 0.561278 -0.70671
    outer loop
      vertex -14.8607 20.699 0
      vertex -15.4351 20.2582 0
      vertex -15.0901 21.0266 0.4
    endloop
  endfacet
  facet normal 0.67475 0.212801 -0.706702
    outer loop
      vertex 18.1172 16.0482 0
      vertex 17.8994 16.7388 0
      vertex 18.5035 16.1517 0.4
    endloop
  endfacet
  facet normal -0.653567 0.270748 -0.706785
    outer loop
      vertex -17.8994 16.7388 0
      vertex -18.2753 16.8756 0.4
      vertex -17.6223 17.4077 0
    endloop
  endfacet
  facet normal -0.153118 -0.690742 -0.706704
    outer loop
      vertex -11.5413 -22.0739 0
      vertex -12.3517 -22.3035 0.4
      vertex -12.2482 -21.9172 0
    endloop
  endfacet
  facet normal 0.953734 0.300652 0
    outer loop
      vertex 18.5035 16.1517 11.2
      vertex 18.2753 16.8756 0.4
      vertex 18.2753 16.8756 11.2
    endloop
  endfacet
  facet normal 0.953734 0.300652 0
    outer loop
      vertex 18.2753 16.8756 0.4
      vertex 18.5035 16.1517 11.2
      vertex 18.5035 16.1517 0.4
    endloop
  endfacet
  facet normal -0.47794 -0.521611 -0.70675
    outer loop
      vertex -15.6922 -20.5646 0.4
      vertex -15.969 -19.769 0
      vertex -15.4351 -20.2582 0
    endloop
  endfacet
  facet normal 0.627542 -0.326619 -0.706761
    outer loop
      vertex 17.6344 -18.25 0.4
      vertex 17.288 -18.05 0
      vertex 17.6223 -17.4077 0
    endloop
  endfacet
  facet normal 0.561303 -0.430696 -0.706711
    outer loop
      vertex 17.2266 -18.8901 0.4
      vertex 16.7646 -19.4922 0.4
      vertex 16.899 -18.6607 0
    endloop
  endfacet
  facet normal 0.561246 -0.430705 -0.70675
    outer loop
      vertex 16.7646 -19.4922 0.4
      vertex 16.4582 -19.2351 0
      vertex 16.899 -18.6607 0
    endloop
  endfacet
  facet normal -0.47794 0.521611 -0.70675
    outer loop
      vertex -15.4351 20.2582 0
      vertex -15.969 19.769 0
      vertex -15.6922 20.5646 0.4
    endloop
  endfacet
  facet normal 0.793358 0.608755 0
    outer loop
      vertex 17.2266 18.8901 11.2
      vertex 16.7646 19.4922 0.4
      vertex 16.7646 19.4922 11.2
    endloop
  endfacet
  facet normal 0.793358 0.608755 0
    outer loop
      vertex 16.7646 19.4922 0.4
      vertex 17.2266 18.8901 11.2
      vertex 17.2266 18.8901 0.4
    endloop
  endfacet
  facet normal -0.430672 -0.561272 -0.706749
    outer loop
      vertex -15.0901 -21.0266 0.4
      vertex -15.6922 -20.5646 0.4
      vertex -15.4351 -20.2582 0
    endloop
  endfacet
  facet normal 0.701414 0.0923722 -0.706744
    outer loop
      vertex 18.7669 14.6582 0.4
      vertex 18.2739 15.3413 0
      vertex 18.6678 15.4107 0.4
    endloop
  endfacet
  facet normal 0.6907 0.153147 -0.706738
    outer loop
      vertex 18.6678 15.4107 0.4
      vertex 18.2739 15.3413 0
      vertex 18.5035 16.1517 0.4
    endloop
  endfacet
  facet normal 0.6907 -0.153147 -0.706738
    outer loop
      vertex 18.5035 -16.1517 0.4
      vertex 18.2739 -15.3413 0
      vertex 18.6678 -15.4107 0.4
    endloop
  endfacet
  facet normal 0.030854 0.706753 -0.706787
    outer loop
      vertex 10.8234 22.1684 0
      vertex 10.1 22.6 0.4
      vertex 10.8582 22.5669 0.4
    endloop
  endfacet
  facet normal 0.521611 0.47794 -0.70675
    outer loop
      vertex 16.4582 19.2351 0
      vertex 15.969 19.769 0
      vertex 16.7646 19.4922 0.4
    endloop
  endfacet
  facet normal -0.53731 -0.843385 0
    outer loop
      vertex -15.0901 -21.0266 0.4
      vertex -14.45 -21.4344 11.2
      vertex -15.0901 -21.0266 11.2
    endloop
  endfacet
  facet normal -0.53731 -0.843385 -0
    outer loop
      vertex -14.45 -21.4344 11.2
      vertex -15.0901 -21.0266 0.4
      vertex -14.45 -21.4344 0.4
    endloop
  endfacet
  facet normal -0.153118 0.690742 -0.706704
    outer loop
      vertex -12.2482 21.9172 0
      vertex -12.3517 22.3035 0.4
      vertex -11.5413 22.0739 0
    endloop
  endfacet
  facet normal -0.701414 0.0923722 -0.706744
    outer loop
      vertex -18.2739 15.3413 0
      vertex -18.7669 14.6582 0.4
      vertex -18.6678 15.4107 0.4
    endloop
  endfacet
  facet normal -0.706752 0.0308728 -0.706788
    outer loop
      vertex -18.4 13.9 0
      vertex -18.7669 14.6582 0.4
      vertex -18.3684 14.6234 0
    endloop
  endfacet
  facet normal -0.380072 0.596683 -0.706764
    outer loop
      vertex -14.25 21.088 0
      vertex -14.8607 20.699 0
      vertex -14.45 21.4344 0.4
    endloop
  endfacet
  facet normal 0 0.707107 -0.707107
    outer loop
      vertex 10.1 22.2 0
      vertex -10.1 22.6 0.4
      vertex 10.1 22.6 0.4
    endloop
  endfacet
  facet normal 0 0.707107 -0.707107
    outer loop
      vertex -10.1 22.6 0.4
      vertex 10.1 22.2 0
      vertex -10.1 22.2 0
    endloop
  endfacet
  facet normal -0.707107 0 -0.707107
    outer loop
      vertex -18.4 -13.9 0
      vertex -18.8 13.9 0.4
      vertex -18.4 13.9 0
    endloop
  endfacet
  facet normal -0.707107 -0 -0.707107
    outer loop
      vertex -18.8 13.9 0.4
      vertex -18.4 -13.9 0
      vertex -18.8 -13.9 0.4
    endloop
  endfacet
  facet normal -0.561246 0.430705 -0.70675
    outer loop
      vertex -16.4582 19.2351 0
      vertex -16.899 18.6607 0
      vertex -16.7646 19.4922 0.4
    endloop
  endfacet
  facet normal 0.326619 0.627542 -0.706761
    outer loop
      vertex 14.25 21.088 0
      vertex 13.6077 21.4223 0
      vertex 14.45 21.4344 0.4
    endloop
  endfacet
  facet normal 0.153147 0.6907 -0.706738
    outer loop
      vertex 12.3517 22.3035 0.4
      vertex 11.5413 22.0739 0
      vertex 11.6107 22.4678 0.4
    endloop
  endfacet
  facet normal 0.270683 0.653592 -0.706787
    outer loop
      vertex 13.7768 21.7849 0.4
      vertex 12.9388 21.6994 0
      vertex 13.0756 22.0753 0.4
    endloop
  endfacet
  facet normal -0.627542 0.326619 -0.706761
    outer loop
      vertex -17.6223 17.4077 0
      vertex -17.6344 18.25 0.4
      vertex -17.288 18.05 0
    endloop
  endfacet
  facet normal -0.653534 0.270659 -0.70685
    outer loop
      vertex -17.6223 17.4077 0
      vertex -18.2753 16.8756 0.4
      vertex -17.9849 17.5768 0.4
    endloop
  endfacet
  facet normal -0.627418 0.326663 -0.706851
    outer loop
      vertex -17.6223 17.4077 0
      vertex -17.9849 17.5768 0.4
      vertex -17.6344 18.25 0.4
    endloop
  endfacet
  facet normal 0 0 -1
    outer loop
      vertex -10.116 -16.6808 0
      vertex 10.116 -16.6808 0
      vertex -10.0081 -16.85 0
    endloop
  endfacet
  facet normal 0 0 -1
    outer loop
      vertex 10.6808 16.116 0
      vertex -9.70875 17.7995 0
      vertex -9.7 18 0
    endloop
  endfacet
  facet normal 0 0 -1
    outer loop
      vertex 10.116 -16.6808 0
      vertex -10.116 -16.6808 0
      vertex 10.2381 -16.5216 0
    endloop
  endfacet
  facet normal 0 0 -1
    outer loop
      vertex 10.6808 16.116 0
      vertex -9.73494 17.6006 0
      vertex -9.70875 17.7995 0
    endloop
  endfacet
  facet normal 0 0 -1
    outer loop
      vertex -10.2381 -16.5216 0
      vertex 10.2381 -16.5216 0
      vertex -10.116 -16.6808 0
    endloop
  endfacet
  facet normal 0 0 -1
    outer loop
      vertex 10.6808 16.116 0
      vertex -9.77837 17.4047 0
      vertex -9.73494 17.6006 0
    endloop
  endfacet
  facet normal 0 0 -1
    outer loop
      vertex 10.2381 -16.5216 0
      vertex -10.2381 -16.5216 0
      vertex 10.3737 -16.3737 0
    endloop
  endfacet
  facet normal 0 0 -1
    outer loop
      vertex 10.6808 16.116 0
      vertex -9.83871 17.2134 0
      vertex -9.77837 17.4047 0
    endloop
  endfacet
  facet normal 0 0 -1
    outer loop
      vertex -10.3737 -16.3737 0
      vertex 10.3737 -16.3737 0
      vertex -10.2381 -16.5216 0
    endloop
  endfacet
  facet normal 0 0 -1
    outer loop
      vertex 10.6808 16.116 0
      vertex -9.91549 17.028 0
      vertex -9.83871 17.2134 0
    endloop
  endfacet
  facet normal 0 0 -1
    outer loop
      vertex 10.3737 -16.3737 0
      vertex -10.3737 -16.3737 0
      vertex 10.5216 -16.2381 0
    endloop
  endfacet
  facet normal 0 0 -1
    outer loop
      vertex 10.6808 16.116 0
      vertex -10.0081 16.85 0
      vertex -9.91549 17.028 0
    endloop
  endfacet
  facet normal 0 0 -1
    outer loop
      vertex -10.5216 -16.2381 0
      vertex 10.5216 -16.2381 0
      vertex -10.3737 -16.3737 0
    endloop
  endfacet
  facet normal 0 0 -1
    outer loop
      vertex 10.6808 16.116 0
      vertex -10.116 16.6808 0
      vertex -10.0081 16.85 0
    endloop
  endfacet
  facet normal 0 0 -1
    outer loop
      vertex 10.5216 -16.2381 0
      vertex -10.5216 -16.2381 0
      vertex 10.6808 -16.116 0
    endloop
  endfacet
  facet normal 0 0 -1
    outer loop
      vertex 10.6808 16.116 0
      vertex -10.2381 16.5216 0
      vertex -10.116 16.6808 0
    endloop
  endfacet
  facet normal 0 0 -1
    outer loop
      vertex -10.6808 -16.116 0
      vertex 10.6808 -16.116 0
      vertex -10.5216 -16.2381 0
    endloop
  endfacet
  facet normal 0 0 -1
    outer loop
      vertex 10.6808 16.116 0
      vertex -10.3737 16.3737 0
      vertex -10.2381 16.5216 0
    endloop
  endfacet
  facet normal 0 0 -1
    outer loop
      vertex 10.6808 -16.116 0
      vertex -10.6808 -16.116 0
      vertex 10.6808 16.116 0
    endloop
  endfacet
  facet normal 0 0 -1
    outer loop
      vertex 10.6808 16.116 0
      vertex -10.5216 16.2381 0
      vertex -10.3737 16.3737 0
    endloop
  endfacet
  facet normal 0 0 -1
    outer loop
      vertex -10.6808 16.116 0
      vertex 10.6808 16.116 0
      vertex -10.6808 -16.116 0
    endloop
  endfacet
  facet normal 0 0 -1
    outer loop
      vertex 10.6808 16.116 0
      vertex -10.6808 16.116 0
      vertex -10.5216 16.2381 0
    endloop
  endfacet
  facet normal 0 0 -1
    outer loop
      vertex -10.85 -16.0081 0
      vertex -10.6808 16.116 0
      vertex -10.6808 -16.116 0
    endloop
  endfacet
  facet normal 0 0 -1
    outer loop
      vertex -10.85 -16.0081 0
      vertex -10.85 16.0081 0
      vertex -10.6808 16.116 0
    endloop
  endfacet
  facet normal 0 0 -1
    outer loop
      vertex -11.028 -15.9155 0
      vertex -10.85 16.0081 0
      vertex -10.85 -16.0081 0
    endloop
  endfacet
  facet normal 0 0 -1
    outer loop
      vertex -11.028 -15.9155 0
      vertex -11.028 15.9155 0
      vertex -10.85 16.0081 0
    endloop
  endfacet
  facet normal 0 0 -1
    outer loop
      vertex -11.2134 -15.8387 0
      vertex -11.028 15.9155 0
      vertex -11.028 -15.9155 0
    endloop
  endfacet
  facet normal 0 0 -1
    outer loop
      vertex -11.2134 -15.8387 0
      vertex -11.2134 15.8387 0
      vertex -11.028 15.9155 0
    endloop
  endfacet
  facet normal 0 0 -1
    outer loop
      vertex -11.4047 -15.7784 0
      vertex -11.2134 15.8387 0
      vertex -11.2134 -15.8387 0
    endloop
  endfacet
  facet normal 0 0 -1
    outer loop
      vertex -11.4047 -15.7784 0
      vertex -11.4047 15.7784 0
      vertex -11.2134 15.8387 0
    endloop
  endfacet
  facet normal 0 0 -1
    outer loop
      vertex -11.6006 -15.7349 0
      vertex -11.4047 15.7784 0
      vertex -11.4047 -15.7784 0
    endloop
  endfacet
  facet normal 0 0 -1
    outer loop
      vertex -11.6006 -15.7349 0
      vertex -11.6006 15.7349 0
      vertex -11.4047 15.7784 0
    endloop
  endfacet
  facet normal 0 0 -1
    outer loop
      vertex -11.7995 -15.7088 0
      vertex -11.6006 15.7349 0
      vertex -11.6006 -15.7349 0
    endloop
  endfacet
  facet normal 0 0 -1
    outer loop
      vertex -11.7995 -15.7088 0
      vertex -11.7995 15.7088 0
      vertex -11.6006 15.7349 0
    endloop
  endfacet
  facet normal 0 0 -1
    outer loop
      vertex -18.4 -13.9 0
      vertex -11.7995 -15.7088 0
      vertex -12 -15.7 0
    endloop
  endfacet
  facet normal 0 0 -1
    outer loop
      vertex -11.7995 -15.7088 0
      vertex -18.4 -13.9 0
      vertex -11.7995 15.7088 0
    endloop
  endfacet
  facet normal 0 0 -1
    outer loop
      vertex -18.4 -13.9 0
      vertex -12 -15.7 0
      vertex -12.2005 -15.7088 0
    endloop
  endfacet
  facet normal 0 0 -1
    outer loop
      vertex -18.4 13.9 0
      vertex -11.7995 15.7088 0
      vertex -18.4 -13.9 0
    endloop
  endfacet
  facet normal 0 0 -1
    outer loop
      vertex -18.4 -13.9 0
      vertex -12.2005 -15.7088 0
      vertex -12.3994 -15.7349 0
    endloop
  endfacet
  facet normal 0 0 -1
    outer loop
      vertex -11.7995 15.7088 0
      vertex -18.4 13.9 0
      vertex -12 15.7 0
    endloop
  endfacet
  facet normal 0 0 -1
    outer loop
      vertex -18.4 -13.9 0
      vertex -12.3994 -15.7349 0
      vertex -12.5953 -15.7784 0
    endloop
  endfacet
  facet normal -0 0 -1
    outer loop
      vertex -12 15.7 0
      vertex -18.4 13.9 0
      vertex -12.2005 15.7088 0
    endloop
  endfacet
  facet normal 0 0 -1
    outer loop
      vertex -18.4 -13.9 0
      vertex -12.5953 -15.7784 0
      vertex -12.7866 -15.8387 0
    endloop
  endfacet
  facet normal -0 0 -1
    outer loop
      vertex -12.2005 15.7088 0
      vertex -18.4 13.9 0
      vertex -12.3994 15.7349 0
    endloop
  endfacet
  facet normal 0 0 -1
    outer loop
      vertex -18.4 -13.9 0
      vertex -12.7866 -15.8387 0
      vertex -12.972 -15.9155 0
    endloop
  endfacet
  facet normal -0 0 -1
    outer loop
      vertex -12.3994 15.7349 0
      vertex -18.4 13.9 0
      vertex -12.5953 15.7784 0
    endloop
  endfacet
  facet normal 0 0 -1
    outer loop
      vertex -18.4 -13.9 0
      vertex -12.972 -15.9155 0
      vertex -13.15 -16.0081 0
    endloop
  endfacet
  facet normal -0 0 -1
    outer loop
      vertex -12.5953 15.7784 0
      vertex -18.4 13.9 0
      vertex -12.7866 15.8387 0
    endloop
  endfacet
  facet normal 0 0 -1
    outer loop
      vertex -18.4 -13.9 0
      vertex -13.15 -16.0081 0
      vertex -13.3192 -16.116 0
    endloop
  endfacet
  facet normal -0 0 -1
    outer loop
      vertex -12.7866 15.8387 0
      vertex -18.4 13.9 0
      vertex -12.972 15.9155 0
    endloop
  endfacet
  facet normal 0 0 -1
    outer loop
      vertex -18.4 -13.9 0
      vertex -13.3192 -16.116 0
      vertex -13.4784 -16.2381 0
    endloop
  endfacet
  facet normal -0 0 -1
    outer loop
      vertex -12.972 15.9155 0
      vertex -18.4 13.9 0
      vertex -13.15 16.0081 0
    endloop
  endfacet
  facet normal 0 0 -1
    outer loop
      vertex -18.3684 -14.6234 0
      vertex -13.4784 -16.2381 0
      vertex -13.6263 -16.3737 0
    endloop
  endfacet
  facet normal -0 0 -1
    outer loop
      vertex -13.15 16.0081 0
      vertex -18.4 13.9 0
      vertex -13.3192 16.116 0
    endloop
  endfacet
  facet normal 0 0 -1
    outer loop
      vertex -18.3684 -14.6234 0
      vertex -13.6263 -16.3737 0
      vertex -13.7619 -16.5216 0
    endloop
  endfacet
  facet normal -0 0 -1
    outer loop
      vertex -13.3192 16.116 0
      vertex -18.4 13.9 0
      vertex -13.4784 16.2381 0
    endloop
  endfacet
  facet normal 0 0 -1
    outer loop
      vertex -18.2739 -15.3413 0
      vertex -13.7619 -16.5216 0
      vertex -13.884 -16.6808 0
    endloop
  endfacet
  facet normal 0 -0 -1
    outer loop
      vertex -18.3684 14.6234 0
      vertex -13.4784 16.2381 0
      vertex -18.4 13.9 0
    endloop
  endfacet
  facet normal 0 0 -1
    outer loop
      vertex -18.1172 -16.0482 0
      vertex -13.884 -16.6808 0
      vertex -13.9919 -16.85 0
    endloop
  endfacet
  facet normal -0 0 -1
    outer loop
      vertex -13.4784 16.2381 0
      vertex -18.3684 14.6234 0
      vertex -13.6263 16.3737 0
    endloop
  endfacet
  facet normal 0 0 -1
    outer loop
      vertex -17.8994 -16.7388 0
      vertex -13.9919 -16.85 0
      vertex -14.0845 -17.028 0
    endloop
  endfacet
  facet normal -0 0 -1
    outer loop
      vertex -13.6263 16.3737 0
      vertex -18.3684 14.6234 0
      vertex -13.7619 16.5216 0
    endloop
  endfacet
  facet normal 0 0 -1
    outer loop
      vertex -17.6223 -17.4077 0
      vertex -14.0845 -17.028 0
      vertex -14.1613 -17.2134 0
    endloop
  endfacet
  facet normal 0 -0 -1
    outer loop
      vertex -18.2739 15.3413 0
      vertex -13.7619 16.5216 0
      vertex -18.3684 14.6234 0
    endloop
  endfacet
  facet normal 0 0 -1
    outer loop
      vertex -17.6223 -17.4077 0
      vertex -14.1613 -17.2134 0
      vertex -14.2216 -17.4047 0
    endloop
  endfacet
  facet normal -0 0 -1
    outer loop
      vertex -13.7619 16.5216 0
      vertex -18.2739 15.3413 0
      vertex -13.884 16.6808 0
    endloop
  endfacet
  facet normal 0 0 -1
    outer loop
      vertex -17.288 -18.05 0
      vertex -14.2216 -17.4047 0
      vertex -14.2651 -17.6006 0
    endloop
  endfacet
  facet normal 0 -0 -1
    outer loop
      vertex -18.1172 16.0482 0
      vertex -13.884 16.6808 0
      vertex -18.2739 15.3413 0
    endloop
  endfacet
  facet normal 0 0 -1
    outer loop
      vertex -17.288 -18.05 0
      vertex -14.2651 -17.6006 0
      vertex -14.2912 -17.7995 0
    endloop
  endfacet
  facet normal -0 0 -1
    outer loop
      vertex -13.884 16.6808 0
      vertex -18.1172 16.0482 0
      vertex -13.9919 16.85 0
    endloop
  endfacet
  facet normal 0 0 -1
    outer loop
      vertex -16.899 -18.6607 0
      vertex -14.2912 -17.7995 0
      vertex -14.3 -18 0
    endloop
  endfacet
  facet normal 0 -0 -1
    outer loop
      vertex -17.8994 16.7388 0
      vertex -13.9919 16.85 0
      vertex -18.1172 16.0482 0
    endloop
  endfacet
  facet normal -0 0 -1
    outer loop
      vertex 17.8994 -16.7388 0
      vertex 13.9919 -16.85 0
      vertex 18.1172 -16.0482 0
    endloop
  endfacet
  facet normal 0 0 -1
    outer loop
      vertex 18.4 13.9 0
      vertex 14.2912 17.7995 0
      vertex 14.3 18 0
    endloop
  endfacet
  facet normal 0 0 -1
    outer loop
      vertex 13.884 -16.6808 0
      vertex 18.1172 -16.0482 0
      vertex 13.9919 -16.85 0
    endloop
  endfacet
  facet normal 0 0 -1
    outer loop
      vertex 18.4 13.9 0
      vertex 14.2651 17.6006 0
      vertex 14.2912 17.7995 0
    endloop
  endfacet
  facet normal -0 0 -1
    outer loop
      vertex 18.1172 -16.0482 0
      vertex 13.884 -16.6808 0
      vertex 18.2739 -15.3413 0
    endloop
  endfacet
  facet normal 0 0 -1
    outer loop
      vertex 18.4 13.9 0
      vertex 14.2216 17.4047 0
      vertex 14.2651 17.6006 0
    endloop
  endfacet
  facet normal 0 0 -1
    outer loop
      vertex 13.7619 -16.5216 0
      vertex 18.2739 -15.3413 0
      vertex 13.884 -16.6808 0
    endloop
  endfacet
  facet normal 0 0 -1
    outer loop
      vertex 18.4 13.9 0
      vertex 14.1613 17.2134 0
      vertex 14.2216 17.4047 0
    endloop
  endfacet
  facet normal -0 0 -1
    outer loop
      vertex 18.2739 -15.3413 0
      vertex 13.7619 -16.5216 0
      vertex 18.3684 -14.6234 0
    endloop
  endfacet
  facet normal 0 0 -1
    outer loop
      vertex 18.4 13.9 0
      vertex 14.0845 17.028 0
      vertex 14.1613 17.2134 0
    endloop
  endfacet
  facet normal 0 0 -1
    outer loop
      vertex 13.6263 -16.3737 0
      vertex 18.3684 -14.6234 0
      vertex 13.7619 -16.5216 0
    endloop
  endfacet
  facet normal 0 0 -1
    outer loop
      vertex 18.4 13.9 0
      vertex 13.9919 16.85 0
      vertex 14.0845 17.028 0
    endloop
  endfacet
  facet normal 0 0 -1
    outer loop
      vertex 13.4784 -16.2381 0
      vertex 18.3684 -14.6234 0
      vertex 13.6263 -16.3737 0
    endloop
  endfacet
  facet normal 0 0 -1
    outer loop
      vertex 18.4 13.9 0
      vertex 13.884 16.6808 0
      vertex 13.9919 16.85 0
    endloop
  endfacet
  facet normal -0 0 -1
    outer loop
      vertex 18.3684 -14.6234 0
      vertex 13.4784 -16.2381 0
      vertex 18.4 -13.9 0
    endloop
  endfacet
  facet normal 0 0 -1
    outer loop
      vertex 18.4 13.9 0
      vertex 13.7619 16.5216 0
      vertex 13.884 16.6808 0
    endloop
  endfacet
  facet normal 0 0 -1
    outer loop
      vertex 13.3192 -16.116 0
      vertex 18.4 -13.9 0
      vertex 13.4784 -16.2381 0
    endloop
  endfacet
  facet normal 0 0 -1
    outer loop
      vertex 18.4 13.9 0
      vertex 13.6263 16.3737 0
      vertex 13.7619 16.5216 0
    endloop
  endfacet
  facet normal 0 0 -1
    outer loop
      vertex 13.15 -16.0081 0
      vertex 18.4 -13.9 0
      vertex 13.3192 -16.116 0
    endloop
  endfacet
  facet normal 0 0 -1
    outer loop
      vertex 18.4 13.9 0
      vertex 13.4784 16.2381 0
      vertex 13.6263 16.3737 0
    endloop
  endfacet
  facet normal 0 0 -1
    outer loop
      vertex 12.972 -15.9155 0
      vertex 18.4 -13.9 0
      vertex 13.15 -16.0081 0
    endloop
  endfacet
  facet normal 0 0 -1
    outer loop
      vertex 18.4 13.9 0
      vertex 13.3192 16.116 0
      vertex 13.4784 16.2381 0
    endloop
  endfacet
  facet normal 0 0 -1
    outer loop
      vertex 12.7866 -15.8387 0
      vertex 18.4 -13.9 0
      vertex 12.972 -15.9155 0
    endloop
  endfacet
  facet normal 0 0 -1
    outer loop
      vertex 18.4 13.9 0
      vertex 13.15 16.0081 0
      vertex 13.3192 16.116 0
    endloop
  endfacet
  facet normal 0 0 -1
    outer loop
      vertex 12.5953 -15.7784 0
      vertex 18.4 -13.9 0
      vertex 12.7866 -15.8387 0
    endloop
  endfacet
  facet normal 0 0 -1
    outer loop
      vertex 18.4 13.9 0
      vertex 12.972 15.9155 0
      vertex 13.15 16.0081 0
    endloop
  endfacet
  facet normal 0 0 -1
    outer loop
      vertex 12.3994 -15.7349 0
      vertex 18.4 -13.9 0
      vertex 12.5953 -15.7784 0
    endloop
  endfacet
  facet normal 0 0 -1
    outer loop
      vertex 18.4 13.9 0
      vertex 12.7866 15.8387 0
      vertex 12.972 15.9155 0
    endloop
  endfacet
  facet normal 0 0 -1
    outer loop
      vertex 12.2005 -15.7088 0
      vertex 18.4 -13.9 0
      vertex 12.3994 -15.7349 0
    endloop
  endfacet
  facet normal 0 0 -1
    outer loop
      vertex 18.4 13.9 0
      vertex 12.5953 15.7784 0
      vertex 12.7866 15.8387 0
    endloop
  endfacet
  facet normal 0 0 -1
    outer loop
      vertex 12 -15.7 0
      vertex 18.4 -13.9 0
      vertex 12.2005 -15.7088 0
    endloop
  endfacet
  facet normal 0 0 -1
    outer loop
      vertex 18.4 13.9 0
      vertex 12.3994 15.7349 0
      vertex 12.5953 15.7784 0
    endloop
  endfacet
  facet normal 0 0 -1
    outer loop
      vertex 11.7995 -15.7088 0
      vertex 18.4 -13.9 0
      vertex 12 -15.7 0
    endloop
  endfacet
  facet normal 0 0 -1
    outer loop
      vertex 18.4 13.9 0
      vertex 12.2005 15.7088 0
      vertex 12.3994 15.7349 0
    endloop
  endfacet
  facet normal -0 0 -1
    outer loop
      vertex 18.4 -13.9 0
      vertex 11.7995 -15.7088 0
      vertex 18.4 13.9 0
    endloop
  endfacet
  facet normal 0 0 -1
    outer loop
      vertex 18.4 13.9 0
      vertex 12 15.7 0
      vertex 12.2005 15.7088 0
    endloop
  endfacet
  facet normal 0 0 -1
    outer loop
      vertex 11.7995 15.7088 0
      vertex 18.4 13.9 0
      vertex 11.7995 -15.7088 0
    endloop
  endfacet
  facet normal 0 0 -1
    outer loop
      vertex 18.4 13.9 0
      vertex 11.7995 15.7088 0
      vertex 12 15.7 0
    endloop
  endfacet
  facet normal 0 0 -1
    outer loop
      vertex 11.6006 -15.7349 0
      vertex 11.7995 15.7088 0
      vertex 11.7995 -15.7088 0
    endloop
  endfacet
  facet normal 0 0 -1
    outer loop
      vertex 11.6006 -15.7349 0
      vertex 11.6006 15.7349 0
      vertex 11.7995 15.7088 0
    endloop
  endfacet
  facet normal 0 0 -1
    outer loop
      vertex 11.4047 -15.7784 0
      vertex 11.6006 15.7349 0
      vertex 11.6006 -15.7349 0
    endloop
  endfacet
  facet normal 0 0 -1
    outer loop
      vertex 11.4047 -15.7784 0
      vertex 11.4047 15.7784 0
      vertex 11.6006 15.7349 0
    endloop
  endfacet
  facet normal 0 0 -1
    outer loop
      vertex 11.2134 -15.8387 0
      vertex 11.4047 15.7784 0
      vertex 11.4047 -15.7784 0
    endloop
  endfacet
  facet normal 0 0 -1
    outer loop
      vertex 11.2134 -15.8387 0
      vertex 11.2134 15.8387 0
      vertex 11.4047 15.7784 0
    endloop
  endfacet
  facet normal 0 0 -1
    outer loop
      vertex 11.028 -15.9155 0
      vertex 11.2134 15.8387 0
      vertex 11.2134 -15.8387 0
    endloop
  endfacet
  facet normal 0 0 -1
    outer loop
      vertex 11.028 -15.9155 0
      vertex 11.028 15.9155 0
      vertex 11.2134 15.8387 0
    endloop
  endfacet
  facet normal 0 0 -1
    outer loop
      vertex 10.85 -16.0081 0
      vertex 11.028 15.9155 0
      vertex 11.028 -15.9155 0
    endloop
  endfacet
  facet normal 0 0 -1
    outer loop
      vertex 10.85 -16.0081 0
      vertex 10.85 16.0081 0
      vertex 11.028 15.9155 0
    endloop
  endfacet
  facet normal 0 0 -1
    outer loop
      vertex 10.6808 -16.116 0
      vertex 10.85 16.0081 0
      vertex 10.85 -16.0081 0
    endloop
  endfacet
  facet normal 0 0 -1
    outer loop
      vertex 10.6808 -16.116 0
      vertex 10.6808 16.116 0
      vertex 10.85 16.0081 0
    endloop
  endfacet
  facet normal 0 0 -1
    outer loop
      vertex 9.91549 -17.028 0
      vertex -9.91549 -17.028 0
      vertex 10.0081 -16.85 0
    endloop
  endfacet
  facet normal 0 0 -1
    outer loop
      vertex -10.0081 -16.85 0
      vertex 10.0081 -16.85 0
      vertex -9.91549 -17.028 0
    endloop
  endfacet
  facet normal 0 0 -1
    outer loop
      vertex -9.91549 -17.028 0
      vertex 9.91549 -17.028 0
      vertex -9.83871 -17.2134 0
    endloop
  endfacet
  facet normal 0 0 -1
    outer loop
      vertex 10.0081 -16.85 0
      vertex -10.0081 -16.85 0
      vertex 10.116 -16.6808 0
    endloop
  endfacet
  facet normal 0 0 -1
    outer loop
      vertex 9.83871 -17.2134 0
      vertex -9.83871 -17.2134 0
      vertex 9.91549 -17.028 0
    endloop
  endfacet
  facet normal 0 0 -1
    outer loop
      vertex 10.6808 16.116 0
      vertex -9.7 18 0
      vertex 10.5216 16.2381 0
    endloop
  endfacet
  facet normal 0 0 -1
    outer loop
      vertex -9.83871 -17.2134 0
      vertex 9.83871 -17.2134 0
      vertex -9.77837 -17.4047 0
    endloop
  endfacet
  facet normal 0 0 -1
    outer loop
      vertex 10.5216 16.2381 0
      vertex -9.7 18 0
      vertex 10.3737 16.3737 0
    endloop
  endfacet
  facet normal 0 0 -1
    outer loop
      vertex 9.77837 -17.4047 0
      vertex -9.77837 -17.4047 0
      vertex 9.83871 -17.2134 0
    endloop
  endfacet
  facet normal 0 0 -1
    outer loop
      vertex 10.3737 16.3737 0
      vertex -9.7 18 0
      vertex 10.2381 16.5216 0
    endloop
  endfacet
  facet normal 0 0 -1
    outer loop
      vertex -9.77837 -17.4047 0
      vertex 9.77837 -17.4047 0
      vertex -9.73494 -17.6006 0
    endloop
  endfacet
  facet normal 0 0 -1
    outer loop
      vertex 10.2381 16.5216 0
      vertex -9.7 18 0
      vertex 10.116 16.6808 0
    endloop
  endfacet
  facet normal 0 0 -1
    outer loop
      vertex 9.73494 -17.6006 0
      vertex -9.73494 -17.6006 0
      vertex 9.77837 -17.4047 0
    endloop
  endfacet
  facet normal 0 0 -1
    outer loop
      vertex 10.116 16.6808 0
      vertex -9.7 18 0
      vertex 10.0081 16.85 0
    endloop
  endfacet
  facet normal 0 0 -1
    outer loop
      vertex -9.73494 -17.6006 0
      vertex 9.73494 -17.6006 0
      vertex -9.70875 -17.7995 0
    endloop
  endfacet
  facet normal 0 0 -1
    outer loop
      vertex 10.0081 16.85 0
      vertex -9.7 18 0
      vertex 9.91549 17.028 0
    endloop
  endfacet
  facet normal 0 0 -1
    outer loop
      vertex 9.70875 -17.7995 0
      vertex -9.70875 -17.7995 0
      vertex 9.73494 -17.6006 0
    endloop
  endfacet
  facet normal 0 0 -1
    outer loop
      vertex 9.91549 17.028 0
      vertex -9.7 18 0
      vertex 9.83871 17.2134 0
    endloop
  endfacet
  facet normal 0 0 -1
    outer loop
      vertex -9.70875 -17.7995 0
      vertex 9.70875 -17.7995 0
      vertex -9.7 -18 0
    endloop
  endfacet
  facet normal 0 0 -1
    outer loop
      vertex 9.83871 17.2134 0
      vertex -9.7 18 0
      vertex 9.77837 17.4047 0
    endloop
  endfacet
  facet normal 0 0 -1
    outer loop
      vertex -9.7 -18 0
      vertex 9.70875 -17.7995 0
      vertex 9.7 -18 0
    endloop
  endfacet
  facet normal 0 0 -1
    outer loop
      vertex 9.77837 17.4047 0
      vertex -9.7 18 0
      vertex 9.73494 17.6006 0
    endloop
  endfacet
  facet normal 0 0 -1
    outer loop
      vertex 14.0845 -17.028 0
      vertex 17.6223 -17.4077 0
      vertex 14.1613 -17.2134 0
    endloop
  endfacet
  facet normal 0 0 -1
    outer loop
      vertex 17.6223 -17.4077 0
      vertex 14.0845 -17.028 0
      vertex 17.8994 -16.7388 0
    endloop
  endfacet
  facet normal 0 0 -1
    outer loop
      vertex 14.1613 -17.2134 0
      vertex 17.6223 -17.4077 0
      vertex 14.2216 -17.4047 0
    endloop
  endfacet
  facet normal 0 0 -1
    outer loop
      vertex 13.9919 -16.85 0
      vertex 17.8994 -16.7388 0
      vertex 14.0845 -17.028 0
    endloop
  endfacet
  facet normal 0 0 -1
    outer loop
      vertex 17.288 -18.05 0
      vertex 14.2216 -17.4047 0
      vertex 17.6223 -17.4077 0
    endloop
  endfacet
  facet normal 0 0 -1
    outer loop
      vertex 18.4 13.9 0
      vertex 14.3 18 0
      vertex 18.3684 14.6234 0
    endloop
  endfacet
  facet normal 0 0 -1
    outer loop
      vertex 14.2216 -17.4047 0
      vertex 17.288 -18.05 0
      vertex 14.2651 -17.6006 0
    endloop
  endfacet
  facet normal 0 0 -1
    outer loop
      vertex 18.3684 14.6234 0
      vertex 14.3 18 0
      vertex 18.2739 15.3413 0
    endloop
  endfacet
  facet normal 0 0 -1
    outer loop
      vertex 14.2651 -17.6006 0
      vertex 17.288 -18.05 0
      vertex 14.2912 -17.7995 0
    endloop
  endfacet
  facet normal 0 0 -1
    outer loop
      vertex 18.2739 15.3413 0
      vertex 14.3 18 0
      vertex 18.1172 16.0482 0
    endloop
  endfacet
  facet normal 0 0 -1
    outer loop
      vertex 16.899 -18.6607 0
      vertex 14.2912 -17.7995 0
      vertex 17.288 -18.05 0
    endloop
  endfacet
  facet normal 0 0 -1
    outer loop
      vertex 18.1172 16.0482 0
      vertex 14.3 18 0
      vertex 17.8994 16.7388 0
    endloop
  endfacet
  facet normal 0 0 -1
    outer loop
      vertex 14.2912 -17.7995 0
      vertex 16.899 -18.6607 0
      vertex 14.3 -18 0
    endloop
  endfacet
  facet normal 0 0 -1
    outer loop
      vertex 17.8994 16.7388 0
      vertex 14.3 18 0
      vertex 17.6223 17.4077 0
    endloop
  endfacet
  facet normal 0 0 -1
    outer loop
      vertex 14.3 -18 0
      vertex 16.899 -18.6607 0
      vertex 16.4582 -19.2351 0
    endloop
  endfacet
  facet normal 0 0 -1
    outer loop
      vertex 17.6223 17.4077 0
      vertex 14.3 18 0
      vertex 17.288 18.05 0
    endloop
  endfacet
  facet normal 0 0 -1
    outer loop
      vertex 14.2651 -18.3994 0
      vertex 16.4582 -19.2351 0
      vertex 15.969 -19.769 0
    endloop
  endfacet
  facet normal -0 0 -1
    outer loop
      vertex 17.288 18.05 0
      vertex 14.3 18 0
      vertex 16.899 18.6607 0
    endloop
  endfacet
  facet normal 0 0 -1
    outer loop
      vertex 14.0845 -18.972 0
      vertex 15.969 -19.769 0
      vertex 15.4351 -20.2582 0
    endloop
  endfacet
  facet normal -0 0 -1
    outer loop
      vertex 16.899 18.6607 0
      vertex 14.3 18 0
      vertex 16.4582 19.2351 0
    endloop
  endfacet
  facet normal 0 0 -1
    outer loop
      vertex 13.884 -19.3192 0
      vertex 15.4351 -20.2582 0
      vertex 14.8607 -20.699 0
    endloop
  endfacet
  facet normal 0 0 -1
    outer loop
      vertex 14.2912 18.2005 0
      vertex 16.4582 19.2351 0
      vertex 14.3 18 0
    endloop
  endfacet
  facet normal 0 0 -1
    outer loop
      vertex 14.2651 18.3994 0
      vertex 16.4582 19.2351 0
      vertex 14.2912 18.2005 0
    endloop
  endfacet
  facet normal 0 0 -1
    outer loop
      vertex 16.4582 -19.2351 0
      vertex 14.2912 -18.2005 0
      vertex 14.3 -18 0
    endloop
  endfacet
  facet normal 0 0 -1
    outer loop
      vertex 16.4582 -19.2351 0
      vertex 14.2651 -18.3994 0
      vertex 14.2912 -18.2005 0
    endloop
  endfacet
  facet normal 0 0 -1
    outer loop
      vertex 13.6263 -19.6263 0
      vertex 14.8607 -20.699 0
      vertex 14.25 -21.088 0
    endloop
  endfacet
  facet normal 0 0 -1
    outer loop
      vertex 15.969 -19.769 0
      vertex 14.2216 -18.5953 0
      vertex 14.2651 -18.3994 0
    endloop
  endfacet
  facet normal 0 0 -1
    outer loop
      vertex 15.969 -19.769 0
      vertex 14.1613 -18.7866 0
      vertex 14.2216 -18.5953 0
    endloop
  endfacet
  facet normal 0 0 -1
    outer loop
      vertex 15.969 -19.769 0
      vertex 14.0845 -18.972 0
      vertex 14.1613 -18.7866 0
    endloop
  endfacet
  facet normal 0 0 -1
    outer loop
      vertex 15.4351 -20.2582 0
      vertex 13.9919 -19.15 0
      vertex 14.0845 -18.972 0
    endloop
  endfacet
  facet normal 0 0 -1
    outer loop
      vertex 15.4351 -20.2582 0
      vertex 13.884 -19.3192 0
      vertex 13.9919 -19.15 0
    endloop
  endfacet
  facet normal 0 0 -1
    outer loop
      vertex 14.8607 -20.699 0
      vertex 13.7619 -19.4784 0
      vertex 13.884 -19.3192 0
    endloop
  endfacet
  facet normal 0 0 -1
    outer loop
      vertex 14.8607 -20.699 0
      vertex 13.6263 -19.6263 0
      vertex 13.7619 -19.4784 0
    endloop
  endfacet
  facet normal 0 0 -1
    outer loop
      vertex 13.15 -19.9919 0
      vertex 14.25 -21.088 0
      vertex 13.6077 -21.4223 0
    endloop
  endfacet
  facet normal 0 0 -1
    outer loop
      vertex 14.25 -21.088 0
      vertex 13.4784 -19.7619 0
      vertex 13.6263 -19.6263 0
    endloop
  endfacet
  facet normal 0 0 -1
    outer loop
      vertex 14.25 -21.088 0
      vertex 13.3192 -19.884 0
      vertex 13.4784 -19.7619 0
    endloop
  endfacet
  facet normal 0 0 -1
    outer loop
      vertex 14.25 -21.088 0
      vertex 13.15 -19.9919 0
      vertex 13.3192 -19.884 0
    endloop
  endfacet
  facet normal 0 0 -1
    outer loop
      vertex 13.6077 -21.4223 0
      vertex 12.972 -20.0845 0
      vertex 13.15 -19.9919 0
    endloop
  endfacet
  facet normal 0 0 -1
    outer loop
      vertex 12.7866 -20.1613 0
      vertex 13.6077 -21.4223 0
      vertex 12.9388 -21.6994 0
    endloop
  endfacet
  facet normal 0 0 -1
    outer loop
      vertex 13.6077 -21.4223 0
      vertex 12.7866 -20.1613 0
      vertex 12.972 -20.0845 0
    endloop
  endfacet
  facet normal 0 0 -1
    outer loop
      vertex 12.9388 -21.6994 0
      vertex 12.5953 -20.2216 0
      vertex 12.7866 -20.1613 0
    endloop
  endfacet
  facet normal 0 0 -1
    outer loop
      vertex 12.9388 -21.6994 0
      vertex 12.3994 -20.2651 0
      vertex 12.5953 -20.2216 0
    endloop
  endfacet
  facet normal 0 0 -1
    outer loop
      vertex 12.2005 -20.2912 0
      vertex 12.9388 -21.6994 0
      vertex 12.2482 -21.9172 0
    endloop
  endfacet
  facet normal 0 0 -1
    outer loop
      vertex 12.9388 -21.6994 0
      vertex 12.2005 -20.2912 0
      vertex 12.3994 -20.2651 0
    endloop
  endfacet
  facet normal 0 0 -1
    outer loop
      vertex 12.2482 -21.9172 0
      vertex 12 -20.3 0
      vertex 12.2005 -20.2912 0
    endloop
  endfacet
  facet normal 0 0 -1
    outer loop
      vertex 12.2482 -21.9172 0
      vertex 11.7995 -20.2912 0
      vertex 12 -20.3 0
    endloop
  endfacet
  facet normal 0 0 -1
    outer loop
      vertex 11.5413 -22.0739 0
      vertex 11.7995 -20.2912 0
      vertex 12.2482 -21.9172 0
    endloop
  endfacet
  facet normal -0 0 -1
    outer loop
      vertex 11.7995 -20.2912 0
      vertex 11.5413 -22.0739 0
      vertex 11.6006 -20.2651 0
    endloop
  endfacet
  facet normal 0 0 -1
    outer loop
      vertex 11.5413 -22.0739 0
      vertex 11.4047 -20.2216 0
      vertex 11.6006 -20.2651 0
    endloop
  endfacet
  facet normal 0 0 -1
    outer loop
      vertex 10.8234 -22.1684 0
      vertex 11.4047 -20.2216 0
      vertex 11.5413 -22.0739 0
    endloop
  endfacet
  facet normal -0 0 -1
    outer loop
      vertex 11.4047 -20.2216 0
      vertex 10.8234 -22.1684 0
      vertex 11.2134 -20.1613 0
    endloop
  endfacet
  facet normal -0 0 -1
    outer loop
      vertex 11.2134 -20.1613 0
      vertex 10.8234 -22.1684 0
      vertex 11.028 -20.0845 0
    endloop
  endfacet
  facet normal 0 0 -1
    outer loop
      vertex 10.1 -22.2 0
      vertex 11.028 -20.0845 0
      vertex 10.8234 -22.1684 0
    endloop
  endfacet
  facet normal -0 0 -1
    outer loop
      vertex 11.028 -20.0845 0
      vertex 10.1 -22.2 0
      vertex 10.85 -19.9919 0
    endloop
  endfacet
  facet normal -0 0 -1
    outer loop
      vertex 10.85 -19.9919 0
      vertex 10.1 -22.2 0
      vertex 10.6808 -19.884 0
    endloop
  endfacet
  facet normal -0 0 -1
    outer loop
      vertex 10.6808 -19.884 0
      vertex 10.1 -22.2 0
      vertex 10.5216 -19.7619 0
    endloop
  endfacet
  facet normal -0 0 -1
    outer loop
      vertex 10.5216 -19.7619 0
      vertex 10.1 -22.2 0
      vertex 10.3737 -19.6263 0
    endloop
  endfacet
  facet normal -0 0 -1
    outer loop
      vertex 10.3737 -19.6263 0
      vertex 10.1 -22.2 0
      vertex 10.2381 -19.4784 0
    endloop
  endfacet
  facet normal -0 0 -1
    outer loop
      vertex 10.2381 -19.4784 0
      vertex 10.1 -22.2 0
      vertex 10.116 -19.3192 0
    endloop
  endfacet
  facet normal 0 0 -1
    outer loop
      vertex 10.1 -22.2 0
      vertex 10.0081 -19.15 0
      vertex 10.116 -19.3192 0
    endloop
  endfacet
  facet normal 0 0 -1
    outer loop
      vertex 10.1 -22.2 0
      vertex 9.91549 -18.972 0
      vertex 10.0081 -19.15 0
    endloop
  endfacet
  facet normal 0 0 -1
    outer loop
      vertex 10.1 -22.2 0
      vertex 9.83871 -18.7866 0
      vertex 9.91549 -18.972 0
    endloop
  endfacet
  facet normal 0 0 -1
    outer loop
      vertex 10.1 -22.2 0
      vertex 9.77837 -18.5953 0
      vertex 9.83871 -18.7866 0
    endloop
  endfacet
  facet normal 0 0 -1
    outer loop
      vertex -9.77837 -18.5953 0
      vertex 9.77837 -18.5953 0
      vertex 10.1 -22.2 0
    endloop
  endfacet
  facet normal 0 0 -1
    outer loop
      vertex 9.77837 -18.5953 0
      vertex -9.77837 -18.5953 0
      vertex 9.73494 -18.3994 0
    endloop
  endfacet
  facet normal 0 0 -1
    outer loop
      vertex 9.73494 17.6006 0
      vertex -9.7 18 0
      vertex 9.70875 17.7995 0
    endloop
  endfacet
  facet normal 0 0 -1
    outer loop
      vertex 9.70875 -18.2005 0
      vertex -9.7 -18 0
      vertex 9.7 -18 0
    endloop
  endfacet
  facet normal 0 -0 -1
    outer loop
      vertex -9.73494 -18.3994 0
      vertex 9.73494 -18.3994 0
      vertex -9.77837 -18.5953 0
    endloop
  endfacet
  facet normal 0 0 -1
    outer loop
      vertex 9.70875 -18.2005 0
      vertex -9.70875 -18.2005 0
      vertex -9.7 -18 0
    endloop
  endfacet
  facet normal -0 0 -1
    outer loop
      vertex 9.70875 -18.2005 0
      vertex -9.73494 -18.3994 0
      vertex -9.70875 -18.2005 0
    endloop
  endfacet
  facet normal 0 0 -1
    outer loop
      vertex 9.73494 -18.3994 0
      vertex -9.73494 -18.3994 0
      vertex 9.70875 -18.2005 0
    endloop
  endfacet
  facet normal 0 0 -1
    outer loop
      vertex -10.1 -22.2 0
      vertex -9.77837 -18.5953 0
      vertex 10.1 -22.2 0
    endloop
  endfacet
  facet normal 0 0 -1
    outer loop
      vertex -9.77837 -18.5953 0
      vertex -10.1 -22.2 0
      vertex -9.83871 -18.7866 0
    endloop
  endfacet
  facet normal 0 0 -1
    outer loop
      vertex -9.83871 -18.7866 0
      vertex -10.1 -22.2 0
      vertex -9.91549 -18.972 0
    endloop
  endfacet
  facet normal 0 0 -1
    outer loop
      vertex -9.91549 -18.972 0
      vertex -10.1 -22.2 0
      vertex -10.0081 -19.15 0
    endloop
  endfacet
  facet normal 0 0 -1
    outer loop
      vertex -10.1 -22.2 0
      vertex -10.116 -19.3192 0
      vertex -10.0081 -19.15 0
    endloop
  endfacet
  facet normal 0 0 -1
    outer loop
      vertex -10.1 -22.2 0
      vertex -10.2381 -19.4784 0
      vertex -10.116 -19.3192 0
    endloop
  endfacet
  facet normal 0 0 -1
    outer loop
      vertex -10.1 -22.2 0
      vertex -10.3737 -19.6263 0
      vertex -10.2381 -19.4784 0
    endloop
  endfacet
  facet normal 0 0 -1
    outer loop
      vertex -10.1 -22.2 0
      vertex -10.5216 -19.7619 0
      vertex -10.3737 -19.6263 0
    endloop
  endfacet
  facet normal 0 0 -1
    outer loop
      vertex -10.1 -22.2 0
      vertex -10.6808 -19.884 0
      vertex -10.5216 -19.7619 0
    endloop
  endfacet
  facet normal 0 0 -1
    outer loop
      vertex -11.028 -20.0845 0
      vertex -10.1 -22.2 0
      vertex -10.8234 -22.1684 0
    endloop
  endfacet
  facet normal 0 0 -1
    outer loop
      vertex -10.1 -22.2 0
      vertex -10.85 -19.9919 0
      vertex -10.6808 -19.884 0
    endloop
  endfacet
  facet normal 0 0 -1
    outer loop
      vertex -10.1 -22.2 0
      vertex -11.028 -20.0845 0
      vertex -10.85 -19.9919 0
    endloop
  endfacet
  facet normal 0 0 -1
    outer loop
      vertex -10.8234 -22.1684 0
      vertex -11.2134 -20.1613 0
      vertex -11.028 -20.0845 0
    endloop
  endfacet
  facet normal 0 0 -1
    outer loop
      vertex -10.8234 -22.1684 0
      vertex -11.4047 -20.2216 0
      vertex -11.2134 -20.1613 0
    endloop
  endfacet
  facet normal 0 0 -1
    outer loop
      vertex -11.5413 -22.0739 0
      vertex -11.4047 -20.2216 0
      vertex -10.8234 -22.1684 0
    endloop
  endfacet
  facet normal 0 0 -1
    outer loop
      vertex -11.5413 -22.0739 0
      vertex -11.6006 -20.2651 0
      vertex -11.4047 -20.2216 0
    endloop
  endfacet
  facet normal 0 0 -1
    outer loop
      vertex -11.5413 -22.0739 0
      vertex -11.7995 -20.2912 0
      vertex -11.6006 -20.2651 0
    endloop
  endfacet
  facet normal 0 0 -1
    outer loop
      vertex -12.2482 -21.9172 0
      vertex -11.7995 -20.2912 0
      vertex -11.5413 -22.0739 0
    endloop
  endfacet
  facet normal 0 0 -1
    outer loop
      vertex -11.7995 -20.2912 0
      vertex -12.2482 -21.9172 0
      vertex -12 -20.3 0
    endloop
  endfacet
  facet normal -0 0 -1
    outer loop
      vertex -12 -20.3 0
      vertex -12.2482 -21.9172 0
      vertex -12.2005 -20.2912 0
    endloop
  endfacet
  facet normal 0 0 -1
    outer loop
      vertex -12.9388 -21.6994 0
      vertex -12.2005 -20.2912 0
      vertex -12.2482 -21.9172 0
    endloop
  endfacet
  facet normal -0 0 -1
    outer loop
      vertex -12.2005 -20.2912 0
      vertex -12.9388 -21.6994 0
      vertex -12.3994 -20.2651 0
    endloop
  endfacet
  facet normal -0 0 -1
    outer loop
      vertex -12.3994 -20.2651 0
      vertex -12.9388 -21.6994 0
      vertex -12.5953 -20.2216 0
    endloop
  endfacet
  facet normal -0 0 -1
    outer loop
      vertex -12.5953 -20.2216 0
      vertex -12.9388 -21.6994 0
      vertex -12.7866 -20.1613 0
    endloop
  endfacet
  facet normal 0 0 -1
    outer loop
      vertex -13.6077 -21.4223 0
      vertex -12.7866 -20.1613 0
      vertex -12.9388 -21.6994 0
    endloop
  endfacet
  facet normal -0 0 -1
    outer loop
      vertex -12.7866 -20.1613 0
      vertex -13.6077 -21.4223 0
      vertex -12.972 -20.0845 0
    endloop
  endfacet
  facet normal -0 0 -1
    outer loop
      vertex -12.972 -20.0845 0
      vertex -13.6077 -21.4223 0
      vertex -13.15 -19.9919 0
    endloop
  endfacet
  facet normal 0 0 -1
    outer loop
      vertex -14.25 -21.088 0
      vertex -13.15 -19.9919 0
      vertex -13.6077 -21.4223 0
    endloop
  endfacet
  facet normal -0 0 -1
    outer loop
      vertex -13.15 -19.9919 0
      vertex -14.25 -21.088 0
      vertex -13.3192 -19.884 0
    endloop
  endfacet
  facet normal -0 0 -1
    outer loop
      vertex -13.3192 -19.884 0
      vertex -14.25 -21.088 0
      vertex -13.4784 -19.7619 0
    endloop
  endfacet
  facet normal -0 0 -1
    outer loop
      vertex -13.4784 -19.7619 0
      vertex -14.25 -21.088 0
      vertex -13.6263 -19.6263 0
    endloop
  endfacet
  facet normal 0 0 -1
    outer loop
      vertex -14.8607 -20.699 0
      vertex -13.6263 -19.6263 0
      vertex -14.25 -21.088 0
    endloop
  endfacet
  facet normal -0 0 -1
    outer loop
      vertex -13.6263 -19.6263 0
      vertex -14.8607 -20.699 0
      vertex -13.7619 -19.4784 0
    endloop
  endfacet
  facet normal -0 0 -1
    outer loop
      vertex -13.7619 -19.4784 0
      vertex -14.8607 -20.699 0
      vertex -13.884 -19.3192 0
    endloop
  endfacet
  facet normal 0 0 -1
    outer loop
      vertex -15.4351 -20.2582 0
      vertex -13.884 -19.3192 0
      vertex -14.8607 -20.699 0
    endloop
  endfacet
  facet normal -0 0 -1
    outer loop
      vertex -13.884 -19.3192 0
      vertex -15.4351 -20.2582 0
      vertex -13.9919 -19.15 0
    endloop
  endfacet
  facet normal -0 0 -1
    outer loop
      vertex -13.9919 -19.15 0
      vertex -15.4351 -20.2582 0
      vertex -14.0845 -18.972 0
    endloop
  endfacet
  facet normal 0 0 -1
    outer loop
      vertex -15.969 -19.769 0
      vertex -14.0845 -18.972 0
      vertex -15.4351 -20.2582 0
    endloop
  endfacet
  facet normal -0 0 -1
    outer loop
      vertex -14.0845 -18.972 0
      vertex -15.969 -19.769 0
      vertex -14.1613 -18.7866 0
    endloop
  endfacet
  facet normal -0 0 -1
    outer loop
      vertex -14.1613 -18.7866 0
      vertex -15.969 -19.769 0
      vertex -14.2216 -18.5953 0
    endloop
  endfacet
  facet normal 0 0 -1
    outer loop
      vertex -16.4582 -19.2351 0
      vertex -14.2651 -18.3994 0
      vertex -15.969 -19.769 0
    endloop
  endfacet
  facet normal -0 0 -1
    outer loop
      vertex -14.2216 -18.5953 0
      vertex -15.969 -19.769 0
      vertex -14.2651 -18.3994 0
    endloop
  endfacet
  facet normal -0 0 -1
    outer loop
      vertex 16.4582 19.2351 0
      vertex 14.2651 18.3994 0
      vertex 15.969 19.769 0
    endloop
  endfacet
  facet normal 0 0 -1
    outer loop
      vertex 14.2216 18.5953 0
      vertex 15.969 19.769 0
      vertex 14.2651 18.3994 0
    endloop
  endfacet
  facet normal 0 0 -1
    outer loop
      vertex 14.1613 18.7866 0
      vertex 15.969 19.769 0
      vertex 14.2216 18.5953 0
    endloop
  endfacet
  facet normal 0 0 -1
    outer loop
      vertex 14.0845 18.972 0
      vertex 15.969 19.769 0
      vertex 14.1613 18.7866 0
    endloop
  endfacet
  facet normal -0 0 -1
    outer loop
      vertex 15.969 19.769 0
      vertex 14.0845 18.972 0
      vertex 15.4351 20.2582 0
    endloop
  endfacet
  facet normal 0 0 -1
    outer loop
      vertex 13.9919 19.15 0
      vertex 15.4351 20.2582 0
      vertex 14.0845 18.972 0
    endloop
  endfacet
  facet normal 0 0 -1
    outer loop
      vertex 13.884 19.3192 0
      vertex 15.4351 20.2582 0
      vertex 13.9919 19.15 0
    endloop
  endfacet
  facet normal -0 0 -1
    outer loop
      vertex 15.4351 20.2582 0
      vertex 13.884 19.3192 0
      vertex 14.8607 20.699 0
    endloop
  endfacet
  facet normal 0 0 -1
    outer loop
      vertex 13.7619 19.4784 0
      vertex 14.8607 20.699 0
      vertex 13.884 19.3192 0
    endloop
  endfacet
  facet normal 0 0 -1
    outer loop
      vertex 13.6263 19.6263 0
      vertex 14.8607 20.699 0
      vertex 13.7619 19.4784 0
    endloop
  endfacet
  facet normal -0 0 -1
    outer loop
      vertex 14.8607 20.699 0
      vertex 13.6263 19.6263 0
      vertex 14.25 21.088 0
    endloop
  endfacet
  facet normal 0 0 -1
    outer loop
      vertex 13.4784 19.7619 0
      vertex 14.25 21.088 0
      vertex 13.6263 19.6263 0
    endloop
  endfacet
  facet normal 0 0 -1
    outer loop
      vertex 13.3192 19.884 0
      vertex 14.25 21.088 0
      vertex 13.4784 19.7619 0
    endloop
  endfacet
  facet normal 0 0 -1
    outer loop
      vertex 13.15 19.9919 0
      vertex 14.25 21.088 0
      vertex 13.3192 19.884 0
    endloop
  endfacet
  facet normal -0 0 -1
    outer loop
      vertex 14.25 21.088 0
      vertex 13.15 19.9919 0
      vertex 13.6077 21.4223 0
    endloop
  endfacet
  facet normal 0 0 -1
    outer loop
      vertex 12.972 20.0845 0
      vertex 13.6077 21.4223 0
      vertex 13.15 19.9919 0
    endloop
  endfacet
  facet normal 0 0 -1
    outer loop
      vertex 12.7866 20.1613 0
      vertex 13.6077 21.4223 0
      vertex 12.972 20.0845 0
    endloop
  endfacet
  facet normal -0 0 -1
    outer loop
      vertex 13.6077 21.4223 0
      vertex 12.7866 20.1613 0
      vertex 12.9388 21.6994 0
    endloop
  endfacet
  facet normal 0 0 -1
    outer loop
      vertex 12.5953 20.2216 0
      vertex 12.9388 21.6994 0
      vertex 12.7866 20.1613 0
    endloop
  endfacet
  facet normal 0 0 -1
    outer loop
      vertex 12.3994 20.2651 0
      vertex 12.9388 21.6994 0
      vertex 12.5953 20.2216 0
    endloop
  endfacet
  facet normal 0 0 -1
    outer loop
      vertex 12.2005 20.2912 0
      vertex 12.9388 21.6994 0
      vertex 12.3994 20.2651 0
    endloop
  endfacet
  facet normal -0 0 -1
    outer loop
      vertex 12.9388 21.6994 0
      vertex 12.2005 20.2912 0
      vertex 12.2482 21.9172 0
    endloop
  endfacet
  facet normal 0 0 -1
    outer loop
      vertex 12 20.3 0
      vertex 12.2482 21.9172 0
      vertex 12.2005 20.2912 0
    endloop
  endfacet
  facet normal 0 0 -1
    outer loop
      vertex 11.7995 20.2912 0
      vertex 12.2482 21.9172 0
      vertex 12 20.3 0
    endloop
  endfacet
  facet normal 0 0 -1
    outer loop
      vertex 11.5413 22.0739 0
      vertex 11.7995 20.2912 0
      vertex 11.6006 20.2651 0
    endloop
  endfacet
  facet normal 0 0 -1
    outer loop
      vertex 11.7995 20.2912 0
      vertex 11.5413 22.0739 0
      vertex 12.2482 21.9172 0
    endloop
  endfacet
  facet normal 0 0 -1
    outer loop
      vertex 11.4047 20.2216 0
      vertex 11.5413 22.0739 0
      vertex 11.6006 20.2651 0
    endloop
  endfacet
  facet normal 0 0 -1
    outer loop
      vertex 10.8234 22.1684 0
      vertex 11.4047 20.2216 0
      vertex 11.2134 20.1613 0
    endloop
  endfacet
  facet normal 0 0 -1
    outer loop
      vertex 10.8234 22.1684 0
      vertex 11.2134 20.1613 0
      vertex 11.028 20.0845 0
    endloop
  endfacet
  facet normal 0 0 -1
    outer loop
      vertex 10.1 22.2 0
      vertex 11.028 20.0845 0
      vertex 10.85 19.9919 0
    endloop
  endfacet
  facet normal 0 0 -1
    outer loop
      vertex 11.4047 20.2216 0
      vertex 10.8234 22.1684 0
      vertex 11.5413 22.0739 0
    endloop
  endfacet
  facet normal 0 0 -1
    outer loop
      vertex 10.1 22.2 0
      vertex 10.85 19.9919 0
      vertex 10.6808 19.884 0
    endloop
  endfacet
  facet normal 0 0 -1
    outer loop
      vertex 10.1 22.2 0
      vertex 10.6808 19.884 0
      vertex 10.5216 19.7619 0
    endloop
  endfacet
  facet normal 0 0 -1
    outer loop
      vertex 10.1 22.2 0
      vertex 10.5216 19.7619 0
      vertex 10.3737 19.6263 0
    endloop
  endfacet
  facet normal 0 0 -1
    outer loop
      vertex 10.1 22.2 0
      vertex 10.3737 19.6263 0
      vertex 10.2381 19.4784 0
    endloop
  endfacet
  facet normal 0 0 -1
    outer loop
      vertex 10.1 22.2 0
      vertex 10.2381 19.4784 0
      vertex 10.116 19.3192 0
    endloop
  endfacet
  facet normal 0 0 -1
    outer loop
      vertex 11.028 20.0845 0
      vertex 10.1 22.2 0
      vertex 10.8234 22.1684 0
    endloop
  endfacet
  facet normal 0 0 -1
    outer loop
      vertex 10.0081 19.15 0
      vertex 10.1 22.2 0
      vertex 10.116 19.3192 0
    endloop
  endfacet
  facet normal 0 0 -1
    outer loop
      vertex 9.91549 18.972 0
      vertex 10.1 22.2 0
      vertex 10.0081 19.15 0
    endloop
  endfacet
  facet normal 0 0 -1
    outer loop
      vertex 9.83871 18.7866 0
      vertex 10.1 22.2 0
      vertex 9.91549 18.972 0
    endloop
  endfacet
  facet normal 0 0 -1
    outer loop
      vertex 9.77837 18.5953 0
      vertex 10.1 22.2 0
      vertex 9.83871 18.7866 0
    endloop
  endfacet
  facet normal 0 0 -1
    outer loop
      vertex -9.77837 18.5953 0
      vertex 9.77837 18.5953 0
      vertex 9.73494 18.3994 0
    endloop
  endfacet
  facet normal 0 0 -1
    outer loop
      vertex -9.73494 18.3994 0
      vertex 9.73494 18.3994 0
      vertex 9.70875 18.2005 0
    endloop
  endfacet
  facet normal 0 0 -1
    outer loop
      vertex 9.70875 17.7995 0
      vertex -9.7 18 0
      vertex 9.7 18 0
    endloop
  endfacet
  facet normal 0 0 -1
    outer loop
      vertex 9.7 18 0
      vertex -9.7 18 0
      vertex 9.70875 18.2005 0
    endloop
  endfacet
  facet normal 0 0 -1
    outer loop
      vertex -9.70875 18.2005 0
      vertex 9.70875 18.2005 0
      vertex -9.7 18 0
    endloop
  endfacet
  facet normal 0 0 -1
    outer loop
      vertex -9.73494 18.3994 0
      vertex 9.70875 18.2005 0
      vertex -9.70875 18.2005 0
    endloop
  endfacet
  facet normal 0 0 -1
    outer loop
      vertex 9.73494 18.3994 0
      vertex -9.73494 18.3994 0
      vertex -9.77837 18.5953 0
    endloop
  endfacet
  facet normal 0 0 -1
    outer loop
      vertex 9.77837 18.5953 0
      vertex -9.77837 18.5953 0
      vertex 10.1 22.2 0
    endloop
  endfacet
  facet normal 0 0 -1
    outer loop
      vertex -10.1 22.2 0
      vertex -9.77837 18.5953 0
      vertex -9.83871 18.7866 0
    endloop
  endfacet
  facet normal 0 0 -1
    outer loop
      vertex -10.1 22.2 0
      vertex -9.83871 18.7866 0
      vertex -9.91549 18.972 0
    endloop
  endfacet
  facet normal 0 0 -1
    outer loop
      vertex -10.1 22.2 0
      vertex -9.91549 18.972 0
      vertex -10.0081 19.15 0
    endloop
  endfacet
  facet normal 0 0 -1
    outer loop
      vertex -9.77837 18.5953 0
      vertex -10.1 22.2 0
      vertex 10.1 22.2 0
    endloop
  endfacet
  facet normal 0 0 -1
    outer loop
      vertex -10.116 19.3192 0
      vertex -10.1 22.2 0
      vertex -10.0081 19.15 0
    endloop
  endfacet
  facet normal 0 0 -1
    outer loop
      vertex -10.2381 19.4784 0
      vertex -10.1 22.2 0
      vertex -10.116 19.3192 0
    endloop
  endfacet
  facet normal 0 0 -1
    outer loop
      vertex -10.3737 19.6263 0
      vertex -10.1 22.2 0
      vertex -10.2381 19.4784 0
    endloop
  endfacet
  facet normal 0 0 -1
    outer loop
      vertex -10.5216 19.7619 0
      vertex -10.1 22.2 0
      vertex -10.3737 19.6263 0
    endloop
  endfacet
  facet normal 0 0 -1
    outer loop
      vertex -10.6808 19.884 0
      vertex -10.1 22.2 0
      vertex -10.5216 19.7619 0
    endloop
  endfacet
  facet normal 0 0 -1
    outer loop
      vertex -10.85 19.9919 0
      vertex -10.1 22.2 0
      vertex -10.6808 19.884 0
    endloop
  endfacet
  facet normal 0 0 -1
    outer loop
      vertex -11.028 20.0845 0
      vertex -10.1 22.2 0
      vertex -10.85 19.9919 0
    endloop
  endfacet
  facet normal 0 0 -1
    outer loop
      vertex -10.1 22.2 0
      vertex -11.028 20.0845 0
      vertex -10.8234 22.1684 0
    endloop
  endfacet
  facet normal 0 0 -1
    outer loop
      vertex -11.2134 20.1613 0
      vertex -10.8234 22.1684 0
      vertex -11.028 20.0845 0
    endloop
  endfacet
  facet normal 0 0 -1
    outer loop
      vertex -11.4047 20.2216 0
      vertex -10.8234 22.1684 0
      vertex -11.2134 20.1613 0
    endloop
  endfacet
  facet normal 0 0 -1
    outer loop
      vertex -11.4047 20.2216 0
      vertex -11.5413 22.0739 0
      vertex -10.8234 22.1684 0
    endloop
  endfacet
  facet normal 0 0 -1
    outer loop
      vertex -11.6006 20.2651 0
      vertex -11.5413 22.0739 0
      vertex -11.4047 20.2216 0
    endloop
  endfacet
  facet normal 0 0 -1
    outer loop
      vertex -11.7995 20.2912 0
      vertex -11.5413 22.0739 0
      vertex -11.6006 20.2651 0
    endloop
  endfacet
  facet normal 0 0 -1
    outer loop
      vertex -12.2482 21.9172 0
      vertex -11.7995 20.2912 0
      vertex -12 20.3 0
    endloop
  endfacet
  facet normal 0 0 -1
    outer loop
      vertex -12.2482 21.9172 0
      vertex -12 20.3 0
      vertex -12.2005 20.2912 0
    endloop
  endfacet
  facet normal 0 0 -1
    outer loop
      vertex -11.7995 20.2912 0
      vertex -12.2482 21.9172 0
      vertex -11.5413 22.0739 0
    endloop
  endfacet
  facet normal 0 0 -1
    outer loop
      vertex -12.9388 21.6994 0
      vertex -12.2005 20.2912 0
      vertex -12.3994 20.2651 0
    endloop
  endfacet
  facet normal 0 0 -1
    outer loop
      vertex -12.9388 21.6994 0
      vertex -12.3994 20.2651 0
      vertex -12.5953 20.2216 0
    endloop
  endfacet
  facet normal 0 0 -1
    outer loop
      vertex -12.9388 21.6994 0
      vertex -12.5953 20.2216 0
      vertex -12.7866 20.1613 0
    endloop
  endfacet
  facet normal 0 0 -1
    outer loop
      vertex -12.2005 20.2912 0
      vertex -12.9388 21.6994 0
      vertex -12.2482 21.9172 0
    endloop
  endfacet
  facet normal 0 0 -1
    outer loop
      vertex -13.6077 21.4223 0
      vertex -12.7866 20.1613 0
      vertex -12.972 20.0845 0
    endloop
  endfacet
  facet normal 0 0 -1
    outer loop
      vertex -13.6077 21.4223 0
      vertex -12.972 20.0845 0
      vertex -13.15 19.9919 0
    endloop
  endfacet
  facet normal 0 0 -1
    outer loop
      vertex -14.25 21.088 0
      vertex -13.15 19.9919 0
      vertex -13.3192 19.884 0
    endloop
  endfacet
  facet normal 0 0 -1
    outer loop
      vertex -14.25 21.088 0
      vertex -13.3192 19.884 0
      vertex -13.4784 19.7619 0
    endloop
  endfacet
  facet normal 0 0 -1
    outer loop
      vertex -12.7866 20.1613 0
      vertex -13.6077 21.4223 0
      vertex -12.9388 21.6994 0
    endloop
  endfacet
  facet normal 0 0 -1
    outer loop
      vertex -14.25 21.088 0
      vertex -13.4784 19.7619 0
      vertex -13.6263 19.6263 0
    endloop
  endfacet
  facet normal 0 0 -1
    outer loop
      vertex -14.8607 20.699 0
      vertex -13.6263 19.6263 0
      vertex -13.7619 19.4784 0
    endloop
  endfacet
  facet normal 0 0 -1
    outer loop
      vertex -14.8607 20.699 0
      vertex -13.7619 19.4784 0
      vertex -13.884 19.3192 0
    endloop
  endfacet
  facet normal 0 0 -1
    outer loop
      vertex -15.4351 20.2582 0
      vertex -13.884 19.3192 0
      vertex -13.9919 19.15 0
    endloop
  endfacet
  facet normal 0 0 -1
    outer loop
      vertex -15.4351 20.2582 0
      vertex -13.9919 19.15 0
      vertex -14.0845 18.972 0
    endloop
  endfacet
  facet normal 0 0 -1
    outer loop
      vertex -15.969 19.769 0
      vertex -14.0845 18.972 0
      vertex -14.1613 18.7866 0
    endloop
  endfacet
  facet normal 0 0 -1
    outer loop
      vertex -15.969 19.769 0
      vertex -14.1613 18.7866 0
      vertex -14.2216 18.5953 0
    endloop
  endfacet
  facet normal 0 0 -1
    outer loop
      vertex -13.15 19.9919 0
      vertex -14.25 21.088 0
      vertex -13.6077 21.4223 0
    endloop
  endfacet
  facet normal 0 0 -1
    outer loop
      vertex -15.969 19.769 0
      vertex -14.2216 18.5953 0
      vertex -14.2651 18.3994 0
    endloop
  endfacet
  facet normal 0 0 -1
    outer loop
      vertex -16.4582 19.2351 0
      vertex -14.2651 18.3994 0
      vertex -14.2912 18.2005 0
    endloop
  endfacet
  facet normal 0 0 -1
    outer loop
      vertex -16.4582 19.2351 0
      vertex -14.2912 18.2005 0
      vertex -14.3 18 0
    endloop
  endfacet
  facet normal 0 0 -1
    outer loop
      vertex -13.6263 19.6263 0
      vertex -14.8607 20.699 0
      vertex -14.25 21.088 0
    endloop
  endfacet
  facet normal -0 0 -1
    outer loop
      vertex -13.9919 16.85 0
      vertex -17.8994 16.7388 0
      vertex -14.0845 17.028 0
    endloop
  endfacet
  facet normal -0 0 -1
    outer loop
      vertex -14.2651 -18.3994 0
      vertex -16.4582 -19.2351 0
      vertex -14.2912 -18.2005 0
    endloop
  endfacet
  facet normal 0 -0 -1
    outer loop
      vertex -17.6223 17.4077 0
      vertex -14.0845 17.028 0
      vertex -17.8994 16.7388 0
    endloop
  endfacet
  facet normal -0 0 -1
    outer loop
      vertex -14.2912 -18.2005 0
      vertex -16.4582 -19.2351 0
      vertex -14.3 -18 0
    endloop
  endfacet
  facet normal 0 0 -1
    outer loop
      vertex -14.0845 17.028 0
      vertex -17.6223 17.4077 0
      vertex -14.1613 17.2134 0
    endloop
  endfacet
  facet normal 0 0 -1
    outer loop
      vertex -16.899 -18.6607 0
      vertex -14.3 -18 0
      vertex -16.4582 -19.2351 0
    endloop
  endfacet
  facet normal 0 0 -1
    outer loop
      vertex -13.884 19.3192 0
      vertex -15.4351 20.2582 0
      vertex -14.8607 20.699 0
    endloop
  endfacet
  facet normal 0 0 -1
    outer loop
      vertex -14.2912 -17.7995 0
      vertex -16.899 -18.6607 0
      vertex -17.288 -18.05 0
    endloop
  endfacet
  facet normal 0 0 -1
    outer loop
      vertex -14.0845 18.972 0
      vertex -15.969 19.769 0
      vertex -15.4351 20.2582 0
    endloop
  endfacet
  facet normal 0 0 -1
    outer loop
      vertex -14.2216 -17.4047 0
      vertex -17.288 -18.05 0
      vertex -17.6223 -17.4077 0
    endloop
  endfacet
  facet normal 0 0 -1
    outer loop
      vertex -14.2651 18.3994 0
      vertex -16.4582 19.2351 0
      vertex -15.969 19.769 0
    endloop
  endfacet
  facet normal -0 0 -1
    outer loop
      vertex -14.0845 -17.028 0
      vertex -17.6223 -17.4077 0
      vertex -17.8994 -16.7388 0
    endloop
  endfacet
  facet normal 0 0 -1
    outer loop
      vertex -14.3 18 0
      vertex -16.899 18.6607 0
      vertex -16.4582 19.2351 0
    endloop
  endfacet
  facet normal 0 0 -1
    outer loop
      vertex -13.9919 -16.85 0
      vertex -17.8994 -16.7388 0
      vertex -18.1172 -16.0482 0
    endloop
  endfacet
  facet normal 0 0 -1
    outer loop
      vertex -14.2912 17.7995 0
      vertex -16.899 18.6607 0
      vertex -14.3 18 0
    endloop
  endfacet
  facet normal 0 0 -1
    outer loop
      vertex -13.884 -16.6808 0
      vertex -18.1172 -16.0482 0
      vertex -18.2739 -15.3413 0
    endloop
  endfacet
  facet normal 0 -0 -1
    outer loop
      vertex -16.899 18.6607 0
      vertex -14.2912 17.7995 0
      vertex -17.288 18.05 0
    endloop
  endfacet
  facet normal 0 0 -1
    outer loop
      vertex -13.7619 -16.5216 0
      vertex -18.2739 -15.3413 0
      vertex -18.3684 -14.6234 0
    endloop
  endfacet
  facet normal 0 0 -1
    outer loop
      vertex -14.2651 17.6006 0
      vertex -17.288 18.05 0
      vertex -14.2912 17.7995 0
    endloop
  endfacet
  facet normal 0 0 -1
    outer loop
      vertex -13.4784 -16.2381 0
      vertex -18.3684 -14.6234 0
      vertex -18.4 -13.9 0
    endloop
  endfacet
  facet normal 0 0 -1
    outer loop
      vertex -14.2216 17.4047 0
      vertex -17.288 18.05 0
      vertex -14.2651 17.6006 0
    endloop
  endfacet
  facet normal 0 -0 -1
    outer loop
      vertex -17.288 18.05 0
      vertex -14.2216 17.4047 0
      vertex -17.6223 17.4077 0
    endloop
  endfacet
  facet normal 0 0 -1
    outer loop
      vertex -14.1613 17.2134 0
      vertex -17.6223 17.4077 0
      vertex -14.2216 17.4047 0
    endloop
  endfacet
  facet normal -0.521611 0.477988 -0.706717
    outer loop
      vertex -15.969 19.769 0
      vertex -16.7646 19.4922 0.4
      vertex -16.2518 20.0518 0.4
    endloop
  endfacet
  facet normal -0.477988 0.521611 -0.706717
    outer loop
      vertex -15.969 19.769 0
      vertex -16.2518 20.0518 0.4
      vertex -15.6922 20.5646 0.4
    endloop
  endfacet
  facet normal 0.130455 -0.991454 0
    outer loop
      vertex 10.7319 -21.1224 11.2
      vertex 11.3589 -21.0399 13.2
      vertex 10.7319 -21.1224 13.2
    endloop
  endfacet
  facet normal 0.130455 -0.991454 0
    outer loop
      vertex 11.3589 -21.0399 13.2
      vertex 10.7319 -21.1224 11.2
      vertex 11.3589 -21.0399 11.2
    endloop
  endfacet
  facet normal 0.216445 -0.976295 0
    outer loop
      vertex 11.3589 -21.0399 11.2
      vertex 11.9764 -20.903 13.2
      vertex 11.3589 -21.0399 13.2
    endloop
  endfacet
  facet normal 0.216445 -0.976295 0
    outer loop
      vertex 11.9764 -20.903 13.2
      vertex 11.3589 -21.0399 11.2
      vertex 11.9764 -20.903 11.2
    endloop
  endfacet
  facet normal 0.300723 -0.953712 0
    outer loop
      vertex 11.9764 -20.903 11.2
      vertex 12.5796 -20.7128 13.2
      vertex 11.9764 -20.903 13.2
    endloop
  endfacet
  facet normal 0.300723 -0.953712 0
    outer loop
      vertex 12.5796 -20.7128 13.2
      vertex 11.9764 -20.903 11.2
      vertex 12.5796 -20.7128 11.2
    endloop
  endfacet
  facet normal 0.382729 -0.923861 0
    outer loop
      vertex 12.5796 -20.7128 11.2
      vertex 13.164 -20.4707 13.2
      vertex 12.5796 -20.7128 13.2
    endloop
  endfacet
  facet normal 0.382729 -0.923861 0
    outer loop
      vertex 13.164 -20.4707 13.2
      vertex 12.5796 -20.7128 11.2
      vertex 13.164 -20.4707 11.2
    endloop
  endfacet
  facet normal 0.461701 -0.887036 0
    outer loop
      vertex 13.164 -20.4707 11.2
      vertex 13.725 -20.1787 13.2
      vertex 13.164 -20.4707 13.2
    endloop
  endfacet
  facet normal 0.461701 -0.887036 0
    outer loop
      vertex 13.725 -20.1787 13.2
      vertex 13.164 -20.4707 11.2
      vertex 13.725 -20.1787 11.2
    endloop
  endfacet
  facet normal 0.537285 -0.843401 0
    outer loop
      vertex 13.725 -20.1787 11.2
      vertex 14.2584 -19.8389 13.2
      vertex 13.725 -20.1787 13.2
    endloop
  endfacet
  facet normal 0.537285 -0.843401 0
    outer loop
      vertex 14.2584 -19.8389 13.2
      vertex 13.725 -20.1787 11.2
      vertex 14.2584 -19.8389 11.2
    endloop
  endfacet
  facet normal 0.608816 -0.793311 0
    outer loop
      vertex 14.2584 -19.8389 11.2
      vertex 14.7602 -19.4538 13.2
      vertex 14.2584 -19.8389 13.2
    endloop
  endfacet
  facet normal 0.608816 -0.793311 0
    outer loop
      vertex 14.7602 -19.4538 13.2
      vertex 14.2584 -19.8389 11.2
      vertex 14.7602 -19.4538 11.2
    endloop
  endfacet
  facet normal 0.675603 -0.737266 0
    outer loop
      vertex 14.7602 -19.4538 11.2
      vertex 15.2265 -19.0265 13.2
      vertex 14.7602 -19.4538 13.2
    endloop
  endfacet
  facet normal 0.675603 -0.737266 0
    outer loop
      vertex 15.2265 -19.0265 13.2
      vertex 14.7602 -19.4538 11.2
      vertex 15.2265 -19.0265 11.2
    endloop
  endfacet
  facet normal 0.737266 -0.675603 0
    outer loop
      vertex 15.2265 -19.0265 13.2
      vertex 15.6538 -18.5602 11.2
      vertex 15.6538 -18.5602 13.2
    endloop
  endfacet
  facet normal 0.737266 -0.675603 0
    outer loop
      vertex 15.6538 -18.5602 11.2
      vertex 15.2265 -19.0265 13.2
      vertex 15.2265 -19.0265 11.2
    endloop
  endfacet
  facet normal 0.793387 -0.608717 0
    outer loop
      vertex 15.6538 -18.5602 13.2
      vertex 16.0388 -18.0584 11.2
      vertex 16.0388 -18.0584 13.2
    endloop
  endfacet
  facet normal 0.793387 -0.608717 0
    outer loop
      vertex 16.0388 -18.0584 11.2
      vertex 15.6538 -18.5602 13.2
      vertex 15.6538 -18.5602 11.2
    endloop
  endfacet
  facet normal 0.843329 -0.537397 0
    outer loop
      vertex 16.0388 -18.0584 13.2
      vertex 16.3787 -17.525 11.2
      vertex 16.3787 -17.525 13.2
    endloop
  endfacet
  facet normal 0.843329 -0.537397 0
    outer loop
      vertex 16.3787 -17.525 11.2
      vertex 16.0388 -18.0584 13.2
      vertex 16.0388 -18.0584 11.2
    endloop
  endfacet
  facet normal 0.887036 -0.461701 0
    outer loop
      vertex 16.3787 -17.525 13.2
      vertex 16.6707 -16.964 11.2
      vertex 16.6707 -16.964 13.2
    endloop
  endfacet
  facet normal 0.887036 -0.461701 0
    outer loop
      vertex 16.6707 -16.964 11.2
      vertex 16.3787 -17.525 13.2
      vertex 16.3787 -17.525 11.2
    endloop
  endfacet
  facet normal 0.923861 -0.382729 0
    outer loop
      vertex 16.6707 -16.964 13.2
      vertex 16.9128 -16.3796 11.2
      vertex 16.9128 -16.3796 13.2
    endloop
  endfacet
  facet normal 0.923861 -0.382729 0
    outer loop
      vertex 16.9128 -16.3796 11.2
      vertex 16.6707 -16.964 13.2
      vertex 16.6707 -16.964 11.2
    endloop
  endfacet
  facet normal 0.953712 -0.300723 0
    outer loop
      vertex 16.9128 -16.3796 13.2
      vertex 17.103 -15.7764 11.2
      vertex 17.103 -15.7764 13.2
    endloop
  endfacet
  facet normal 0.953712 -0.300723 0
    outer loop
      vertex 17.103 -15.7764 11.2
      vertex 16.9128 -16.3796 13.2
      vertex 16.9128 -16.3796 11.2
    endloop
  endfacet
  facet normal 0.976295 -0.216445 0
    outer loop
      vertex 17.103 -15.7764 13.2
      vertex 17.2399 -15.1589 11.2
      vertex 17.2399 -15.1589 13.2
    endloop
  endfacet
  facet normal 0.976295 -0.216445 0
    outer loop
      vertex 17.2399 -15.1589 11.2
      vertex 17.103 -15.7764 13.2
      vertex 17.103 -15.7764 11.2
    endloop
  endfacet
  facet normal 0.991454 -0.130455 0
    outer loop
      vertex 17.2399 -15.1589 13.2
      vertex 17.3224 -14.5319 11.2
      vertex 17.3224 -14.5319 13.2
    endloop
  endfacet
  facet normal 0.991454 -0.130455 0
    outer loop
      vertex 17.3224 -14.5319 11.2
      vertex 17.2399 -15.1589 13.2
      vertex 17.2399 -15.1589 11.2
    endloop
  endfacet
  facet normal 0.999047 -0.0436362 0
    outer loop
      vertex 17.3224 -14.5319 13.2
      vertex 17.35 -13.9 11.2
      vertex 17.35 -13.9 13.2
    endloop
  endfacet
  facet normal 0.999047 -0.0436362 0
    outer loop
      vertex 17.35 -13.9 11.2
      vertex 17.3224 -14.5319 13.2
      vertex 17.3224 -14.5319 11.2
    endloop
  endfacet
  facet normal 1 -0 0
    outer loop
      vertex 17.35 -13.9 13.2
      vertex 17.35 13.9 11.2
      vertex 17.35 13.9 13.2
    endloop
  endfacet
  facet normal 1 0 0
    outer loop
      vertex 17.35 13.9 11.2
      vertex 17.35 -13.9 13.2
      vertex 17.35 -13.9 11.2
    endloop
  endfacet
  facet normal 0.999047 0.0436362 0
    outer loop
      vertex 17.35 13.9 13.2
      vertex 17.3224 14.5319 11.2
      vertex 17.3224 14.5319 13.2
    endloop
  endfacet
  facet normal 0.999047 0.0436362 0
    outer loop
      vertex 17.3224 14.5319 11.2
      vertex 17.35 13.9 13.2
      vertex 17.35 13.9 11.2
    endloop
  endfacet
  facet normal 0.991454 0.130455 0
    outer loop
      vertex 17.3224 14.5319 13.2
      vertex 17.2399 15.1589 11.2
      vertex 17.2399 15.1589 13.2
    endloop
  endfacet
  facet normal 0.991454 0.130455 0
    outer loop
      vertex 17.2399 15.1589 11.2
      vertex 17.3224 14.5319 13.2
      vertex 17.3224 14.5319 11.2
    endloop
  endfacet
  facet normal 0.976295 0.216445 0
    outer loop
      vertex 17.2399 15.1589 13.2
      vertex 17.103 15.7764 11.2
      vertex 17.103 15.7764 13.2
    endloop
  endfacet
  facet normal 0.976295 0.216445 0
    outer loop
      vertex 17.103 15.7764 11.2
      vertex 17.2399 15.1589 13.2
      vertex 17.2399 15.1589 11.2
    endloop
  endfacet
  facet normal 0.953712 0.300723 0
    outer loop
      vertex 17.103 15.7764 13.2
      vertex 16.9128 16.3796 11.2
      vertex 16.9128 16.3796 13.2
    endloop
  endfacet
  facet normal 0.953712 0.300723 0
    outer loop
      vertex 16.9128 16.3796 11.2
      vertex 17.103 15.7764 13.2
      vertex 17.103 15.7764 11.2
    endloop
  endfacet
  facet normal 0.923861 0.382729 0
    outer loop
      vertex 16.9128 16.3796 13.2
      vertex 16.6707 16.964 11.2
      vertex 16.6707 16.964 13.2
    endloop
  endfacet
  facet normal 0.923861 0.382729 0
    outer loop
      vertex 16.6707 16.964 11.2
      vertex 16.9128 16.3796 13.2
      vertex 16.9128 16.3796 11.2
    endloop
  endfacet
  facet normal 0.887036 0.461701 0
    outer loop
      vertex 16.6707 16.964 13.2
      vertex 16.3787 17.525 11.2
      vertex 16.3787 17.525 13.2
    endloop
  endfacet
  facet normal 0.887036 0.461701 0
    outer loop
      vertex 16.3787 17.525 11.2
      vertex 16.6707 16.964 13.2
      vertex 16.6707 16.964 11.2
    endloop
  endfacet
  facet normal 0.843329 0.537397 0
    outer loop
      vertex 16.3787 17.525 13.2
      vertex 16.0388 18.0584 11.2
      vertex 16.0388 18.0584 13.2
    endloop
  endfacet
  facet normal 0.843329 0.537397 0
    outer loop
      vertex 16.0388 18.0584 11.2
      vertex 16.3787 17.525 13.2
      vertex 16.3787 17.525 11.2
    endloop
  endfacet
  facet normal 0.793387 0.608717 0
    outer loop
      vertex 16.0388 18.0584 13.2
      vertex 15.6538 18.5602 11.2
      vertex 15.6538 18.5602 13.2
    endloop
  endfacet
  facet normal 0.793387 0.608717 0
    outer loop
      vertex 15.6538 18.5602 11.2
      vertex 16.0388 18.0584 13.2
      vertex 16.0388 18.0584 11.2
    endloop
  endfacet
  facet normal 0.737266 0.675603 0
    outer loop
      vertex 15.6538 18.5602 13.2
      vertex 15.2265 19.0265 11.2
      vertex 15.2265 19.0265 13.2
    endloop
  endfacet
  facet normal 0.737266 0.675603 0
    outer loop
      vertex 15.2265 19.0265 11.2
      vertex 15.6538 18.5602 13.2
      vertex 15.6538 18.5602 11.2
    endloop
  endfacet
  facet normal 0.675603 0.737266 -0
    outer loop
      vertex 15.2265 19.0265 11.2
      vertex 14.7602 19.4538 13.2
      vertex 15.2265 19.0265 13.2
    endloop
  endfacet
  facet normal 0.675603 0.737266 0
    outer loop
      vertex 14.7602 19.4538 13.2
      vertex 15.2265 19.0265 11.2
      vertex 14.7602 19.4538 11.2
    endloop
  endfacet
  facet normal 0.608816 0.793311 -0
    outer loop
      vertex 14.7602 19.4538 11.2
      vertex 14.2584 19.8389 13.2
      vertex 14.7602 19.4538 13.2
    endloop
  endfacet
  facet normal 0.608816 0.793311 0
    outer loop
      vertex 14.2584 19.8389 13.2
      vertex 14.7602 19.4538 11.2
      vertex 14.2584 19.8389 11.2
    endloop
  endfacet
  facet normal 0.537285 0.843401 -0
    outer loop
      vertex 14.2584 19.8389 11.2
      vertex 13.725 20.1787 13.2
      vertex 14.2584 19.8389 13.2
    endloop
  endfacet
  facet normal 0.537285 0.843401 0
    outer loop
      vertex 13.725 20.1787 13.2
      vertex 14.2584 19.8389 11.2
      vertex 13.725 20.1787 11.2
    endloop
  endfacet
  facet normal 0.461701 0.887036 -0
    outer loop
      vertex 13.725 20.1787 11.2
      vertex 13.164 20.4707 13.2
      vertex 13.725 20.1787 13.2
    endloop
  endfacet
  facet normal 0.461701 0.887036 0
    outer loop
      vertex 13.164 20.4707 13.2
      vertex 13.725 20.1787 11.2
      vertex 13.164 20.4707 11.2
    endloop
  endfacet
  facet normal 0.382729 0.923861 -0
    outer loop
      vertex 13.164 20.4707 11.2
      vertex 12.5796 20.7128 13.2
      vertex 13.164 20.4707 13.2
    endloop
  endfacet
  facet normal 0.382729 0.923861 0
    outer loop
      vertex 12.5796 20.7128 13.2
      vertex 13.164 20.4707 11.2
      vertex 12.5796 20.7128 11.2
    endloop
  endfacet
  facet normal 0.300723 0.953712 -0
    outer loop
      vertex 12.5796 20.7128 11.2
      vertex 11.9764 20.903 13.2
      vertex 12.5796 20.7128 13.2
    endloop
  endfacet
  facet normal 0.300723 0.953712 0
    outer loop
      vertex 11.9764 20.903 13.2
      vertex 12.5796 20.7128 11.2
      vertex 11.9764 20.903 11.2
    endloop
  endfacet
  facet normal 0.216445 0.976295 -0
    outer loop
      vertex 11.9764 20.903 11.2
      vertex 11.3589 21.0399 13.2
      vertex 11.9764 20.903 13.2
    endloop
  endfacet
  facet normal 0.216445 0.976295 0
    outer loop
      vertex 11.3589 21.0399 13.2
      vertex 11.9764 20.903 11.2
      vertex 11.3589 21.0399 11.2
    endloop
  endfacet
  facet normal 0.130455 0.991454 -0
    outer loop
      vertex 11.3589 21.0399 11.2
      vertex 10.7319 21.1224 13.2
      vertex 11.3589 21.0399 13.2
    endloop
  endfacet
  facet normal 0.130455 0.991454 0
    outer loop
      vertex 10.7319 21.1224 13.2
      vertex 11.3589 21.0399 11.2
      vertex 10.7319 21.1224 11.2
    endloop
  endfacet
  facet normal 0.0436362 0.999047 -0
    outer loop
      vertex 10.7319 21.1224 11.2
      vertex 10.1 21.15 13.2
      vertex 10.7319 21.1224 13.2
    endloop
  endfacet
  facet normal 0.0436362 0.999047 0
    outer loop
      vertex 10.1 21.15 13.2
      vertex 10.7319 21.1224 11.2
      vertex 10.1 21.15 11.2
    endloop
  endfacet
  facet normal 0 1 -0
    outer loop
      vertex 10.1 21.15 11.2
      vertex -10.1 21.15 13.2
      vertex 10.1 21.15 13.2
    endloop
  endfacet
  facet normal 0 1 0
    outer loop
      vertex -10.1 21.15 13.2
      vertex 10.1 21.15 11.2
      vertex -10.1 21.15 11.2
    endloop
  endfacet
  facet normal -0.0436362 0.999047 0
    outer loop
      vertex -10.1 21.15 11.2
      vertex -10.7319 21.1224 13.2
      vertex -10.1 21.15 13.2
    endloop
  endfacet
  facet normal -0.0436362 0.999047 0
    outer loop
      vertex -10.7319 21.1224 13.2
      vertex -10.1 21.15 11.2
      vertex -10.7319 21.1224 11.2
    endloop
  endfacet
  facet normal -0.130455 0.991454 0
    outer loop
      vertex -10.7319 21.1224 11.2
      vertex -11.3589 21.0399 13.2
      vertex -10.7319 21.1224 13.2
    endloop
  endfacet
  facet normal -0.130455 0.991454 0
    outer loop
      vertex -11.3589 21.0399 13.2
      vertex -10.7319 21.1224 11.2
      vertex -11.3589 21.0399 11.2
    endloop
  endfacet
  facet normal -0.216445 0.976295 0
    outer loop
      vertex -11.3589 21.0399 11.2
      vertex -11.9764 20.903 13.2
      vertex -11.3589 21.0399 13.2
    endloop
  endfacet
  facet normal -0.216445 0.976295 0
    outer loop
      vertex -11.9764 20.903 13.2
      vertex -11.3589 21.0399 11.2
      vertex -11.9764 20.903 11.2
    endloop
  endfacet
  facet normal -0.300723 0.953712 0
    outer loop
      vertex -11.9764 20.903 11.2
      vertex -12.5796 20.7128 13.2
      vertex -11.9764 20.903 13.2
    endloop
  endfacet
  facet normal -0.300723 0.953712 0
    outer loop
      vertex -12.5796 20.7128 13.2
      vertex -11.9764 20.903 11.2
      vertex -12.5796 20.7128 11.2
    endloop
  endfacet
  facet normal -0.382729 0.923861 0
    outer loop
      vertex -12.5796 20.7128 11.2
      vertex -13.164 20.4707 13.2
      vertex -12.5796 20.7128 13.2
    endloop
  endfacet
  facet normal -0.382729 0.923861 0
    outer loop
      vertex -13.164 20.4707 13.2
      vertex -12.5796 20.7128 11.2
      vertex -13.164 20.4707 11.2
    endloop
  endfacet
  facet normal -0.461701 0.887036 0
    outer loop
      vertex -13.164 20.4707 11.2
      vertex -13.725 20.1787 13.2
      vertex -13.164 20.4707 13.2
    endloop
  endfacet
  facet normal -0.461701 0.887036 0
    outer loop
      vertex -13.725 20.1787 13.2
      vertex -13.164 20.4707 11.2
      vertex -13.725 20.1787 11.2
    endloop
  endfacet
  facet normal -0.537285 0.843401 0
    outer loop
      vertex -13.725 20.1787 11.2
      vertex -14.2584 19.8389 13.2
      vertex -13.725 20.1787 13.2
    endloop
  endfacet
  facet normal -0.537285 0.843401 0
    outer loop
      vertex -14.2584 19.8389 13.2
      vertex -13.725 20.1787 11.2
      vertex -14.2584 19.8389 11.2
    endloop
  endfacet
  facet normal -0.608816 0.793311 0
    outer loop
      vertex -14.2584 19.8389 11.2
      vertex -14.7602 19.4538 13.2
      vertex -14.2584 19.8389 13.2
    endloop
  endfacet
  facet normal -0.608816 0.793311 0
    outer loop
      vertex -14.7602 19.4538 13.2
      vertex -14.2584 19.8389 11.2
      vertex -14.7602 19.4538 11.2
    endloop
  endfacet
  facet normal -0.675603 0.737266 0
    outer loop
      vertex -14.7602 19.4538 11.2
      vertex -15.2265 19.0265 13.2
      vertex -14.7602 19.4538 13.2
    endloop
  endfacet
  facet normal -0.675603 0.737266 0
    outer loop
      vertex -15.2265 19.0265 13.2
      vertex -14.7602 19.4538 11.2
      vertex -15.2265 19.0265 11.2
    endloop
  endfacet
  facet normal -0.737266 0.675603 0
    outer loop
      vertex -15.6538 18.5602 11.2
      vertex -15.2265 19.0265 13.2
      vertex -15.2265 19.0265 11.2
    endloop
  endfacet
  facet normal -0.737266 0.675603 0
    outer loop
      vertex -15.2265 19.0265 13.2
      vertex -15.6538 18.5602 11.2
      vertex -15.6538 18.5602 13.2
    endloop
  endfacet
  facet normal -0.793387 0.608717 0
    outer loop
      vertex -16.0388 18.0584 11.2
      vertex -15.6538 18.5602 13.2
      vertex -15.6538 18.5602 11.2
    endloop
  endfacet
  facet normal -0.793387 0.608717 0
    outer loop
      vertex -15.6538 18.5602 13.2
      vertex -16.0388 18.0584 11.2
      vertex -16.0388 18.0584 13.2
    endloop
  endfacet
  facet normal -0.843329 0.537397 0
    outer loop
      vertex -16.3787 17.525 11.2
      vertex -16.0388 18.0584 13.2
      vertex -16.0388 18.0584 11.2
    endloop
  endfacet
  facet normal -0.843329 0.537397 0
    outer loop
      vertex -16.0388 18.0584 13.2
      vertex -16.3787 17.525 11.2
      vertex -16.3787 17.525 13.2
    endloop
  endfacet
  facet normal -0.887036 0.461701 0
    outer loop
      vertex -16.6707 16.964 11.2
      vertex -16.3787 17.525 13.2
      vertex -16.3787 17.525 11.2
    endloop
  endfacet
  facet normal -0.887036 0.461701 0
    outer loop
      vertex -16.3787 17.525 13.2
      vertex -16.6707 16.964 11.2
      vertex -16.6707 16.964 13.2
    endloop
  endfacet
  facet normal -0.923861 0.382729 0
    outer loop
      vertex -16.9128 16.3796 11.2
      vertex -16.6707 16.964 13.2
      vertex -16.6707 16.964 11.2
    endloop
  endfacet
  facet normal -0.923861 0.382729 0
    outer loop
      vertex -16.6707 16.964 13.2
      vertex -16.9128 16.3796 11.2
      vertex -16.9128 16.3796 13.2
    endloop
  endfacet
  facet normal -0.953712 0.300723 0
    outer loop
      vertex -17.103 15.7764 11.2
      vertex -16.9128 16.3796 13.2
      vertex -16.9128 16.3796 11.2
    endloop
  endfacet
  facet normal -0.953712 0.300723 0
    outer loop
      vertex -16.9128 16.3796 13.2
      vertex -17.103 15.7764 11.2
      vertex -17.103 15.7764 13.2
    endloop
  endfacet
  facet normal -0.976295 0.216445 0
    outer loop
      vertex -17.2399 15.1589 11.2
      vertex -17.103 15.7764 13.2
      vertex -17.103 15.7764 11.2
    endloop
  endfacet
  facet normal -0.976295 0.216445 0
    outer loop
      vertex -17.103 15.7764 13.2
      vertex -17.2399 15.1589 11.2
      vertex -17.2399 15.1589 13.2
    endloop
  endfacet
  facet normal -0.991454 0.130455 0
    outer loop
      vertex -17.3224 14.5319 11.2
      vertex -17.2399 15.1589 13.2
      vertex -17.2399 15.1589 11.2
    endloop
  endfacet
  facet normal -0.991454 0.130455 0
    outer loop
      vertex -17.2399 15.1589 13.2
      vertex -17.3224 14.5319 11.2
      vertex -17.3224 14.5319 13.2
    endloop
  endfacet
  facet normal -0.999047 0.0436362 0
    outer loop
      vertex -17.35 13.9 11.2
      vertex -17.3224 14.5319 13.2
      vertex -17.3224 14.5319 11.2
    endloop
  endfacet
  facet normal -0.999047 0.0436362 0
    outer loop
      vertex -17.3224 14.5319 13.2
      vertex -17.35 13.9 11.2
      vertex -17.35 13.9 13.2
    endloop
  endfacet
  facet normal -1 0 0
    outer loop
      vertex -17.35 -13.9 11.2
      vertex -17.35 13.9 13.2
      vertex -17.35 13.9 11.2
    endloop
  endfacet
  facet normal -1 -0 0
    outer loop
      vertex -17.35 13.9 13.2
      vertex -17.35 -13.9 11.2
      vertex -17.35 -13.9 13.2
    endloop
  endfacet
  facet normal -0.999047 -0.0436362 0
    outer loop
      vertex -17.3224 -14.5319 11.2
      vertex -17.35 -13.9 13.2
      vertex -17.35 -13.9 11.2
    endloop
  endfacet
  facet normal -0.999047 -0.0436362 0
    outer loop
      vertex -17.35 -13.9 13.2
      vertex -17.3224 -14.5319 11.2
      vertex -17.3224 -14.5319 13.2
    endloop
  endfacet
  facet normal -0.991454 -0.130455 0
    outer loop
      vertex -17.2399 -15.1589 11.2
      vertex -17.3224 -14.5319 13.2
      vertex -17.3224 -14.5319 11.2
    endloop
  endfacet
  facet normal -0.991454 -0.130455 0
    outer loop
      vertex -17.3224 -14.5319 13.2
      vertex -17.2399 -15.1589 11.2
      vertex -17.2399 -15.1589 13.2
    endloop
  endfacet
  facet normal -0.976295 -0.216445 0
    outer loop
      vertex -17.103 -15.7764 11.2
      vertex -17.2399 -15.1589 13.2
      vertex -17.2399 -15.1589 11.2
    endloop
  endfacet
  facet normal -0.976295 -0.216445 0
    outer loop
      vertex -17.2399 -15.1589 13.2
      vertex -17.103 -15.7764 11.2
      vertex -17.103 -15.7764 13.2
    endloop
  endfacet
  facet normal -0.953712 -0.300723 0
    outer loop
      vertex -16.9128 -16.3796 11.2
      vertex -17.103 -15.7764 13.2
      vertex -17.103 -15.7764 11.2
    endloop
  endfacet
  facet normal -0.953712 -0.300723 0
    outer loop
      vertex -17.103 -15.7764 13.2
      vertex -16.9128 -16.3796 11.2
      vertex -16.9128 -16.3796 13.2
    endloop
  endfacet
  facet normal -0.923861 -0.382729 0
    outer loop
      vertex -16.6707 -16.964 11.2
      vertex -16.9128 -16.3796 13.2
      vertex -16.9128 -16.3796 11.2
    endloop
  endfacet
  facet normal -0.923861 -0.382729 0
    outer loop
      vertex -16.9128 -16.3796 13.2
      vertex -16.6707 -16.964 11.2
      vertex -16.6707 -16.964 13.2
    endloop
  endfacet
  facet normal -0.887036 -0.461701 0
    outer loop
      vertex -16.3787 -17.525 11.2
      vertex -16.6707 -16.964 13.2
      vertex -16.6707 -16.964 11.2
    endloop
  endfacet
  facet normal -0.887036 -0.461701 0
    outer loop
      vertex -16.6707 -16.964 13.2
      vertex -16.3787 -17.525 11.2
      vertex -16.3787 -17.525 13.2
    endloop
  endfacet
  facet normal -0.843329 -0.537397 0
    outer loop
      vertex -16.0388 -18.0584 11.2
      vertex -16.3787 -17.525 13.2
      vertex -16.3787 -17.525 11.2
    endloop
  endfacet
  facet normal -0.843329 -0.537397 0
    outer loop
      vertex -16.3787 -17.525 13.2
      vertex -16.0388 -18.0584 11.2
      vertex -16.0388 -18.0584 13.2
    endloop
  endfacet
  facet normal -0.793387 -0.608717 0
    outer loop
      vertex -15.6538 -18.5602 11.2
      vertex -16.0388 -18.0584 13.2
      vertex -16.0388 -18.0584 11.2
    endloop
  endfacet
  facet normal -0.793387 -0.608717 0
    outer loop
      vertex -16.0388 -18.0584 13.2
      vertex -15.6538 -18.5602 11.2
      vertex -15.6538 -18.5602 13.2
    endloop
  endfacet
  facet normal -0.737266 -0.675603 0
    outer loop
      vertex -15.2265 -19.0265 11.2
      vertex -15.6538 -18.5602 13.2
      vertex -15.6538 -18.5602 11.2
    endloop
  endfacet
  facet normal -0.737266 -0.675603 0
    outer loop
      vertex -15.6538 -18.5602 13.2
      vertex -15.2265 -19.0265 11.2
      vertex -15.2265 -19.0265 13.2
    endloop
  endfacet
  facet normal -0.675603 -0.737266 0
    outer loop
      vertex -15.2265 -19.0265 11.2
      vertex -14.7602 -19.4538 13.2
      vertex -15.2265 -19.0265 13.2
    endloop
  endfacet
  facet normal -0.675603 -0.737266 -0
    outer loop
      vertex -14.7602 -19.4538 13.2
      vertex -15.2265 -19.0265 11.2
      vertex -14.7602 -19.4538 11.2
    endloop
  endfacet
  facet normal -0.608816 -0.793311 0
    outer loop
      vertex -14.7602 -19.4538 11.2
      vertex -14.2584 -19.8389 13.2
      vertex -14.7602 -19.4538 13.2
    endloop
  endfacet
  facet normal -0.608816 -0.793311 -0
    outer loop
      vertex -14.2584 -19.8389 13.2
      vertex -14.7602 -19.4538 11.2
      vertex -14.2584 -19.8389 11.2
    endloop
  endfacet
  facet normal -0.537285 -0.843401 0
    outer loop
      vertex -14.2584 -19.8389 11.2
      vertex -13.725 -20.1787 13.2
      vertex -14.2584 -19.8389 13.2
    endloop
  endfacet
  facet normal -0.537285 -0.843401 -0
    outer loop
      vertex -13.725 -20.1787 13.2
      vertex -14.2584 -19.8389 11.2
      vertex -13.725 -20.1787 11.2
    endloop
  endfacet
  facet normal -0.461701 -0.887036 0
    outer loop
      vertex -13.725 -20.1787 11.2
      vertex -13.164 -20.4707 13.2
      vertex -13.725 -20.1787 13.2
    endloop
  endfacet
  facet normal -0.461701 -0.887036 -0
    outer loop
      vertex -13.164 -20.4707 13.2
      vertex -13.725 -20.1787 11.2
      vertex -13.164 -20.4707 11.2
    endloop
  endfacet
  facet normal -0.382729 -0.923861 0
    outer loop
      vertex -13.164 -20.4707 11.2
      vertex -12.5796 -20.7128 13.2
      vertex -13.164 -20.4707 13.2
    endloop
  endfacet
  facet normal -0.382729 -0.923861 -0
    outer loop
      vertex -12.5796 -20.7128 13.2
      vertex -13.164 -20.4707 11.2
      vertex -12.5796 -20.7128 11.2
    endloop
  endfacet
  facet normal -0.300723 -0.953712 0
    outer loop
      vertex -12.5796 -20.7128 11.2
      vertex -11.9764 -20.903 13.2
      vertex -12.5796 -20.7128 13.2
    endloop
  endfacet
  facet normal -0.300723 -0.953712 -0
    outer loop
      vertex -11.9764 -20.903 13.2
      vertex -12.5796 -20.7128 11.2
      vertex -11.9764 -20.903 11.2
    endloop
  endfacet
  facet normal -0.216445 -0.976295 0
    outer loop
      vertex -11.9764 -20.903 11.2
      vertex -11.3589 -21.0399 13.2
      vertex -11.9764 -20.903 13.2
    endloop
  endfacet
  facet normal -0.216445 -0.976295 -0
    outer loop
      vertex -11.3589 -21.0399 13.2
      vertex -11.9764 -20.903 11.2
      vertex -11.3589 -21.0399 11.2
    endloop
  endfacet
  facet normal -0.130455 -0.991454 0
    outer loop
      vertex -11.3589 -21.0399 11.2
      vertex -10.7319 -21.1224 13.2
      vertex -11.3589 -21.0399 13.2
    endloop
  endfacet
  facet normal -0.130455 -0.991454 -0
    outer loop
      vertex -10.7319 -21.1224 13.2
      vertex -11.3589 -21.0399 11.2
      vertex -10.7319 -21.1224 11.2
    endloop
  endfacet
  facet normal -0.0436362 -0.999047 0
    outer loop
      vertex -10.7319 -21.1224 11.2
      vertex -10.1 -21.15 13.2
      vertex -10.7319 -21.1224 13.2
    endloop
  endfacet
  facet normal -0.0436362 -0.999047 -0
    outer loop
      vertex -10.1 -21.15 13.2
      vertex -10.7319 -21.1224 11.2
      vertex -10.1 -21.15 11.2
    endloop
  endfacet
  facet normal 0 -1 0
    outer loop
      vertex -10.1 -21.15 11.2
      vertex 10.1 -21.15 13.2
      vertex -10.1 -21.15 13.2
    endloop
  endfacet
  facet normal 0 -1 -0
    outer loop
      vertex 10.1 -21.15 13.2
      vertex -10.1 -21.15 11.2
      vertex 10.1 -21.15 11.2
    endloop
  endfacet
  facet normal 0.0436362 -0.999047 0
    outer loop
      vertex 10.1 -21.15 11.2
      vertex 10.7319 -21.1224 13.2
      vertex 10.1 -21.15 13.2
    endloop
  endfacet
  facet normal 0.0436362 -0.999047 0
    outer loop
      vertex 10.7319 -21.1224 13.2
      vertex 10.1 -21.15 11.2
      vertex 10.7319 -21.1224 11.2
    endloop
  endfacet
  facet normal 0.793315 0.608811 0
    outer loop
      vertex -14.6071 -17.2985 13.2
      vertex -14.7282 -17.1407 11.2
      vertex -14.7282 -17.1407 13.2
    endloop
  endfacet
  facet normal 0.793315 0.608811 0
    outer loop
      vertex -14.7282 -17.1407 11.2
      vertex -14.6071 -17.2985 13.2
      vertex -14.6071 -17.2985 11.2
    endloop
  endfacet
  facet normal 0.843419 0.537256 0
    outer loop
      vertex -14.7282 -17.1407 13.2
      vertex -14.993 -16.725 11.2
      vertex -14.993 -16.725 13.2
    endloop
  endfacet
  facet normal 0.843419 0.537256 0
    outer loop
      vertex -14.993 -16.725 11.2
      vertex -14.7282 -17.1407 13.2
      vertex -14.7282 -17.1407 11.2
    endloop
  endfacet
  facet normal 0.887004 0.461762 0
    outer loop
      vertex -14.993 -16.725 13.2
      vertex -15.2206 -16.2878 11.2
      vertex -15.2206 -16.2878 13.2
    endloop
  endfacet
  facet normal 0.887004 0.461762 0
    outer loop
      vertex -15.2206 -16.2878 11.2
      vertex -14.993 -16.725 13.2
      vertex -14.993 -16.725 11.2
    endloop
  endfacet
  facet normal 0.923831 0.3828 0
    outer loop
      vertex -15.2206 -16.2878 13.2
      vertex -15.4093 -15.8324 11.2
      vertex -15.4093 -15.8324 13.2
    endloop
  endfacet
  facet normal 0.923831 0.3828 0
    outer loop
      vertex -15.4093 -15.8324 11.2
      vertex -15.2206 -16.2878 13.2
      vertex -15.2206 -16.2878 11.2
    endloop
  endfacet
  facet normal 0.95373 0.300665 0
    outer loop
      vertex -15.4093 -15.8324 13.2
      vertex -15.5575 -15.3623 11.2
      vertex -15.5575 -15.3623 13.2
    endloop
  endfacet
  facet normal 0.95373 0.300665 0
    outer loop
      vertex -15.5575 -15.3623 11.2
      vertex -15.4093 -15.8324 13.2
      vertex -15.4093 -15.8324 11.2
    endloop
  endfacet
  facet normal 0.976287 0.216479 0
    outer loop
      vertex -15.5575 -15.3623 13.2
      vertex -15.6642 -14.8811 11.2
      vertex -15.6642 -14.8811 13.2
    endloop
  endfacet
  facet normal 0.976287 0.216479 0
    outer loop
      vertex -15.6642 -14.8811 11.2
      vertex -15.5575 -15.3623 13.2
      vertex -15.5575 -15.3623 11.2
    endloop
  endfacet
  facet normal 0.991455 0.130449 0
    outer loop
      vertex -15.6642 -14.8811 13.2
      vertex -15.7285 -14.3924 11.2
      vertex -15.7285 -14.3924 13.2
    endloop
  endfacet
  facet normal 0.991455 0.130449 0
    outer loop
      vertex -15.7285 -14.3924 11.2
      vertex -15.6642 -14.8811 13.2
      vertex -15.6642 -14.8811 11.2
    endloop
  endfacet
  facet normal 0.999048 0.0436221 0
    outer loop
      vertex -15.7285 -14.3924 13.2
      vertex -15.75 -13.9 11.2
      vertex -15.75 -13.9 13.2
    endloop
  endfacet
  facet normal 0.999048 0.0436221 0
    outer loop
      vertex -15.75 -13.9 11.2
      vertex -15.7285 -14.3924 13.2
      vertex -15.7285 -14.3924 11.2
    endloop
  endfacet
  facet normal 1 -0 0
    outer loop
      vertex -15.75 -13.9 13.2
      vertex -15.75 13.9 11.2
      vertex -15.75 13.9 13.2
    endloop
  endfacet
  facet normal 1 0 0
    outer loop
      vertex -15.75 13.9 11.2
      vertex -15.75 -13.9 13.2
      vertex -15.75 -13.9 11.2
    endloop
  endfacet
  facet normal 0.999048 -0.0436221 0
    outer loop
      vertex -15.75 13.9 13.2
      vertex -15.7285 14.3924 11.2
      vertex -15.7285 14.3924 13.2
    endloop
  endfacet
  facet normal 0.999048 -0.0436221 0
    outer loop
      vertex -15.7285 14.3924 11.2
      vertex -15.75 13.9 13.2
      vertex -15.75 13.9 11.2
    endloop
  endfacet
  facet normal 0.991455 -0.130449 0
    outer loop
      vertex -15.7285 14.3924 13.2
      vertex -15.6642 14.8811 11.2
      vertex -15.6642 14.8811 13.2
    endloop
  endfacet
  facet normal 0.991455 -0.130449 0
    outer loop
      vertex -15.6642 14.8811 11.2
      vertex -15.7285 14.3924 13.2
      vertex -15.7285 14.3924 11.2
    endloop
  endfacet
  facet normal 0.976287 -0.216479 0
    outer loop
      vertex -15.6642 14.8811 13.2
      vertex -15.5575 15.3623 11.2
      vertex -15.5575 15.3623 13.2
    endloop
  endfacet
  facet normal 0.976287 -0.216479 0
    outer loop
      vertex -15.5575 15.3623 11.2
      vertex -15.6642 14.8811 13.2
      vertex -15.6642 14.8811 11.2
    endloop
  endfacet
  facet normal 0.95373 -0.300665 0
    outer loop
      vertex -15.5575 15.3623 13.2
      vertex -15.4093 15.8324 11.2
      vertex -15.4093 15.8324 13.2
    endloop
  endfacet
  facet normal 0.95373 -0.300665 0
    outer loop
      vertex -15.4093 15.8324 11.2
      vertex -15.5575 15.3623 13.2
      vertex -15.5575 15.3623 11.2
    endloop
  endfacet
  facet normal 0.923831 -0.3828 0
    outer loop
      vertex -15.4093 15.8324 13.2
      vertex -15.2206 16.2878 11.2
      vertex -15.2206 16.2878 13.2
    endloop
  endfacet
  facet normal 0.923831 -0.3828 0
    outer loop
      vertex -15.2206 16.2878 11.2
      vertex -15.4093 15.8324 13.2
      vertex -15.4093 15.8324 11.2
    endloop
  endfacet
  facet normal 0.887004 -0.461762 0
    outer loop
      vertex -15.2206 16.2878 13.2
      vertex -14.993 16.725 11.2
      vertex -14.993 16.725 13.2
    endloop
  endfacet
  facet normal 0.887004 -0.461762 0
    outer loop
      vertex -14.993 16.725 11.2
      vertex -15.2206 16.2878 13.2
      vertex -15.2206 16.2878 11.2
    endloop
  endfacet
  facet normal 0.843419 -0.537256 0
    outer loop
      vertex -14.993 16.725 13.2
      vertex -14.7282 17.1407 11.2
      vertex -14.7282 17.1407 13.2
    endloop
  endfacet
  facet normal 0.843419 -0.537256 0
    outer loop
      vertex -14.7282 17.1407 11.2
      vertex -14.993 16.725 13.2
      vertex -14.993 16.725 11.2
    endloop
  endfacet
  facet normal 0.793315 -0.608811 0
    outer loop
      vertex -14.7282 17.1407 13.2
      vertex -14.6071 17.2985 11.2
      vertex -14.6071 17.2985 13.2
    endloop
  endfacet
  facet normal 0.793315 -0.608811 0
    outer loop
      vertex -14.6071 17.2985 11.2
      vertex -14.7282 17.1407 13.2
      vertex -14.7282 17.1407 11.2
    endloop
  endfacet
  facet normal 0 -1 0
    outer loop
      vertex -9.78931 19.55 11.2
      vertex 9.78931 19.55 13.2
      vertex -9.78931 19.55 13.2
    endloop
  endfacet
  facet normal 0 -1 -0
    outer loop
      vertex 9.78931 19.55 13.2
      vertex -9.78931 19.55 11.2
      vertex 9.78931 19.55 11.2
    endloop
  endfacet
  facet normal -0.793315 -0.608811 0
    outer loop
      vertex 14.7282 17.1407 11.2
      vertex 14.6071 17.2985 13.2
      vertex 14.6071 17.2985 11.2
    endloop
  endfacet
  facet normal -0.793315 -0.608811 0
    outer loop
      vertex 14.6071 17.2985 13.2
      vertex 14.7282 17.1407 11.2
      vertex 14.7282 17.1407 13.2
    endloop
  endfacet
  facet normal -0.843419 -0.537256 0
    outer loop
      vertex 14.993 16.725 11.2
      vertex 14.7282 17.1407 13.2
      vertex 14.7282 17.1407 11.2
    endloop
  endfacet
  facet normal -0.843419 -0.537256 0
    outer loop
      vertex 14.7282 17.1407 13.2
      vertex 14.993 16.725 11.2
      vertex 14.993 16.725 13.2
    endloop
  endfacet
  facet normal -0.887004 -0.461762 0
    outer loop
      vertex 15.2206 16.2878 11.2
      vertex 14.993 16.725 13.2
      vertex 14.993 16.725 11.2
    endloop
  endfacet
  facet normal -0.887004 -0.461762 0
    outer loop
      vertex 14.993 16.725 13.2
      vertex 15.2206 16.2878 11.2
      vertex 15.2206 16.2878 13.2
    endloop
  endfacet
  facet normal -0.923831 -0.3828 0
    outer loop
      vertex 15.4093 15.8324 11.2
      vertex 15.2206 16.2878 13.2
      vertex 15.2206 16.2878 11.2
    endloop
  endfacet
  facet normal -0.923831 -0.3828 0
    outer loop
      vertex 15.2206 16.2878 13.2
      vertex 15.4093 15.8324 11.2
      vertex 15.4093 15.8324 13.2
    endloop
  endfacet
  facet normal -0.95373 -0.300665 0
    outer loop
      vertex 15.5575 15.3623 11.2
      vertex 15.4093 15.8324 13.2
      vertex 15.4093 15.8324 11.2
    endloop
  endfacet
  facet normal -0.95373 -0.300665 0
    outer loop
      vertex 15.4093 15.8324 13.2
      vertex 15.5575 15.3623 11.2
      vertex 15.5575 15.3623 13.2
    endloop
  endfacet
  facet normal -0.976287 -0.216479 0
    outer loop
      vertex 15.6642 14.8811 11.2
      vertex 15.5575 15.3623 13.2
      vertex 15.5575 15.3623 11.2
    endloop
  endfacet
  facet normal -0.976287 -0.216479 0
    outer loop
      vertex 15.5575 15.3623 13.2
      vertex 15.6642 14.8811 11.2
      vertex 15.6642 14.8811 13.2
    endloop
  endfacet
  facet normal -0.991455 -0.130449 0
    outer loop
      vertex 15.7285 14.3924 11.2
      vertex 15.6642 14.8811 13.2
      vertex 15.6642 14.8811 11.2
    endloop
  endfacet
  facet normal -0.991455 -0.130449 0
    outer loop
      vertex 15.6642 14.8811 13.2
      vertex 15.7285 14.3924 11.2
      vertex 15.7285 14.3924 13.2
    endloop
  endfacet
  facet normal -0.999048 -0.0436221 0
    outer loop
      vertex 15.75 13.9 11.2
      vertex 15.7285 14.3924 13.2
      vertex 15.7285 14.3924 11.2
    endloop
  endfacet
  facet normal -0.999048 -0.0436221 0
    outer loop
      vertex 15.7285 14.3924 13.2
      vertex 15.75 13.9 11.2
      vertex 15.75 13.9 13.2
    endloop
  endfacet
  facet normal -1 0 0
    outer loop
      vertex 15.75 -13.9 11.2
      vertex 15.75 13.9 13.2
      vertex 15.75 13.9 11.2
    endloop
  endfacet
  facet normal -1 -0 0
    outer loop
      vertex 15.75 13.9 13.2
      vertex 15.75 -13.9 11.2
      vertex 15.75 -13.9 13.2
    endloop
  endfacet
  facet normal -0.999048 0.0436221 0
    outer loop
      vertex 15.7285 -14.3924 11.2
      vertex 15.75 -13.9 13.2
      vertex 15.75 -13.9 11.2
    endloop
  endfacet
  facet normal -0.999048 0.0436221 0
    outer loop
      vertex 15.75 -13.9 13.2
      vertex 15.7285 -14.3924 11.2
      vertex 15.7285 -14.3924 13.2
    endloop
  endfacet
  facet normal -0.991455 0.130449 0
    outer loop
      vertex 15.6642 -14.8811 11.2
      vertex 15.7285 -14.3924 13.2
      vertex 15.7285 -14.3924 11.2
    endloop
  endfacet
  facet normal -0.991455 0.130449 0
    outer loop
      vertex 15.7285 -14.3924 13.2
      vertex 15.6642 -14.8811 11.2
      vertex 15.6642 -14.8811 13.2
    endloop
  endfacet
  facet normal -0.976287 0.216479 0
    outer loop
      vertex 15.5575 -15.3623 11.2
      vertex 15.6642 -14.8811 13.2
      vertex 15.6642 -14.8811 11.2
    endloop
  endfacet
  facet normal -0.976287 0.216479 0
    outer loop
      vertex 15.6642 -14.8811 13.2
      vertex 15.5575 -15.3623 11.2
      vertex 15.5575 -15.3623 13.2
    endloop
  endfacet
  facet normal -0.95373 0.300665 0
    outer loop
      vertex 15.4093 -15.8324 11.2
      vertex 15.5575 -15.3623 13.2
      vertex 15.5575 -15.3623 11.2
    endloop
  endfacet
  facet normal -0.95373 0.300665 0
    outer loop
      vertex 15.5575 -15.3623 13.2
      vertex 15.4093 -15.8324 11.2
      vertex 15.4093 -15.8324 13.2
    endloop
  endfacet
  facet normal -0.923831 0.3828 0
    outer loop
      vertex 15.2206 -16.2878 11.2
      vertex 15.4093 -15.8324 13.2
      vertex 15.4093 -15.8324 11.2
    endloop
  endfacet
  facet normal -0.923831 0.3828 0
    outer loop
      vertex 15.4093 -15.8324 13.2
      vertex 15.2206 -16.2878 11.2
      vertex 15.2206 -16.2878 13.2
    endloop
  endfacet
  facet normal -0.887004 0.461762 0
    outer loop
      vertex 14.993 -16.725 11.2
      vertex 15.2206 -16.2878 13.2
      vertex 15.2206 -16.2878 11.2
    endloop
  endfacet
  facet normal -0.887004 0.461762 0
    outer loop
      vertex 15.2206 -16.2878 13.2
      vertex 14.993 -16.725 11.2
      vertex 14.993 -16.725 13.2
    endloop
  endfacet
  facet normal -0.843419 0.537256 0
    outer loop
      vertex 14.7282 -17.1407 11.2
      vertex 14.993 -16.725 13.2
      vertex 14.993 -16.725 11.2
    endloop
  endfacet
  facet normal -0.843419 0.537256 0
    outer loop
      vertex 14.993 -16.725 13.2
      vertex 14.7282 -17.1407 11.2
      vertex 14.7282 -17.1407 13.2
    endloop
  endfacet
  facet normal -0.793315 0.608811 0
    outer loop
      vertex 14.6071 -17.2985 11.2
      vertex 14.7282 -17.1407 13.2
      vertex 14.7282 -17.1407 11.2
    endloop
  endfacet
  facet normal -0.793315 0.608811 0
    outer loop
      vertex 14.7282 -17.1407 13.2
      vertex 14.6071 -17.2985 11.2
      vertex 14.6071 -17.2985 13.2
    endloop
  endfacet
  facet normal 0 1 -0
    outer loop
      vertex 9.78931 -19.55 11.2
      vertex -9.78931 -19.55 13.2
      vertex 9.78931 -19.55 13.2
    endloop
  endfacet
  facet normal 0 1 0
    outer loop
      vertex -9.78931 -19.55 13.2
      vertex 9.78931 -19.55 11.2
      vertex -9.78931 -19.55 11.2
    endloop
  endfacet
  facet normal -0.991526 -0.129911 0
    outer loop
      vertex -10.8046 -17.8954 2.3
      vertex -10.8182 -17.7916 13.2
      vertex -10.8182 -17.7916 2.3
    endloop
  endfacet
  facet normal -0.991526 -0.129911 0
    outer loop
      vertex -10.8182 -17.7916 13.2
      vertex -10.8046 -17.8954 2.3
      vertex -10.8046 -17.8954 13.2
    endloop
  endfacet
  facet normal -0.999034 -0.0439346 0
    outer loop
      vertex -10.8 -18 2.3
      vertex -10.8046 -17.8954 13.2
      vertex -10.8046 -17.8954 2.3
    endloop
  endfacet
  facet normal -0.999034 -0.0439346 0
    outer loop
      vertex -10.8046 -17.8954 13.2
      vertex -10.8 -18 2.3
      vertex -10.8 -18 13.2
    endloop
  endfacet
  facet normal -0.97621 -0.216829 0
    outer loop
      vertex -10.8182 -17.7916 2.3
      vertex -10.8409 -17.6894 13.2
      vertex -10.8409 -17.6894 2.3
    endloop
  endfacet
  facet normal -0.97621 -0.216829 0
    outer loop
      vertex -10.8409 -17.6894 13.2
      vertex -10.8182 -17.7916 2.3
      vertex -10.8182 -17.7916 13.2
    endloop
  endfacet
  facet normal -0.300994 0.953626 0
    outer loop
      vertex -11.5896 -19.1276 2.3
      vertex -11.6894 -19.1591 13.2
      vertex -11.5896 -19.1276 13.2
    endloop
  endfacet
  facet normal -0.300994 0.953626 0
    outer loop
      vertex -11.6894 -19.1591 13.2
      vertex -11.5896 -19.1276 2.3
      vertex -11.6894 -19.1591 2.3
    endloop
  endfacet
  facet normal -0.536937 -0.843622 0
    outer loop
      vertex -11.4 -16.9608 2.3
      vertex -11.3117 -17.017 13.2
      vertex -11.4 -16.9608 13.2
    endloop
  endfacet
  facet normal -0.536937 -0.843622 -0
    outer loop
      vertex -11.3117 -17.017 13.2
      vertex -11.4 -16.9608 2.3
      vertex -11.3117 -17.017 2.3
    endloop
  endfacet
  facet normal -0.0439346 -0.999034 0
    outer loop
      vertex -12 -16.8 2.3
      vertex -11.8954 -16.8046 13.2
      vertex -12 -16.8 13.2
    endloop
  endfacet
  facet normal -0.0439346 -0.999034 -0
    outer loop
      vertex -11.8954 -16.8046 13.2
      vertex -12 -16.8 2.3
      vertex -11.8954 -16.8046 2.3
    endloop
  endfacet
  facet normal 0.129911 0.991526 -0
    outer loop
      vertex -12.1046 -19.1954 2.3
      vertex -12.2084 -19.1818 13.2
      vertex -12.1046 -19.1954 13.2
    endloop
  endfacet
  facet normal 0.129911 0.991526 0
    outer loop
      vertex -12.2084 -19.1818 13.2
      vertex -12.1046 -19.1954 2.3
      vertex -12.2084 -19.1818 2.3
    endloop
  endfacet
  facet normal 0.0439346 0.999034 -0
    outer loop
      vertex -12 -19.2 2.3
      vertex -12.1046 -19.1954 13.2
      vertex -12 -19.2 13.2
    endloop
  endfacet
  facet normal 0.0439346 0.999034 0
    outer loop
      vertex -12.1046 -19.1954 13.2
      vertex -12 -19.2 2.3
      vertex -12.1046 -19.1954 2.3
    endloop
  endfacet
  facet normal -0.843622 0.536937 0
    outer loop
      vertex -11.017 -18.6883 2.3
      vertex -10.9608 -18.6 13.2
      vertex -10.9608 -18.6 2.3
    endloop
  endfacet
  facet normal -0.843622 0.536937 0
    outer loop
      vertex -10.9608 -18.6 13.2
      vertex -11.017 -18.6883 2.3
      vertex -11.017 -18.6883 13.2
    endloop
  endfacet
  facet normal -0.924063 -0.382239 0
    outer loop
      vertex -10.8724 -17.5896 2.3
      vertex -10.9124 -17.4929 13.2
      vertex -10.9124 -17.4929 2.3
    endloop
  endfacet
  facet normal -0.924063 -0.382239 0
    outer loop
      vertex -10.9124 -17.4929 13.2
      vertex -10.8724 -17.5896 2.3
      vertex -10.8724 -17.5896 13.2
    endloop
  endfacet
  facet normal -0.991526 0.129911 0
    outer loop
      vertex -10.8182 -18.2084 2.3
      vertex -10.8046 -18.1046 13.2
      vertex -10.8046 -18.1046 2.3
    endloop
  endfacet
  facet normal -0.991526 0.129911 0
    outer loop
      vertex -10.8046 -18.1046 13.2
      vertex -10.8182 -18.2084 2.3
      vertex -10.8182 -18.2084 13.2
    endloop
  endfacet
  facet normal 0.216829 0.97621 -0
    outer loop
      vertex -12.2084 -19.1818 2.3
      vertex -12.3106 -19.1591 13.2
      vertex -12.2084 -19.1818 13.2
    endloop
  endfacet
  facet normal 0.216829 0.97621 0
    outer loop
      vertex -12.3106 -19.1591 13.2
      vertex -12.2084 -19.1818 2.3
      vertex -12.3106 -19.1591 2.3
    endloop
  endfacet
  facet normal 0.736996 0.675898 0
    outer loop
      vertex -12.8485 -18.8485 13.2
      vertex -12.9193 -18.7713 2.3
      vertex -12.9193 -18.7713 13.2
    endloop
  endfacet
  facet normal 0.736996 0.675898 0
    outer loop
      vertex -12.9193 -18.7713 2.3
      vertex -12.8485 -18.8485 13.2
      vertex -12.8485 -18.8485 2.3
    endloop
  endfacet
  facet normal 0.608833 -0.793299 0
    outer loop
      vertex -12.7713 -17.0807 2.3
      vertex -12.6883 -17.017 13.2
      vertex -12.7713 -17.0807 13.2
    endloop
  endfacet
  facet normal 0.608833 -0.793299 0
    outer loop
      vertex -12.6883 -17.017 13.2
      vertex -12.7713 -17.0807 2.3
      vertex -12.6883 -17.017 2.3
    endloop
  endfacet
  facet normal -0.608833 -0.793299 0
    outer loop
      vertex -11.3117 -17.017 2.3
      vertex -11.2287 -17.0807 13.2
      vertex -11.3117 -17.017 13.2
    endloop
  endfacet
  facet normal -0.608833 -0.793299 -0
    outer loop
      vertex -11.2287 -17.0807 13.2
      vertex -11.3117 -17.017 2.3
      vertex -11.2287 -17.0807 2.3
    endloop
  endfacet
  facet normal 0.999034 -0.0439346 0
    outer loop
      vertex -13.2 -18 13.2
      vertex -13.1954 -17.8954 2.3
      vertex -13.1954 -17.8954 13.2
    endloop
  endfacet
  facet normal 0.999034 -0.0439346 0
    outer loop
      vertex -13.1954 -17.8954 2.3
      vertex -13.2 -18 13.2
      vertex -13.2 -18 2.3
    endloop
  endfacet
  facet normal 0.0439346 -0.999034 0
    outer loop
      vertex -12.1046 -16.8046 2.3
      vertex -12 -16.8 13.2
      vertex -12.1046 -16.8046 13.2
    endloop
  endfacet
  facet normal 0.0439346 -0.999034 0
    outer loop
      vertex -12 -16.8 13.2
      vertex -12.1046 -16.8046 2.3
      vertex -12 -16.8 2.3
    endloop
  endfacet
  facet normal -0.382239 0.924063 0
    outer loop
      vertex -11.4929 -19.0876 2.3
      vertex -11.5896 -19.1276 13.2
      vertex -11.4929 -19.0876 13.2
    endloop
  endfacet
  facet normal -0.382239 0.924063 0
    outer loop
      vertex -11.5896 -19.1276 13.2
      vertex -11.4929 -19.0876 2.3
      vertex -11.5896 -19.1276 2.3
    endloop
  endfacet
  facet normal -0.0439346 0.999034 0
    outer loop
      vertex -11.8954 -19.1954 2.3
      vertex -12 -19.2 13.2
      vertex -11.8954 -19.1954 13.2
    endloop
  endfacet
  facet normal -0.0439346 0.999034 0
    outer loop
      vertex -12 -19.2 13.2
      vertex -11.8954 -19.1954 2.3
      vertex -12 -19.2 2.3
    endloop
  endfacet
  facet normal -0.462044 -0.886857 0
    outer loop
      vertex -11.4929 -16.9124 2.3
      vertex -11.4 -16.9608 13.2
      vertex -11.4929 -16.9124 13.2
    endloop
  endfacet
  facet normal -0.462044 -0.886857 -0
    outer loop
      vertex -11.4 -16.9608 13.2
      vertex -11.4929 -16.9124 2.3
      vertex -11.4 -16.9608 2.3
    endloop
  endfacet
  facet normal 0.886857 -0.462044 0
    outer loop
      vertex -13.0876 -17.4929 13.2
      vertex -13.0392 -17.4 2.3
      vertex -13.0392 -17.4 13.2
    endloop
  endfacet
  facet normal 0.886857 -0.462044 0
    outer loop
      vertex -13.0392 -17.4 2.3
      vertex -13.0876 -17.4929 13.2
      vertex -13.0876 -17.4929 2.3
    endloop
  endfacet
  facet normal -0.675898 -0.736996 0
    outer loop
      vertex -11.2287 -17.0807 2.3
      vertex -11.1515 -17.1515 13.2
      vertex -11.2287 -17.0807 13.2
    endloop
  endfacet
  facet normal -0.675898 -0.736996 -0
    outer loop
      vertex -11.1515 -17.1515 13.2
      vertex -11.2287 -17.0807 2.3
      vertex -11.1515 -17.1515 2.3
    endloop
  endfacet
  facet normal -0.216829 -0.97621 0
    outer loop
      vertex -11.7916 -16.8182 2.3
      vertex -11.6894 -16.8409 13.2
      vertex -11.7916 -16.8182 13.2
    endloop
  endfacet
  facet normal -0.216829 -0.97621 -0
    outer loop
      vertex -11.6894 -16.8409 13.2
      vertex -11.7916 -16.8182 2.3
      vertex -11.6894 -16.8409 2.3
    endloop
  endfacet
  facet normal 0.924063 -0.382239 0
    outer loop
      vertex -13.1276 -17.5896 13.2
      vertex -13.0876 -17.4929 2.3
      vertex -13.0876 -17.4929 13.2
    endloop
  endfacet
  facet normal 0.924063 -0.382239 0
    outer loop
      vertex -13.0876 -17.4929 2.3
      vertex -13.1276 -17.5896 13.2
      vertex -13.1276 -17.5896 2.3
    endloop
  endfacet
  facet normal 0.793299 -0.608833 0
    outer loop
      vertex -12.983 -17.3117 13.2
      vertex -12.9193 -17.2287 2.3
      vertex -12.9193 -17.2287 13.2
    endloop
  endfacet
  facet normal 0.793299 -0.608833 0
    outer loop
      vertex -12.9193 -17.2287 2.3
      vertex -12.983 -17.3117 13.2
      vertex -12.983 -17.3117 2.3
    endloop
  endfacet
  facet normal 0.382239 -0.924063 0
    outer loop
      vertex -12.5071 -16.9124 2.3
      vertex -12.4104 -16.8724 13.2
      vertex -12.5071 -16.9124 13.2
    endloop
  endfacet
  facet normal 0.382239 -0.924063 0
    outer loop
      vertex -12.4104 -16.8724 13.2
      vertex -12.5071 -16.9124 2.3
      vertex -12.4104 -16.8724 2.3
    endloop
  endfacet
  facet normal -0.953626 0.300994 0
    outer loop
      vertex -10.8724 -18.4104 2.3
      vertex -10.8409 -18.3106 13.2
      vertex -10.8409 -18.3106 2.3
    endloop
  endfacet
  facet normal -0.953626 0.300994 0
    outer loop
      vertex -10.8409 -18.3106 13.2
      vertex -10.8724 -18.4104 2.3
      vertex -10.8724 -18.4104 13.2
    endloop
  endfacet
  facet normal -0.129911 0.991526 0
    outer loop
      vertex -11.7916 -19.1818 2.3
      vertex -11.8954 -19.1954 13.2
      vertex -11.7916 -19.1818 13.2
    endloop
  endfacet
  facet normal -0.129911 0.991526 0
    outer loop
      vertex -11.8954 -19.1954 13.2
      vertex -11.7916 -19.1818 2.3
      vertex -11.8954 -19.1954 2.3
    endloop
  endfacet
  facet normal -0.793299 0.608833 0
    outer loop
      vertex -11.0807 -18.7713 2.3
      vertex -11.017 -18.6883 13.2
      vertex -11.017 -18.6883 2.3
    endloop
  endfacet
  facet normal -0.793299 0.608833 0
    outer loop
      vertex -11.017 -18.6883 13.2
      vertex -11.0807 -18.7713 2.3
      vertex -11.0807 -18.7713 13.2
    endloop
  endfacet
  facet normal -0.793299 -0.608833 0
    outer loop
      vertex -11.017 -17.3117 2.3
      vertex -11.0807 -17.2287 13.2
      vertex -11.0807 -17.2287 2.3
    endloop
  endfacet
  facet normal -0.793299 -0.608833 0
    outer loop
      vertex -11.0807 -17.2287 13.2
      vertex -11.017 -17.3117 2.3
      vertex -11.017 -17.3117 13.2
    endloop
  endfacet
  facet normal 0.675898 -0.736996 0
    outer loop
      vertex -12.8485 -17.1515 2.3
      vertex -12.7713 -17.0807 13.2
      vertex -12.8485 -17.1515 13.2
    endloop
  endfacet
  facet normal 0.675898 -0.736996 0
    outer loop
      vertex -12.7713 -17.0807 13.2
      vertex -12.8485 -17.1515 2.3
      vertex -12.7713 -17.0807 2.3
    endloop
  endfacet
  facet normal -0.999034 0.0439346 0
    outer loop
      vertex -10.8046 -18.1046 2.3
      vertex -10.8 -18 13.2
      vertex -10.8 -18 2.3
    endloop
  endfacet
  facet normal -0.999034 0.0439346 0
    outer loop
      vertex -10.8 -18 13.2
      vertex -10.8046 -18.1046 2.3
      vertex -10.8046 -18.1046 13.2
    endloop
  endfacet
  facet normal 0.999034 0.0439346 0
    outer loop
      vertex -13.1954 -18.1046 13.2
      vertex -13.2 -18 2.3
      vertex -13.2 -18 13.2
    endloop
  endfacet
  facet normal 0.999034 0.0439346 0
    outer loop
      vertex -13.2 -18 2.3
      vertex -13.1954 -18.1046 13.2
      vertex -13.1954 -18.1046 2.3
    endloop
  endfacet
  facet normal -0.886857 -0.462044 0
    outer loop
      vertex -10.9124 -17.4929 2.3
      vertex -10.9608 -17.4 13.2
      vertex -10.9608 -17.4 2.3
    endloop
  endfacet
  facet normal -0.886857 -0.462044 0
    outer loop
      vertex -10.9608 -17.4 13.2
      vertex -10.9124 -17.4929 2.3
      vertex -10.9124 -17.4929 13.2
    endloop
  endfacet
  facet normal -0.129911 -0.991526 0
    outer loop
      vertex -11.8954 -16.8046 2.3
      vertex -11.7916 -16.8182 13.2
      vertex -11.8954 -16.8046 13.2
    endloop
  endfacet
  facet normal -0.129911 -0.991526 -0
    outer loop
      vertex -11.7916 -16.8182 13.2
      vertex -11.8954 -16.8046 2.3
      vertex -11.7916 -16.8182 2.3
    endloop
  endfacet
  facet normal -0.382239 -0.924063 0
    outer loop
      vertex -11.5896 -16.8724 2.3
      vertex -11.4929 -16.9124 13.2
      vertex -11.5896 -16.8724 13.2
    endloop
  endfacet
  facet normal -0.382239 -0.924063 -0
    outer loop
      vertex -11.4929 -16.9124 13.2
      vertex -11.5896 -16.8724 2.3
      vertex -11.4929 -16.9124 2.3
    endloop
  endfacet
  facet normal -0.736996 -0.675898 0
    outer loop
      vertex -11.0807 -17.2287 2.3
      vertex -11.1515 -17.1515 13.2
      vertex -11.1515 -17.1515 2.3
    endloop
  endfacet
  facet normal -0.736996 -0.675898 0
    outer loop
      vertex -11.1515 -17.1515 13.2
      vertex -11.0807 -17.2287 2.3
      vertex -11.0807 -17.2287 13.2
    endloop
  endfacet
  facet normal -0.462044 0.886857 0
    outer loop
      vertex -11.4 -19.0392 2.3
      vertex -11.4929 -19.0876 13.2
      vertex -11.4 -19.0392 13.2
    endloop
  endfacet
  facet normal -0.462044 0.886857 0
    outer loop
      vertex -11.4929 -19.0876 13.2
      vertex -11.4 -19.0392 2.3
      vertex -11.4929 -19.0876 2.3
    endloop
  endfacet
  facet normal 0.991526 0.129911 0
    outer loop
      vertex -13.1818 -18.2084 13.2
      vertex -13.1954 -18.1046 2.3
      vertex -13.1954 -18.1046 13.2
    endloop
  endfacet
  facet normal 0.991526 0.129911 0
    outer loop
      vertex -13.1954 -18.1046 2.3
      vertex -13.1818 -18.2084 13.2
      vertex -13.1818 -18.2084 2.3
    endloop
  endfacet
  facet normal -0.536937 0.843622 0
    outer loop
      vertex -11.3117 -18.983 2.3
      vertex -11.4 -19.0392 13.2
      vertex -11.3117 -18.983 13.2
    endloop
  endfacet
  facet normal -0.536937 0.843622 0
    outer loop
      vertex -11.4 -19.0392 13.2
      vertex -11.3117 -18.983 2.3
      vertex -11.4 -19.0392 2.3
    endloop
  endfacet
  facet normal 0.536937 -0.843622 0
    outer loop
      vertex -12.6883 -17.017 2.3
      vertex -12.6 -16.9608 13.2
      vertex -12.6883 -17.017 13.2
    endloop
  endfacet
  facet normal 0.536937 -0.843622 0
    outer loop
      vertex -12.6 -16.9608 13.2
      vertex -12.6883 -17.017 2.3
      vertex -12.6 -16.9608 2.3
    endloop
  endfacet
  facet normal -0.924063 0.382239 0
    outer loop
      vertex -10.9124 -18.5071 2.3
      vertex -10.8724 -18.4104 13.2
      vertex -10.8724 -18.4104 2.3
    endloop
  endfacet
  facet normal -0.924063 0.382239 0
    outer loop
      vertex -10.8724 -18.4104 13.2
      vertex -10.9124 -18.5071 2.3
      vertex -10.9124 -18.5071 13.2
    endloop
  endfacet
  facet normal 0.843622 0.536937 0
    outer loop
      vertex -12.983 -18.6883 13.2
      vertex -13.0392 -18.6 2.3
      vertex -13.0392 -18.6 13.2
    endloop
  endfacet
  facet normal 0.843622 0.536937 0
    outer loop
      vertex -13.0392 -18.6 2.3
      vertex -12.983 -18.6883 13.2
      vertex -12.983 -18.6883 2.3
    endloop
  endfacet
  facet normal -0.886857 0.462044 0
    outer loop
      vertex -10.9608 -18.6 2.3
      vertex -10.9124 -18.5071 13.2
      vertex -10.9124 -18.5071 2.3
    endloop
  endfacet
  facet normal -0.886857 0.462044 0
    outer loop
      vertex -10.9124 -18.5071 13.2
      vertex -10.9608 -18.6 2.3
      vertex -10.9608 -18.6 13.2
    endloop
  endfacet
  facet normal -0.843622 -0.536937 0
    outer loop
      vertex -10.9608 -17.4 2.3
      vertex -11.017 -17.3117 13.2
      vertex -11.017 -17.3117 2.3
    endloop
  endfacet
  facet normal -0.843622 -0.536937 0
    outer loop
      vertex -11.017 -17.3117 13.2
      vertex -10.9608 -17.4 2.3
      vertex -10.9608 -17.4 13.2
    endloop
  endfacet
  facet normal 0.953626 -0.300994 0
    outer loop
      vertex -13.1591 -17.6894 13.2
      vertex -13.1276 -17.5896 2.3
      vertex -13.1276 -17.5896 13.2
    endloop
  endfacet
  facet normal 0.953626 -0.300994 0
    outer loop
      vertex -13.1276 -17.5896 2.3
      vertex -13.1591 -17.6894 13.2
      vertex -13.1591 -17.6894 2.3
    endloop
  endfacet
  facet normal -0.97621 0.216829 0
    outer loop
      vertex -10.8409 -18.3106 2.3
      vertex -10.8182 -18.2084 13.2
      vertex -10.8182 -18.2084 2.3
    endloop
  endfacet
  facet normal -0.97621 0.216829 0
    outer loop
      vertex -10.8182 -18.2084 13.2
      vertex -10.8409 -18.3106 2.3
      vertex -10.8409 -18.3106 13.2
    endloop
  endfacet
  facet normal 0.382239 0.924063 -0
    outer loop
      vertex -12.4104 -19.1276 2.3
      vertex -12.5071 -19.0876 13.2
      vertex -12.4104 -19.1276 13.2
    endloop
  endfacet
  facet normal 0.382239 0.924063 0
    outer loop
      vertex -12.5071 -19.0876 13.2
      vertex -12.4104 -19.1276 2.3
      vertex -12.5071 -19.0876 2.3
    endloop
  endfacet
  facet normal 0.216829 -0.97621 0
    outer loop
      vertex -12.3106 -16.8409 2.3
      vertex -12.2084 -16.8182 13.2
      vertex -12.3106 -16.8409 13.2
    endloop
  endfacet
  facet normal 0.216829 -0.97621 0
    outer loop
      vertex -12.2084 -16.8182 13.2
      vertex -12.3106 -16.8409 2.3
      vertex -12.2084 -16.8182 2.3
    endloop
  endfacet
  facet normal 0.129911 -0.991526 0
    outer loop
      vertex -12.2084 -16.8182 2.3
      vertex -12.1046 -16.8046 13.2
      vertex -12.2084 -16.8182 13.2
    endloop
  endfacet
  facet normal 0.129911 -0.991526 0
    outer loop
      vertex -12.1046 -16.8046 13.2
      vertex -12.2084 -16.8182 2.3
      vertex -12.1046 -16.8046 2.3
    endloop
  endfacet
  facet normal 0.675898 0.736996 -0
    outer loop
      vertex -12.7713 -18.9193 2.3
      vertex -12.8485 -18.8485 13.2
      vertex -12.7713 -18.9193 13.2
    endloop
  endfacet
  facet normal 0.675898 0.736996 0
    outer loop
      vertex -12.8485 -18.8485 13.2
      vertex -12.7713 -18.9193 2.3
      vertex -12.8485 -18.8485 2.3
    endloop
  endfacet
  facet normal 0.300994 -0.953626 0
    outer loop
      vertex -12.4104 -16.8724 2.3
      vertex -12.3106 -16.8409 13.2
      vertex -12.4104 -16.8724 13.2
    endloop
  endfacet
  facet normal 0.300994 -0.953626 0
    outer loop
      vertex -12.3106 -16.8409 13.2
      vertex -12.4104 -16.8724 2.3
      vertex -12.3106 -16.8409 2.3
    endloop
  endfacet
  facet normal 0.886857 0.462044 0
    outer loop
      vertex -13.0392 -18.6 13.2
      vertex -13.0876 -18.5071 2.3
      vertex -13.0876 -18.5071 13.2
    endloop
  endfacet
  facet normal 0.886857 0.462044 0
    outer loop
      vertex -13.0876 -18.5071 2.3
      vertex -13.0392 -18.6 13.2
      vertex -13.0392 -18.6 2.3
    endloop
  endfacet
  facet normal 0.924063 0.382239 0
    outer loop
      vertex -13.0876 -18.5071 13.2
      vertex -13.1276 -18.4104 2.3
      vertex -13.1276 -18.4104 13.2
    endloop
  endfacet
  facet normal 0.924063 0.382239 0
    outer loop
      vertex -13.1276 -18.4104 2.3
      vertex -13.0876 -18.5071 13.2
      vertex -13.0876 -18.5071 2.3
    endloop
  endfacet
  facet normal -0.736996 0.675898 0
    outer loop
      vertex -11.1515 -18.8485 2.3
      vertex -11.0807 -18.7713 13.2
      vertex -11.0807 -18.7713 2.3
    endloop
  endfacet
  facet normal -0.736996 0.675898 0
    outer loop
      vertex -11.0807 -18.7713 13.2
      vertex -11.1515 -18.8485 2.3
      vertex -11.1515 -18.8485 13.2
    endloop
  endfacet
  facet normal 0.793299 0.608833 0
    outer loop
      vertex -12.9193 -18.7713 13.2
      vertex -12.983 -18.6883 2.3
      vertex -12.983 -18.6883 13.2
    endloop
  endfacet
  facet normal 0.793299 0.608833 0
    outer loop
      vertex -12.983 -18.6883 2.3
      vertex -12.9193 -18.7713 13.2
      vertex -12.9193 -18.7713 2.3
    endloop
  endfacet
  facet normal 0.953626 0.300994 0
    outer loop
      vertex -13.1276 -18.4104 13.2
      vertex -13.1591 -18.3106 2.3
      vertex -13.1591 -18.3106 13.2
    endloop
  endfacet
  facet normal 0.953626 0.300994 0
    outer loop
      vertex -13.1591 -18.3106 2.3
      vertex -13.1276 -18.4104 13.2
      vertex -13.1276 -18.4104 2.3
    endloop
  endfacet
  facet normal -0.953626 -0.300994 0
    outer loop
      vertex -10.8409 -17.6894 2.3
      vertex -10.8724 -17.5896 13.2
      vertex -10.8724 -17.5896 2.3
    endloop
  endfacet
  facet normal -0.953626 -0.300994 0
    outer loop
      vertex -10.8724 -17.5896 13.2
      vertex -10.8409 -17.6894 2.3
      vertex -10.8409 -17.6894 13.2
    endloop
  endfacet
  facet normal 0.300994 0.953626 -0
    outer loop
      vertex -12.3106 -19.1591 2.3
      vertex -12.4104 -19.1276 13.2
      vertex -12.3106 -19.1591 13.2
    endloop
  endfacet
  facet normal 0.300994 0.953626 0
    outer loop
      vertex -12.4104 -19.1276 13.2
      vertex -12.3106 -19.1591 2.3
      vertex -12.4104 -19.1276 2.3
    endloop
  endfacet
  facet normal 0.97621 0.216829 0
    outer loop
      vertex -13.1591 -18.3106 13.2
      vertex -13.1818 -18.2084 2.3
      vertex -13.1818 -18.2084 13.2
    endloop
  endfacet
  facet normal 0.97621 0.216829 0
    outer loop
      vertex -13.1818 -18.2084 2.3
      vertex -13.1591 -18.3106 13.2
      vertex -13.1591 -18.3106 2.3
    endloop
  endfacet
  facet normal 0.843622 -0.536937 0
    outer loop
      vertex -13.0392 -17.4 13.2
      vertex -12.983 -17.3117 2.3
      vertex -12.983 -17.3117 13.2
    endloop
  endfacet
  facet normal 0.843622 -0.536937 0
    outer loop
      vertex -12.983 -17.3117 2.3
      vertex -13.0392 -17.4 13.2
      vertex -13.0392 -17.4 2.3
    endloop
  endfacet
  facet normal 0.736996 -0.675898 0
    outer loop
      vertex -12.9193 -17.2287 13.2
      vertex -12.8485 -17.1515 2.3
      vertex -12.8485 -17.1515 13.2
    endloop
  endfacet
  facet normal 0.736996 -0.675898 0
    outer loop
      vertex -12.8485 -17.1515 2.3
      vertex -12.9193 -17.2287 13.2
      vertex -12.9193 -17.2287 2.3
    endloop
  endfacet
  facet normal 0.462044 -0.886857 0
    outer loop
      vertex -12.6 -16.9608 2.3
      vertex -12.5071 -16.9124 13.2
      vertex -12.6 -16.9608 13.2
    endloop
  endfacet
  facet normal 0.462044 -0.886857 0
    outer loop
      vertex -12.5071 -16.9124 13.2
      vertex -12.6 -16.9608 2.3
      vertex -12.5071 -16.9124 2.3
    endloop
  endfacet
  facet normal -0.608833 0.793299 0
    outer loop
      vertex -11.2287 -18.9193 2.3
      vertex -11.3117 -18.983 13.2
      vertex -11.2287 -18.9193 13.2
    endloop
  endfacet
  facet normal -0.608833 0.793299 0
    outer loop
      vertex -11.3117 -18.983 13.2
      vertex -11.2287 -18.9193 2.3
      vertex -11.3117 -18.983 2.3
    endloop
  endfacet
  facet normal 0.536937 0.843622 -0
    outer loop
      vertex -12.6 -19.0392 2.3
      vertex -12.6883 -18.983 13.2
      vertex -12.6 -19.0392 13.2
    endloop
  endfacet
  facet normal 0.536937 0.843622 0
    outer loop
      vertex -12.6883 -18.983 13.2
      vertex -12.6 -19.0392 2.3
      vertex -12.6883 -18.983 2.3
    endloop
  endfacet
  facet normal 0.97621 -0.216829 0
    outer loop
      vertex -13.1818 -17.7916 13.2
      vertex -13.1591 -17.6894 2.3
      vertex -13.1591 -17.6894 13.2
    endloop
  endfacet
  facet normal 0.97621 -0.216829 0
    outer loop
      vertex -13.1591 -17.6894 2.3
      vertex -13.1818 -17.7916 13.2
      vertex -13.1818 -17.7916 2.3
    endloop
  endfacet
  facet normal -0.216829 0.97621 0
    outer loop
      vertex -11.6894 -19.1591 2.3
      vertex -11.7916 -19.1818 13.2
      vertex -11.6894 -19.1591 13.2
    endloop
  endfacet
  facet normal -0.216829 0.97621 0
    outer loop
      vertex -11.7916 -19.1818 13.2
      vertex -11.6894 -19.1591 2.3
      vertex -11.7916 -19.1818 2.3
    endloop
  endfacet
  facet normal 0.991526 -0.129911 0
    outer loop
      vertex -13.1954 -17.8954 13.2
      vertex -13.1818 -17.7916 2.3
      vertex -13.1818 -17.7916 13.2
    endloop
  endfacet
  facet normal 0.991526 -0.129911 0
    outer loop
      vertex -13.1818 -17.7916 2.3
      vertex -13.1954 -17.8954 13.2
      vertex -13.1954 -17.8954 2.3
    endloop
  endfacet
  facet normal -0.675898 0.736996 0
    outer loop
      vertex -11.1515 -18.8485 2.3
      vertex -11.2287 -18.9193 13.2
      vertex -11.1515 -18.8485 13.2
    endloop
  endfacet
  facet normal -0.675898 0.736996 0
    outer loop
      vertex -11.2287 -18.9193 13.2
      vertex -11.1515 -18.8485 2.3
      vertex -11.2287 -18.9193 2.3
    endloop
  endfacet
  facet normal -0.300994 -0.953626 0
    outer loop
      vertex -11.6894 -16.8409 2.3
      vertex -11.5896 -16.8724 13.2
      vertex -11.6894 -16.8409 13.2
    endloop
  endfacet
  facet normal -0.300994 -0.953626 -0
    outer loop
      vertex -11.5896 -16.8724 13.2
      vertex -11.6894 -16.8409 2.3
      vertex -11.5896 -16.8724 2.3
    endloop
  endfacet
  facet normal 0.462044 0.886857 -0
    outer loop
      vertex -12.5071 -19.0876 2.3
      vertex -12.6 -19.0392 13.2
      vertex -12.5071 -19.0876 13.2
    endloop
  endfacet
  facet normal 0.462044 0.886857 0
    outer loop
      vertex -12.6 -19.0392 13.2
      vertex -12.5071 -19.0876 2.3
      vertex -12.6 -19.0392 2.3
    endloop
  endfacet
  facet normal 0.608833 0.793299 -0
    outer loop
      vertex -12.6883 -18.983 2.3
      vertex -12.7713 -18.9193 13.2
      vertex -12.6883 -18.983 13.2
    endloop
  endfacet
  facet normal 0.608833 0.793299 0
    outer loop
      vertex -12.7713 -18.9193 13.2
      vertex -12.6883 -18.983 2.3
      vertex -12.7713 -18.9193 2.3
    endloop
  endfacet
  facet normal 0.130106 -0.9915 0
    outer loop
      vertex -12.3994 -15.7349 0
      vertex -12.2005 -15.7088 2.3
      vertex -12.3994 -15.7349 2.3
    endloop
  endfacet
  facet normal 0.130106 -0.9915 0
    outer loop
      vertex -12.2005 -15.7088 2.3
      vertex -12.3994 -15.7349 0
      vertex -12.2005 -15.7088 0
    endloop
  endfacet
  facet normal -0.991442 -0.130547 0
    outer loop
      vertex -9.70875 -17.7995 0
      vertex -9.73494 -17.6006 2.3
      vertex -9.73494 -17.6006 0
    endloop
  endfacet
  facet normal -0.991442 -0.130547 0
    outer loop
      vertex -9.73494 -17.6006 2.3
      vertex -9.70875 -17.7995 0
      vertex -9.70875 -17.7995 2.3
    endloop
  endfacet
  facet normal -0.999049 -0.0435994 0
    outer loop
      vertex -9.7 -18 0
      vertex -9.70875 -17.7995 2.3
      vertex -9.70875 -17.7995 0
    endloop
  endfacet
  facet normal -0.999049 -0.0435994 0
    outer loop
      vertex -9.70875 -17.7995 2.3
      vertex -9.7 -18 0
      vertex -9.7 -18 2.3
    endloop
  endfacet
  facet normal -0.976296 -0.21644 0
    outer loop
      vertex -9.73494 -17.6006 0
      vertex -9.77837 -17.4047 2.3
      vertex -9.77837 -17.4047 0
    endloop
  endfacet
  facet normal -0.976296 -0.21644 0
    outer loop
      vertex -9.77837 -17.4047 2.3
      vertex -9.73494 -17.6006 0
      vertex -9.73494 -17.6006 2.3
    endloop
  endfacet
  facet normal -0.999049 0.0435994 0
    outer loop
      vertex -9.70875 -18.2005 0
      vertex -9.7 -18 2.3
      vertex -9.7 -18 0
    endloop
  endfacet
  facet normal -0.999049 0.0435994 0
    outer loop
      vertex -9.7 -18 2.3
      vertex -9.70875 -18.2005 0
      vertex -9.70875 -18.2005 2.3
    endloop
  endfacet
  facet normal 0.608578 0.793494 -0
    outer loop
      vertex -13.3192 -19.884 0
      vertex -13.4784 -19.7619 2.3
      vertex -13.3192 -19.884 2.3
    endloop
  endfacet
  facet normal 0.608578 0.793494 0
    outer loop
      vertex -13.4784 -19.7619 2.3
      vertex -13.3192 -19.884 0
      vertex -13.4784 -19.7619 0
    endloop
  endfacet
  facet normal 0.953741 -0.30063 0
    outer loop
      vertex -14.2216 -17.4047 2.3
      vertex -14.1613 -17.2134 0
      vertex -14.1613 -17.2134 2.3
    endloop
  endfacet
  facet normal 0.953741 -0.30063 0
    outer loop
      vertex -14.1613 -17.2134 0
      vertex -14.2216 -17.4047 2.3
      vertex -14.2216 -17.4047 0
    endloop
  endfacet
  facet normal -0.675792 -0.737092 0
    outer loop
      vertex -10.5216 -16.2381 0
      vertex -10.3737 -16.3737 2.3
      vertex -10.5216 -16.2381 2.3
    endloop
  endfacet
  facet normal -0.675792 -0.737092 -0
    outer loop
      vertex -10.3737 -16.3737 2.3
      vertex -10.5216 -16.2381 0
      vertex -10.3737 -16.3737 0
    endloop
  endfacet
  facet normal 0.953741 0.30063 0
    outer loop
      vertex -14.1613 -18.7866 2.3
      vertex -14.2216 -18.5953 0
      vertex -14.2216 -18.5953 2.3
    endloop
  endfacet
  facet normal 0.953741 0.30063 0
    outer loop
      vertex -14.2216 -18.5953 0
      vertex -14.1613 -18.7866 2.3
      vertex -14.1613 -18.7866 0
    endloop
  endfacet
  facet normal 0.793494 0.608578 0
    outer loop
      vertex -13.7619 -19.4784 2.3
      vertex -13.884 -19.3192 0
      vertex -13.884 -19.3192 2.3
    endloop
  endfacet
  facet normal 0.793494 0.608578 0
    outer loop
      vertex -13.884 -19.3192 0
      vertex -13.7619 -19.4784 2.3
      vertex -13.7619 -19.4784 0
    endloop
  endfacet
  facet normal -0.382704 -0.923871 0
    outer loop
      vertex -11.2134 -15.8387 0
      vertex -11.028 -15.9155 2.3
      vertex -11.2134 -15.8387 2.3
    endloop
  endfacet
  facet normal -0.382704 -0.923871 -0
    outer loop
      vertex -11.028 -15.9155 2.3
      vertex -11.2134 -15.8387 0
      vertex -11.028 -15.9155 0
    endloop
  endfacet
  facet normal -0.843148 0.537681 0
    outer loop
      vertex -10.116 -19.3192 0
      vertex -10.0081 -19.15 2.3
      vertex -10.0081 -19.15 0
    endloop
  endfacet
  facet normal -0.843148 0.537681 0
    outer loop
      vertex -10.0081 -19.15 2.3
      vertex -10.116 -19.3192 0
      vertex -10.116 -19.3192 2.3
    endloop
  endfacet
  facet normal -0.737092 -0.675792 0
    outer loop
      vertex -10.2381 -16.5216 0
      vertex -10.3737 -16.3737 2.3
      vertex -10.3737 -16.3737 0
    endloop
  endfacet
  facet normal -0.737092 -0.675792 0
    outer loop
      vertex -10.3737 -16.3737 2.3
      vertex -10.2381 -16.5216 0
      vertex -10.2381 -16.5216 2.3
    endloop
  endfacet
  facet normal -0.793494 -0.608578 0
    outer loop
      vertex -10.116 -16.6808 0
      vertex -10.2381 -16.5216 2.3
      vertex -10.2381 -16.5216 0
    endloop
  endfacet
  facet normal -0.793494 -0.608578 0
    outer loop
      vertex -10.2381 -16.5216 2.3
      vertex -10.116 -16.6808 0
      vertex -10.116 -16.6808 2.3
    endloop
  endfacet
  facet normal -0.537681 -0.843148 0
    outer loop
      vertex -10.85 -16.0081 0
      vertex -10.6808 -16.116 2.3
      vertex -10.85 -16.0081 2.3
    endloop
  endfacet
  facet normal -0.537681 -0.843148 -0
    outer loop
      vertex -10.6808 -16.116 2.3
      vertex -10.85 -16.0081 0
      vertex -10.6808 -16.116 0
    endloop
  endfacet
  facet normal -0.216772 -0.976222 0
    outer loop
      vertex -11.6006 -15.7349 0
      vertex -11.4047 -15.7784 2.3
      vertex -11.6006 -15.7349 2.3
    endloop
  endfacet
  facet normal -0.216772 -0.976222 -0
    outer loop
      vertex -11.4047 -15.7784 2.3
      vertex -11.6006 -15.7349 0
      vertex -11.4047 -15.7784 0
    endloop
  endfacet
  facet normal 0.0438481 0.999038 -0
    outer loop
      vertex -12 -20.3 0
      vertex -12.2005 -20.2912 2.3
      vertex -12 -20.3 2.3
    endloop
  endfacet
  facet normal 0.0438481 0.999038 0
    outer loop
      vertex -12.2005 -20.2912 2.3
      vertex -12 -20.3 0
      vertex -12.2005 -20.2912 0
    endloop
  endfacet
  facet normal 0.216772 -0.976222 0
    outer loop
      vertex -12.5953 -15.7784 0
      vertex -12.3994 -15.7349 2.3
      vertex -12.5953 -15.7784 2.3
    endloop
  endfacet
  facet normal 0.216772 -0.976222 0
    outer loop
      vertex -12.3994 -15.7349 2.3
      vertex -12.5953 -15.7784 0
      vertex -12.3994 -15.7349 0
    endloop
  endfacet
  facet normal 0.793494 -0.608578 0
    outer loop
      vertex -13.884 -16.6808 2.3
      vertex -13.7619 -16.5216 0
      vertex -13.7619 -16.5216 2.3
    endloop
  endfacet
  facet normal 0.793494 -0.608578 0
    outer loop
      vertex -13.7619 -16.5216 0
      vertex -13.884 -16.6808 2.3
      vertex -13.884 -16.6808 0
    endloop
  endfacet
  facet normal 0.9915 0.130106 0
    outer loop
      vertex -14.2651 -18.3994 2.3
      vertex -14.2912 -18.2005 0
      vertex -14.2912 -18.2005 2.3
    endloop
  endfacet
  facet normal 0.9915 0.130106 0
    outer loop
      vertex -14.2912 -18.2005 0
      vertex -14.2651 -18.3994 2.3
      vertex -14.2651 -18.3994 0
    endloop
  endfacet
  facet normal 0.46151 -0.887135 0
    outer loop
      vertex -13.15 -16.0081 0
      vertex -12.972 -15.9155 2.3
      vertex -13.15 -16.0081 2.3
    endloop
  endfacet
  facet normal 0.46151 -0.887135 0
    outer loop
      vertex -12.972 -15.9155 2.3
      vertex -13.15 -16.0081 0
      vertex -12.972 -15.9155 0
    endloop
  endfacet
  facet normal -0.46151 0.887135 0
    outer loop
      vertex -10.85 -19.9919 0
      vertex -11.028 -20.0845 2.3
      vertex -10.85 -19.9919 2.3
    endloop
  endfacet
  facet normal -0.46151 0.887135 0
    outer loop
      vertex -11.028 -20.0845 2.3
      vertex -10.85 -19.9919 0
      vertex -11.028 -20.0845 0
    endloop
  endfacet
  facet normal -0.608578 -0.793494 0
    outer loop
      vertex -10.6808 -16.116 0
      vertex -10.5216 -16.2381 2.3
      vertex -10.6808 -16.116 2.3
    endloop
  endfacet
  facet normal -0.608578 -0.793494 -0
    outer loop
      vertex -10.5216 -16.2381 2.3
      vertex -10.6808 -16.116 0
      vertex -10.5216 -16.2381 0
    endloop
  endfacet
  facet normal -0.991442 0.130547 0
    outer loop
      vertex -9.73494 -18.3994 0
      vertex -9.70875 -18.2005 2.3
      vertex -9.70875 -18.2005 0
    endloop
  endfacet
  facet normal -0.991442 0.130547 0
    outer loop
      vertex -9.70875 -18.2005 2.3
      vertex -9.73494 -18.3994 0
      vertex -9.73494 -18.3994 2.3
    endloop
  endfacet
  facet normal -0.923906 0.382619 0
    outer loop
      vertex -9.91549 -18.972 0
      vertex -9.83871 -18.7866 2.3
      vertex -9.83871 -18.7866 0
    endloop
  endfacet
  facet normal -0.923906 0.382619 0
    outer loop
      vertex -9.83871 -18.7866 2.3
      vertex -9.91549 -18.972 0
      vertex -9.91549 -18.972 2.3
    endloop
  endfacet
  facet normal -0.30063 -0.953741 0
    outer loop
      vertex -11.4047 -15.7784 0
      vertex -11.2134 -15.8387 2.3
      vertex -11.4047 -15.7784 2.3
    endloop
  endfacet
  facet normal -0.30063 -0.953741 -0
    outer loop
      vertex -11.2134 -15.8387 2.3
      vertex -11.4047 -15.7784 0
      vertex -11.2134 -15.8387 0
    endloop
  endfacet
  facet normal 0.0438481 -0.999038 0
    outer loop
      vertex -12.2005 -15.7088 0
      vertex -12 -15.7 2.3
      vertex -12.2005 -15.7088 2.3
    endloop
  endfacet
  facet normal 0.0438481 -0.999038 0
    outer loop
      vertex -12 -15.7 2.3
      vertex -12.2005 -15.7088 0
      vertex -12 -15.7 0
    endloop
  endfacet
  facet normal 0.737092 0.675792 0
    outer loop
      vertex -13.6263 -19.6263 2.3
      vertex -13.7619 -19.4784 0
      vertex -13.7619 -19.4784 2.3
    endloop
  endfacet
  facet normal 0.737092 0.675792 0
    outer loop
      vertex -13.7619 -19.4784 0
      vertex -13.6263 -19.6263 2.3
      vertex -13.6263 -19.6263 0
    endloop
  endfacet
  facet normal 0.887135 -0.46151 0
    outer loop
      vertex -14.0845 -17.028 2.3
      vertex -13.9919 -16.85 0
      vertex -13.9919 -16.85 2.3
    endloop
  endfacet
  facet normal 0.887135 -0.46151 0
    outer loop
      vertex -13.9919 -16.85 0
      vertex -14.0845 -17.028 2.3
      vertex -14.0845 -17.028 0
    endloop
  endfacet
  facet normal -0.216772 0.976222 0
    outer loop
      vertex -11.4047 -20.2216 0
      vertex -11.6006 -20.2651 2.3
      vertex -11.4047 -20.2216 2.3
    endloop
  endfacet
  facet normal -0.216772 0.976222 0
    outer loop
      vertex -11.6006 -20.2651 2.3
      vertex -11.4047 -20.2216 0
      vertex -11.6006 -20.2651 0
    endloop
  endfacet
  facet normal -0.130106 0.9915 0
    outer loop
      vertex -11.6006 -20.2651 0
      vertex -11.7995 -20.2912 2.3
      vertex -11.6006 -20.2651 2.3
    endloop
  endfacet
  facet normal -0.130106 0.9915 0
    outer loop
      vertex -11.7995 -20.2912 2.3
      vertex -11.6006 -20.2651 0
      vertex -11.7995 -20.2912 0
    endloop
  endfacet
  facet normal -0.46151 -0.887135 0
    outer loop
      vertex -11.028 -15.9155 0
      vertex -10.85 -16.0081 2.3
      vertex -11.028 -15.9155 2.3
    endloop
  endfacet
  facet normal -0.46151 -0.887135 -0
    outer loop
      vertex -10.85 -16.0081 2.3
      vertex -11.028 -15.9155 0
      vertex -10.85 -16.0081 0
    endloop
  endfacet
  facet normal -0.0438481 -0.999038 0
    outer loop
      vertex -12 -15.7 0
      vertex -11.7995 -15.7088 2.3
      vertex -12 -15.7 2.3
    endloop
  endfacet
  facet normal -0.0438481 -0.999038 -0
    outer loop
      vertex -11.7995 -15.7088 2.3
      vertex -12 -15.7 0
      vertex -11.7995 -15.7088 0
    endloop
  endfacet
  facet normal 0.30063 0.953741 -0
    outer loop
      vertex -12.5953 -20.2216 0
      vertex -12.7866 -20.1613 2.3
      vertex -12.5953 -20.2216 2.3
    endloop
  endfacet
  facet normal 0.30063 0.953741 0
    outer loop
      vertex -12.7866 -20.1613 2.3
      vertex -12.5953 -20.2216 0
      vertex -12.7866 -20.1613 0
    endloop
  endfacet
  facet normal -0.608578 0.793494 0
    outer loop
      vertex -10.5216 -19.7619 0
      vertex -10.6808 -19.884 2.3
      vertex -10.5216 -19.7619 2.3
    endloop
  endfacet
  facet normal -0.608578 0.793494 0
    outer loop
      vertex -10.6808 -19.884 2.3
      vertex -10.5216 -19.7619 0
      vertex -10.6808 -19.884 0
    endloop
  endfacet
  facet normal 0.537681 0.843148 -0
    outer loop
      vertex -13.15 -19.9919 0
      vertex -13.3192 -19.884 2.3
      vertex -13.15 -19.9919 2.3
    endloop
  endfacet
  facet normal 0.537681 0.843148 0
    outer loop
      vertex -13.3192 -19.884 2.3
      vertex -13.15 -19.9919 0
      vertex -13.3192 -19.884 0
    endloop
  endfacet
  facet normal -0.793494 0.608578 0
    outer loop
      vertex -10.2381 -19.4784 0
      vertex -10.116 -19.3192 2.3
      vertex -10.116 -19.3192 0
    endloop
  endfacet
  facet normal -0.793494 0.608578 0
    outer loop
      vertex -10.116 -19.3192 2.3
      vertex -10.2381 -19.4784 0
      vertex -10.2381 -19.4784 2.3
    endloop
  endfacet
  facet normal -0.976296 0.21644 0
    outer loop
      vertex -9.77837 -18.5953 0
      vertex -9.73494 -18.3994 2.3
      vertex -9.73494 -18.3994 0
    endloop
  endfacet
  facet normal -0.976296 0.21644 0
    outer loop
      vertex -9.73494 -18.3994 2.3
      vertex -9.77837 -18.5953 0
      vertex -9.77837 -18.5953 2.3
    endloop
  endfacet
  facet normal 0.675792 -0.737092 0
    outer loop
      vertex -13.6263 -16.3737 0
      vertex -13.4784 -16.2381 2.3
      vertex -13.6263 -16.3737 2.3
    endloop
  endfacet
  facet normal 0.675792 -0.737092 0
    outer loop
      vertex -13.4784 -16.2381 2.3
      vertex -13.6263 -16.3737 0
      vertex -13.4784 -16.2381 0
    endloop
  endfacet
  facet normal 0.608578 -0.793494 0
    outer loop
      vertex -13.4784 -16.2381 0
      vertex -13.3192 -16.116 2.3
      vertex -13.4784 -16.2381 2.3
    endloop
  endfacet
  facet normal 0.608578 -0.793494 0
    outer loop
      vertex -13.3192 -16.116 2.3
      vertex -13.4784 -16.2381 0
      vertex -13.3192 -16.116 0
    endloop
  endfacet
  facet normal -0.887115 -0.461549 0
    outer loop
      vertex -9.91549 -17.028 0
      vertex -10.0081 -16.85 2.3
      vertex -10.0081 -16.85 0
    endloop
  endfacet
  facet normal -0.887115 -0.461549 0
    outer loop
      vertex -10.0081 -16.85 2.3
      vertex -9.91549 -17.028 0
      vertex -9.91549 -17.028 2.3
    endloop
  endfacet
  facet normal -0.843148 -0.537681 0
    outer loop
      vertex -10.0081 -16.85 0
      vertex -10.116 -16.6808 2.3
      vertex -10.116 -16.6808 0
    endloop
  endfacet
  facet normal -0.843148 -0.537681 0
    outer loop
      vertex -10.116 -16.6808 2.3
      vertex -10.0081 -16.85 0
      vertex -10.0081 -16.85 2.3
    endloop
  endfacet
  facet normal -0.953684 0.300812 0
    outer loop
      vertex -9.83871 -18.7866 0
      vertex -9.77837 -18.5953 2.3
      vertex -9.77837 -18.5953 0
    endloop
  endfacet
  facet normal -0.953684 0.300812 0
    outer loop
      vertex -9.77837 -18.5953 2.3
      vertex -9.83871 -18.7866 0
      vertex -9.83871 -18.7866 2.3
    endloop
  endfacet
  facet normal 0.537681 -0.843148 0
    outer loop
      vertex -13.3192 -16.116 0
      vertex -13.15 -16.0081 2.3
      vertex -13.3192 -16.116 2.3
    endloop
  endfacet
  facet normal 0.537681 -0.843148 0
    outer loop
      vertex -13.15 -16.0081 2.3
      vertex -13.3192 -16.116 0
      vertex -13.15 -16.0081 0
    endloop
  endfacet
  facet normal 0.130106 0.9915 -0
    outer loop
      vertex -12.2005 -20.2912 0
      vertex -12.3994 -20.2651 2.3
      vertex -12.2005 -20.2912 2.3
    endloop
  endfacet
  facet normal 0.130106 0.9915 0
    outer loop
      vertex -12.3994 -20.2651 2.3
      vertex -12.2005 -20.2912 0
      vertex -12.3994 -20.2651 0
    endloop
  endfacet
  facet normal 0.30063 -0.953741 0
    outer loop
      vertex -12.7866 -15.8387 0
      vertex -12.5953 -15.7784 2.3
      vertex -12.7866 -15.8387 2.3
    endloop
  endfacet
  facet normal 0.30063 -0.953741 0
    outer loop
      vertex -12.5953 -15.7784 2.3
      vertex -12.7866 -15.8387 0
      vertex -12.5953 -15.7784 0
    endloop
  endfacet
  facet normal -0.382704 0.923871 0
    outer loop
      vertex -11.028 -20.0845 0
      vertex -11.2134 -20.1613 2.3
      vertex -11.028 -20.0845 2.3
    endloop
  endfacet
  facet normal -0.382704 0.923871 0
    outer loop
      vertex -11.2134 -20.1613 2.3
      vertex -11.028 -20.0845 0
      vertex -11.2134 -20.1613 0
    endloop
  endfacet
  facet normal -0.923906 -0.382619 0
    outer loop
      vertex -9.83871 -17.2134 0
      vertex -9.91549 -17.028 2.3
      vertex -9.91549 -17.028 0
    endloop
  endfacet
  facet normal -0.923906 -0.382619 0
    outer loop
      vertex -9.91549 -17.028 2.3
      vertex -9.83871 -17.2134 0
      vertex -9.83871 -17.2134 2.3
    endloop
  endfacet
  facet normal -0.0438481 0.999038 0
    outer loop
      vertex -11.7995 -20.2912 0
      vertex -12 -20.3 2.3
      vertex -11.7995 -20.2912 2.3
    endloop
  endfacet
  facet normal -0.0438481 0.999038 0
    outer loop
      vertex -12 -20.3 2.3
      vertex -11.7995 -20.2912 0
      vertex -12 -20.3 0
    endloop
  endfacet
  facet normal 0.999038 0.0438481 0
    outer loop
      vertex -14.2912 -18.2005 2.3
      vertex -14.3 -18 0
      vertex -14.3 -18 2.3
    endloop
  endfacet
  facet normal 0.999038 0.0438481 0
    outer loop
      vertex -14.3 -18 0
      vertex -14.2912 -18.2005 2.3
      vertex -14.2912 -18.2005 0
    endloop
  endfacet
  facet normal 0.999038 -0.0438481 0
    outer loop
      vertex -14.3 -18 2.3
      vertex -14.2912 -17.7995 0
      vertex -14.2912 -17.7995 2.3
    endloop
  endfacet
  facet normal 0.999038 -0.0438481 0
    outer loop
      vertex -14.2912 -17.7995 0
      vertex -14.3 -18 2.3
      vertex -14.3 -18 0
    endloop
  endfacet
  facet normal -0.887115 0.461549 0
    outer loop
      vertex -10.0081 -19.15 0
      vertex -9.91549 -18.972 2.3
      vertex -9.91549 -18.972 0
    endloop
  endfacet
  facet normal -0.887115 0.461549 0
    outer loop
      vertex -9.91549 -18.972 2.3
      vertex -10.0081 -19.15 0
      vertex -10.0081 -19.15 2.3
    endloop
  endfacet
  facet normal 0.737092 -0.675792 0
    outer loop
      vertex -13.7619 -16.5216 2.3
      vertex -13.6263 -16.3737 0
      vertex -13.6263 -16.3737 2.3
    endloop
  endfacet
  facet normal 0.737092 -0.675792 0
    outer loop
      vertex -13.6263 -16.3737 0
      vertex -13.7619 -16.5216 2.3
      vertex -13.7619 -16.5216 0
    endloop
  endfacet
  facet normal 0.382704 -0.923871 0
    outer loop
      vertex -12.972 -15.9155 0
      vertex -12.7866 -15.8387 2.3
      vertex -12.972 -15.9155 2.3
    endloop
  endfacet
  facet normal 0.382704 -0.923871 0
    outer loop
      vertex -12.7866 -15.8387 2.3
      vertex -12.972 -15.9155 0
      vertex -12.7866 -15.8387 0
    endloop
  endfacet
  facet normal -0.537681 0.843148 0
    outer loop
      vertex -10.6808 -19.884 0
      vertex -10.85 -19.9919 2.3
      vertex -10.6808 -19.884 2.3
    endloop
  endfacet
  facet normal -0.537681 0.843148 0
    outer loop
      vertex -10.85 -19.9919 2.3
      vertex -10.6808 -19.884 0
      vertex -10.85 -19.9919 0
    endloop
  endfacet
  facet normal 0.976222 -0.216772 0
    outer loop
      vertex -14.2651 -17.6006 2.3
      vertex -14.2216 -17.4047 0
      vertex -14.2216 -17.4047 2.3
    endloop
  endfacet
  facet normal 0.976222 -0.216772 0
    outer loop
      vertex -14.2216 -17.4047 0
      vertex -14.2651 -17.6006 2.3
      vertex -14.2651 -17.6006 0
    endloop
  endfacet
  facet normal 0.976222 0.216772 0
    outer loop
      vertex -14.2216 -18.5953 2.3
      vertex -14.2651 -18.3994 0
      vertex -14.2651 -18.3994 2.3
    endloop
  endfacet
  facet normal 0.976222 0.216772 0
    outer loop
      vertex -14.2651 -18.3994 0
      vertex -14.2216 -18.5953 2.3
      vertex -14.2216 -18.5953 0
    endloop
  endfacet
  facet normal 0 0 -1
    outer loop
      vertex -10.8 -18 2.3
      vertex -9.7 -18 2.3
      vertex -9.70875 -18.2005 2.3
    endloop
  endfacet
  facet normal 0 0 -1
    outer loop
      vertex -10.8046 -18.1046 2.3
      vertex -9.70875 -18.2005 2.3
      vertex -9.73494 -18.3994 2.3
    endloop
  endfacet
  facet normal 0 0 -1
    outer loop
      vertex -9.7 -18 2.3
      vertex -10.8 -18 2.3
      vertex -9.70875 -17.7995 2.3
    endloop
  endfacet
  facet normal 0 0 -1
    outer loop
      vertex -10.8182 -18.2084 2.3
      vertex -9.73494 -18.3994 2.3
      vertex -9.77837 -18.5953 2.3
    endloop
  endfacet
  facet normal 0 0 -1
    outer loop
      vertex -10.8046 -17.8954 2.3
      vertex -9.70875 -17.7995 2.3
      vertex -10.8 -18 2.3
    endloop
  endfacet
  facet normal 0 0 -1
    outer loop
      vertex -10.8409 -18.3106 2.3
      vertex -9.77837 -18.5953 2.3
      vertex -9.83871 -18.7866 2.3
    endloop
  endfacet
  facet normal -0 0 -1
    outer loop
      vertex -9.70875 -17.7995 2.3
      vertex -10.8046 -17.8954 2.3
      vertex -9.73494 -17.6006 2.3
    endloop
  endfacet
  facet normal 0 0 -1
    outer loop
      vertex -10.8724 -18.4104 2.3
      vertex -9.83871 -18.7866 2.3
      vertex -9.91549 -18.972 2.3
    endloop
  endfacet
  facet normal 0 0 -1
    outer loop
      vertex -10.8182 -17.7916 2.3
      vertex -9.73494 -17.6006 2.3
      vertex -10.8046 -17.8954 2.3
    endloop
  endfacet
  facet normal 0 0 -1
    outer loop
      vertex -10.9124 -18.5071 2.3
      vertex -9.91549 -18.972 2.3
      vertex -10.0081 -19.15 2.3
    endloop
  endfacet
  facet normal -0 0 -1
    outer loop
      vertex -9.73494 -17.6006 2.3
      vertex -10.8182 -17.7916 2.3
      vertex -9.77837 -17.4047 2.3
    endloop
  endfacet
  facet normal 0 0 -1
    outer loop
      vertex -10.9608 -18.6 2.3
      vertex -10.0081 -19.15 2.3
      vertex -10.116 -19.3192 2.3
    endloop
  endfacet
  facet normal 0 0 -1
    outer loop
      vertex -10.8409 -17.6894 2.3
      vertex -9.77837 -17.4047 2.3
      vertex -10.8182 -17.7916 2.3
    endloop
  endfacet
  facet normal 0 0 -1
    outer loop
      vertex -11.017 -18.6883 2.3
      vertex -10.116 -19.3192 2.3
      vertex -10.2381 -19.4784 2.3
    endloop
  endfacet
  facet normal -0 0 -1
    outer loop
      vertex -9.77837 -17.4047 2.3
      vertex -10.8409 -17.6894 2.3
      vertex -9.83871 -17.2134 2.3
    endloop
  endfacet
  facet normal 0 0 -1
    outer loop
      vertex -11.0807 -18.7713 2.3
      vertex -10.2381 -19.4784 2.3
      vertex -10.3737 -19.6263 2.3
    endloop
  endfacet
  facet normal 0 0 -1
    outer loop
      vertex -10.8724 -17.5896 2.3
      vertex -9.83871 -17.2134 2.3
      vertex -10.8409 -17.6894 2.3
    endloop
  endfacet
  facet normal 0 0 -1
    outer loop
      vertex -11.1515 -18.8485 2.3
      vertex -10.3737 -19.6263 2.3
      vertex -10.5216 -19.7619 2.3
    endloop
  endfacet
  facet normal -0 0 -1
    outer loop
      vertex -9.83871 -17.2134 2.3
      vertex -10.8724 -17.5896 2.3
      vertex -9.91549 -17.028 2.3
    endloop
  endfacet
  facet normal 0 0 -1
    outer loop
      vertex -11.2287 -18.9193 2.3
      vertex -10.5216 -19.7619 2.3
      vertex -10.6808 -19.884 2.3
    endloop
  endfacet
  facet normal 0 0 -1
    outer loop
      vertex -10.9124 -17.4929 2.3
      vertex -9.91549 -17.028 2.3
      vertex -10.8724 -17.5896 2.3
    endloop
  endfacet
  facet normal -0 0 -1
    outer loop
      vertex -9.91549 -17.028 2.3
      vertex -10.9124 -17.4929 2.3
      vertex -10.0081 -16.85 2.3
    endloop
  endfacet
  facet normal 0 0 -1
    outer loop
      vertex -9.70875 -18.2005 2.3
      vertex -10.8046 -18.1046 2.3
      vertex -10.8 -18 2.3
    endloop
  endfacet
  facet normal 0 0 -1
    outer loop
      vertex -9.73494 -18.3994 2.3
      vertex -10.8182 -18.2084 2.3
      vertex -10.8046 -18.1046 2.3
    endloop
  endfacet
  facet normal 0 0 -1
    outer loop
      vertex -9.77837 -18.5953 2.3
      vertex -10.8409 -18.3106 2.3
      vertex -10.8182 -18.2084 2.3
    endloop
  endfacet
  facet normal 0 0 -1
    outer loop
      vertex -11.3117 -18.983 2.3
      vertex -10.6808 -19.884 2.3
      vertex -10.85 -19.9919 2.3
    endloop
  endfacet
  facet normal 0 0 -1
    outer loop
      vertex -9.83871 -18.7866 2.3
      vertex -10.8724 -18.4104 2.3
      vertex -10.8409 -18.3106 2.3
    endloop
  endfacet
  facet normal 0 0 -1
    outer loop
      vertex -9.91549 -18.972 2.3
      vertex -10.9124 -18.5071 2.3
      vertex -10.8724 -18.4104 2.3
    endloop
  endfacet
  facet normal 0 0 -1
    outer loop
      vertex -10.0081 -19.15 2.3
      vertex -10.9608 -18.6 2.3
      vertex -10.9124 -18.5071 2.3
    endloop
  endfacet
  facet normal 0 0 -1
    outer loop
      vertex -10.116 -19.3192 2.3
      vertex -11.017 -18.6883 2.3
      vertex -10.9608 -18.6 2.3
    endloop
  endfacet
  facet normal 0 0 -1
    outer loop
      vertex -11.4 -19.0392 2.3
      vertex -10.85 -19.9919 2.3
      vertex -11.028 -20.0845 2.3
    endloop
  endfacet
  facet normal 0 0 -1
    outer loop
      vertex -10.2381 -19.4784 2.3
      vertex -11.0807 -18.7713 2.3
      vertex -11.017 -18.6883 2.3
    endloop
  endfacet
  facet normal 0 0 -1
    outer loop
      vertex -10.3737 -19.6263 2.3
      vertex -11.1515 -18.8485 2.3
      vertex -11.0807 -18.7713 2.3
    endloop
  endfacet
  facet normal 0 0 -1
    outer loop
      vertex -11.4929 -19.0876 2.3
      vertex -11.028 -20.0845 2.3
      vertex -11.2134 -20.1613 2.3
    endloop
  endfacet
  facet normal 0 0 -1
    outer loop
      vertex -10.5216 -19.7619 2.3
      vertex -11.2287 -18.9193 2.3
      vertex -11.1515 -18.8485 2.3
    endloop
  endfacet
  facet normal 0 0 -1
    outer loop
      vertex -10.6808 -19.884 2.3
      vertex -11.3117 -18.983 2.3
      vertex -11.2287 -18.9193 2.3
    endloop
  endfacet
  facet normal 0 0 -1
    outer loop
      vertex -10.85 -19.9919 2.3
      vertex -11.4 -19.0392 2.3
      vertex -11.3117 -18.983 2.3
    endloop
  endfacet
  facet normal 0 0 -1
    outer loop
      vertex -11.5896 -19.1276 2.3
      vertex -11.2134 -20.1613 2.3
      vertex -11.4047 -20.2216 2.3
    endloop
  endfacet
  facet normal 0 0 -1
    outer loop
      vertex -11.028 -20.0845 2.3
      vertex -11.4929 -19.0876 2.3
      vertex -11.4 -19.0392 2.3
    endloop
  endfacet
  facet normal 0 0 -1
    outer loop
      vertex -11.2134 -20.1613 2.3
      vertex -11.5896 -19.1276 2.3
      vertex -11.4929 -19.0876 2.3
    endloop
  endfacet
  facet normal 0 0 -1
    outer loop
      vertex -11.6894 -19.1591 2.3
      vertex -11.4047 -20.2216 2.3
      vertex -11.6006 -20.2651 2.3
    endloop
  endfacet
  facet normal 0 0 -1
    outer loop
      vertex -11.4047 -20.2216 2.3
      vertex -11.6894 -19.1591 2.3
      vertex -11.5896 -19.1276 2.3
    endloop
  endfacet
  facet normal 0 0 -1
    outer loop
      vertex -11.6006 -20.2651 2.3
      vertex -11.7916 -19.1818 2.3
      vertex -11.6894 -19.1591 2.3
    endloop
  endfacet
  facet normal 0 0 -1
    outer loop
      vertex -11.7995 -20.2912 2.3
      vertex -11.7916 -19.1818 2.3
      vertex -11.6006 -20.2651 2.3
    endloop
  endfacet
  facet normal 0 0 -1
    outer loop
      vertex -11.7995 -20.2912 2.3
      vertex -11.8954 -19.1954 2.3
      vertex -11.7916 -19.1818 2.3
    endloop
  endfacet
  facet normal 0 0 -1
    outer loop
      vertex -12 -20.3 2.3
      vertex -11.8954 -19.1954 2.3
      vertex -11.7995 -20.2912 2.3
    endloop
  endfacet
  facet normal 0 0 -1
    outer loop
      vertex -12 -20.3 2.3
      vertex -12 -19.2 2.3
      vertex -11.8954 -19.1954 2.3
    endloop
  endfacet
  facet normal 0 0 -1
    outer loop
      vertex -12 -20.3 2.3
      vertex -12.1046 -19.1954 2.3
      vertex -12 -19.2 2.3
    endloop
  endfacet
  facet normal 0 0 -1
    outer loop
      vertex -12.2005 -20.2912 2.3
      vertex -12.1046 -19.1954 2.3
      vertex -12 -20.3 2.3
    endloop
  endfacet
  facet normal 0 0 -1
    outer loop
      vertex -12.2005 -20.2912 2.3
      vertex -12.2084 -19.1818 2.3
      vertex -12.1046 -19.1954 2.3
    endloop
  endfacet
  facet normal 0 0 -1
    outer loop
      vertex -12.3994 -20.2651 2.3
      vertex -12.2084 -19.1818 2.3
      vertex -12.2005 -20.2912 2.3
    endloop
  endfacet
  facet normal -0 0 -1
    outer loop
      vertex -12.2084 -19.1818 2.3
      vertex -12.3994 -20.2651 2.3
      vertex -12.3106 -19.1591 2.3
    endloop
  endfacet
  facet normal 0 0 -1
    outer loop
      vertex -12.5953 -20.2216 2.3
      vertex -12.3106 -19.1591 2.3
      vertex -12.3994 -20.2651 2.3
    endloop
  endfacet
  facet normal -0 0 -1
    outer loop
      vertex -12.3106 -19.1591 2.3
      vertex -12.5953 -20.2216 2.3
      vertex -12.4104 -19.1276 2.3
    endloop
  endfacet
  facet normal 0 0 -1
    outer loop
      vertex -12.7866 -20.1613 2.3
      vertex -12.4104 -19.1276 2.3
      vertex -12.5953 -20.2216 2.3
    endloop
  endfacet
  facet normal -0 0 -1
    outer loop
      vertex -12.4104 -19.1276 2.3
      vertex -12.7866 -20.1613 2.3
      vertex -12.5071 -19.0876 2.3
    endloop
  endfacet
  facet normal 0 0 -1
    outer loop
      vertex -12.972 -20.0845 2.3
      vertex -12.5071 -19.0876 2.3
      vertex -12.7866 -20.1613 2.3
    endloop
  endfacet
  facet normal -0 0 -1
    outer loop
      vertex -12.5071 -19.0876 2.3
      vertex -12.972 -20.0845 2.3
      vertex -12.6 -19.0392 2.3
    endloop
  endfacet
  facet normal 0 0 -1
    outer loop
      vertex -13.15 -19.9919 2.3
      vertex -12.6 -19.0392 2.3
      vertex -12.972 -20.0845 2.3
    endloop
  endfacet
  facet normal -0 0 -1
    outer loop
      vertex -12.6 -19.0392 2.3
      vertex -13.15 -19.9919 2.3
      vertex -12.6883 -18.983 2.3
    endloop
  endfacet
  facet normal 0 0 -1
    outer loop
      vertex -13.3192 -19.884 2.3
      vertex -12.6883 -18.983 2.3
      vertex -13.15 -19.9919 2.3
    endloop
  endfacet
  facet normal -0 0 -1
    outer loop
      vertex -12.6883 -18.983 2.3
      vertex -13.3192 -19.884 2.3
      vertex -12.7713 -18.9193 2.3
    endloop
  endfacet
  facet normal 0 0 -1
    outer loop
      vertex -13.4784 -19.7619 2.3
      vertex -12.7713 -18.9193 2.3
      vertex -13.3192 -19.884 2.3
    endloop
  endfacet
  facet normal -0 0 -1
    outer loop
      vertex -12.7713 -18.9193 2.3
      vertex -13.4784 -19.7619 2.3
      vertex -12.8485 -18.8485 2.3
    endloop
  endfacet
  facet normal 0 0 -1
    outer loop
      vertex -13.6263 -19.6263 2.3
      vertex -12.8485 -18.8485 2.3
      vertex -13.4784 -19.7619 2.3
    endloop
  endfacet
  facet normal -0 0 -1
    outer loop
      vertex -12.8485 -18.8485 2.3
      vertex -13.6263 -19.6263 2.3
      vertex -12.9193 -18.7713 2.3
    endloop
  endfacet
  facet normal 0 0 -1
    outer loop
      vertex -13.7619 -19.4784 2.3
      vertex -12.9193 -18.7713 2.3
      vertex -13.6263 -19.6263 2.3
    endloop
  endfacet
  facet normal -0 0 -1
    outer loop
      vertex -12.9193 -18.7713 2.3
      vertex -13.7619 -19.4784 2.3
      vertex -12.983 -18.6883 2.3
    endloop
  endfacet
  facet normal 0 0 -1
    outer loop
      vertex -13.884 -19.3192 2.3
      vertex -12.983 -18.6883 2.3
      vertex -13.7619 -19.4784 2.3
    endloop
  endfacet
  facet normal -0 0 -1
    outer loop
      vertex -12.983 -18.6883 2.3
      vertex -13.884 -19.3192 2.3
      vertex -13.0392 -18.6 2.3
    endloop
  endfacet
  facet normal 0 0 -1
    outer loop
      vertex -13.9919 -19.15 2.3
      vertex -13.0392 -18.6 2.3
      vertex -13.884 -19.3192 2.3
    endloop
  endfacet
  facet normal -0 0 -1
    outer loop
      vertex -13.0392 -18.6 2.3
      vertex -13.9919 -19.15 2.3
      vertex -13.0876 -18.5071 2.3
    endloop
  endfacet
  facet normal 0 0 -1
    outer loop
      vertex -10.9608 -17.4 2.3
      vertex -10.0081 -16.85 2.3
      vertex -10.9124 -17.4929 2.3
    endloop
  endfacet
  facet normal -0 0 -1
    outer loop
      vertex -10.0081 -16.85 2.3
      vertex -10.9608 -17.4 2.3
      vertex -10.116 -16.6808 2.3
    endloop
  endfacet
  facet normal 0 0 -1
    outer loop
      vertex -11.017 -17.3117 2.3
      vertex -10.116 -16.6808 2.3
      vertex -10.9608 -17.4 2.3
    endloop
  endfacet
  facet normal -0 0 -1
    outer loop
      vertex -10.116 -16.6808 2.3
      vertex -11.017 -17.3117 2.3
      vertex -10.2381 -16.5216 2.3
    endloop
  endfacet
  facet normal 0 0 -1
    outer loop
      vertex -11.0807 -17.2287 2.3
      vertex -10.2381 -16.5216 2.3
      vertex -11.017 -17.3117 2.3
    endloop
  endfacet
  facet normal -0 0 -1
    outer loop
      vertex -10.2381 -16.5216 2.3
      vertex -11.0807 -17.2287 2.3
      vertex -10.3737 -16.3737 2.3
    endloop
  endfacet
  facet normal 0 0 -1
    outer loop
      vertex -11.1515 -17.1515 2.3
      vertex -10.3737 -16.3737 2.3
      vertex -11.0807 -17.2287 2.3
    endloop
  endfacet
  facet normal -0 0 -1
    outer loop
      vertex -10.3737 -16.3737 2.3
      vertex -11.1515 -17.1515 2.3
      vertex -10.5216 -16.2381 2.3
    endloop
  endfacet
  facet normal 0 0 -1
    outer loop
      vertex -11.2287 -17.0807 2.3
      vertex -10.5216 -16.2381 2.3
      vertex -11.1515 -17.1515 2.3
    endloop
  endfacet
  facet normal -0 0 -1
    outer loop
      vertex -10.5216 -16.2381 2.3
      vertex -11.2287 -17.0807 2.3
      vertex -10.6808 -16.116 2.3
    endloop
  endfacet
  facet normal 0 0 -1
    outer loop
      vertex -11.3117 -17.017 2.3
      vertex -10.6808 -16.116 2.3
      vertex -11.2287 -17.0807 2.3
    endloop
  endfacet
  facet normal -0 0 -1
    outer loop
      vertex -10.6808 -16.116 2.3
      vertex -11.3117 -17.017 2.3
      vertex -10.85 -16.0081 2.3
    endloop
  endfacet
  facet normal 0 0 -1
    outer loop
      vertex -11.4 -16.9608 2.3
      vertex -10.85 -16.0081 2.3
      vertex -11.3117 -17.017 2.3
    endloop
  endfacet
  facet normal -0 0 -1
    outer loop
      vertex -10.85 -16.0081 2.3
      vertex -11.4 -16.9608 2.3
      vertex -11.028 -15.9155 2.3
    endloop
  endfacet
  facet normal 0 0 -1
    outer loop
      vertex -11.4929 -16.9124 2.3
      vertex -11.028 -15.9155 2.3
      vertex -11.4 -16.9608 2.3
    endloop
  endfacet
  facet normal -0 0 -1
    outer loop
      vertex -11.028 -15.9155 2.3
      vertex -11.4929 -16.9124 2.3
      vertex -11.2134 -15.8387 2.3
    endloop
  endfacet
  facet normal 0 0 -1
    outer loop
      vertex -11.5896 -16.8724 2.3
      vertex -11.2134 -15.8387 2.3
      vertex -11.4929 -16.9124 2.3
    endloop
  endfacet
  facet normal -0 0 -1
    outer loop
      vertex -11.2134 -15.8387 2.3
      vertex -11.5896 -16.8724 2.3
      vertex -11.4047 -15.7784 2.3
    endloop
  endfacet
  facet normal 0 0 -1
    outer loop
      vertex -11.6894 -16.8409 2.3
      vertex -11.4047 -15.7784 2.3
      vertex -11.5896 -16.8724 2.3
    endloop
  endfacet
  facet normal -0 0 -1
    outer loop
      vertex -11.4047 -15.7784 2.3
      vertex -11.6894 -16.8409 2.3
      vertex -11.6006 -15.7349 2.3
    endloop
  endfacet
  facet normal 0 0 -1
    outer loop
      vertex -11.7916 -16.8182 2.3
      vertex -11.6006 -15.7349 2.3
      vertex -11.6894 -16.8409 2.3
    endloop
  endfacet
  facet normal 0 0 -1
    outer loop
      vertex -11.7916 -16.8182 2.3
      vertex -11.7995 -15.7088 2.3
      vertex -11.6006 -15.7349 2.3
    endloop
  endfacet
  facet normal 0 0 -1
    outer loop
      vertex -11.8954 -16.8046 2.3
      vertex -11.7995 -15.7088 2.3
      vertex -11.7916 -16.8182 2.3
    endloop
  endfacet
  facet normal 0 0 -1
    outer loop
      vertex -12 -16.8 2.3
      vertex -11.7995 -15.7088 2.3
      vertex -11.8954 -16.8046 2.3
    endloop
  endfacet
  facet normal 0 0 -1
    outer loop
      vertex -12 -16.8 2.3
      vertex -12 -15.7 2.3
      vertex -11.7995 -15.7088 2.3
    endloop
  endfacet
  facet normal 0 0 -1
    outer loop
      vertex -12.1046 -16.8046 2.3
      vertex -12 -15.7 2.3
      vertex -12 -16.8 2.3
    endloop
  endfacet
  facet normal 0 0 -1
    outer loop
      vertex -12.1046 -16.8046 2.3
      vertex -12.2005 -15.7088 2.3
      vertex -12 -15.7 2.3
    endloop
  endfacet
  facet normal 0 0 -1
    outer loop
      vertex -12.2084 -16.8182 2.3
      vertex -12.2005 -15.7088 2.3
      vertex -12.1046 -16.8046 2.3
    endloop
  endfacet
  facet normal 0 0 -1
    outer loop
      vertex -12.3994 -15.7349 2.3
      vertex -12.2084 -16.8182 2.3
      vertex -12.3106 -16.8409 2.3
    endloop
  endfacet
  facet normal 0 0 -1
    outer loop
      vertex -12.2084 -16.8182 2.3
      vertex -12.3994 -15.7349 2.3
      vertex -12.2005 -15.7088 2.3
    endloop
  endfacet
  facet normal 0 0 -1
    outer loop
      vertex -12.5953 -15.7784 2.3
      vertex -12.3106 -16.8409 2.3
      vertex -12.4104 -16.8724 2.3
    endloop
  endfacet
  facet normal 0 0 -1
    outer loop
      vertex -12.7866 -15.8387 2.3
      vertex -12.4104 -16.8724 2.3
      vertex -12.5071 -16.9124 2.3
    endloop
  endfacet
  facet normal 0 0 -1
    outer loop
      vertex -12.3106 -16.8409 2.3
      vertex -12.5953 -15.7784 2.3
      vertex -12.3994 -15.7349 2.3
    endloop
  endfacet
  facet normal 0 0 -1
    outer loop
      vertex -12.972 -15.9155 2.3
      vertex -12.5071 -16.9124 2.3
      vertex -12.6 -16.9608 2.3
    endloop
  endfacet
  facet normal 0 0 -1
    outer loop
      vertex -13.15 -16.0081 2.3
      vertex -12.6 -16.9608 2.3
      vertex -12.6883 -17.017 2.3
    endloop
  endfacet
  facet normal 0 0 -1
    outer loop
      vertex -13.3192 -16.116 2.3
      vertex -12.6883 -17.017 2.3
      vertex -12.7713 -17.0807 2.3
    endloop
  endfacet
  facet normal 0 0 -1
    outer loop
      vertex -12.4104 -16.8724 2.3
      vertex -12.7866 -15.8387 2.3
      vertex -12.5953 -15.7784 2.3
    endloop
  endfacet
  facet normal 0 0 -1
    outer loop
      vertex -13.4784 -16.2381 2.3
      vertex -12.7713 -17.0807 2.3
      vertex -12.8485 -17.1515 2.3
    endloop
  endfacet
  facet normal 0 0 -1
    outer loop
      vertex -13.6263 -16.3737 2.3
      vertex -12.8485 -17.1515 2.3
      vertex -12.9193 -17.2287 2.3
    endloop
  endfacet
  facet normal 0 0 -1
    outer loop
      vertex -12.5071 -16.9124 2.3
      vertex -12.972 -15.9155 2.3
      vertex -12.7866 -15.8387 2.3
    endloop
  endfacet
  facet normal 0 0 -1
    outer loop
      vertex -13.7619 -16.5216 2.3
      vertex -12.9193 -17.2287 2.3
      vertex -12.983 -17.3117 2.3
    endloop
  endfacet
  facet normal 0 0 -1
    outer loop
      vertex -13.884 -16.6808 2.3
      vertex -12.983 -17.3117 2.3
      vertex -13.0392 -17.4 2.3
    endloop
  endfacet
  facet normal 0 0 -1
    outer loop
      vertex -13.9919 -16.85 2.3
      vertex -13.0392 -17.4 2.3
      vertex -13.0876 -17.4929 2.3
    endloop
  endfacet
  facet normal 0 0 -1
    outer loop
      vertex -14.0845 -17.028 2.3
      vertex -13.0876 -17.4929 2.3
      vertex -13.1276 -17.5896 2.3
    endloop
  endfacet
  facet normal 0 0 -1
    outer loop
      vertex -12.6 -16.9608 2.3
      vertex -13.15 -16.0081 2.3
      vertex -12.972 -15.9155 2.3
    endloop
  endfacet
  facet normal 0 0 -1
    outer loop
      vertex -14.1613 -17.2134 2.3
      vertex -13.1276 -17.5896 2.3
      vertex -13.1591 -17.6894 2.3
    endloop
  endfacet
  facet normal 0 0 -1
    outer loop
      vertex -14.2216 -17.4047 2.3
      vertex -13.1591 -17.6894 2.3
      vertex -13.1818 -17.7916 2.3
    endloop
  endfacet
  facet normal 0 0 -1
    outer loop
      vertex -14.2651 -17.6006 2.3
      vertex -13.1818 -17.7916 2.3
      vertex -13.1954 -17.8954 2.3
    endloop
  endfacet
  facet normal 0 0 -1
    outer loop
      vertex -14.2912 -17.7995 2.3
      vertex -13.1954 -17.8954 2.3
      vertex -13.2 -18 2.3
    endloop
  endfacet
  facet normal 0 0 -1
    outer loop
      vertex -14.0845 -18.972 2.3
      vertex -13.0876 -18.5071 2.3
      vertex -13.9919 -19.15 2.3
    endloop
  endfacet
  facet normal 0 0 -1
    outer loop
      vertex -12.6883 -17.017 2.3
      vertex -13.3192 -16.116 2.3
      vertex -13.15 -16.0081 2.3
    endloop
  endfacet
  facet normal -0 0 -1
    outer loop
      vertex -13.0876 -18.5071 2.3
      vertex -14.0845 -18.972 2.3
      vertex -13.1276 -18.4104 2.3
    endloop
  endfacet
  facet normal 0 0 -1
    outer loop
      vertex -12.7713 -17.0807 2.3
      vertex -13.4784 -16.2381 2.3
      vertex -13.3192 -16.116 2.3
    endloop
  endfacet
  facet normal 0 0 -1
    outer loop
      vertex -14.1613 -18.7866 2.3
      vertex -13.1276 -18.4104 2.3
      vertex -14.0845 -18.972 2.3
    endloop
  endfacet
  facet normal 0 0 -1
    outer loop
      vertex -12.8485 -17.1515 2.3
      vertex -13.6263 -16.3737 2.3
      vertex -13.4784 -16.2381 2.3
    endloop
  endfacet
  facet normal -0 0 -1
    outer loop
      vertex -13.1276 -18.4104 2.3
      vertex -14.1613 -18.7866 2.3
      vertex -13.1591 -18.3106 2.3
    endloop
  endfacet
  facet normal 0 0 -1
    outer loop
      vertex -12.9193 -17.2287 2.3
      vertex -13.7619 -16.5216 2.3
      vertex -13.6263 -16.3737 2.3
    endloop
  endfacet
  facet normal 0 0 -1
    outer loop
      vertex -14.2216 -18.5953 2.3
      vertex -13.1591 -18.3106 2.3
      vertex -14.1613 -18.7866 2.3
    endloop
  endfacet
  facet normal 0 0 -1
    outer loop
      vertex -12.983 -17.3117 2.3
      vertex -13.884 -16.6808 2.3
      vertex -13.7619 -16.5216 2.3
    endloop
  endfacet
  facet normal -0 0 -1
    outer loop
      vertex -13.1591 -18.3106 2.3
      vertex -14.2216 -18.5953 2.3
      vertex -13.1818 -18.2084 2.3
    endloop
  endfacet
  facet normal 0 0 -1
    outer loop
      vertex -13.0392 -17.4 2.3
      vertex -13.9919 -16.85 2.3
      vertex -13.884 -16.6808 2.3
    endloop
  endfacet
  facet normal 0 0 -1
    outer loop
      vertex -14.2651 -18.3994 2.3
      vertex -13.1818 -18.2084 2.3
      vertex -14.2216 -18.5953 2.3
    endloop
  endfacet
  facet normal 0 0 -1
    outer loop
      vertex -13.0876 -17.4929 2.3
      vertex -14.0845 -17.028 2.3
      vertex -13.9919 -16.85 2.3
    endloop
  endfacet
  facet normal -0 0 -1
    outer loop
      vertex -13.1818 -18.2084 2.3
      vertex -14.2651 -18.3994 2.3
      vertex -13.1954 -18.1046 2.3
    endloop
  endfacet
  facet normal 0 0 -1
    outer loop
      vertex -13.1276 -17.5896 2.3
      vertex -14.1613 -17.2134 2.3
      vertex -14.0845 -17.028 2.3
    endloop
  endfacet
  facet normal 0 0 -1
    outer loop
      vertex -14.2912 -18.2005 2.3
      vertex -13.1954 -18.1046 2.3
      vertex -14.2651 -18.3994 2.3
    endloop
  endfacet
  facet normal 0 0 -1
    outer loop
      vertex -13.1591 -17.6894 2.3
      vertex -14.2216 -17.4047 2.3
      vertex -14.1613 -17.2134 2.3
    endloop
  endfacet
  facet normal -0 0 -1
    outer loop
      vertex -13.1954 -18.1046 2.3
      vertex -14.2912 -18.2005 2.3
      vertex -13.2 -18 2.3
    endloop
  endfacet
  facet normal 0 0 -1
    outer loop
      vertex -13.1818 -17.7916 2.3
      vertex -14.2651 -17.6006 2.3
      vertex -14.2216 -17.4047 2.3
    endloop
  endfacet
  facet normal 0 0 -1
    outer loop
      vertex -14.3 -18 2.3
      vertex -13.2 -18 2.3
      vertex -14.2912 -18.2005 2.3
    endloop
  endfacet
  facet normal 0 0 -1
    outer loop
      vertex -13.1954 -17.8954 2.3
      vertex -14.2912 -17.7995 2.3
      vertex -14.2651 -17.6006 2.3
    endloop
  endfacet
  facet normal 0 0 -1
    outer loop
      vertex -13.2 -18 2.3
      vertex -14.3 -18 2.3
      vertex -14.2912 -17.7995 2.3
    endloop
  endfacet
  facet normal -0.130106 -0.9915 0
    outer loop
      vertex -11.7995 -15.7088 0
      vertex -11.6006 -15.7349 2.3
      vertex -11.7995 -15.7088 2.3
    endloop
  endfacet
  facet normal -0.130106 -0.9915 -0
    outer loop
      vertex -11.6006 -15.7349 2.3
      vertex -11.7995 -15.7088 0
      vertex -11.6006 -15.7349 0
    endloop
  endfacet
  facet normal 0.843148 -0.537681 0
    outer loop
      vertex -13.9919 -16.85 2.3
      vertex -13.884 -16.6808 0
      vertex -13.884 -16.6808 2.3
    endloop
  endfacet
  facet normal 0.843148 -0.537681 0
    outer loop
      vertex -13.884 -16.6808 0
      vertex -13.9919 -16.85 2.3
      vertex -13.9919 -16.85 0
    endloop
  endfacet
  facet normal -0.953684 -0.300812 0
    outer loop
      vertex -9.77837 -17.4047 0
      vertex -9.83871 -17.2134 2.3
      vertex -9.83871 -17.2134 0
    endloop
  endfacet
  facet normal -0.953684 -0.300812 0
    outer loop
      vertex -9.83871 -17.2134 2.3
      vertex -9.77837 -17.4047 0
      vertex -9.77837 -17.4047 2.3
    endloop
  endfacet
  facet normal 0.675792 0.737092 -0
    outer loop
      vertex -13.4784 -19.7619 0
      vertex -13.6263 -19.6263 2.3
      vertex -13.4784 -19.7619 2.3
    endloop
  endfacet
  facet normal 0.675792 0.737092 0
    outer loop
      vertex -13.6263 -19.6263 2.3
      vertex -13.4784 -19.7619 0
      vertex -13.6263 -19.6263 0
    endloop
  endfacet
  facet normal -0.675792 0.737092 0
    outer loop
      vertex -10.3737 -19.6263 0
      vertex -10.5216 -19.7619 2.3
      vertex -10.3737 -19.6263 2.3
    endloop
  endfacet
  facet normal -0.675792 0.737092 0
    outer loop
      vertex -10.5216 -19.7619 2.3
      vertex -10.3737 -19.6263 0
      vertex -10.5216 -19.7619 0
    endloop
  endfacet
  facet normal 0.216772 0.976222 -0
    outer loop
      vertex -12.3994 -20.2651 0
      vertex -12.5953 -20.2216 2.3
      vertex -12.3994 -20.2651 2.3
    endloop
  endfacet
  facet normal 0.216772 0.976222 0
    outer loop
      vertex -12.5953 -20.2216 2.3
      vertex -12.3994 -20.2651 0
      vertex -12.5953 -20.2216 0
    endloop
  endfacet
  facet normal 0.9915 -0.130106 0
    outer loop
      vertex -14.2912 -17.7995 2.3
      vertex -14.2651 -17.6006 0
      vertex -14.2651 -17.6006 2.3
    endloop
  endfacet
  facet normal 0.9915 -0.130106 0
    outer loop
      vertex -14.2651 -17.6006 0
      vertex -14.2912 -17.7995 2.3
      vertex -14.2912 -17.7995 0
    endloop
  endfacet
  facet normal -0.737092 0.675792 0
    outer loop
      vertex -10.3737 -19.6263 0
      vertex -10.2381 -19.4784 2.3
      vertex -10.2381 -19.4784 0
    endloop
  endfacet
  facet normal -0.737092 0.675792 0
    outer loop
      vertex -10.2381 -19.4784 2.3
      vertex -10.3737 -19.6263 0
      vertex -10.3737 -19.6263 2.3
    endloop
  endfacet
  facet normal 0.46151 0.887135 -0
    outer loop
      vertex -12.972 -20.0845 0
      vertex -13.15 -19.9919 2.3
      vertex -12.972 -20.0845 2.3
    endloop
  endfacet
  facet normal 0.46151 0.887135 0
    outer loop
      vertex -13.15 -19.9919 2.3
      vertex -12.972 -20.0845 0
      vertex -13.15 -19.9919 0
    endloop
  endfacet
  facet normal 0.923871 -0.382704 0
    outer loop
      vertex -14.1613 -17.2134 2.3
      vertex -14.0845 -17.028 0
      vertex -14.0845 -17.028 2.3
    endloop
  endfacet
  facet normal 0.923871 -0.382704 0
    outer loop
      vertex -14.0845 -17.028 0
      vertex -14.1613 -17.2134 2.3
      vertex -14.1613 -17.2134 0
    endloop
  endfacet
  facet normal 0.843148 0.537681 0
    outer loop
      vertex -13.884 -19.3192 2.3
      vertex -13.9919 -19.15 0
      vertex -13.9919 -19.15 2.3
    endloop
  endfacet
  facet normal 0.843148 0.537681 0
    outer loop
      vertex -13.9919 -19.15 0
      vertex -13.884 -19.3192 2.3
      vertex -13.884 -19.3192 0
    endloop
  endfacet
  facet normal 0.382704 0.923871 -0
    outer loop
      vertex -12.7866 -20.1613 0
      vertex -12.972 -20.0845 2.3
      vertex -12.7866 -20.1613 2.3
    endloop
  endfacet
  facet normal 0.382704 0.923871 0
    outer loop
      vertex -12.972 -20.0845 2.3
      vertex -12.7866 -20.1613 0
      vertex -12.972 -20.0845 0
    endloop
  endfacet
  facet normal -0.30063 0.953741 0
    outer loop
      vertex -11.2134 -20.1613 0
      vertex -11.4047 -20.2216 2.3
      vertex -11.2134 -20.1613 2.3
    endloop
  endfacet
  facet normal -0.30063 0.953741 0
    outer loop
      vertex -11.4047 -20.2216 2.3
      vertex -11.2134 -20.1613 0
      vertex -11.4047 -20.2216 0
    endloop
  endfacet
  facet normal 0.923871 0.382704 0
    outer loop
      vertex -14.0845 -18.972 2.3
      vertex -14.1613 -18.7866 0
      vertex -14.1613 -18.7866 2.3
    endloop
  endfacet
  facet normal 0.923871 0.382704 0
    outer loop
      vertex -14.1613 -18.7866 0
      vertex -14.0845 -18.972 2.3
      vertex -14.0845 -18.972 0
    endloop
  endfacet
  facet normal 0.887135 0.46151 0
    outer loop
      vertex -13.9919 -19.15 2.3
      vertex -14.0845 -18.972 0
      vertex -14.0845 -18.972 2.3
    endloop
  endfacet
  facet normal 0.887135 0.46151 0
    outer loop
      vertex -14.0845 -18.972 0
      vertex -13.9919 -19.15 2.3
      vertex -13.9919 -19.15 0
    endloop
  endfacet
  facet normal -0.991526 -0.129911 0
    outer loop
      vertex -10.8046 18.1046 2.3
      vertex -10.8182 18.2084 13.2
      vertex -10.8182 18.2084 2.3
    endloop
  endfacet
  facet normal -0.991526 -0.129911 0
    outer loop
      vertex -10.8182 18.2084 13.2
      vertex -10.8046 18.1046 2.3
      vertex -10.8046 18.1046 13.2
    endloop
  endfacet
  facet normal -0.999034 -0.0439346 0
    outer loop
      vertex -10.8 18 2.3
      vertex -10.8046 18.1046 13.2
      vertex -10.8046 18.1046 2.3
    endloop
  endfacet
  facet normal -0.999034 -0.0439346 0
    outer loop
      vertex -10.8046 18.1046 13.2
      vertex -10.8 18 2.3
      vertex -10.8 18 13.2
    endloop
  endfacet
  facet normal -0.97621 -0.216829 0
    outer loop
      vertex -10.8182 18.2084 2.3
      vertex -10.8409 18.3106 13.2
      vertex -10.8409 18.3106 2.3
    endloop
  endfacet
  facet normal -0.97621 -0.216829 0
    outer loop
      vertex -10.8409 18.3106 13.2
      vertex -10.8182 18.2084 2.3
      vertex -10.8182 18.2084 13.2
    endloop
  endfacet
  facet normal -0.300994 0.953626 0
    outer loop
      vertex -11.5896 16.8724 2.3
      vertex -11.6894 16.8409 13.2
      vertex -11.5896 16.8724 13.2
    endloop
  endfacet
  facet normal -0.300994 0.953626 0
    outer loop
      vertex -11.6894 16.8409 13.2
      vertex -11.5896 16.8724 2.3
      vertex -11.6894 16.8409 2.3
    endloop
  endfacet
  facet normal -0.536937 -0.843622 0
    outer loop
      vertex -11.4 19.0392 2.3
      vertex -11.3117 18.983 13.2
      vertex -11.4 19.0392 13.2
    endloop
  endfacet
  facet normal -0.536937 -0.843622 -0
    outer loop
      vertex -11.3117 18.983 13.2
      vertex -11.4 19.0392 2.3
      vertex -11.3117 18.983 2.3
    endloop
  endfacet
  facet normal -0.0439346 -0.999034 0
    outer loop
      vertex -12 19.2 2.3
      vertex -11.8954 19.1954 13.2
      vertex -12 19.2 13.2
    endloop
  endfacet
  facet normal -0.0439346 -0.999034 -0
    outer loop
      vertex -11.8954 19.1954 13.2
      vertex -12 19.2 2.3
      vertex -11.8954 19.1954 2.3
    endloop
  endfacet
  facet normal 0.129911 0.991526 -0
    outer loop
      vertex -12.1046 16.8046 2.3
      vertex -12.2084 16.8182 13.2
      vertex -12.1046 16.8046 13.2
    endloop
  endfacet
  facet normal 0.129911 0.991526 0
    outer loop
      vertex -12.2084 16.8182 13.2
      vertex -12.1046 16.8046 2.3
      vertex -12.2084 16.8182 2.3
    endloop
  endfacet
  facet normal 0.0439346 0.999034 -0
    outer loop
      vertex -12 16.8 2.3
      vertex -12.1046 16.8046 13.2
      vertex -12 16.8 13.2
    endloop
  endfacet
  facet normal 0.0439346 0.999034 0
    outer loop
      vertex -12.1046 16.8046 13.2
      vertex -12 16.8 2.3
      vertex -12.1046 16.8046 2.3
    endloop
  endfacet
  facet normal -0.843622 0.536937 0
    outer loop
      vertex -11.017 17.3117 2.3
      vertex -10.9608 17.4 13.2
      vertex -10.9608 17.4 2.3
    endloop
  endfacet
  facet normal -0.843622 0.536937 0
    outer loop
      vertex -10.9608 17.4 13.2
      vertex -11.017 17.3117 2.3
      vertex -11.017 17.3117 13.2
    endloop
  endfacet
  facet normal -0.924063 -0.382239 0
    outer loop
      vertex -10.8724 18.4104 2.3
      vertex -10.9124 18.5071 13.2
      vertex -10.9124 18.5071 2.3
    endloop
  endfacet
  facet normal -0.924063 -0.382239 0
    outer loop
      vertex -10.9124 18.5071 13.2
      vertex -10.8724 18.4104 2.3
      vertex -10.8724 18.4104 13.2
    endloop
  endfacet
  facet normal -0.991526 0.129911 0
    outer loop
      vertex -10.8182 17.7916 2.3
      vertex -10.8046 17.8954 13.2
      vertex -10.8046 17.8954 2.3
    endloop
  endfacet
  facet normal -0.991526 0.129911 0
    outer loop
      vertex -10.8046 17.8954 13.2
      vertex -10.8182 17.7916 2.3
      vertex -10.8182 17.7916 13.2
    endloop
  endfacet
  facet normal 0.216829 0.97621 -0
    outer loop
      vertex -12.2084 16.8182 2.3
      vertex -12.3106 16.8409 13.2
      vertex -12.2084 16.8182 13.2
    endloop
  endfacet
  facet normal 0.216829 0.97621 0
    outer loop
      vertex -12.3106 16.8409 13.2
      vertex -12.2084 16.8182 2.3
      vertex -12.3106 16.8409 2.3
    endloop
  endfacet
  facet normal 0.736996 0.675898 0
    outer loop
      vertex -12.8485 17.1515 13.2
      vertex -12.9193 17.2287 2.3
      vertex -12.9193 17.2287 13.2
    endloop
  endfacet
  facet normal 0.736996 0.675898 0
    outer loop
      vertex -12.9193 17.2287 2.3
      vertex -12.8485 17.1515 13.2
      vertex -12.8485 17.1515 2.3
    endloop
  endfacet
  facet normal 0.608833 -0.793299 0
    outer loop
      vertex -12.7713 18.9193 2.3
      vertex -12.6883 18.983 13.2
      vertex -12.7713 18.9193 13.2
    endloop
  endfacet
  facet normal 0.608833 -0.793299 0
    outer loop
      vertex -12.6883 18.983 13.2
      vertex -12.7713 18.9193 2.3
      vertex -12.6883 18.983 2.3
    endloop
  endfacet
  facet normal -0.608833 -0.793299 0
    outer loop
      vertex -11.3117 18.983 2.3
      vertex -11.2287 18.9193 13.2
      vertex -11.3117 18.983 13.2
    endloop
  endfacet
  facet normal -0.608833 -0.793299 -0
    outer loop
      vertex -11.2287 18.9193 13.2
      vertex -11.3117 18.983 2.3
      vertex -11.2287 18.9193 2.3
    endloop
  endfacet
  facet normal 0.999034 -0.0439346 0
    outer loop
      vertex -13.2 18 13.2
      vertex -13.1954 18.1046 2.3
      vertex -13.1954 18.1046 13.2
    endloop
  endfacet
  facet normal 0.999034 -0.0439346 0
    outer loop
      vertex -13.1954 18.1046 2.3
      vertex -13.2 18 13.2
      vertex -13.2 18 2.3
    endloop
  endfacet
  facet normal 0.0439346 -0.999034 0
    outer loop
      vertex -12.1046 19.1954 2.3
      vertex -12 19.2 13.2
      vertex -12.1046 19.1954 13.2
    endloop
  endfacet
  facet normal 0.0439346 -0.999034 0
    outer loop
      vertex -12 19.2 13.2
      vertex -12.1046 19.1954 2.3
      vertex -12 19.2 2.3
    endloop
  endfacet
  facet normal 0.300994 -0.953626 0
    outer loop
      vertex -12.4104 19.1276 2.3
      vertex -12.3106 19.1591 13.2
      vertex -12.4104 19.1276 13.2
    endloop
  endfacet
  facet normal 0.300994 -0.953626 0
    outer loop
      vertex -12.3106 19.1591 13.2
      vertex -12.4104 19.1276 2.3
      vertex -12.3106 19.1591 2.3
    endloop
  endfacet
  facet normal -0.382239 0.924063 0
    outer loop
      vertex -11.4929 16.9124 2.3
      vertex -11.5896 16.8724 13.2
      vertex -11.4929 16.9124 13.2
    endloop
  endfacet
  facet normal -0.382239 0.924063 0
    outer loop
      vertex -11.5896 16.8724 13.2
      vertex -11.4929 16.9124 2.3
      vertex -11.5896 16.8724 2.3
    endloop
  endfacet
  facet normal -0.0439346 0.999034 0
    outer loop
      vertex -11.8954 16.8046 2.3
      vertex -12 16.8 13.2
      vertex -11.8954 16.8046 13.2
    endloop
  endfacet
  facet normal -0.0439346 0.999034 0
    outer loop
      vertex -12 16.8 13.2
      vertex -11.8954 16.8046 2.3
      vertex -12 16.8 2.3
    endloop
  endfacet
  facet normal -0.462044 -0.886857 0
    outer loop
      vertex -11.4929 19.0876 2.3
      vertex -11.4 19.0392 13.2
      vertex -11.4929 19.0876 13.2
    endloop
  endfacet
  facet normal -0.462044 -0.886857 -0
    outer loop
      vertex -11.4 19.0392 13.2
      vertex -11.4929 19.0876 2.3
      vertex -11.4 19.0392 2.3
    endloop
  endfacet
  facet normal 0.886857 -0.462044 0
    outer loop
      vertex -13.0876 18.5071 13.2
      vertex -13.0392 18.6 2.3
      vertex -13.0392 18.6 13.2
    endloop
  endfacet
  facet normal 0.886857 -0.462044 0
    outer loop
      vertex -13.0392 18.6 2.3
      vertex -13.0876 18.5071 13.2
      vertex -13.0876 18.5071 2.3
    endloop
  endfacet
  facet normal -0.675898 -0.736996 0
    outer loop
      vertex -11.2287 18.9193 2.3
      vertex -11.1515 18.8485 13.2
      vertex -11.2287 18.9193 13.2
    endloop
  endfacet
  facet normal -0.675898 -0.736996 -0
    outer loop
      vertex -11.1515 18.8485 13.2
      vertex -11.2287 18.9193 2.3
      vertex -11.1515 18.8485 2.3
    endloop
  endfacet
  facet normal -0.216829 -0.97621 0
    outer loop
      vertex -11.7916 19.1818 2.3
      vertex -11.6894 19.1591 13.2
      vertex -11.7916 19.1818 13.2
    endloop
  endfacet
  facet normal -0.216829 -0.97621 -0
    outer loop
      vertex -11.6894 19.1591 13.2
      vertex -11.7916 19.1818 2.3
      vertex -11.6894 19.1591 2.3
    endloop
  endfacet
  facet normal 0.924063 -0.382239 0
    outer loop
      vertex -13.1276 18.4104 13.2
      vertex -13.0876 18.5071 2.3
      vertex -13.0876 18.5071 13.2
    endloop
  endfacet
  facet normal 0.924063 -0.382239 0
    outer loop
      vertex -13.0876 18.5071 2.3
      vertex -13.1276 18.4104 13.2
      vertex -13.1276 18.4104 2.3
    endloop
  endfacet
  facet normal 0.793299 -0.608833 0
    outer loop
      vertex -12.983 18.6883 13.2
      vertex -12.9193 18.7713 2.3
      vertex -12.9193 18.7713 13.2
    endloop
  endfacet
  facet normal 0.793299 -0.608833 0
    outer loop
      vertex -12.9193 18.7713 2.3
      vertex -12.983 18.6883 13.2
      vertex -12.983 18.6883 2.3
    endloop
  endfacet
  facet normal 0.382239 -0.924063 0
    outer loop
      vertex -12.5071 19.0876 2.3
      vertex -12.4104 19.1276 13.2
      vertex -12.5071 19.0876 13.2
    endloop
  endfacet
  facet normal 0.382239 -0.924063 0
    outer loop
      vertex -12.4104 19.1276 13.2
      vertex -12.5071 19.0876 2.3
      vertex -12.4104 19.1276 2.3
    endloop
  endfacet
  facet normal -0.953626 0.300994 0
    outer loop
      vertex -10.8724 17.5896 2.3
      vertex -10.8409 17.6894 13.2
      vertex -10.8409 17.6894 2.3
    endloop
  endfacet
  facet normal -0.953626 0.300994 0
    outer loop
      vertex -10.8409 17.6894 13.2
      vertex -10.8724 17.5896 2.3
      vertex -10.8724 17.5896 13.2
    endloop
  endfacet
  facet normal -0.129911 0.991526 0
    outer loop
      vertex -11.7916 16.8182 2.3
      vertex -11.8954 16.8046 13.2
      vertex -11.7916 16.8182 13.2
    endloop
  endfacet
  facet normal -0.129911 0.991526 0
    outer loop
      vertex -11.8954 16.8046 13.2
      vertex -11.7916 16.8182 2.3
      vertex -11.8954 16.8046 2.3
    endloop
  endfacet
  facet normal -0.793299 0.608833 0
    outer loop
      vertex -11.0807 17.2287 2.3
      vertex -11.017 17.3117 13.2
      vertex -11.017 17.3117 2.3
    endloop
  endfacet
  facet normal -0.793299 0.608833 0
    outer loop
      vertex -11.017 17.3117 13.2
      vertex -11.0807 17.2287 2.3
      vertex -11.0807 17.2287 13.2
    endloop
  endfacet
  facet normal -0.793299 -0.608833 0
    outer loop
      vertex -11.017 18.6883 2.3
      vertex -11.0807 18.7713 13.2
      vertex -11.0807 18.7713 2.3
    endloop
  endfacet
  facet normal -0.793299 -0.608833 0
    outer loop
      vertex -11.0807 18.7713 13.2
      vertex -11.017 18.6883 2.3
      vertex -11.017 18.6883 13.2
    endloop
  endfacet
  facet normal 0.675898 -0.736996 0
    outer loop
      vertex -12.8485 18.8485 2.3
      vertex -12.7713 18.9193 13.2
      vertex -12.8485 18.8485 13.2
    endloop
  endfacet
  facet normal 0.675898 -0.736996 0
    outer loop
      vertex -12.7713 18.9193 13.2
      vertex -12.8485 18.8485 2.3
      vertex -12.7713 18.9193 2.3
    endloop
  endfacet
  facet normal -0.999034 0.0439346 0
    outer loop
      vertex -10.8046 17.8954 2.3
      vertex -10.8 18 13.2
      vertex -10.8 18 2.3
    endloop
  endfacet
  facet normal -0.999034 0.0439346 0
    outer loop
      vertex -10.8 18 13.2
      vertex -10.8046 17.8954 2.3
      vertex -10.8046 17.8954 13.2
    endloop
  endfacet
  facet normal 0.999034 0.0439346 0
    outer loop
      vertex -13.1954 17.8954 13.2
      vertex -13.2 18 2.3
      vertex -13.2 18 13.2
    endloop
  endfacet
  facet normal 0.999034 0.0439346 0
    outer loop
      vertex -13.2 18 2.3
      vertex -13.1954 17.8954 13.2
      vertex -13.1954 17.8954 2.3
    endloop
  endfacet
  facet normal -0.886857 -0.462044 0
    outer loop
      vertex -10.9124 18.5071 2.3
      vertex -10.9608 18.6 13.2
      vertex -10.9608 18.6 2.3
    endloop
  endfacet
  facet normal -0.886857 -0.462044 0
    outer loop
      vertex -10.9608 18.6 13.2
      vertex -10.9124 18.5071 2.3
      vertex -10.9124 18.5071 13.2
    endloop
  endfacet
  facet normal -0.129911 -0.991526 0
    outer loop
      vertex -11.8954 19.1954 2.3
      vertex -11.7916 19.1818 13.2
      vertex -11.8954 19.1954 13.2
    endloop
  endfacet
  facet normal -0.129911 -0.991526 -0
    outer loop
      vertex -11.7916 19.1818 13.2
      vertex -11.8954 19.1954 2.3
      vertex -11.7916 19.1818 2.3
    endloop
  endfacet
  facet normal -0.382239 -0.924063 0
    outer loop
      vertex -11.5896 19.1276 2.3
      vertex -11.4929 19.0876 13.2
      vertex -11.5896 19.1276 13.2
    endloop
  endfacet
  facet normal -0.382239 -0.924063 -0
    outer loop
      vertex -11.4929 19.0876 13.2
      vertex -11.5896 19.1276 2.3
      vertex -11.4929 19.0876 2.3
    endloop
  endfacet
  facet normal -0.736996 -0.675898 0
    outer loop
      vertex -11.0807 18.7713 2.3
      vertex -11.1515 18.8485 13.2
      vertex -11.1515 18.8485 2.3
    endloop
  endfacet
  facet normal -0.736996 -0.675898 0
    outer loop
      vertex -11.1515 18.8485 13.2
      vertex -11.0807 18.7713 2.3
      vertex -11.0807 18.7713 13.2
    endloop
  endfacet
  facet normal -0.462044 0.886857 0
    outer loop
      vertex -11.4 16.9608 2.3
      vertex -11.4929 16.9124 13.2
      vertex -11.4 16.9608 13.2
    endloop
  endfacet
  facet normal -0.462044 0.886857 0
    outer loop
      vertex -11.4929 16.9124 13.2
      vertex -11.4 16.9608 2.3
      vertex -11.4929 16.9124 2.3
    endloop
  endfacet
  facet normal -0.300994 -0.953626 0
    outer loop
      vertex -11.6894 19.1591 2.3
      vertex -11.5896 19.1276 13.2
      vertex -11.6894 19.1591 13.2
    endloop
  endfacet
  facet normal -0.300994 -0.953626 -0
    outer loop
      vertex -11.5896 19.1276 13.2
      vertex -11.6894 19.1591 2.3
      vertex -11.5896 19.1276 2.3
    endloop
  endfacet
  facet normal 0.991526 0.129911 0
    outer loop
      vertex -13.1818 17.7916 13.2
      vertex -13.1954 17.8954 2.3
      vertex -13.1954 17.8954 13.2
    endloop
  endfacet
  facet normal 0.991526 0.129911 0
    outer loop
      vertex -13.1954 17.8954 2.3
      vertex -13.1818 17.7916 13.2
      vertex -13.1818 17.7916 2.3
    endloop
  endfacet
  facet normal -0.536937 0.843622 0
    outer loop
      vertex -11.3117 17.017 2.3
      vertex -11.4 16.9608 13.2
      vertex -11.3117 17.017 13.2
    endloop
  endfacet
  facet normal -0.536937 0.843622 0
    outer loop
      vertex -11.4 16.9608 13.2
      vertex -11.3117 17.017 2.3
      vertex -11.4 16.9608 2.3
    endloop
  endfacet
  facet normal 0.536937 -0.843622 0
    outer loop
      vertex -12.6883 18.983 2.3
      vertex -12.6 19.0392 13.2
      vertex -12.6883 18.983 13.2
    endloop
  endfacet
  facet normal 0.536937 -0.843622 0
    outer loop
      vertex -12.6 19.0392 13.2
      vertex -12.6883 18.983 2.3
      vertex -12.6 19.0392 2.3
    endloop
  endfacet
  facet normal -0.924063 0.382239 0
    outer loop
      vertex -10.9124 17.4929 2.3
      vertex -10.8724 17.5896 13.2
      vertex -10.8724 17.5896 2.3
    endloop
  endfacet
  facet normal -0.924063 0.382239 0
    outer loop
      vertex -10.8724 17.5896 13.2
      vertex -10.9124 17.4929 2.3
      vertex -10.9124 17.4929 13.2
    endloop
  endfacet
  facet normal 0.843622 0.536937 0
    outer loop
      vertex -12.983 17.3117 13.2
      vertex -13.0392 17.4 2.3
      vertex -13.0392 17.4 13.2
    endloop
  endfacet
  facet normal 0.843622 0.536937 0
    outer loop
      vertex -13.0392 17.4 2.3
      vertex -12.983 17.3117 13.2
      vertex -12.983 17.3117 2.3
    endloop
  endfacet
  facet normal -0.886857 0.462044 0
    outer loop
      vertex -10.9608 17.4 2.3
      vertex -10.9124 17.4929 13.2
      vertex -10.9124 17.4929 2.3
    endloop
  endfacet
  facet normal -0.886857 0.462044 0
    outer loop
      vertex -10.9124 17.4929 13.2
      vertex -10.9608 17.4 2.3
      vertex -10.9608 17.4 13.2
    endloop
  endfacet
  facet normal -0.843622 -0.536937 0
    outer loop
      vertex -10.9608 18.6 2.3
      vertex -11.017 18.6883 13.2
      vertex -11.017 18.6883 2.3
    endloop
  endfacet
  facet normal -0.843622 -0.536937 0
    outer loop
      vertex -11.017 18.6883 13.2
      vertex -10.9608 18.6 2.3
      vertex -10.9608 18.6 13.2
    endloop
  endfacet
  facet normal 0.953626 -0.300994 0
    outer loop
      vertex -13.1591 18.3106 13.2
      vertex -13.1276 18.4104 2.3
      vertex -13.1276 18.4104 13.2
    endloop
  endfacet
  facet normal 0.953626 -0.300994 0
    outer loop
      vertex -13.1276 18.4104 2.3
      vertex -13.1591 18.3106 13.2
      vertex -13.1591 18.3106 2.3
    endloop
  endfacet
  facet normal -0.97621 0.216829 0
    outer loop
      vertex -10.8409 17.6894 2.3
      vertex -10.8182 17.7916 13.2
      vertex -10.8182 17.7916 2.3
    endloop
  endfacet
  facet normal -0.97621 0.216829 0
    outer loop
      vertex -10.8182 17.7916 13.2
      vertex -10.8409 17.6894 2.3
      vertex -10.8409 17.6894 13.2
    endloop
  endfacet
  facet normal 0.382239 0.924063 -0
    outer loop
      vertex -12.4104 16.8724 2.3
      vertex -12.5071 16.9124 13.2
      vertex -12.4104 16.8724 13.2
    endloop
  endfacet
  facet normal 0.382239 0.924063 0
    outer loop
      vertex -12.5071 16.9124 13.2
      vertex -12.4104 16.8724 2.3
      vertex -12.5071 16.9124 2.3
    endloop
  endfacet
  facet normal 0.216829 -0.97621 0
    outer loop
      vertex -12.3106 19.1591 2.3
      vertex -12.2084 19.1818 13.2
      vertex -12.3106 19.1591 13.2
    endloop
  endfacet
  facet normal 0.216829 -0.97621 0
    outer loop
      vertex -12.2084 19.1818 13.2
      vertex -12.3106 19.1591 2.3
      vertex -12.2084 19.1818 2.3
    endloop
  endfacet
  facet normal 0.129911 -0.991526 0
    outer loop
      vertex -12.2084 19.1818 2.3
      vertex -12.1046 19.1954 13.2
      vertex -12.2084 19.1818 13.2
    endloop
  endfacet
  facet normal 0.129911 -0.991526 0
    outer loop
      vertex -12.1046 19.1954 13.2
      vertex -12.2084 19.1818 2.3
      vertex -12.1046 19.1954 2.3
    endloop
  endfacet
  facet normal 0.675898 0.736996 -0
    outer loop
      vertex -12.7713 17.0807 2.3
      vertex -12.8485 17.1515 13.2
      vertex -12.7713 17.0807 13.2
    endloop
  endfacet
  facet normal 0.675898 0.736996 0
    outer loop
      vertex -12.8485 17.1515 13.2
      vertex -12.7713 17.0807 2.3
      vertex -12.8485 17.1515 2.3
    endloop
  endfacet
  facet normal 0.886857 0.462044 0
    outer loop
      vertex -13.0392 17.4 13.2
      vertex -13.0876 17.4929 2.3
      vertex -13.0876 17.4929 13.2
    endloop
  endfacet
  facet normal 0.886857 0.462044 0
    outer loop
      vertex -13.0876 17.4929 2.3
      vertex -13.0392 17.4 13.2
      vertex -13.0392 17.4 2.3
    endloop
  endfacet
  facet normal 0.924063 0.382239 0
    outer loop
      vertex -13.0876 17.4929 13.2
      vertex -13.1276 17.5896 2.3
      vertex -13.1276 17.5896 13.2
    endloop
  endfacet
  facet normal 0.924063 0.382239 0
    outer loop
      vertex -13.1276 17.5896 2.3
      vertex -13.0876 17.4929 13.2
      vertex -13.0876 17.4929 2.3
    endloop
  endfacet
  facet normal -0.736996 0.675898 0
    outer loop
      vertex -11.1515 17.1515 2.3
      vertex -11.0807 17.2287 13.2
      vertex -11.0807 17.2287 2.3
    endloop
  endfacet
  facet normal -0.736996 0.675898 0
    outer loop
      vertex -11.0807 17.2287 13.2
      vertex -11.1515 17.1515 2.3
      vertex -11.1515 17.1515 13.2
    endloop
  endfacet
  facet normal 0.793299 0.608833 0
    outer loop
      vertex -12.9193 17.2287 13.2
      vertex -12.983 17.3117 2.3
      vertex -12.983 17.3117 13.2
    endloop
  endfacet
  facet normal 0.793299 0.608833 0
    outer loop
      vertex -12.983 17.3117 2.3
      vertex -12.9193 17.2287 13.2
      vertex -12.9193 17.2287 2.3
    endloop
  endfacet
  facet normal 0.953626 0.300994 0
    outer loop
      vertex -13.1276 17.5896 13.2
      vertex -13.1591 17.6894 2.3
      vertex -13.1591 17.6894 13.2
    endloop
  endfacet
  facet normal 0.953626 0.300994 0
    outer loop
      vertex -13.1591 17.6894 2.3
      vertex -13.1276 17.5896 13.2
      vertex -13.1276 17.5896 2.3
    endloop
  endfacet
  facet normal -0.953626 -0.300994 0
    outer loop
      vertex -10.8409 18.3106 2.3
      vertex -10.8724 18.4104 13.2
      vertex -10.8724 18.4104 2.3
    endloop
  endfacet
  facet normal -0.953626 -0.300994 0
    outer loop
      vertex -10.8724 18.4104 13.2
      vertex -10.8409 18.3106 2.3
      vertex -10.8409 18.3106 13.2
    endloop
  endfacet
  facet normal 0.300994 0.953626 -0
    outer loop
      vertex -12.3106 16.8409 2.3
      vertex -12.4104 16.8724 13.2
      vertex -12.3106 16.8409 13.2
    endloop
  endfacet
  facet normal 0.300994 0.953626 0
    outer loop
      vertex -12.4104 16.8724 13.2
      vertex -12.3106 16.8409 2.3
      vertex -12.4104 16.8724 2.3
    endloop
  endfacet
  facet normal 0.97621 0.216829 0
    outer loop
      vertex -13.1591 17.6894 13.2
      vertex -13.1818 17.7916 2.3
      vertex -13.1818 17.7916 13.2
    endloop
  endfacet
  facet normal 0.97621 0.216829 0
    outer loop
      vertex -13.1818 17.7916 2.3
      vertex -13.1591 17.6894 13.2
      vertex -13.1591 17.6894 2.3
    endloop
  endfacet
  facet normal 0.843622 -0.536937 0
    outer loop
      vertex -13.0392 18.6 13.2
      vertex -12.983 18.6883 2.3
      vertex -12.983 18.6883 13.2
    endloop
  endfacet
  facet normal 0.843622 -0.536937 0
    outer loop
      vertex -12.983 18.6883 2.3
      vertex -13.0392 18.6 13.2
      vertex -13.0392 18.6 2.3
    endloop
  endfacet
  facet normal 0.736996 -0.675898 0
    outer loop
      vertex -12.9193 18.7713 13.2
      vertex -12.8485 18.8485 2.3
      vertex -12.8485 18.8485 13.2
    endloop
  endfacet
  facet normal 0.736996 -0.675898 0
    outer loop
      vertex -12.8485 18.8485 2.3
      vertex -12.9193 18.7713 13.2
      vertex -12.9193 18.7713 2.3
    endloop
  endfacet
  facet normal 0.462044 -0.886857 0
    outer loop
      vertex -12.6 19.0392 2.3
      vertex -12.5071 19.0876 13.2
      vertex -12.6 19.0392 13.2
    endloop
  endfacet
  facet normal 0.462044 -0.886857 0
    outer loop
      vertex -12.5071 19.0876 13.2
      vertex -12.6 19.0392 2.3
      vertex -12.5071 19.0876 2.3
    endloop
  endfacet
  facet normal -0.608833 0.793299 0
    outer loop
      vertex -11.2287 17.0807 2.3
      vertex -11.3117 17.017 13.2
      vertex -11.2287 17.0807 13.2
    endloop
  endfacet
  facet normal -0.608833 0.793299 0
    outer loop
      vertex -11.3117 17.017 13.2
      vertex -11.2287 17.0807 2.3
      vertex -11.3117 17.017 2.3
    endloop
  endfacet
  facet normal 0.536937 0.843622 -0
    outer loop
      vertex -12.6 16.9608 2.3
      vertex -12.6883 17.017 13.2
      vertex -12.6 16.9608 13.2
    endloop
  endfacet
  facet normal 0.536937 0.843622 0
    outer loop
      vertex -12.6883 17.017 13.2
      vertex -12.6 16.9608 2.3
      vertex -12.6883 17.017 2.3
    endloop
  endfacet
  facet normal 0.97621 -0.216829 0
    outer loop
      vertex -13.1818 18.2084 13.2
      vertex -13.1591 18.3106 2.3
      vertex -13.1591 18.3106 13.2
    endloop
  endfacet
  facet normal 0.97621 -0.216829 0
    outer loop
      vertex -13.1591 18.3106 2.3
      vertex -13.1818 18.2084 13.2
      vertex -13.1818 18.2084 2.3
    endloop
  endfacet
  facet normal -0.216829 0.97621 0
    outer loop
      vertex -11.6894 16.8409 2.3
      vertex -11.7916 16.8182 13.2
      vertex -11.6894 16.8409 13.2
    endloop
  endfacet
  facet normal -0.216829 0.97621 0
    outer loop
      vertex -11.7916 16.8182 13.2
      vertex -11.6894 16.8409 2.3
      vertex -11.7916 16.8182 2.3
    endloop
  endfacet
  facet normal 0.991526 -0.129911 0
    outer loop
      vertex -13.1954 18.1046 13.2
      vertex -13.1818 18.2084 2.3
      vertex -13.1818 18.2084 13.2
    endloop
  endfacet
  facet normal 0.991526 -0.129911 0
    outer loop
      vertex -13.1818 18.2084 2.3
      vertex -13.1954 18.1046 13.2
      vertex -13.1954 18.1046 2.3
    endloop
  endfacet
  facet normal -0.675898 0.736996 0
    outer loop
      vertex -11.1515 17.1515 2.3
      vertex -11.2287 17.0807 13.2
      vertex -11.1515 17.1515 13.2
    endloop
  endfacet
  facet normal -0.675898 0.736996 0
    outer loop
      vertex -11.2287 17.0807 13.2
      vertex -11.1515 17.1515 2.3
      vertex -11.2287 17.0807 2.3
    endloop
  endfacet
  facet normal 0.462044 0.886857 -0
    outer loop
      vertex -12.5071 16.9124 2.3
      vertex -12.6 16.9608 13.2
      vertex -12.5071 16.9124 13.2
    endloop
  endfacet
  facet normal 0.462044 0.886857 0
    outer loop
      vertex -12.6 16.9608 13.2
      vertex -12.5071 16.9124 2.3
      vertex -12.6 16.9608 2.3
    endloop
  endfacet
  facet normal 0.608833 0.793299 -0
    outer loop
      vertex -12.6883 17.017 2.3
      vertex -12.7713 17.0807 13.2
      vertex -12.6883 17.017 13.2
    endloop
  endfacet
  facet normal 0.608833 0.793299 0
    outer loop
      vertex -12.7713 17.0807 13.2
      vertex -12.6883 17.017 2.3
      vertex -12.7713 17.0807 2.3
    endloop
  endfacet
  facet normal 0.130106 -0.9915 0
    outer loop
      vertex -12.3994 20.2651 0
      vertex -12.2005 20.2912 2.3
      vertex -12.3994 20.2651 2.3
    endloop
  endfacet
  facet normal 0.130106 -0.9915 0
    outer loop
      vertex -12.2005 20.2912 2.3
      vertex -12.3994 20.2651 0
      vertex -12.2005 20.2912 0
    endloop
  endfacet
  facet normal -0.991442 -0.130547 0
    outer loop
      vertex -9.70875 18.2005 0
      vertex -9.73494 18.3994 2.3
      vertex -9.73494 18.3994 0
    endloop
  endfacet
  facet normal -0.991442 -0.130547 0
    outer loop
      vertex -9.73494 18.3994 2.3
      vertex -9.70875 18.2005 0
      vertex -9.70875 18.2005 2.3
    endloop
  endfacet
  facet normal -0.999049 -0.0435994 0
    outer loop
      vertex -9.7 18 0
      vertex -9.70875 18.2005 2.3
      vertex -9.70875 18.2005 0
    endloop
  endfacet
  facet normal -0.999049 -0.0435994 0
    outer loop
      vertex -9.70875 18.2005 2.3
      vertex -9.7 18 0
      vertex -9.7 18 2.3
    endloop
  endfacet
  facet normal -0.976296 -0.21644 0
    outer loop
      vertex -9.73494 18.3994 0
      vertex -9.77837 18.5953 2.3
      vertex -9.77837 18.5953 0
    endloop
  endfacet
  facet normal -0.976296 -0.21644 0
    outer loop
      vertex -9.77837 18.5953 2.3
      vertex -9.73494 18.3994 0
      vertex -9.73494 18.3994 2.3
    endloop
  endfacet
  facet normal -0.999049 0.0435994 0
    outer loop
      vertex -9.70875 17.7995 0
      vertex -9.7 18 2.3
      vertex -9.7 18 0
    endloop
  endfacet
  facet normal -0.999049 0.0435994 0
    outer loop
      vertex -9.7 18 2.3
      vertex -9.70875 17.7995 0
      vertex -9.70875 17.7995 2.3
    endloop
  endfacet
  facet normal 0.608578 0.793494 -0
    outer loop
      vertex -13.3192 16.116 0
      vertex -13.4784 16.2381 2.3
      vertex -13.3192 16.116 2.3
    endloop
  endfacet
  facet normal 0.608578 0.793494 0
    outer loop
      vertex -13.4784 16.2381 2.3
      vertex -13.3192 16.116 0
      vertex -13.4784 16.2381 0
    endloop
  endfacet
  facet normal 0.953741 -0.30063 0
    outer loop
      vertex -14.2216 18.5953 2.3
      vertex -14.1613 18.7866 0
      vertex -14.1613 18.7866 2.3
    endloop
  endfacet
  facet normal 0.953741 -0.30063 0
    outer loop
      vertex -14.1613 18.7866 0
      vertex -14.2216 18.5953 2.3
      vertex -14.2216 18.5953 0
    endloop
  endfacet
  facet normal -0.675792 -0.737092 0
    outer loop
      vertex -10.5216 19.7619 0
      vertex -10.3737 19.6263 2.3
      vertex -10.5216 19.7619 2.3
    endloop
  endfacet
  facet normal -0.675792 -0.737092 -0
    outer loop
      vertex -10.3737 19.6263 2.3
      vertex -10.5216 19.7619 0
      vertex -10.3737 19.6263 0
    endloop
  endfacet
  facet normal 0.953741 0.30063 0
    outer loop
      vertex -14.1613 17.2134 2.3
      vertex -14.2216 17.4047 0
      vertex -14.2216 17.4047 2.3
    endloop
  endfacet
  facet normal 0.953741 0.30063 0
    outer loop
      vertex -14.2216 17.4047 0
      vertex -14.1613 17.2134 2.3
      vertex -14.1613 17.2134 0
    endloop
  endfacet
  facet normal 0.793494 0.608578 0
    outer loop
      vertex -13.7619 16.5216 2.3
      vertex -13.884 16.6808 0
      vertex -13.884 16.6808 2.3
    endloop
  endfacet
  facet normal 0.793494 0.608578 0
    outer loop
      vertex -13.884 16.6808 0
      vertex -13.7619 16.5216 2.3
      vertex -13.7619 16.5216 0
    endloop
  endfacet
  facet normal -0.382704 -0.923871 0
    outer loop
      vertex -11.2134 20.1613 0
      vertex -11.028 20.0845 2.3
      vertex -11.2134 20.1613 2.3
    endloop
  endfacet
  facet normal -0.382704 -0.923871 -0
    outer loop
      vertex -11.028 20.0845 2.3
      vertex -11.2134 20.1613 0
      vertex -11.028 20.0845 0
    endloop
  endfacet
  facet normal -0.843148 0.537681 0
    outer loop
      vertex -10.116 16.6808 0
      vertex -10.0081 16.85 2.3
      vertex -10.0081 16.85 0
    endloop
  endfacet
  facet normal -0.843148 0.537681 0
    outer loop
      vertex -10.0081 16.85 2.3
      vertex -10.116 16.6808 0
      vertex -10.116 16.6808 2.3
    endloop
  endfacet
  facet normal -0.737092 -0.675792 0
    outer loop
      vertex -10.2381 19.4784 0
      vertex -10.3737 19.6263 2.3
      vertex -10.3737 19.6263 0
    endloop
  endfacet
  facet normal -0.737092 -0.675792 0
    outer loop
      vertex -10.3737 19.6263 2.3
      vertex -10.2381 19.4784 0
      vertex -10.2381 19.4784 2.3
    endloop
  endfacet
  facet normal -0.793494 -0.608578 0
    outer loop
      vertex -10.116 19.3192 0
      vertex -10.2381 19.4784 2.3
      vertex -10.2381 19.4784 0
    endloop
  endfacet
  facet normal -0.793494 -0.608578 0
    outer loop
      vertex -10.2381 19.4784 2.3
      vertex -10.116 19.3192 0
      vertex -10.116 19.3192 2.3
    endloop
  endfacet
  facet normal -0.537681 -0.843148 0
    outer loop
      vertex -10.85 19.9919 0
      vertex -10.6808 19.884 2.3
      vertex -10.85 19.9919 2.3
    endloop
  endfacet
  facet normal -0.537681 -0.843148 -0
    outer loop
      vertex -10.6808 19.884 2.3
      vertex -10.85 19.9919 0
      vertex -10.6808 19.884 0
    endloop
  endfacet
  facet normal -0.216772 -0.976222 0
    outer loop
      vertex -11.6006 20.2651 0
      vertex -11.4047 20.2216 2.3
      vertex -11.6006 20.2651 2.3
    endloop
  endfacet
  facet normal -0.216772 -0.976222 -0
    outer loop
      vertex -11.4047 20.2216 2.3
      vertex -11.6006 20.2651 0
      vertex -11.4047 20.2216 0
    endloop
  endfacet
  facet normal 0.0438481 0.999038 -0
    outer loop
      vertex -12 15.7 0
      vertex -12.2005 15.7088 2.3
      vertex -12 15.7 2.3
    endloop
  endfacet
  facet normal 0.0438481 0.999038 0
    outer loop
      vertex -12.2005 15.7088 2.3
      vertex -12 15.7 0
      vertex -12.2005 15.7088 0
    endloop
  endfacet
  facet normal 0.216772 -0.976222 0
    outer loop
      vertex -12.5953 20.2216 0
      vertex -12.3994 20.2651 2.3
      vertex -12.5953 20.2216 2.3
    endloop
  endfacet
  facet normal 0.216772 -0.976222 0
    outer loop
      vertex -12.3994 20.2651 2.3
      vertex -12.5953 20.2216 0
      vertex -12.3994 20.2651 0
    endloop
  endfacet
  facet normal 0.793494 -0.608578 0
    outer loop
      vertex -13.884 19.3192 2.3
      vertex -13.7619 19.4784 0
      vertex -13.7619 19.4784 2.3
    endloop
  endfacet
  facet normal 0.793494 -0.608578 0
    outer loop
      vertex -13.7619 19.4784 0
      vertex -13.884 19.3192 2.3
      vertex -13.884 19.3192 0
    endloop
  endfacet
  facet normal 0.9915 0.130106 0
    outer loop
      vertex -14.2651 17.6006 2.3
      vertex -14.2912 17.7995 0
      vertex -14.2912 17.7995 2.3
    endloop
  endfacet
  facet normal 0.9915 0.130106 0
    outer loop
      vertex -14.2912 17.7995 0
      vertex -14.2651 17.6006 2.3
      vertex -14.2651 17.6006 0
    endloop
  endfacet
  facet normal 0.46151 -0.887135 0
    outer loop
      vertex -13.15 19.9919 0
      vertex -12.972 20.0845 2.3
      vertex -13.15 19.9919 2.3
    endloop
  endfacet
  facet normal 0.46151 -0.887135 0
    outer loop
      vertex -12.972 20.0845 2.3
      vertex -13.15 19.9919 0
      vertex -12.972 20.0845 0
    endloop
  endfacet
  facet normal -0.46151 0.887135 0
    outer loop
      vertex -10.85 16.0081 0
      vertex -11.028 15.9155 2.3
      vertex -10.85 16.0081 2.3
    endloop
  endfacet
  facet normal -0.46151 0.887135 0
    outer loop
      vertex -11.028 15.9155 2.3
      vertex -10.85 16.0081 0
      vertex -11.028 15.9155 0
    endloop
  endfacet
  facet normal -0.608578 -0.793494 0
    outer loop
      vertex -10.6808 19.884 0
      vertex -10.5216 19.7619 2.3
      vertex -10.6808 19.884 2.3
    endloop
  endfacet
  facet normal -0.608578 -0.793494 -0
    outer loop
      vertex -10.5216 19.7619 2.3
      vertex -10.6808 19.884 0
      vertex -10.5216 19.7619 0
    endloop
  endfacet
  facet normal -0.991442 0.130547 0
    outer loop
      vertex -9.73494 17.6006 0
      vertex -9.70875 17.7995 2.3
      vertex -9.70875 17.7995 0
    endloop
  endfacet
  facet normal -0.991442 0.130547 0
    outer loop
      vertex -9.70875 17.7995 2.3
      vertex -9.73494 17.6006 0
      vertex -9.73494 17.6006 2.3
    endloop
  endfacet
  facet normal -0.923906 0.382619 0
    outer loop
      vertex -9.91549 17.028 0
      vertex -9.83871 17.2134 2.3
      vertex -9.83871 17.2134 0
    endloop
  endfacet
  facet normal -0.923906 0.382619 0
    outer loop
      vertex -9.83871 17.2134 2.3
      vertex -9.91549 17.028 0
      vertex -9.91549 17.028 2.3
    endloop
  endfacet
  facet normal -0.30063 -0.953741 0
    outer loop
      vertex -11.4047 20.2216 0
      vertex -11.2134 20.1613 2.3
      vertex -11.4047 20.2216 2.3
    endloop
  endfacet
  facet normal -0.30063 -0.953741 -0
    outer loop
      vertex -11.2134 20.1613 2.3
      vertex -11.4047 20.2216 0
      vertex -11.2134 20.1613 0
    endloop
  endfacet
  facet normal 0.0438481 -0.999038 0
    outer loop
      vertex -12.2005 20.2912 0
      vertex -12 20.3 2.3
      vertex -12.2005 20.2912 2.3
    endloop
  endfacet
  facet normal 0.0438481 -0.999038 0
    outer loop
      vertex -12 20.3 2.3
      vertex -12.2005 20.2912 0
      vertex -12 20.3 0
    endloop
  endfacet
  facet normal 0.737092 0.675792 0
    outer loop
      vertex -13.6263 16.3737 2.3
      vertex -13.7619 16.5216 0
      vertex -13.7619 16.5216 2.3
    endloop
  endfacet
  facet normal 0.737092 0.675792 0
    outer loop
      vertex -13.7619 16.5216 0
      vertex -13.6263 16.3737 2.3
      vertex -13.6263 16.3737 0
    endloop
  endfacet
  facet normal 0.887135 -0.46151 0
    outer loop
      vertex -14.0845 18.972 2.3
      vertex -13.9919 19.15 0
      vertex -13.9919 19.15 2.3
    endloop
  endfacet
  facet normal 0.887135 -0.46151 0
    outer loop
      vertex -13.9919 19.15 0
      vertex -14.0845 18.972 2.3
      vertex -14.0845 18.972 0
    endloop
  endfacet
  facet normal -0.216772 0.976222 0
    outer loop
      vertex -11.4047 15.7784 0
      vertex -11.6006 15.7349 2.3
      vertex -11.4047 15.7784 2.3
    endloop
  endfacet
  facet normal -0.216772 0.976222 0
    outer loop
      vertex -11.6006 15.7349 2.3
      vertex -11.4047 15.7784 0
      vertex -11.6006 15.7349 0
    endloop
  endfacet
  facet normal -0.130106 0.9915 0
    outer loop
      vertex -11.6006 15.7349 0
      vertex -11.7995 15.7088 2.3
      vertex -11.6006 15.7349 2.3
    endloop
  endfacet
  facet normal -0.130106 0.9915 0
    outer loop
      vertex -11.7995 15.7088 2.3
      vertex -11.6006 15.7349 0
      vertex -11.7995 15.7088 0
    endloop
  endfacet
  facet normal -0.46151 -0.887135 0
    outer loop
      vertex -11.028 20.0845 0
      vertex -10.85 19.9919 2.3
      vertex -11.028 20.0845 2.3
    endloop
  endfacet
  facet normal -0.46151 -0.887135 -0
    outer loop
      vertex -10.85 19.9919 2.3
      vertex -11.028 20.0845 0
      vertex -10.85 19.9919 0
    endloop
  endfacet
  facet normal -0.0438481 -0.999038 0
    outer loop
      vertex -12 20.3 0
      vertex -11.7995 20.2912 2.3
      vertex -12 20.3 2.3
    endloop
  endfacet
  facet normal -0.0438481 -0.999038 -0
    outer loop
      vertex -11.7995 20.2912 2.3
      vertex -12 20.3 0
      vertex -11.7995 20.2912 0
    endloop
  endfacet
  facet normal 0.30063 0.953741 -0
    outer loop
      vertex -12.5953 15.7784 0
      vertex -12.7866 15.8387 2.3
      vertex -12.5953 15.7784 2.3
    endloop
  endfacet
  facet normal 0.30063 0.953741 0
    outer loop
      vertex -12.7866 15.8387 2.3
      vertex -12.5953 15.7784 0
      vertex -12.7866 15.8387 0
    endloop
  endfacet
  facet normal -0.608578 0.793494 0
    outer loop
      vertex -10.5216 16.2381 0
      vertex -10.6808 16.116 2.3
      vertex -10.5216 16.2381 2.3
    endloop
  endfacet
  facet normal -0.608578 0.793494 0
    outer loop
      vertex -10.6808 16.116 2.3
      vertex -10.5216 16.2381 0
      vertex -10.6808 16.116 0
    endloop
  endfacet
  facet normal 0.537681 0.843148 -0
    outer loop
      vertex -13.15 16.0081 0
      vertex -13.3192 16.116 2.3
      vertex -13.15 16.0081 2.3
    endloop
  endfacet
  facet normal 0.537681 0.843148 0
    outer loop
      vertex -13.3192 16.116 2.3
      vertex -13.15 16.0081 0
      vertex -13.3192 16.116 0
    endloop
  endfacet
  facet normal -0.793494 0.608578 0
    outer loop
      vertex -10.2381 16.5216 0
      vertex -10.116 16.6808 2.3
      vertex -10.116 16.6808 0
    endloop
  endfacet
  facet normal -0.793494 0.608578 0
    outer loop
      vertex -10.116 16.6808 2.3
      vertex -10.2381 16.5216 0
      vertex -10.2381 16.5216 2.3
    endloop
  endfacet
  facet normal -0.976296 0.21644 0
    outer loop
      vertex -9.77837 17.4047 0
      vertex -9.73494 17.6006 2.3
      vertex -9.73494 17.6006 0
    endloop
  endfacet
  facet normal -0.976296 0.21644 0
    outer loop
      vertex -9.73494 17.6006 2.3
      vertex -9.77837 17.4047 0
      vertex -9.77837 17.4047 2.3
    endloop
  endfacet
  facet normal 0.675792 -0.737092 0
    outer loop
      vertex -13.6263 19.6263 0
      vertex -13.4784 19.7619 2.3
      vertex -13.6263 19.6263 2.3
    endloop
  endfacet
  facet normal 0.675792 -0.737092 0
    outer loop
      vertex -13.4784 19.7619 2.3
      vertex -13.6263 19.6263 0
      vertex -13.4784 19.7619 0
    endloop
  endfacet
  facet normal 0.608578 -0.793494 0
    outer loop
      vertex -13.4784 19.7619 0
      vertex -13.3192 19.884 2.3
      vertex -13.4784 19.7619 2.3
    endloop
  endfacet
  facet normal 0.608578 -0.793494 0
    outer loop
      vertex -13.3192 19.884 2.3
      vertex -13.4784 19.7619 0
      vertex -13.3192 19.884 0
    endloop
  endfacet
  facet normal -0.887115 -0.461549 0
    outer loop
      vertex -9.91549 18.972 0
      vertex -10.0081 19.15 2.3
      vertex -10.0081 19.15 0
    endloop
  endfacet
  facet normal -0.887115 -0.461549 0
    outer loop
      vertex -10.0081 19.15 2.3
      vertex -9.91549 18.972 0
      vertex -9.91549 18.972 2.3
    endloop
  endfacet
  facet normal -0.843148 -0.537681 0
    outer loop
      vertex -10.0081 19.15 0
      vertex -10.116 19.3192 2.3
      vertex -10.116 19.3192 0
    endloop
  endfacet
  facet normal -0.843148 -0.537681 0
    outer loop
      vertex -10.116 19.3192 2.3
      vertex -10.0081 19.15 0
      vertex -10.0081 19.15 2.3
    endloop
  endfacet
  facet normal -0.953684 0.300812 0
    outer loop
      vertex -9.83871 17.2134 0
      vertex -9.77837 17.4047 2.3
      vertex -9.77837 17.4047 0
    endloop
  endfacet
  facet normal -0.953684 0.300812 0
    outer loop
      vertex -9.77837 17.4047 2.3
      vertex -9.83871 17.2134 0
      vertex -9.83871 17.2134 2.3
    endloop
  endfacet
  facet normal 0.537681 -0.843148 0
    outer loop
      vertex -13.3192 19.884 0
      vertex -13.15 19.9919 2.3
      vertex -13.3192 19.884 2.3
    endloop
  endfacet
  facet normal 0.537681 -0.843148 0
    outer loop
      vertex -13.15 19.9919 2.3
      vertex -13.3192 19.884 0
      vertex -13.15 19.9919 0
    endloop
  endfacet
  facet normal 0.130106 0.9915 -0
    outer loop
      vertex -12.2005 15.7088 0
      vertex -12.3994 15.7349 2.3
      vertex -12.2005 15.7088 2.3
    endloop
  endfacet
  facet normal 0.130106 0.9915 0
    outer loop
      vertex -12.3994 15.7349 2.3
      vertex -12.2005 15.7088 0
      vertex -12.3994 15.7349 0
    endloop
  endfacet
  facet normal 0.30063 -0.953741 0
    outer loop
      vertex -12.7866 20.1613 0
      vertex -12.5953 20.2216 2.3
      vertex -12.7866 20.1613 2.3
    endloop
  endfacet
  facet normal 0.30063 -0.953741 0
    outer loop
      vertex -12.5953 20.2216 2.3
      vertex -12.7866 20.1613 0
      vertex -12.5953 20.2216 0
    endloop
  endfacet
  facet normal -0.382704 0.923871 0
    outer loop
      vertex -11.028 15.9155 0
      vertex -11.2134 15.8387 2.3
      vertex -11.028 15.9155 2.3
    endloop
  endfacet
  facet normal -0.382704 0.923871 0
    outer loop
      vertex -11.2134 15.8387 2.3
      vertex -11.028 15.9155 0
      vertex -11.2134 15.8387 0
    endloop
  endfacet
  facet normal -0.923906 -0.382619 0
    outer loop
      vertex -9.83871 18.7866 0
      vertex -9.91549 18.972 2.3
      vertex -9.91549 18.972 0
    endloop
  endfacet
  facet normal -0.923906 -0.382619 0
    outer loop
      vertex -9.91549 18.972 2.3
      vertex -9.83871 18.7866 0
      vertex -9.83871 18.7866 2.3
    endloop
  endfacet
  facet normal -0.0438481 0.999038 0
    outer loop
      vertex -11.7995 15.7088 0
      vertex -12 15.7 2.3
      vertex -11.7995 15.7088 2.3
    endloop
  endfacet
  facet normal -0.0438481 0.999038 0
    outer loop
      vertex -12 15.7 2.3
      vertex -11.7995 15.7088 0
      vertex -12 15.7 0
    endloop
  endfacet
  facet normal 0.999038 0.0438481 0
    outer loop
      vertex -14.2912 17.7995 2.3
      vertex -14.3 18 0
      vertex -14.3 18 2.3
    endloop
  endfacet
  facet normal 0.999038 0.0438481 0
    outer loop
      vertex -14.3 18 0
      vertex -14.2912 17.7995 2.3
      vertex -14.2912 17.7995 0
    endloop
  endfacet
  facet normal 0.999038 -0.0438481 0
    outer loop
      vertex -14.3 18 2.3
      vertex -14.2912 18.2005 0
      vertex -14.2912 18.2005 2.3
    endloop
  endfacet
  facet normal 0.999038 -0.0438481 0
    outer loop
      vertex -14.2912 18.2005 0
      vertex -14.3 18 2.3
      vertex -14.3 18 0
    endloop
  endfacet
  facet normal -0.887115 0.461549 0
    outer loop
      vertex -10.0081 16.85 0
      vertex -9.91549 17.028 2.3
      vertex -9.91549 17.028 0
    endloop
  endfacet
  facet normal -0.887115 0.461549 0
    outer loop
      vertex -9.91549 17.028 2.3
      vertex -10.0081 16.85 0
      vertex -10.0081 16.85 2.3
    endloop
  endfacet
  facet normal 0.737092 -0.675792 0
    outer loop
      vertex -13.7619 19.4784 2.3
      vertex -13.6263 19.6263 0
      vertex -13.6263 19.6263 2.3
    endloop
  endfacet
  facet normal 0.737092 -0.675792 0
    outer loop
      vertex -13.6263 19.6263 0
      vertex -13.7619 19.4784 2.3
      vertex -13.7619 19.4784 0
    endloop
  endfacet
  facet normal 0.382704 -0.923871 0
    outer loop
      vertex -12.972 20.0845 0
      vertex -12.7866 20.1613 2.3
      vertex -12.972 20.0845 2.3
    endloop
  endfacet
  facet normal 0.382704 -0.923871 0
    outer loop
      vertex -12.7866 20.1613 2.3
      vertex -12.972 20.0845 0
      vertex -12.7866 20.1613 0
    endloop
  endfacet
  facet normal -0.537681 0.843148 0
    outer loop
      vertex -10.6808 16.116 0
      vertex -10.85 16.0081 2.3
      vertex -10.6808 16.116 2.3
    endloop
  endfacet
  facet normal -0.537681 0.843148 0
    outer loop
      vertex -10.85 16.0081 2.3
      vertex -10.6808 16.116 0
      vertex -10.85 16.0081 0
    endloop
  endfacet
  facet normal 0.976222 -0.216772 0
    outer loop
      vertex -14.2651 18.3994 2.3
      vertex -14.2216 18.5953 0
      vertex -14.2216 18.5953 2.3
    endloop
  endfacet
  facet normal 0.976222 -0.216772 0
    outer loop
      vertex -14.2216 18.5953 0
      vertex -14.2651 18.3994 2.3
      vertex -14.2651 18.3994 0
    endloop
  endfacet
  facet normal 0.923871 0.382704 0
    outer loop
      vertex -14.0845 17.028 2.3
      vertex -14.1613 17.2134 0
      vertex -14.1613 17.2134 2.3
    endloop
  endfacet
  facet normal 0.923871 0.382704 0
    outer loop
      vertex -14.1613 17.2134 0
      vertex -14.0845 17.028 2.3
      vertex -14.0845 17.028 0
    endloop
  endfacet
  facet normal 0.976222 0.216772 0
    outer loop
      vertex -14.2216 17.4047 2.3
      vertex -14.2651 17.6006 0
      vertex -14.2651 17.6006 2.3
    endloop
  endfacet
  facet normal 0.976222 0.216772 0
    outer loop
      vertex -14.2651 17.6006 0
      vertex -14.2216 17.4047 2.3
      vertex -14.2216 17.4047 0
    endloop
  endfacet
  facet normal 0 0 -1
    outer loop
      vertex -10.8 18 2.3
      vertex -9.7 18 2.3
      vertex -9.70875 17.7995 2.3
    endloop
  endfacet
  facet normal 0 0 -1
    outer loop
      vertex -10.8046 17.8954 2.3
      vertex -9.70875 17.7995 2.3
      vertex -9.73494 17.6006 2.3
    endloop
  endfacet
  facet normal 0 0 -1
    outer loop
      vertex -9.7 18 2.3
      vertex -10.8 18 2.3
      vertex -9.70875 18.2005 2.3
    endloop
  endfacet
  facet normal 0 0 -1
    outer loop
      vertex -10.8182 17.7916 2.3
      vertex -9.73494 17.6006 2.3
      vertex -9.77837 17.4047 2.3
    endloop
  endfacet
  facet normal 0 0 -1
    outer loop
      vertex -10.8046 18.1046 2.3
      vertex -9.70875 18.2005 2.3
      vertex -10.8 18 2.3
    endloop
  endfacet
  facet normal 0 0 -1
    outer loop
      vertex -10.8409 17.6894 2.3
      vertex -9.77837 17.4047 2.3
      vertex -9.83871 17.2134 2.3
    endloop
  endfacet
  facet normal -0 0 -1
    outer loop
      vertex -9.70875 18.2005 2.3
      vertex -10.8046 18.1046 2.3
      vertex -9.73494 18.3994 2.3
    endloop
  endfacet
  facet normal 0 0 -1
    outer loop
      vertex -10.8724 17.5896 2.3
      vertex -9.83871 17.2134 2.3
      vertex -9.91549 17.028 2.3
    endloop
  endfacet
  facet normal 0 0 -1
    outer loop
      vertex -10.8182 18.2084 2.3
      vertex -9.73494 18.3994 2.3
      vertex -10.8046 18.1046 2.3
    endloop
  endfacet
  facet normal 0 0 -1
    outer loop
      vertex -10.9124 17.4929 2.3
      vertex -9.91549 17.028 2.3
      vertex -10.0081 16.85 2.3
    endloop
  endfacet
  facet normal -0 0 -1
    outer loop
      vertex -9.73494 18.3994 2.3
      vertex -10.8182 18.2084 2.3
      vertex -9.77837 18.5953 2.3
    endloop
  endfacet
  facet normal 0 0 -1
    outer loop
      vertex -10.9608 17.4 2.3
      vertex -10.0081 16.85 2.3
      vertex -10.116 16.6808 2.3
    endloop
  endfacet
  facet normal 0 0 -1
    outer loop
      vertex -10.8409 18.3106 2.3
      vertex -9.77837 18.5953 2.3
      vertex -10.8182 18.2084 2.3
    endloop
  endfacet
  facet normal 0 0 -1
    outer loop
      vertex -11.017 17.3117 2.3
      vertex -10.116 16.6808 2.3
      vertex -10.2381 16.5216 2.3
    endloop
  endfacet
  facet normal -0 0 -1
    outer loop
      vertex -9.77837 18.5953 2.3
      vertex -10.8409 18.3106 2.3
      vertex -9.83871 18.7866 2.3
    endloop
  endfacet
  facet normal 0 0 -1
    outer loop
      vertex -11.0807 17.2287 2.3
      vertex -10.2381 16.5216 2.3
      vertex -10.3737 16.3737 2.3
    endloop
  endfacet
  facet normal 0 0 -1
    outer loop
      vertex -10.8724 18.4104 2.3
      vertex -9.83871 18.7866 2.3
      vertex -10.8409 18.3106 2.3
    endloop
  endfacet
  facet normal 0 0 -1
    outer loop
      vertex -11.1515 17.1515 2.3
      vertex -10.3737 16.3737 2.3
      vertex -10.5216 16.2381 2.3
    endloop
  endfacet
  facet normal -0 0 -1
    outer loop
      vertex -9.83871 18.7866 2.3
      vertex -10.8724 18.4104 2.3
      vertex -9.91549 18.972 2.3
    endloop
  endfacet
  facet normal 0 0 -1
    outer loop
      vertex -11.2287 17.0807 2.3
      vertex -10.5216 16.2381 2.3
      vertex -10.6808 16.116 2.3
    endloop
  endfacet
  facet normal 0 0 -1
    outer loop
      vertex -10.9124 18.5071 2.3
      vertex -9.91549 18.972 2.3
      vertex -10.8724 18.4104 2.3
    endloop
  endfacet
  facet normal -0 0 -1
    outer loop
      vertex -9.91549 18.972 2.3
      vertex -10.9124 18.5071 2.3
      vertex -10.0081 19.15 2.3
    endloop
  endfacet
  facet normal 0 0 -1
    outer loop
      vertex -9.70875 17.7995 2.3
      vertex -10.8046 17.8954 2.3
      vertex -10.8 18 2.3
    endloop
  endfacet
  facet normal 0 0 -1
    outer loop
      vertex -9.73494 17.6006 2.3
      vertex -10.8182 17.7916 2.3
      vertex -10.8046 17.8954 2.3
    endloop
  endfacet
  facet normal 0 0 -1
    outer loop
      vertex -9.77837 17.4047 2.3
      vertex -10.8409 17.6894 2.3
      vertex -10.8182 17.7916 2.3
    endloop
  endfacet
  facet normal 0 0 -1
    outer loop
      vertex -11.3117 17.017 2.3
      vertex -10.6808 16.116 2.3
      vertex -10.85 16.0081 2.3
    endloop
  endfacet
  facet normal 0 0 -1
    outer loop
      vertex -9.83871 17.2134 2.3
      vertex -10.8724 17.5896 2.3
      vertex -10.8409 17.6894 2.3
    endloop
  endfacet
  facet normal 0 0 -1
    outer loop
      vertex -9.91549 17.028 2.3
      vertex -10.9124 17.4929 2.3
      vertex -10.8724 17.5896 2.3
    endloop
  endfacet
  facet normal 0 0 -1
    outer loop
      vertex -10.0081 16.85 2.3
      vertex -10.9608 17.4 2.3
      vertex -10.9124 17.4929 2.3
    endloop
  endfacet
  facet normal 0 0 -1
    outer loop
      vertex -10.116 16.6808 2.3
      vertex -11.017 17.3117 2.3
      vertex -10.9608 17.4 2.3
    endloop
  endfacet
  facet normal 0 0 -1
    outer loop
      vertex -11.4 16.9608 2.3
      vertex -10.85 16.0081 2.3
      vertex -11.028 15.9155 2.3
    endloop
  endfacet
  facet normal 0 0 -1
    outer loop
      vertex -10.2381 16.5216 2.3
      vertex -11.0807 17.2287 2.3
      vertex -11.017 17.3117 2.3
    endloop
  endfacet
  facet normal 0 0 -1
    outer loop
      vertex -10.3737 16.3737 2.3
      vertex -11.1515 17.1515 2.3
      vertex -11.0807 17.2287 2.3
    endloop
  endfacet
  facet normal 0 0 -1
    outer loop
      vertex -11.4929 16.9124 2.3
      vertex -11.028 15.9155 2.3
      vertex -11.2134 15.8387 2.3
    endloop
  endfacet
  facet normal 0 0 -1
    outer loop
      vertex -10.5216 16.2381 2.3
      vertex -11.2287 17.0807 2.3
      vertex -11.1515 17.1515 2.3
    endloop
  endfacet
  facet normal 0 0 -1
    outer loop
      vertex -10.6808 16.116 2.3
      vertex -11.3117 17.017 2.3
      vertex -11.2287 17.0807 2.3
    endloop
  endfacet
  facet normal 0 0 -1
    outer loop
      vertex -10.85 16.0081 2.3
      vertex -11.4 16.9608 2.3
      vertex -11.3117 17.017 2.3
    endloop
  endfacet
  facet normal 0 0 -1
    outer loop
      vertex -11.5896 16.8724 2.3
      vertex -11.2134 15.8387 2.3
      vertex -11.4047 15.7784 2.3
    endloop
  endfacet
  facet normal 0 0 -1
    outer loop
      vertex -11.028 15.9155 2.3
      vertex -11.4929 16.9124 2.3
      vertex -11.4 16.9608 2.3
    endloop
  endfacet
  facet normal 0 0 -1
    outer loop
      vertex -11.2134 15.8387 2.3
      vertex -11.5896 16.8724 2.3
      vertex -11.4929 16.9124 2.3
    endloop
  endfacet
  facet normal 0 0 -1
    outer loop
      vertex -11.6894 16.8409 2.3
      vertex -11.4047 15.7784 2.3
      vertex -11.6006 15.7349 2.3
    endloop
  endfacet
  facet normal 0 0 -1
    outer loop
      vertex -11.4047 15.7784 2.3
      vertex -11.6894 16.8409 2.3
      vertex -11.5896 16.8724 2.3
    endloop
  endfacet
  facet normal 0 0 -1
    outer loop
      vertex -11.6006 15.7349 2.3
      vertex -11.7916 16.8182 2.3
      vertex -11.6894 16.8409 2.3
    endloop
  endfacet
  facet normal 0 0 -1
    outer loop
      vertex -11.7995 15.7088 2.3
      vertex -11.7916 16.8182 2.3
      vertex -11.6006 15.7349 2.3
    endloop
  endfacet
  facet normal 0 0 -1
    outer loop
      vertex -11.7995 15.7088 2.3
      vertex -11.8954 16.8046 2.3
      vertex -11.7916 16.8182 2.3
    endloop
  endfacet
  facet normal 0 0 -1
    outer loop
      vertex -12 15.7 2.3
      vertex -11.8954 16.8046 2.3
      vertex -11.7995 15.7088 2.3
    endloop
  endfacet
  facet normal 0 0 -1
    outer loop
      vertex -12 15.7 2.3
      vertex -12 16.8 2.3
      vertex -11.8954 16.8046 2.3
    endloop
  endfacet
  facet normal 0 0 -1
    outer loop
      vertex -12 15.7 2.3
      vertex -12.1046 16.8046 2.3
      vertex -12 16.8 2.3
    endloop
  endfacet
  facet normal 0 0 -1
    outer loop
      vertex -12.2005 15.7088 2.3
      vertex -12.1046 16.8046 2.3
      vertex -12 15.7 2.3
    endloop
  endfacet
  facet normal 0 0 -1
    outer loop
      vertex -12.2005 15.7088 2.3
      vertex -12.2084 16.8182 2.3
      vertex -12.1046 16.8046 2.3
    endloop
  endfacet
  facet normal 0 0 -1
    outer loop
      vertex -12.3994 15.7349 2.3
      vertex -12.2084 16.8182 2.3
      vertex -12.2005 15.7088 2.3
    endloop
  endfacet
  facet normal -0 0 -1
    outer loop
      vertex -12.2084 16.8182 2.3
      vertex -12.3994 15.7349 2.3
      vertex -12.3106 16.8409 2.3
    endloop
  endfacet
  facet normal 0 0 -1
    outer loop
      vertex -12.5953 15.7784 2.3
      vertex -12.3106 16.8409 2.3
      vertex -12.3994 15.7349 2.3
    endloop
  endfacet
  facet normal -0 0 -1
    outer loop
      vertex -12.3106 16.8409 2.3
      vertex -12.5953 15.7784 2.3
      vertex -12.4104 16.8724 2.3
    endloop
  endfacet
  facet normal 0 0 -1
    outer loop
      vertex -12.7866 15.8387 2.3
      vertex -12.4104 16.8724 2.3
      vertex -12.5953 15.7784 2.3
    endloop
  endfacet
  facet normal -0 0 -1
    outer loop
      vertex -12.4104 16.8724 2.3
      vertex -12.7866 15.8387 2.3
      vertex -12.5071 16.9124 2.3
    endloop
  endfacet
  facet normal 0 0 -1
    outer loop
      vertex -12.972 15.9155 2.3
      vertex -12.5071 16.9124 2.3
      vertex -12.7866 15.8387 2.3
    endloop
  endfacet
  facet normal -0 0 -1
    outer loop
      vertex -12.5071 16.9124 2.3
      vertex -12.972 15.9155 2.3
      vertex -12.6 16.9608 2.3
    endloop
  endfacet
  facet normal 0 0 -1
    outer loop
      vertex -13.15 16.0081 2.3
      vertex -12.6 16.9608 2.3
      vertex -12.972 15.9155 2.3
    endloop
  endfacet
  facet normal -0 0 -1
    outer loop
      vertex -12.6 16.9608 2.3
      vertex -13.15 16.0081 2.3
      vertex -12.6883 17.017 2.3
    endloop
  endfacet
  facet normal 0 0 -1
    outer loop
      vertex -13.3192 16.116 2.3
      vertex -12.6883 17.017 2.3
      vertex -13.15 16.0081 2.3
    endloop
  endfacet
  facet normal -0 0 -1
    outer loop
      vertex -12.6883 17.017 2.3
      vertex -13.3192 16.116 2.3
      vertex -12.7713 17.0807 2.3
    endloop
  endfacet
  facet normal 0 0 -1
    outer loop
      vertex -13.4784 16.2381 2.3
      vertex -12.7713 17.0807 2.3
      vertex -13.3192 16.116 2.3
    endloop
  endfacet
  facet normal -0 0 -1
    outer loop
      vertex -12.7713 17.0807 2.3
      vertex -13.4784 16.2381 2.3
      vertex -12.8485 17.1515 2.3
    endloop
  endfacet
  facet normal 0 0 -1
    outer loop
      vertex -13.6263 16.3737 2.3
      vertex -12.8485 17.1515 2.3
      vertex -13.4784 16.2381 2.3
    endloop
  endfacet
  facet normal -0 0 -1
    outer loop
      vertex -12.8485 17.1515 2.3
      vertex -13.6263 16.3737 2.3
      vertex -12.9193 17.2287 2.3
    endloop
  endfacet
  facet normal 0 0 -1
    outer loop
      vertex -13.7619 16.5216 2.3
      vertex -12.9193 17.2287 2.3
      vertex -13.6263 16.3737 2.3
    endloop
  endfacet
  facet normal -0 0 -1
    outer loop
      vertex -12.9193 17.2287 2.3
      vertex -13.7619 16.5216 2.3
      vertex -12.983 17.3117 2.3
    endloop
  endfacet
  facet normal 0 0 -1
    outer loop
      vertex -13.884 16.6808 2.3
      vertex -12.983 17.3117 2.3
      vertex -13.7619 16.5216 2.3
    endloop
  endfacet
  facet normal -0 0 -1
    outer loop
      vertex -12.983 17.3117 2.3
      vertex -13.884 16.6808 2.3
      vertex -13.0392 17.4 2.3
    endloop
  endfacet
  facet normal 0 0 -1
    outer loop
      vertex -13.9919 16.85 2.3
      vertex -13.0392 17.4 2.3
      vertex -13.884 16.6808 2.3
    endloop
  endfacet
  facet normal -0 0 -1
    outer loop
      vertex -13.0392 17.4 2.3
      vertex -13.9919 16.85 2.3
      vertex -13.0876 17.4929 2.3
    endloop
  endfacet
  facet normal 0 0 -1
    outer loop
      vertex -10.9608 18.6 2.3
      vertex -10.0081 19.15 2.3
      vertex -10.9124 18.5071 2.3
    endloop
  endfacet
  facet normal -0 0 -1
    outer loop
      vertex -10.0081 19.15 2.3
      vertex -10.9608 18.6 2.3
      vertex -10.116 19.3192 2.3
    endloop
  endfacet
  facet normal 0 0 -1
    outer loop
      vertex -11.017 18.6883 2.3
      vertex -10.116 19.3192 2.3
      vertex -10.9608 18.6 2.3
    endloop
  endfacet
  facet normal -0 0 -1
    outer loop
      vertex -10.116 19.3192 2.3
      vertex -11.017 18.6883 2.3
      vertex -10.2381 19.4784 2.3
    endloop
  endfacet
  facet normal 0 0 -1
    outer loop
      vertex -11.0807 18.7713 2.3
      vertex -10.2381 19.4784 2.3
      vertex -11.017 18.6883 2.3
    endloop
  endfacet
  facet normal -0 0 -1
    outer loop
      vertex -10.2381 19.4784 2.3
      vertex -11.0807 18.7713 2.3
      vertex -10.3737 19.6263 2.3
    endloop
  endfacet
  facet normal 0 0 -1
    outer loop
      vertex -11.1515 18.8485 2.3
      vertex -10.3737 19.6263 2.3
      vertex -11.0807 18.7713 2.3
    endloop
  endfacet
  facet normal -0 0 -1
    outer loop
      vertex -10.3737 19.6263 2.3
      vertex -11.1515 18.8485 2.3
      vertex -10.5216 19.7619 2.3
    endloop
  endfacet
  facet normal 0 0 -1
    outer loop
      vertex -11.2287 18.9193 2.3
      vertex -10.5216 19.7619 2.3
      vertex -11.1515 18.8485 2.3
    endloop
  endfacet
  facet normal -0 0 -1
    outer loop
      vertex -10.5216 19.7619 2.3
      vertex -11.2287 18.9193 2.3
      vertex -10.6808 19.884 2.3
    endloop
  endfacet
  facet normal 0 0 -1
    outer loop
      vertex -11.3117 18.983 2.3
      vertex -10.6808 19.884 2.3
      vertex -11.2287 18.9193 2.3
    endloop
  endfacet
  facet normal -0 0 -1
    outer loop
      vertex -10.6808 19.884 2.3
      vertex -11.3117 18.983 2.3
      vertex -10.85 19.9919 2.3
    endloop
  endfacet
  facet normal 0 0 -1
    outer loop
      vertex -11.4 19.0392 2.3
      vertex -10.85 19.9919 2.3
      vertex -11.3117 18.983 2.3
    endloop
  endfacet
  facet normal -0 0 -1
    outer loop
      vertex -10.85 19.9919 2.3
      vertex -11.4 19.0392 2.3
      vertex -11.028 20.0845 2.3
    endloop
  endfacet
  facet normal 0 0 -1
    outer loop
      vertex -11.4929 19.0876 2.3
      vertex -11.028 20.0845 2.3
      vertex -11.4 19.0392 2.3
    endloop
  endfacet
  facet normal -0 0 -1
    outer loop
      vertex -11.028 20.0845 2.3
      vertex -11.4929 19.0876 2.3
      vertex -11.2134 20.1613 2.3
    endloop
  endfacet
  facet normal 0 0 -1
    outer loop
      vertex -11.5896 19.1276 2.3
      vertex -11.2134 20.1613 2.3
      vertex -11.4929 19.0876 2.3
    endloop
  endfacet
  facet normal -0 0 -1
    outer loop
      vertex -11.2134 20.1613 2.3
      vertex -11.5896 19.1276 2.3
      vertex -11.4047 20.2216 2.3
    endloop
  endfacet
  facet normal 0 0 -1
    outer loop
      vertex -11.6894 19.1591 2.3
      vertex -11.4047 20.2216 2.3
      vertex -11.5896 19.1276 2.3
    endloop
  endfacet
  facet normal -0 0 -1
    outer loop
      vertex -11.4047 20.2216 2.3
      vertex -11.6894 19.1591 2.3
      vertex -11.6006 20.2651 2.3
    endloop
  endfacet
  facet normal 0 0 -1
    outer loop
      vertex -11.7916 19.1818 2.3
      vertex -11.6006 20.2651 2.3
      vertex -11.6894 19.1591 2.3
    endloop
  endfacet
  facet normal 0 0 -1
    outer loop
      vertex -11.7916 19.1818 2.3
      vertex -11.7995 20.2912 2.3
      vertex -11.6006 20.2651 2.3
    endloop
  endfacet
  facet normal 0 0 -1
    outer loop
      vertex -11.8954 19.1954 2.3
      vertex -11.7995 20.2912 2.3
      vertex -11.7916 19.1818 2.3
    endloop
  endfacet
  facet normal 0 0 -1
    outer loop
      vertex -12 19.2 2.3
      vertex -11.7995 20.2912 2.3
      vertex -11.8954 19.1954 2.3
    endloop
  endfacet
  facet normal 0 0 -1
    outer loop
      vertex -12 19.2 2.3
      vertex -12 20.3 2.3
      vertex -11.7995 20.2912 2.3
    endloop
  endfacet
  facet normal 0 0 -1
    outer loop
      vertex -12.1046 19.1954 2.3
      vertex -12 20.3 2.3
      vertex -12 19.2 2.3
    endloop
  endfacet
  facet normal 0 0 -1
    outer loop
      vertex -12.1046 19.1954 2.3
      vertex -12.2005 20.2912 2.3
      vertex -12 20.3 2.3
    endloop
  endfacet
  facet normal 0 0 -1
    outer loop
      vertex -12.2084 19.1818 2.3
      vertex -12.2005 20.2912 2.3
      vertex -12.1046 19.1954 2.3
    endloop
  endfacet
  facet normal 0 0 -1
    outer loop
      vertex -12.3994 20.2651 2.3
      vertex -12.2084 19.1818 2.3
      vertex -12.3106 19.1591 2.3
    endloop
  endfacet
  facet normal 0 0 -1
    outer loop
      vertex -12.2084 19.1818 2.3
      vertex -12.3994 20.2651 2.3
      vertex -12.2005 20.2912 2.3
    endloop
  endfacet
  facet normal 0 0 -1
    outer loop
      vertex -12.5953 20.2216 2.3
      vertex -12.3106 19.1591 2.3
      vertex -12.4104 19.1276 2.3
    endloop
  endfacet
  facet normal 0 0 -1
    outer loop
      vertex -12.7866 20.1613 2.3
      vertex -12.4104 19.1276 2.3
      vertex -12.5071 19.0876 2.3
    endloop
  endfacet
  facet normal 0 0 -1
    outer loop
      vertex -12.3106 19.1591 2.3
      vertex -12.5953 20.2216 2.3
      vertex -12.3994 20.2651 2.3
    endloop
  endfacet
  facet normal 0 0 -1
    outer loop
      vertex -12.972 20.0845 2.3
      vertex -12.5071 19.0876 2.3
      vertex -12.6 19.0392 2.3
    endloop
  endfacet
  facet normal 0 0 -1
    outer loop
      vertex -13.15 19.9919 2.3
      vertex -12.6 19.0392 2.3
      vertex -12.6883 18.983 2.3
    endloop
  endfacet
  facet normal 0 0 -1
    outer loop
      vertex -13.3192 19.884 2.3
      vertex -12.6883 18.983 2.3
      vertex -12.7713 18.9193 2.3
    endloop
  endfacet
  facet normal 0 0 -1
    outer loop
      vertex -12.4104 19.1276 2.3
      vertex -12.7866 20.1613 2.3
      vertex -12.5953 20.2216 2.3
    endloop
  endfacet
  facet normal 0 0 -1
    outer loop
      vertex -13.4784 19.7619 2.3
      vertex -12.7713 18.9193 2.3
      vertex -12.8485 18.8485 2.3
    endloop
  endfacet
  facet normal 0 0 -1
    outer loop
      vertex -13.6263 19.6263 2.3
      vertex -12.8485 18.8485 2.3
      vertex -12.9193 18.7713 2.3
    endloop
  endfacet
  facet normal 0 0 -1
    outer loop
      vertex -12.5071 19.0876 2.3
      vertex -12.972 20.0845 2.3
      vertex -12.7866 20.1613 2.3
    endloop
  endfacet
  facet normal 0 0 -1
    outer loop
      vertex -13.7619 19.4784 2.3
      vertex -12.9193 18.7713 2.3
      vertex -12.983 18.6883 2.3
    endloop
  endfacet
  facet normal 0 0 -1
    outer loop
      vertex -13.884 19.3192 2.3
      vertex -12.983 18.6883 2.3
      vertex -13.0392 18.6 2.3
    endloop
  endfacet
  facet normal 0 0 -1
    outer loop
      vertex -13.9919 19.15 2.3
      vertex -13.0392 18.6 2.3
      vertex -13.0876 18.5071 2.3
    endloop
  endfacet
  facet normal 0 0 -1
    outer loop
      vertex -14.0845 18.972 2.3
      vertex -13.0876 18.5071 2.3
      vertex -13.1276 18.4104 2.3
    endloop
  endfacet
  facet normal 0 0 -1
    outer loop
      vertex -12.6 19.0392 2.3
      vertex -13.15 19.9919 2.3
      vertex -12.972 20.0845 2.3
    endloop
  endfacet
  facet normal 0 0 -1
    outer loop
      vertex -14.1613 18.7866 2.3
      vertex -13.1276 18.4104 2.3
      vertex -13.1591 18.3106 2.3
    endloop
  endfacet
  facet normal 0 0 -1
    outer loop
      vertex -14.2216 18.5953 2.3
      vertex -13.1591 18.3106 2.3
      vertex -13.1818 18.2084 2.3
    endloop
  endfacet
  facet normal 0 0 -1
    outer loop
      vertex -14.2651 18.3994 2.3
      vertex -13.1818 18.2084 2.3
      vertex -13.1954 18.1046 2.3
    endloop
  endfacet
  facet normal 0 0 -1
    outer loop
      vertex -14.2912 18.2005 2.3
      vertex -13.1954 18.1046 2.3
      vertex -13.2 18 2.3
    endloop
  endfacet
  facet normal 0 0 -1
    outer loop
      vertex -14.0845 17.028 2.3
      vertex -13.0876 17.4929 2.3
      vertex -13.9919 16.85 2.3
    endloop
  endfacet
  facet normal 0 0 -1
    outer loop
      vertex -12.6883 18.983 2.3
      vertex -13.3192 19.884 2.3
      vertex -13.15 19.9919 2.3
    endloop
  endfacet
  facet normal -0 0 -1
    outer loop
      vertex -13.0876 17.4929 2.3
      vertex -14.0845 17.028 2.3
      vertex -13.1276 17.5896 2.3
    endloop
  endfacet
  facet normal 0 0 -1
    outer loop
      vertex -12.7713 18.9193 2.3
      vertex -13.4784 19.7619 2.3
      vertex -13.3192 19.884 2.3
    endloop
  endfacet
  facet normal 0 0 -1
    outer loop
      vertex -14.1613 17.2134 2.3
      vertex -13.1276 17.5896 2.3
      vertex -14.0845 17.028 2.3
    endloop
  endfacet
  facet normal 0 0 -1
    outer loop
      vertex -12.8485 18.8485 2.3
      vertex -13.6263 19.6263 2.3
      vertex -13.4784 19.7619 2.3
    endloop
  endfacet
  facet normal -0 0 -1
    outer loop
      vertex -13.1276 17.5896 2.3
      vertex -14.1613 17.2134 2.3
      vertex -13.1591 17.6894 2.3
    endloop
  endfacet
  facet normal 0 0 -1
    outer loop
      vertex -12.9193 18.7713 2.3
      vertex -13.7619 19.4784 2.3
      vertex -13.6263 19.6263 2.3
    endloop
  endfacet
  facet normal 0 0 -1
    outer loop
      vertex -14.2216 17.4047 2.3
      vertex -13.1591 17.6894 2.3
      vertex -14.1613 17.2134 2.3
    endloop
  endfacet
  facet normal 0 0 -1
    outer loop
      vertex -12.983 18.6883 2.3
      vertex -13.884 19.3192 2.3
      vertex -13.7619 19.4784 2.3
    endloop
  endfacet
  facet normal -0 0 -1
    outer loop
      vertex -13.1591 17.6894 2.3
      vertex -14.2216 17.4047 2.3
      vertex -13.1818 17.7916 2.3
    endloop
  endfacet
  facet normal 0 0 -1
    outer loop
      vertex -13.0392 18.6 2.3
      vertex -13.9919 19.15 2.3
      vertex -13.884 19.3192 2.3
    endloop
  endfacet
  facet normal 0 0 -1
    outer loop
      vertex -14.2651 17.6006 2.3
      vertex -13.1818 17.7916 2.3
      vertex -14.2216 17.4047 2.3
    endloop
  endfacet
  facet normal 0 0 -1
    outer loop
      vertex -13.0876 18.5071 2.3
      vertex -14.0845 18.972 2.3
      vertex -13.9919 19.15 2.3
    endloop
  endfacet
  facet normal -0 0 -1
    outer loop
      vertex -13.1818 17.7916 2.3
      vertex -14.2651 17.6006 2.3
      vertex -13.1954 17.8954 2.3
    endloop
  endfacet
  facet normal 0 0 -1
    outer loop
      vertex -13.1276 18.4104 2.3
      vertex -14.1613 18.7866 2.3
      vertex -14.0845 18.972 2.3
    endloop
  endfacet
  facet normal 0 0 -1
    outer loop
      vertex -14.2912 17.7995 2.3
      vertex -13.1954 17.8954 2.3
      vertex -14.2651 17.6006 2.3
    endloop
  endfacet
  facet normal 0 0 -1
    outer loop
      vertex -13.1591 18.3106 2.3
      vertex -14.2216 18.5953 2.3
      vertex -14.1613 18.7866 2.3
    endloop
  endfacet
  facet normal -0 0 -1
    outer loop
      vertex -13.1954 17.8954 2.3
      vertex -14.2912 17.7995 2.3
      vertex -13.2 18 2.3
    endloop
  endfacet
  facet normal 0 0 -1
    outer loop
      vertex -13.1818 18.2084 2.3
      vertex -14.2651 18.3994 2.3
      vertex -14.2216 18.5953 2.3
    endloop
  endfacet
  facet normal 0 0 -1
    outer loop
      vertex -14.3 18 2.3
      vertex -13.2 18 2.3
      vertex -14.2912 17.7995 2.3
    endloop
  endfacet
  facet normal 0 0 -1
    outer loop
      vertex -13.1954 18.1046 2.3
      vertex -14.2912 18.2005 2.3
      vertex -14.2651 18.3994 2.3
    endloop
  endfacet
  facet normal 0 0 -1
    outer loop
      vertex -13.2 18 2.3
      vertex -14.3 18 2.3
      vertex -14.2912 18.2005 2.3
    endloop
  endfacet
  facet normal -0.130106 -0.9915 0
    outer loop
      vertex -11.7995 20.2912 0
      vertex -11.6006 20.2651 2.3
      vertex -11.7995 20.2912 2.3
    endloop
  endfacet
  facet normal -0.130106 -0.9915 -0
    outer loop
      vertex -11.6006 20.2651 2.3
      vertex -11.7995 20.2912 0
      vertex -11.6006 20.2651 0
    endloop
  endfacet
  facet normal 0.843148 -0.537681 0
    outer loop
      vertex -13.9919 19.15 2.3
      vertex -13.884 19.3192 0
      vertex -13.884 19.3192 2.3
    endloop
  endfacet
  facet normal 0.843148 -0.537681 0
    outer loop
      vertex -13.884 19.3192 0
      vertex -13.9919 19.15 2.3
      vertex -13.9919 19.15 0
    endloop
  endfacet
  facet normal -0.953684 -0.300812 0
    outer loop
      vertex -9.77837 18.5953 0
      vertex -9.83871 18.7866 2.3
      vertex -9.83871 18.7866 0
    endloop
  endfacet
  facet normal -0.953684 -0.300812 0
    outer loop
      vertex -9.83871 18.7866 2.3
      vertex -9.77837 18.5953 0
      vertex -9.77837 18.5953 2.3
    endloop
  endfacet
  facet normal 0.675792 0.737092 -0
    outer loop
      vertex -13.4784 16.2381 0
      vertex -13.6263 16.3737 2.3
      vertex -13.4784 16.2381 2.3
    endloop
  endfacet
  facet normal 0.675792 0.737092 0
    outer loop
      vertex -13.6263 16.3737 2.3
      vertex -13.4784 16.2381 0
      vertex -13.6263 16.3737 0
    endloop
  endfacet
  facet normal -0.675792 0.737092 0
    outer loop
      vertex -10.3737 16.3737 0
      vertex -10.5216 16.2381 2.3
      vertex -10.3737 16.3737 2.3
    endloop
  endfacet
  facet normal -0.675792 0.737092 0
    outer loop
      vertex -10.5216 16.2381 2.3
      vertex -10.3737 16.3737 0
      vertex -10.5216 16.2381 0
    endloop
  endfacet
  facet normal 0.216772 0.976222 -0
    outer loop
      vertex -12.3994 15.7349 0
      vertex -12.5953 15.7784 2.3
      vertex -12.3994 15.7349 2.3
    endloop
  endfacet
  facet normal 0.216772 0.976222 0
    outer loop
      vertex -12.5953 15.7784 2.3
      vertex -12.3994 15.7349 0
      vertex -12.5953 15.7784 0
    endloop
  endfacet
  facet normal 0.9915 -0.130106 0
    outer loop
      vertex -14.2912 18.2005 2.3
      vertex -14.2651 18.3994 0
      vertex -14.2651 18.3994 2.3
    endloop
  endfacet
  facet normal 0.9915 -0.130106 0
    outer loop
      vertex -14.2651 18.3994 0
      vertex -14.2912 18.2005 2.3
      vertex -14.2912 18.2005 0
    endloop
  endfacet
  facet normal -0.737092 0.675792 0
    outer loop
      vertex -10.3737 16.3737 0
      vertex -10.2381 16.5216 2.3
      vertex -10.2381 16.5216 0
    endloop
  endfacet
  facet normal -0.737092 0.675792 0
    outer loop
      vertex -10.2381 16.5216 2.3
      vertex -10.3737 16.3737 0
      vertex -10.3737 16.3737 2.3
    endloop
  endfacet
  facet normal 0.46151 0.887135 -0
    outer loop
      vertex -12.972 15.9155 0
      vertex -13.15 16.0081 2.3
      vertex -12.972 15.9155 2.3
    endloop
  endfacet
  facet normal 0.46151 0.887135 0
    outer loop
      vertex -13.15 16.0081 2.3
      vertex -12.972 15.9155 0
      vertex -13.15 16.0081 0
    endloop
  endfacet
  facet normal 0.923871 -0.382704 0
    outer loop
      vertex -14.1613 18.7866 2.3
      vertex -14.0845 18.972 0
      vertex -14.0845 18.972 2.3
    endloop
  endfacet
  facet normal 0.923871 -0.382704 0
    outer loop
      vertex -14.0845 18.972 0
      vertex -14.1613 18.7866 2.3
      vertex -14.1613 18.7866 0
    endloop
  endfacet
  facet normal 0.843148 0.537681 0
    outer loop
      vertex -13.884 16.6808 2.3
      vertex -13.9919 16.85 0
      vertex -13.9919 16.85 2.3
    endloop
  endfacet
  facet normal 0.843148 0.537681 0
    outer loop
      vertex -13.9919 16.85 0
      vertex -13.884 16.6808 2.3
      vertex -13.884 16.6808 0
    endloop
  endfacet
  facet normal 0.382704 0.923871 -0
    outer loop
      vertex -12.7866 15.8387 0
      vertex -12.972 15.9155 2.3
      vertex -12.7866 15.8387 2.3
    endloop
  endfacet
  facet normal 0.382704 0.923871 0
    outer loop
      vertex -12.972 15.9155 2.3
      vertex -12.7866 15.8387 0
      vertex -12.972 15.9155 0
    endloop
  endfacet
  facet normal -0.30063 0.953741 0
    outer loop
      vertex -11.2134 15.8387 0
      vertex -11.4047 15.7784 2.3
      vertex -11.2134 15.8387 2.3
    endloop
  endfacet
  facet normal -0.30063 0.953741 0
    outer loop
      vertex -11.4047 15.7784 2.3
      vertex -11.2134 15.8387 0
      vertex -11.4047 15.7784 0
    endloop
  endfacet
  facet normal 0.887135 0.46151 0
    outer loop
      vertex -13.9919 16.85 2.3
      vertex -14.0845 17.028 0
      vertex -14.0845 17.028 2.3
    endloop
  endfacet
  facet normal 0.887135 0.46151 0
    outer loop
      vertex -14.0845 17.028 0
      vertex -13.9919 16.85 2.3
      vertex -13.9919 16.85 0
    endloop
  endfacet
  facet normal -0.382239 -0.924063 0
    outer loop
      vertex 12.4104 -16.8724 2.3
      vertex 12.5071 -16.9124 13.2
      vertex 12.4104 -16.8724 13.2
    endloop
  endfacet
  facet normal -0.382239 -0.924063 -0
    outer loop
      vertex 12.5071 -16.9124 13.2
      vertex 12.4104 -16.8724 2.3
      vertex 12.5071 -16.9124 2.3
    endloop
  endfacet
  facet normal 0.793299 0.608833 0
    outer loop
      vertex 11.0807 -18.7713 13.2
      vertex 11.017 -18.6883 2.3
      vertex 11.017 -18.6883 13.2
    endloop
  endfacet
  facet normal 0.793299 0.608833 0
    outer loop
      vertex 11.017 -18.6883 2.3
      vertex 11.0807 -18.7713 13.2
      vertex 11.0807 -18.7713 2.3
    endloop
  endfacet
  facet normal -0.300994 0.953626 0
    outer loop
      vertex 12.4104 -19.1276 2.3
      vertex 12.3106 -19.1591 13.2
      vertex 12.4104 -19.1276 13.2
    endloop
  endfacet
  facet normal -0.300994 0.953626 0
    outer loop
      vertex 12.3106 -19.1591 13.2
      vertex 12.4104 -19.1276 2.3
      vertex 12.3106 -19.1591 2.3
    endloop
  endfacet
  facet normal 0.382239 0.924063 -0
    outer loop
      vertex 11.5896 -19.1276 2.3
      vertex 11.4929 -19.0876 13.2
      vertex 11.5896 -19.1276 13.2
    endloop
  endfacet
  facet normal 0.382239 0.924063 0
    outer loop
      vertex 11.4929 -19.0876 13.2
      vertex 11.5896 -19.1276 2.3
      vertex 11.4929 -19.0876 2.3
    endloop
  endfacet
  facet normal 0.0439346 -0.999034 0
    outer loop
      vertex 11.8954 -16.8046 2.3
      vertex 12 -16.8 13.2
      vertex 11.8954 -16.8046 13.2
    endloop
  endfacet
  facet normal 0.0439346 -0.999034 0
    outer loop
      vertex 12 -16.8 13.2
      vertex 11.8954 -16.8046 2.3
      vertex 12 -16.8 2.3
    endloop
  endfacet
  facet normal -0.793299 -0.608833 0
    outer loop
      vertex 12.983 -17.3117 2.3
      vertex 12.9193 -17.2287 13.2
      vertex 12.9193 -17.2287 2.3
    endloop
  endfacet
  facet normal -0.793299 -0.608833 0
    outer loop
      vertex 12.9193 -17.2287 13.2
      vertex 12.983 -17.3117 2.3
      vertex 12.983 -17.3117 13.2
    endloop
  endfacet
  facet normal -0.991526 -0.129911 0
    outer loop
      vertex 13.1954 -17.8954 2.3
      vertex 13.1818 -17.7916 13.2
      vertex 13.1818 -17.7916 2.3
    endloop
  endfacet
  facet normal -0.991526 -0.129911 0
    outer loop
      vertex 13.1818 -17.7916 13.2
      vertex 13.1954 -17.8954 2.3
      vertex 13.1954 -17.8954 13.2
    endloop
  endfacet
  facet normal -0.536937 0.843622 0
    outer loop
      vertex 12.6883 -18.983 2.3
      vertex 12.6 -19.0392 13.2
      vertex 12.6883 -18.983 13.2
    endloop
  endfacet
  facet normal -0.536937 0.843622 0
    outer loop
      vertex 12.6 -19.0392 13.2
      vertex 12.6883 -18.983 2.3
      vertex 12.6 -19.0392 2.3
    endloop
  endfacet
  facet normal 0.991526 0.129911 0
    outer loop
      vertex 10.8182 -18.2084 13.2
      vertex 10.8046 -18.1046 2.3
      vertex 10.8046 -18.1046 13.2
    endloop
  endfacet
  facet normal 0.991526 0.129911 0
    outer loop
      vertex 10.8046 -18.1046 2.3
      vertex 10.8182 -18.2084 13.2
      vertex 10.8182 -18.2084 2.3
    endloop
  endfacet
  facet normal 0.736996 -0.675898 0
    outer loop
      vertex 11.0807 -17.2287 13.2
      vertex 11.1515 -17.1515 2.3
      vertex 11.1515 -17.1515 13.2
    endloop
  endfacet
  facet normal 0.736996 -0.675898 0
    outer loop
      vertex 11.1515 -17.1515 2.3
      vertex 11.0807 -17.2287 13.2
      vertex 11.0807 -17.2287 2.3
    endloop
  endfacet
  facet normal -0.536937 -0.843622 0
    outer loop
      vertex 12.6 -16.9608 2.3
      vertex 12.6883 -17.017 13.2
      vertex 12.6 -16.9608 13.2
    endloop
  endfacet
  facet normal -0.536937 -0.843622 -0
    outer loop
      vertex 12.6883 -17.017 13.2
      vertex 12.6 -16.9608 2.3
      vertex 12.6883 -17.017 2.3
    endloop
  endfacet
  facet normal -0.129911 -0.991526 0
    outer loop
      vertex 12.1046 -16.8046 2.3
      vertex 12.2084 -16.8182 13.2
      vertex 12.1046 -16.8046 13.2
    endloop
  endfacet
  facet normal -0.129911 -0.991526 -0
    outer loop
      vertex 12.2084 -16.8182 13.2
      vertex 12.1046 -16.8046 2.3
      vertex 12.2084 -16.8182 2.3
    endloop
  endfacet
  facet normal 0.97621 -0.216829 0
    outer loop
      vertex 10.8182 -17.7916 13.2
      vertex 10.8409 -17.6894 2.3
      vertex 10.8409 -17.6894 13.2
    endloop
  endfacet
  facet normal 0.97621 -0.216829 0
    outer loop
      vertex 10.8409 -17.6894 2.3
      vertex 10.8182 -17.7916 13.2
      vertex 10.8182 -17.7916 2.3
    endloop
  endfacet
  facet normal -0.736996 0.675898 0
    outer loop
      vertex 12.8485 -18.8485 2.3
      vertex 12.9193 -18.7713 13.2
      vertex 12.9193 -18.7713 2.3
    endloop
  endfacet
  facet normal -0.736996 0.675898 0
    outer loop
      vertex 12.9193 -18.7713 13.2
      vertex 12.8485 -18.8485 2.3
      vertex 12.8485 -18.8485 13.2
    endloop
  endfacet
  facet normal 0.886857 -0.462044 0
    outer loop
      vertex 10.9124 -17.4929 13.2
      vertex 10.9608 -17.4 2.3
      vertex 10.9608 -17.4 13.2
    endloop
  endfacet
  facet normal 0.886857 -0.462044 0
    outer loop
      vertex 10.9608 -17.4 2.3
      vertex 10.9124 -17.4929 13.2
      vertex 10.9124 -17.4929 2.3
    endloop
  endfacet
  facet normal -0.886857 0.462044 0
    outer loop
      vertex 13.0392 -18.6 2.3
      vertex 13.0876 -18.5071 13.2
      vertex 13.0876 -18.5071 2.3
    endloop
  endfacet
  facet normal -0.886857 0.462044 0
    outer loop
      vertex 13.0876 -18.5071 13.2
      vertex 13.0392 -18.6 2.3
      vertex 13.0392 -18.6 13.2
    endloop
  endfacet
  facet normal 0.843622 0.536937 0
    outer loop
      vertex 11.017 -18.6883 13.2
      vertex 10.9608 -18.6 2.3
      vertex 10.9608 -18.6 13.2
    endloop
  endfacet
  facet normal 0.843622 0.536937 0
    outer loop
      vertex 10.9608 -18.6 2.3
      vertex 11.017 -18.6883 13.2
      vertex 11.017 -18.6883 2.3
    endloop
  endfacet
  facet normal -0.886857 -0.462044 0
    outer loop
      vertex 13.0876 -17.4929 2.3
      vertex 13.0392 -17.4 13.2
      vertex 13.0392 -17.4 2.3
    endloop
  endfacet
  facet normal -0.886857 -0.462044 0
    outer loop
      vertex 13.0392 -17.4 13.2
      vertex 13.0876 -17.4929 2.3
      vertex 13.0876 -17.4929 13.2
    endloop
  endfacet
  facet normal 0.97621 0.216829 0
    outer loop
      vertex 10.8409 -18.3106 13.2
      vertex 10.8182 -18.2084 2.3
      vertex 10.8182 -18.2084 13.2
    endloop
  endfacet
  facet normal 0.97621 0.216829 0
    outer loop
      vertex 10.8182 -18.2084 2.3
      vertex 10.8409 -18.3106 13.2
      vertex 10.8409 -18.3106 2.3
    endloop
  endfacet
  facet normal -0.999034 -0.0439346 0
    outer loop
      vertex 13.2 -18 2.3
      vertex 13.1954 -17.8954 13.2
      vertex 13.1954 -17.8954 2.3
    endloop
  endfacet
  facet normal -0.999034 -0.0439346 0
    outer loop
      vertex 13.1954 -17.8954 13.2
      vertex 13.2 -18 2.3
      vertex 13.2 -18 13.2
    endloop
  endfacet
  facet normal -0.97621 0.216829 0
    outer loop
      vertex 13.1591 -18.3106 2.3
      vertex 13.1818 -18.2084 13.2
      vertex 13.1818 -18.2084 2.3
    endloop
  endfacet
  facet normal -0.97621 0.216829 0
    outer loop
      vertex 13.1818 -18.2084 13.2
      vertex 13.1591 -18.3106 2.3
      vertex 13.1591 -18.3106 13.2
    endloop
  endfacet
  facet normal 0.216829 -0.97621 0
    outer loop
      vertex 11.6894 -16.8409 2.3
      vertex 11.7916 -16.8182 13.2
      vertex 11.6894 -16.8409 13.2
    endloop
  endfacet
  facet normal 0.216829 -0.97621 0
    outer loop
      vertex 11.7916 -16.8182 13.2
      vertex 11.6894 -16.8409 2.3
      vertex 11.7916 -16.8182 2.3
    endloop
  endfacet
  facet normal 0.924063 -0.382239 0
    outer loop
      vertex 10.8724 -17.5896 13.2
      vertex 10.9124 -17.4929 2.3
      vertex 10.9124 -17.4929 13.2
    endloop
  endfacet
  facet normal 0.924063 -0.382239 0
    outer loop
      vertex 10.9124 -17.4929 2.3
      vertex 10.8724 -17.5896 13.2
      vertex 10.8724 -17.5896 2.3
    endloop
  endfacet
  facet normal 0.300994 0.953626 -0
    outer loop
      vertex 11.6894 -19.1591 2.3
      vertex 11.5896 -19.1276 13.2
      vertex 11.6894 -19.1591 13.2
    endloop
  endfacet
  facet normal 0.300994 0.953626 0
    outer loop
      vertex 11.5896 -19.1276 13.2
      vertex 11.6894 -19.1591 2.3
      vertex 11.5896 -19.1276 2.3
    endloop
  endfacet
  facet normal -0.608833 0.793299 0
    outer loop
      vertex 12.7713 -18.9193 2.3
      vertex 12.6883 -18.983 13.2
      vertex 12.7713 -18.9193 13.2
    endloop
  endfacet
  facet normal -0.608833 0.793299 0
    outer loop
      vertex 12.6883 -18.983 13.2
      vertex 12.7713 -18.9193 2.3
      vertex 12.6883 -18.983 2.3
    endloop
  endfacet
  facet normal -0.999034 0.0439346 0
    outer loop
      vertex 13.1954 -18.1046 2.3
      vertex 13.2 -18 13.2
      vertex 13.2 -18 2.3
    endloop
  endfacet
  facet normal -0.999034 0.0439346 0
    outer loop
      vertex 13.2 -18 13.2
      vertex 13.1954 -18.1046 2.3
      vertex 13.1954 -18.1046 13.2
    endloop
  endfacet
  facet normal -0.97621 -0.216829 0
    outer loop
      vertex 13.1818 -17.7916 2.3
      vertex 13.1591 -17.6894 13.2
      vertex 13.1591 -17.6894 2.3
    endloop
  endfacet
  facet normal -0.97621 -0.216829 0
    outer loop
      vertex 13.1591 -17.6894 13.2
      vertex 13.1818 -17.7916 2.3
      vertex 13.1818 -17.7916 13.2
    endloop
  endfacet
  facet normal 0.129911 -0.991526 0
    outer loop
      vertex 11.7916 -16.8182 2.3
      vertex 11.8954 -16.8046 13.2
      vertex 11.7916 -16.8182 13.2
    endloop
  endfacet
  facet normal 0.129911 -0.991526 0
    outer loop
      vertex 11.8954 -16.8046 13.2
      vertex 11.7916 -16.8182 2.3
      vertex 11.8954 -16.8046 2.3
    endloop
  endfacet
  facet normal -0.953626 -0.300994 0
    outer loop
      vertex 13.1591 -17.6894 2.3
      vertex 13.1276 -17.5896 13.2
      vertex 13.1276 -17.5896 2.3
    endloop
  endfacet
  facet normal -0.953626 -0.300994 0
    outer loop
      vertex 13.1276 -17.5896 13.2
      vertex 13.1591 -17.6894 2.3
      vertex 13.1591 -17.6894 13.2
    endloop
  endfacet
  facet normal -0.300994 -0.953626 0
    outer loop
      vertex 12.3106 -16.8409 2.3
      vertex 12.4104 -16.8724 13.2
      vertex 12.3106 -16.8409 13.2
    endloop
  endfacet
  facet normal -0.300994 -0.953626 -0
    outer loop
      vertex 12.4104 -16.8724 13.2
      vertex 12.3106 -16.8409 2.3
      vertex 12.4104 -16.8724 2.3
    endloop
  endfacet
  facet normal 0.300994 -0.953626 0
    outer loop
      vertex 11.5896 -16.8724 2.3
      vertex 11.6894 -16.8409 13.2
      vertex 11.5896 -16.8724 13.2
    endloop
  endfacet
  facet normal 0.300994 -0.953626 0
    outer loop
      vertex 11.6894 -16.8409 13.2
      vertex 11.5896 -16.8724 2.3
      vertex 11.6894 -16.8409 2.3
    endloop
  endfacet
  facet normal 0.736996 0.675898 0
    outer loop
      vertex 11.1515 -18.8485 13.2
      vertex 11.0807 -18.7713 2.3
      vertex 11.0807 -18.7713 13.2
    endloop
  endfacet
  facet normal 0.736996 0.675898 0
    outer loop
      vertex 11.0807 -18.7713 2.3
      vertex 11.1515 -18.8485 13.2
      vertex 11.1515 -18.8485 2.3
    endloop
  endfacet
  facet normal 0.536937 0.843622 -0
    outer loop
      vertex 11.4 -19.0392 2.3
      vertex 11.3117 -18.983 13.2
      vertex 11.4 -19.0392 13.2
    endloop
  endfacet
  facet normal 0.536937 0.843622 0
    outer loop
      vertex 11.3117 -18.983 13.2
      vertex 11.4 -19.0392 2.3
      vertex 11.3117 -18.983 2.3
    endloop
  endfacet
  facet normal 0.991526 -0.129911 0
    outer loop
      vertex 10.8046 -17.8954 13.2
      vertex 10.8182 -17.7916 2.3
      vertex 10.8182 -17.7916 13.2
    endloop
  endfacet
  facet normal 0.991526 -0.129911 0
    outer loop
      vertex 10.8182 -17.7916 2.3
      vertex 10.8046 -17.8954 13.2
      vertex 10.8046 -17.8954 2.3
    endloop
  endfacet
  facet normal -0.216829 0.97621 0
    outer loop
      vertex 12.3106 -19.1591 2.3
      vertex 12.2084 -19.1818 13.2
      vertex 12.3106 -19.1591 13.2
    endloop
  endfacet
  facet normal -0.216829 0.97621 0
    outer loop
      vertex 12.2084 -19.1818 13.2
      vertex 12.3106 -19.1591 2.3
      vertex 12.2084 -19.1818 2.3
    endloop
  endfacet
  facet normal 0.675898 -0.736996 0
    outer loop
      vertex 11.1515 -17.1515 2.3
      vertex 11.2287 -17.0807 13.2
      vertex 11.1515 -17.1515 13.2
    endloop
  endfacet
  facet normal 0.675898 -0.736996 0
    outer loop
      vertex 11.2287 -17.0807 13.2
      vertex 11.1515 -17.1515 2.3
      vertex 11.2287 -17.0807 2.3
    endloop
  endfacet
  facet normal 0.886857 0.462044 0
    outer loop
      vertex 10.9608 -18.6 13.2
      vertex 10.9124 -18.5071 2.3
      vertex 10.9124 -18.5071 13.2
    endloop
  endfacet
  facet normal 0.886857 0.462044 0
    outer loop
      vertex 10.9124 -18.5071 2.3
      vertex 10.9608 -18.6 13.2
      vertex 10.9608 -18.6 2.3
    endloop
  endfacet
  facet normal 0.216829 0.97621 -0
    outer loop
      vertex 11.7916 -19.1818 2.3
      vertex 11.6894 -19.1591 13.2
      vertex 11.7916 -19.1818 13.2
    endloop
  endfacet
  facet normal 0.216829 0.97621 0
    outer loop
      vertex 11.6894 -19.1591 13.2
      vertex 11.7916 -19.1818 2.3
      vertex 11.6894 -19.1591 2.3
    endloop
  endfacet
  facet normal -0.675898 0.736996 0
    outer loop
      vertex 12.8485 -18.8485 2.3
      vertex 12.7713 -18.9193 13.2
      vertex 12.8485 -18.8485 13.2
    endloop
  endfacet
  facet normal -0.675898 0.736996 0
    outer loop
      vertex 12.7713 -18.9193 13.2
      vertex 12.8485 -18.8485 2.3
      vertex 12.7713 -18.9193 2.3
    endloop
  endfacet
  facet normal 0.462044 -0.886857 0
    outer loop
      vertex 11.4 -16.9608 2.3
      vertex 11.4929 -16.9124 13.2
      vertex 11.4 -16.9608 13.2
    endloop
  endfacet
  facet normal 0.462044 -0.886857 0
    outer loop
      vertex 11.4929 -16.9124 13.2
      vertex 11.4 -16.9608 2.3
      vertex 11.4929 -16.9124 2.3
    endloop
  endfacet
  facet normal 0.536937 -0.843622 0
    outer loop
      vertex 11.3117 -17.017 2.3
      vertex 11.4 -16.9608 13.2
      vertex 11.3117 -17.017 13.2
    endloop
  endfacet
  facet normal 0.536937 -0.843622 0
    outer loop
      vertex 11.4 -16.9608 13.2
      vertex 11.3117 -17.017 2.3
      vertex 11.4 -16.9608 2.3
    endloop
  endfacet
  facet normal -0.608833 -0.793299 0
    outer loop
      vertex 12.6883 -17.017 2.3
      vertex 12.7713 -17.0807 13.2
      vertex 12.6883 -17.017 13.2
    endloop
  endfacet
  facet normal -0.608833 -0.793299 -0
    outer loop
      vertex 12.7713 -17.0807 13.2
      vertex 12.6883 -17.017 2.3
      vertex 12.7713 -17.0807 2.3
    endloop
  endfacet
  facet normal -0.462044 -0.886857 0
    outer loop
      vertex 12.5071 -16.9124 2.3
      vertex 12.6 -16.9608 13.2
      vertex 12.5071 -16.9124 13.2
    endloop
  endfacet
  facet normal -0.462044 -0.886857 -0
    outer loop
      vertex 12.6 -16.9608 13.2
      vertex 12.5071 -16.9124 2.3
      vertex 12.6 -16.9608 2.3
    endloop
  endfacet
  facet normal -0.736996 -0.675898 0
    outer loop
      vertex 12.9193 -17.2287 2.3
      vertex 12.8485 -17.1515 13.2
      vertex 12.8485 -17.1515 2.3
    endloop
  endfacet
  facet normal -0.736996 -0.675898 0
    outer loop
      vertex 12.8485 -17.1515 13.2
      vertex 12.9193 -17.2287 2.3
      vertex 12.9193 -17.2287 13.2
    endloop
  endfacet
  facet normal 0.999034 -0.0439346 0
    outer loop
      vertex 10.8 -18 13.2
      vertex 10.8046 -17.8954 2.3
      vertex 10.8046 -17.8954 13.2
    endloop
  endfacet
  facet normal 0.999034 -0.0439346 0
    outer loop
      vertex 10.8046 -17.8954 2.3
      vertex 10.8 -18 13.2
      vertex 10.8 -18 2.3
    endloop
  endfacet
  facet normal -0.991526 0.129911 0
    outer loop
      vertex 13.1818 -18.2084 2.3
      vertex 13.1954 -18.1046 13.2
      vertex 13.1954 -18.1046 2.3
    endloop
  endfacet
  facet normal -0.991526 0.129911 0
    outer loop
      vertex 13.1954 -18.1046 13.2
      vertex 13.1818 -18.2084 2.3
      vertex 13.1818 -18.2084 13.2
    endloop
  endfacet
  facet normal -0.843622 0.536937 0
    outer loop
      vertex 12.983 -18.6883 2.3
      vertex 13.0392 -18.6 13.2
      vertex 13.0392 -18.6 2.3
    endloop
  endfacet
  facet normal -0.843622 0.536937 0
    outer loop
      vertex 13.0392 -18.6 13.2
      vertex 12.983 -18.6883 2.3
      vertex 12.983 -18.6883 13.2
    endloop
  endfacet
  facet normal -0.924063 0.382239 0
    outer loop
      vertex 13.0876 -18.5071 2.3
      vertex 13.1276 -18.4104 13.2
      vertex 13.1276 -18.4104 2.3
    endloop
  endfacet
  facet normal -0.924063 0.382239 0
    outer loop
      vertex 13.1276 -18.4104 13.2
      vertex 13.0876 -18.5071 2.3
      vertex 13.0876 -18.5071 13.2
    endloop
  endfacet
  facet normal -0.793299 0.608833 0
    outer loop
      vertex 12.9193 -18.7713 2.3
      vertex 12.983 -18.6883 13.2
      vertex 12.983 -18.6883 2.3
    endloop
  endfacet
  facet normal -0.793299 0.608833 0
    outer loop
      vertex 12.983 -18.6883 13.2
      vertex 12.9193 -18.7713 2.3
      vertex 12.9193 -18.7713 13.2
    endloop
  endfacet
  facet normal -0.843622 -0.536937 0
    outer loop
      vertex 13.0392 -17.4 2.3
      vertex 12.983 -17.3117 13.2
      vertex 12.983 -17.3117 2.3
    endloop
  endfacet
  facet normal -0.843622 -0.536937 0
    outer loop
      vertex 12.983 -17.3117 13.2
      vertex 13.0392 -17.4 2.3
      vertex 13.0392 -17.4 13.2
    endloop
  endfacet
  facet normal 0.793299 -0.608833 0
    outer loop
      vertex 11.017 -17.3117 13.2
      vertex 11.0807 -17.2287 2.3
      vertex 11.0807 -17.2287 13.2
    endloop
  endfacet
  facet normal 0.793299 -0.608833 0
    outer loop
      vertex 11.0807 -17.2287 2.3
      vertex 11.017 -17.3117 13.2
      vertex 11.017 -17.3117 2.3
    endloop
  endfacet
  facet normal 0.129911 0.991526 -0
    outer loop
      vertex 11.8954 -19.1954 2.3
      vertex 11.7916 -19.1818 13.2
      vertex 11.8954 -19.1954 13.2
    endloop
  endfacet
  facet normal 0.129911 0.991526 0
    outer loop
      vertex 11.7916 -19.1818 13.2
      vertex 11.8954 -19.1954 2.3
      vertex 11.7916 -19.1818 2.3
    endloop
  endfacet
  facet normal -0.129911 0.991526 0
    outer loop
      vertex 12.2084 -19.1818 2.3
      vertex 12.1046 -19.1954 13.2
      vertex 12.2084 -19.1818 13.2
    endloop
  endfacet
  facet normal -0.129911 0.991526 0
    outer loop
      vertex 12.1046 -19.1954 13.2
      vertex 12.2084 -19.1818 2.3
      vertex 12.1046 -19.1954 2.3
    endloop
  endfacet
  facet normal -0.462044 0.886857 0
    outer loop
      vertex 12.6 -19.0392 2.3
      vertex 12.5071 -19.0876 13.2
      vertex 12.6 -19.0392 13.2
    endloop
  endfacet
  facet normal -0.462044 0.886857 0
    outer loop
      vertex 12.5071 -19.0876 13.2
      vertex 12.6 -19.0392 2.3
      vertex 12.5071 -19.0876 2.3
    endloop
  endfacet
  facet normal 0.0439346 0.999034 -0
    outer loop
      vertex 12 -19.2 2.3
      vertex 11.8954 -19.1954 13.2
      vertex 12 -19.2 13.2
    endloop
  endfacet
  facet normal 0.0439346 0.999034 0
    outer loop
      vertex 11.8954 -19.1954 13.2
      vertex 12 -19.2 2.3
      vertex 11.8954 -19.1954 2.3
    endloop
  endfacet
  facet normal 0.608833 -0.793299 0
    outer loop
      vertex 11.2287 -17.0807 2.3
      vertex 11.3117 -17.017 13.2
      vertex 11.2287 -17.0807 13.2
    endloop
  endfacet
  facet normal 0.608833 -0.793299 0
    outer loop
      vertex 11.3117 -17.017 13.2
      vertex 11.2287 -17.0807 2.3
      vertex 11.3117 -17.017 2.3
    endloop
  endfacet
  facet normal 0.953626 -0.300994 0
    outer loop
      vertex 10.8409 -17.6894 13.2
      vertex 10.8724 -17.5896 2.3
      vertex 10.8724 -17.5896 13.2
    endloop
  endfacet
  facet normal 0.953626 -0.300994 0
    outer loop
      vertex 10.8724 -17.5896 2.3
      vertex 10.8409 -17.6894 13.2
      vertex 10.8409 -17.6894 2.3
    endloop
  endfacet
  facet normal 0.999034 0.0439346 0
    outer loop
      vertex 10.8046 -18.1046 13.2
      vertex 10.8 -18 2.3
      vertex 10.8 -18 13.2
    endloop
  endfacet
  facet normal 0.999034 0.0439346 0
    outer loop
      vertex 10.8 -18 2.3
      vertex 10.8046 -18.1046 13.2
      vertex 10.8046 -18.1046 2.3
    endloop
  endfacet
  facet normal 0.462044 0.886857 -0
    outer loop
      vertex 11.4929 -19.0876 2.3
      vertex 11.4 -19.0392 13.2
      vertex 11.4929 -19.0876 13.2
    endloop
  endfacet
  facet normal 0.462044 0.886857 0
    outer loop
      vertex 11.4 -19.0392 13.2
      vertex 11.4929 -19.0876 2.3
      vertex 11.4 -19.0392 2.3
    endloop
  endfacet
  facet normal -0.675898 -0.736996 0
    outer loop
      vertex 12.7713 -17.0807 2.3
      vertex 12.8485 -17.1515 13.2
      vertex 12.7713 -17.0807 13.2
    endloop
  endfacet
  facet normal -0.675898 -0.736996 -0
    outer loop
      vertex 12.8485 -17.1515 13.2
      vertex 12.7713 -17.0807 2.3
      vertex 12.8485 -17.1515 2.3
    endloop
  endfacet
  facet normal -0.216829 -0.97621 0
    outer loop
      vertex 12.2084 -16.8182 2.3
      vertex 12.3106 -16.8409 13.2
      vertex 12.2084 -16.8182 13.2
    endloop
  endfacet
  facet normal -0.216829 -0.97621 -0
    outer loop
      vertex 12.3106 -16.8409 13.2
      vertex 12.2084 -16.8182 2.3
      vertex 12.3106 -16.8409 2.3
    endloop
  endfacet
  facet normal 0.382239 -0.924063 0
    outer loop
      vertex 11.4929 -16.9124 2.3
      vertex 11.5896 -16.8724 13.2
      vertex 11.4929 -16.9124 13.2
    endloop
  endfacet
  facet normal 0.382239 -0.924063 0
    outer loop
      vertex 11.5896 -16.8724 13.2
      vertex 11.4929 -16.9124 2.3
      vertex 11.5896 -16.8724 2.3
    endloop
  endfacet
  facet normal 0.924063 0.382239 0
    outer loop
      vertex 10.9124 -18.5071 13.2
      vertex 10.8724 -18.4104 2.3
      vertex 10.8724 -18.4104 13.2
    endloop
  endfacet
  facet normal 0.924063 0.382239 0
    outer loop
      vertex 10.8724 -18.4104 2.3
      vertex 10.9124 -18.5071 13.2
      vertex 10.9124 -18.5071 2.3
    endloop
  endfacet
  facet normal 0.953626 0.300994 0
    outer loop
      vertex 10.8724 -18.4104 13.2
      vertex 10.8409 -18.3106 2.3
      vertex 10.8409 -18.3106 13.2
    endloop
  endfacet
  facet normal 0.953626 0.300994 0
    outer loop
      vertex 10.8409 -18.3106 2.3
      vertex 10.8724 -18.4104 13.2
      vertex 10.8724 -18.4104 2.3
    endloop
  endfacet
  facet normal 0.843622 -0.536937 0
    outer loop
      vertex 10.9608 -17.4 13.2
      vertex 11.017 -17.3117 2.3
      vertex 11.017 -17.3117 13.2
    endloop
  endfacet
  facet normal 0.843622 -0.536937 0
    outer loop
      vertex 11.017 -17.3117 2.3
      vertex 10.9608 -17.4 13.2
      vertex 10.9608 -17.4 2.3
    endloop
  endfacet
  facet normal -0.953626 0.300994 0
    outer loop
      vertex 13.1276 -18.4104 2.3
      vertex 13.1591 -18.3106 13.2
      vertex 13.1591 -18.3106 2.3
    endloop
  endfacet
  facet normal -0.953626 0.300994 0
    outer loop
      vertex 13.1591 -18.3106 13.2
      vertex 13.1276 -18.4104 2.3
      vertex 13.1276 -18.4104 13.2
    endloop
  endfacet
  facet normal -0.0439346 0.999034 0
    outer loop
      vertex 12.1046 -19.1954 2.3
      vertex 12 -19.2 13.2
      vertex 12.1046 -19.1954 13.2
    endloop
  endfacet
  facet normal -0.0439346 0.999034 0
    outer loop
      vertex 12 -19.2 13.2
      vertex 12.1046 -19.1954 2.3
      vertex 12 -19.2 2.3
    endloop
  endfacet
  facet normal 0.608833 0.793299 -0
    outer loop
      vertex 11.3117 -18.983 2.3
      vertex 11.2287 -18.9193 13.2
      vertex 11.3117 -18.983 13.2
    endloop
  endfacet
  facet normal 0.608833 0.793299 0
    outer loop
      vertex 11.2287 -18.9193 13.2
      vertex 11.3117 -18.983 2.3
      vertex 11.2287 -18.9193 2.3
    endloop
  endfacet
  facet normal -0.924063 -0.382239 0
    outer loop
      vertex 13.1276 -17.5896 2.3
      vertex 13.0876 -17.4929 13.2
      vertex 13.0876 -17.4929 2.3
    endloop
  endfacet
  facet normal -0.924063 -0.382239 0
    outer loop
      vertex 13.0876 -17.4929 13.2
      vertex 13.1276 -17.5896 2.3
      vertex 13.1276 -17.5896 13.2
    endloop
  endfacet
  facet normal -0.0439346 -0.999034 0
    outer loop
      vertex 12 -16.8 2.3
      vertex 12.1046 -16.8046 13.2
      vertex 12 -16.8 13.2
    endloop
  endfacet
  facet normal -0.0439346 -0.999034 -0
    outer loop
      vertex 12.1046 -16.8046 13.2
      vertex 12 -16.8 2.3
      vertex 12.1046 -16.8046 2.3
    endloop
  endfacet
  facet normal -0.382239 0.924063 0
    outer loop
      vertex 12.5071 -19.0876 2.3
      vertex 12.4104 -19.1276 13.2
      vertex 12.5071 -19.0876 13.2
    endloop
  endfacet
  facet normal -0.382239 0.924063 0
    outer loop
      vertex 12.4104 -19.1276 13.2
      vertex 12.5071 -19.0876 2.3
      vertex 12.4104 -19.1276 2.3
    endloop
  endfacet
  facet normal 0.675898 0.736996 -0
    outer loop
      vertex 11.2287 -18.9193 2.3
      vertex 11.1515 -18.8485 13.2
      vertex 11.2287 -18.9193 13.2
    endloop
  endfacet
  facet normal 0.675898 0.736996 0
    outer loop
      vertex 11.1515 -18.8485 13.2
      vertex 11.2287 -18.9193 2.3
      vertex 11.1515 -18.8485 2.3
    endloop
  endfacet
  facet normal 0.130106 -0.9915 0
    outer loop
      vertex 11.6006 -15.7349 0
      vertex 11.7995 -15.7088 2.3
      vertex 11.6006 -15.7349 2.3
    endloop
  endfacet
  facet normal 0.130106 -0.9915 0
    outer loop
      vertex 11.7995 -15.7088 2.3
      vertex 11.6006 -15.7349 0
      vertex 11.7995 -15.7088 0
    endloop
  endfacet
  facet normal -0.9915 -0.130106 0
    outer loop
      vertex 14.2912 -17.7995 0
      vertex 14.2651 -17.6006 2.3
      vertex 14.2651 -17.6006 0
    endloop
  endfacet
  facet normal -0.9915 -0.130106 0
    outer loop
      vertex 14.2651 -17.6006 2.3
      vertex 14.2912 -17.7995 0
      vertex 14.2912 -17.7995 2.3
    endloop
  endfacet
  facet normal -0.999038 -0.0438481 0
    outer loop
      vertex 14.3 -18 0
      vertex 14.2912 -17.7995 2.3
      vertex 14.2912 -17.7995 0
    endloop
  endfacet
  facet normal -0.999038 -0.0438481 0
    outer loop
      vertex 14.2912 -17.7995 2.3
      vertex 14.3 -18 0
      vertex 14.3 -18 2.3
    endloop
  endfacet
  facet normal -0.976222 -0.216772 0
    outer loop
      vertex 14.2651 -17.6006 0
      vertex 14.2216 -17.4047 2.3
      vertex 14.2216 -17.4047 0
    endloop
  endfacet
  facet normal -0.976222 -0.216772 0
    outer loop
      vertex 14.2216 -17.4047 2.3
      vertex 14.2651 -17.6006 0
      vertex 14.2651 -17.6006 2.3
    endloop
  endfacet
  facet normal -0.999038 0.0438481 0
    outer loop
      vertex 14.2912 -18.2005 0
      vertex 14.3 -18 2.3
      vertex 14.3 -18 0
    endloop
  endfacet
  facet normal -0.999038 0.0438481 0
    outer loop
      vertex 14.3 -18 2.3
      vertex 14.2912 -18.2005 0
      vertex 14.2912 -18.2005 2.3
    endloop
  endfacet
  facet normal 0.608578 0.793494 -0
    outer loop
      vertex 10.6808 -19.884 0
      vertex 10.5216 -19.7619 2.3
      vertex 10.6808 -19.884 2.3
    endloop
  endfacet
  facet normal 0.608578 0.793494 0
    outer loop
      vertex 10.5216 -19.7619 2.3
      vertex 10.6808 -19.884 0
      vertex 10.5216 -19.7619 0
    endloop
  endfacet
  facet normal 0.953684 -0.300812 0
    outer loop
      vertex 9.77837 -17.4047 2.3
      vertex 9.83871 -17.2134 0
      vertex 9.83871 -17.2134 2.3
    endloop
  endfacet
  facet normal 0.953684 -0.300812 0
    outer loop
      vertex 9.83871 -17.2134 0
      vertex 9.77837 -17.4047 2.3
      vertex 9.77837 -17.4047 0
    endloop
  endfacet
  facet normal -0.675792 -0.737092 0
    outer loop
      vertex 13.4784 -16.2381 0
      vertex 13.6263 -16.3737 2.3
      vertex 13.4784 -16.2381 2.3
    endloop
  endfacet
  facet normal -0.675792 -0.737092 -0
    outer loop
      vertex 13.6263 -16.3737 2.3
      vertex 13.4784 -16.2381 0
      vertex 13.6263 -16.3737 0
    endloop
  endfacet
  facet normal 0.953684 0.300812 0
    outer loop
      vertex 9.83871 -18.7866 2.3
      vertex 9.77837 -18.5953 0
      vertex 9.77837 -18.5953 2.3
    endloop
  endfacet
  facet normal 0.953684 0.300812 0
    outer loop
      vertex 9.77837 -18.5953 0
      vertex 9.83871 -18.7866 2.3
      vertex 9.83871 -18.7866 0
    endloop
  endfacet
  facet normal 0.793494 0.608578 0
    outer loop
      vertex 10.2381 -19.4784 2.3
      vertex 10.116 -19.3192 0
      vertex 10.116 -19.3192 2.3
    endloop
  endfacet
  facet normal 0.793494 0.608578 0
    outer loop
      vertex 10.116 -19.3192 0
      vertex 10.2381 -19.4784 2.3
      vertex 10.2381 -19.4784 0
    endloop
  endfacet
  facet normal -0.382704 -0.923871 0
    outer loop
      vertex 12.7866 -15.8387 0
      vertex 12.972 -15.9155 2.3
      vertex 12.7866 -15.8387 2.3
    endloop
  endfacet
  facet normal -0.382704 -0.923871 -0
    outer loop
      vertex 12.972 -15.9155 2.3
      vertex 12.7866 -15.8387 0
      vertex 12.972 -15.9155 0
    endloop
  endfacet
  facet normal -0.843148 0.537681 0
    outer loop
      vertex 13.884 -19.3192 0
      vertex 13.9919 -19.15 2.3
      vertex 13.9919 -19.15 0
    endloop
  endfacet
  facet normal -0.843148 0.537681 0
    outer loop
      vertex 13.9919 -19.15 2.3
      vertex 13.884 -19.3192 0
      vertex 13.884 -19.3192 2.3
    endloop
  endfacet
  facet normal -0.737092 -0.675792 0
    outer loop
      vertex 13.7619 -16.5216 0
      vertex 13.6263 -16.3737 2.3
      vertex 13.6263 -16.3737 0
    endloop
  endfacet
  facet normal -0.737092 -0.675792 0
    outer loop
      vertex 13.6263 -16.3737 2.3
      vertex 13.7619 -16.5216 0
      vertex 13.7619 -16.5216 2.3
    endloop
  endfacet
  facet normal -0.793494 -0.608578 0
    outer loop
      vertex 13.884 -16.6808 0
      vertex 13.7619 -16.5216 2.3
      vertex 13.7619 -16.5216 0
    endloop
  endfacet
  facet normal -0.793494 -0.608578 0
    outer loop
      vertex 13.7619 -16.5216 2.3
      vertex 13.884 -16.6808 0
      vertex 13.884 -16.6808 2.3
    endloop
  endfacet
  facet normal -0.537681 -0.843148 0
    outer loop
      vertex 13.15 -16.0081 0
      vertex 13.3192 -16.116 2.3
      vertex 13.15 -16.0081 2.3
    endloop
  endfacet
  facet normal -0.537681 -0.843148 -0
    outer loop
      vertex 13.3192 -16.116 2.3
      vertex 13.15 -16.0081 0
      vertex 13.3192 -16.116 0
    endloop
  endfacet
  facet normal -0.216772 -0.976222 0
    outer loop
      vertex 12.3994 -15.7349 0
      vertex 12.5953 -15.7784 2.3
      vertex 12.3994 -15.7349 2.3
    endloop
  endfacet
  facet normal -0.216772 -0.976222 -0
    outer loop
      vertex 12.5953 -15.7784 2.3
      vertex 12.3994 -15.7349 0
      vertex 12.5953 -15.7784 0
    endloop
  endfacet
  facet normal 0.0438481 0.999038 -0
    outer loop
      vertex 12 -20.3 0
      vertex 11.7995 -20.2912 2.3
      vertex 12 -20.3 2.3
    endloop
  endfacet
  facet normal 0.0438481 0.999038 0
    outer loop
      vertex 11.7995 -20.2912 2.3
      vertex 12 -20.3 0
      vertex 11.7995 -20.2912 0
    endloop
  endfacet
  facet normal 0.216772 -0.976222 0
    outer loop
      vertex 11.4047 -15.7784 0
      vertex 11.6006 -15.7349 2.3
      vertex 11.4047 -15.7784 2.3
    endloop
  endfacet
  facet normal 0.216772 -0.976222 0
    outer loop
      vertex 11.6006 -15.7349 2.3
      vertex 11.4047 -15.7784 0
      vertex 11.6006 -15.7349 0
    endloop
  endfacet
  facet normal 0.793494 -0.608578 0
    outer loop
      vertex 10.116 -16.6808 2.3
      vertex 10.2381 -16.5216 0
      vertex 10.2381 -16.5216 2.3
    endloop
  endfacet
  facet normal 0.793494 -0.608578 0
    outer loop
      vertex 10.2381 -16.5216 0
      vertex 10.116 -16.6808 2.3
      vertex 10.116 -16.6808 0
    endloop
  endfacet
  facet normal 0.991442 0.130547 0
    outer loop
      vertex 9.73494 -18.3994 2.3
      vertex 9.70875 -18.2005 0
      vertex 9.70875 -18.2005 2.3
    endloop
  endfacet
  facet normal 0.991442 0.130547 0
    outer loop
      vertex 9.70875 -18.2005 0
      vertex 9.73494 -18.3994 2.3
      vertex 9.73494 -18.3994 0
    endloop
  endfacet
  facet normal 0.46151 -0.887135 0
    outer loop
      vertex 10.85 -16.0081 0
      vertex 11.028 -15.9155 2.3
      vertex 10.85 -16.0081 2.3
    endloop
  endfacet
  facet normal 0.46151 -0.887135 0
    outer loop
      vertex 11.028 -15.9155 2.3
      vertex 10.85 -16.0081 0
      vertex 11.028 -15.9155 0
    endloop
  endfacet
  facet normal -0.46151 0.887135 0
    outer loop
      vertex 13.15 -19.9919 0
      vertex 12.972 -20.0845 2.3
      vertex 13.15 -19.9919 2.3
    endloop
  endfacet
  facet normal -0.46151 0.887135 0
    outer loop
      vertex 12.972 -20.0845 2.3
      vertex 13.15 -19.9919 0
      vertex 12.972 -20.0845 0
    endloop
  endfacet
  facet normal -0.608578 -0.793494 0
    outer loop
      vertex 13.3192 -16.116 0
      vertex 13.4784 -16.2381 2.3
      vertex 13.3192 -16.116 2.3
    endloop
  endfacet
  facet normal -0.608578 -0.793494 -0
    outer loop
      vertex 13.4784 -16.2381 2.3
      vertex 13.3192 -16.116 0
      vertex 13.4784 -16.2381 0
    endloop
  endfacet
  facet normal -0.9915 0.130106 0
    outer loop
      vertex 14.2651 -18.3994 0
      vertex 14.2912 -18.2005 2.3
      vertex 14.2912 -18.2005 0
    endloop
  endfacet
  facet normal -0.9915 0.130106 0
    outer loop
      vertex 14.2912 -18.2005 2.3
      vertex 14.2651 -18.3994 0
      vertex 14.2651 -18.3994 2.3
    endloop
  endfacet
  facet normal -0.923871 0.382704 0
    outer loop
      vertex 14.0845 -18.972 0
      vertex 14.1613 -18.7866 2.3
      vertex 14.1613 -18.7866 0
    endloop
  endfacet
  facet normal -0.923871 0.382704 0
    outer loop
      vertex 14.1613 -18.7866 2.3
      vertex 14.0845 -18.972 0
      vertex 14.0845 -18.972 2.3
    endloop
  endfacet
  facet normal -0.30063 -0.953741 0
    outer loop
      vertex 12.5953 -15.7784 0
      vertex 12.7866 -15.8387 2.3
      vertex 12.5953 -15.7784 2.3
    endloop
  endfacet
  facet normal -0.30063 -0.953741 -0
    outer loop
      vertex 12.7866 -15.8387 2.3
      vertex 12.5953 -15.7784 0
      vertex 12.7866 -15.8387 0
    endloop
  endfacet
  facet normal 0.0438481 -0.999038 0
    outer loop
      vertex 11.7995 -15.7088 0
      vertex 12 -15.7 2.3
      vertex 11.7995 -15.7088 2.3
    endloop
  endfacet
  facet normal 0.0438481 -0.999038 0
    outer loop
      vertex 12 -15.7 2.3
      vertex 11.7995 -15.7088 0
      vertex 12 -15.7 0
    endloop
  endfacet
  facet normal 0.737092 0.675792 0
    outer loop
      vertex 10.3737 -19.6263 2.3
      vertex 10.2381 -19.4784 0
      vertex 10.2381 -19.4784 2.3
    endloop
  endfacet
  facet normal 0.737092 0.675792 0
    outer loop
      vertex 10.2381 -19.4784 0
      vertex 10.3737 -19.6263 2.3
      vertex 10.3737 -19.6263 0
    endloop
  endfacet
  facet normal 0.887115 -0.461549 0
    outer loop
      vertex 9.91549 -17.028 2.3
      vertex 10.0081 -16.85 0
      vertex 10.0081 -16.85 2.3
    endloop
  endfacet
  facet normal 0.887115 -0.461549 0
    outer loop
      vertex 10.0081 -16.85 0
      vertex 9.91549 -17.028 2.3
      vertex 9.91549 -17.028 0
    endloop
  endfacet
  facet normal -0.216772 0.976222 0
    outer loop
      vertex 12.5953 -20.2216 0
      vertex 12.3994 -20.2651 2.3
      vertex 12.5953 -20.2216 2.3
    endloop
  endfacet
  facet normal -0.216772 0.976222 0
    outer loop
      vertex 12.3994 -20.2651 2.3
      vertex 12.5953 -20.2216 0
      vertex 12.3994 -20.2651 0
    endloop
  endfacet
  facet normal -0.130106 0.9915 0
    outer loop
      vertex 12.3994 -20.2651 0
      vertex 12.2005 -20.2912 2.3
      vertex 12.3994 -20.2651 2.3
    endloop
  endfacet
  facet normal -0.130106 0.9915 0
    outer loop
      vertex 12.2005 -20.2912 2.3
      vertex 12.3994 -20.2651 0
      vertex 12.2005 -20.2912 0
    endloop
  endfacet
  facet normal -0.46151 -0.887135 0
    outer loop
      vertex 12.972 -15.9155 0
      vertex 13.15 -16.0081 2.3
      vertex 12.972 -15.9155 2.3
    endloop
  endfacet
  facet normal -0.46151 -0.887135 -0
    outer loop
      vertex 13.15 -16.0081 2.3
      vertex 12.972 -15.9155 0
      vertex 13.15 -16.0081 0
    endloop
  endfacet
  facet normal -0.0438481 -0.999038 0
    outer loop
      vertex 12 -15.7 0
      vertex 12.2005 -15.7088 2.3
      vertex 12 -15.7 2.3
    endloop
  endfacet
  facet normal -0.0438481 -0.999038 -0
    outer loop
      vertex 12.2005 -15.7088 2.3
      vertex 12 -15.7 0
      vertex 12.2005 -15.7088 0
    endloop
  endfacet
  facet normal 0.30063 0.953741 -0
    outer loop
      vertex 11.4047 -20.2216 0
      vertex 11.2134 -20.1613 2.3
      vertex 11.4047 -20.2216 2.3
    endloop
  endfacet
  facet normal 0.30063 0.953741 0
    outer loop
      vertex 11.2134 -20.1613 2.3
      vertex 11.4047 -20.2216 0
      vertex 11.2134 -20.1613 0
    endloop
  endfacet
  facet normal -0.608578 0.793494 0
    outer loop
      vertex 13.4784 -19.7619 0
      vertex 13.3192 -19.884 2.3
      vertex 13.4784 -19.7619 2.3
    endloop
  endfacet
  facet normal -0.608578 0.793494 0
    outer loop
      vertex 13.3192 -19.884 2.3
      vertex 13.4784 -19.7619 0
      vertex 13.3192 -19.884 0
    endloop
  endfacet
  facet normal 0.537681 0.843148 -0
    outer loop
      vertex 10.85 -19.9919 0
      vertex 10.6808 -19.884 2.3
      vertex 10.85 -19.9919 2.3
    endloop
  endfacet
  facet normal 0.537681 0.843148 0
    outer loop
      vertex 10.6808 -19.884 2.3
      vertex 10.85 -19.9919 0
      vertex 10.6808 -19.884 0
    endloop
  endfacet
  facet normal -0.793494 0.608578 0
    outer loop
      vertex 13.7619 -19.4784 0
      vertex 13.884 -19.3192 2.3
      vertex 13.884 -19.3192 0
    endloop
  endfacet
  facet normal -0.793494 0.608578 0
    outer loop
      vertex 13.884 -19.3192 2.3
      vertex 13.7619 -19.4784 0
      vertex 13.7619 -19.4784 2.3
    endloop
  endfacet
  facet normal -0.976222 0.216772 0
    outer loop
      vertex 14.2216 -18.5953 0
      vertex 14.2651 -18.3994 2.3
      vertex 14.2651 -18.3994 0
    endloop
  endfacet
  facet normal -0.976222 0.216772 0
    outer loop
      vertex 14.2651 -18.3994 2.3
      vertex 14.2216 -18.5953 0
      vertex 14.2216 -18.5953 2.3
    endloop
  endfacet
  facet normal 0.675792 -0.737092 0
    outer loop
      vertex 10.3737 -16.3737 0
      vertex 10.5216 -16.2381 2.3
      vertex 10.3737 -16.3737 2.3
    endloop
  endfacet
  facet normal 0.675792 -0.737092 0
    outer loop
      vertex 10.5216 -16.2381 2.3
      vertex 10.3737 -16.3737 0
      vertex 10.5216 -16.2381 0
    endloop
  endfacet
  facet normal 0.608578 -0.793494 0
    outer loop
      vertex 10.5216 -16.2381 0
      vertex 10.6808 -16.116 2.3
      vertex 10.5216 -16.2381 2.3
    endloop
  endfacet
  facet normal 0.608578 -0.793494 0
    outer loop
      vertex 10.6808 -16.116 2.3
      vertex 10.5216 -16.2381 0
      vertex 10.6808 -16.116 0
    endloop
  endfacet
  facet normal -0.887135 -0.46151 0
    outer loop
      vertex 14.0845 -17.028 0
      vertex 13.9919 -16.85 2.3
      vertex 13.9919 -16.85 0
    endloop
  endfacet
  facet normal -0.887135 -0.46151 0
    outer loop
      vertex 13.9919 -16.85 2.3
      vertex 14.0845 -17.028 0
      vertex 14.0845 -17.028 2.3
    endloop
  endfacet
  facet normal -0.843148 -0.537681 0
    outer loop
      vertex 13.9919 -16.85 0
      vertex 13.884 -16.6808 2.3
      vertex 13.884 -16.6808 0
    endloop
  endfacet
  facet normal -0.843148 -0.537681 0
    outer loop
      vertex 13.884 -16.6808 2.3
      vertex 13.9919 -16.85 0
      vertex 13.9919 -16.85 2.3
    endloop
  endfacet
  facet normal -0.953741 0.30063 0
    outer loop
      vertex 14.1613 -18.7866 0
      vertex 14.2216 -18.5953 2.3
      vertex 14.2216 -18.5953 0
    endloop
  endfacet
  facet normal -0.953741 0.30063 0
    outer loop
      vertex 14.2216 -18.5953 2.3
      vertex 14.1613 -18.7866 0
      vertex 14.1613 -18.7866 2.3
    endloop
  endfacet
  facet normal 0.537681 -0.843148 0
    outer loop
      vertex 10.6808 -16.116 0
      vertex 10.85 -16.0081 2.3
      vertex 10.6808 -16.116 2.3
    endloop
  endfacet
  facet normal 0.537681 -0.843148 0
    outer loop
      vertex 10.85 -16.0081 2.3
      vertex 10.6808 -16.116 0
      vertex 10.85 -16.0081 0
    endloop
  endfacet
  facet normal 0.130106 0.9915 -0
    outer loop
      vertex 11.7995 -20.2912 0
      vertex 11.6006 -20.2651 2.3
      vertex 11.7995 -20.2912 2.3
    endloop
  endfacet
  facet normal 0.130106 0.9915 0
    outer loop
      vertex 11.6006 -20.2651 2.3
      vertex 11.7995 -20.2912 0
      vertex 11.6006 -20.2651 0
    endloop
  endfacet
  facet normal 0.30063 -0.953741 0
    outer loop
      vertex 11.2134 -15.8387 0
      vertex 11.4047 -15.7784 2.3
      vertex 11.2134 -15.8387 2.3
    endloop
  endfacet
  facet normal 0.30063 -0.953741 0
    outer loop
      vertex 11.4047 -15.7784 2.3
      vertex 11.2134 -15.8387 0
      vertex 11.4047 -15.7784 0
    endloop
  endfacet
  facet normal -0.382704 0.923871 0
    outer loop
      vertex 12.972 -20.0845 0
      vertex 12.7866 -20.1613 2.3
      vertex 12.972 -20.0845 2.3
    endloop
  endfacet
  facet normal -0.382704 0.923871 0
    outer loop
      vertex 12.7866 -20.1613 2.3
      vertex 12.972 -20.0845 0
      vertex 12.7866 -20.1613 0
    endloop
  endfacet
  facet normal -0.923871 -0.382704 0
    outer loop
      vertex 14.1613 -17.2134 0
      vertex 14.0845 -17.028 2.3
      vertex 14.0845 -17.028 0
    endloop
  endfacet
  facet normal -0.923871 -0.382704 0
    outer loop
      vertex 14.0845 -17.028 2.3
      vertex 14.1613 -17.2134 0
      vertex 14.1613 -17.2134 2.3
    endloop
  endfacet
  facet normal -0.0438481 0.999038 0
    outer loop
      vertex 12.2005 -20.2912 0
      vertex 12 -20.3 2.3
      vertex 12.2005 -20.2912 2.3
    endloop
  endfacet
  facet normal -0.0438481 0.999038 0
    outer loop
      vertex 12 -20.3 2.3
      vertex 12.2005 -20.2912 0
      vertex 12 -20.3 0
    endloop
  endfacet
  facet normal 0.999049 0.0435994 0
    outer loop
      vertex 9.70875 -18.2005 2.3
      vertex 9.7 -18 0
      vertex 9.7 -18 2.3
    endloop
  endfacet
  facet normal 0.999049 0.0435994 0
    outer loop
      vertex 9.7 -18 0
      vertex 9.70875 -18.2005 2.3
      vertex 9.70875 -18.2005 0
    endloop
  endfacet
  facet normal 0.999049 -0.0435994 0
    outer loop
      vertex 9.7 -18 2.3
      vertex 9.70875 -17.7995 0
      vertex 9.70875 -17.7995 2.3
    endloop
  endfacet
  facet normal 0.999049 -0.0435994 0
    outer loop
      vertex 9.70875 -17.7995 0
      vertex 9.7 -18 2.3
      vertex 9.7 -18 0
    endloop
  endfacet
  facet normal -0.887135 0.46151 0
    outer loop
      vertex 13.9919 -19.15 0
      vertex 14.0845 -18.972 2.3
      vertex 14.0845 -18.972 0
    endloop
  endfacet
  facet normal -0.887135 0.46151 0
    outer loop
      vertex 14.0845 -18.972 2.3
      vertex 13.9919 -19.15 0
      vertex 13.9919 -19.15 2.3
    endloop
  endfacet
  facet normal 0.737092 -0.675792 0
    outer loop
      vertex 10.2381 -16.5216 2.3
      vertex 10.3737 -16.3737 0
      vertex 10.3737 -16.3737 2.3
    endloop
  endfacet
  facet normal 0.737092 -0.675792 0
    outer loop
      vertex 10.3737 -16.3737 0
      vertex 10.2381 -16.5216 2.3
      vertex 10.2381 -16.5216 0
    endloop
  endfacet
  facet normal 0.382704 -0.923871 0
    outer loop
      vertex 11.028 -15.9155 0
      vertex 11.2134 -15.8387 2.3
      vertex 11.028 -15.9155 2.3
    endloop
  endfacet
  facet normal 0.382704 -0.923871 0
    outer loop
      vertex 11.2134 -15.8387 2.3
      vertex 11.028 -15.9155 0
      vertex 11.2134 -15.8387 0
    endloop
  endfacet
  facet normal -0.537681 0.843148 0
    outer loop
      vertex 13.3192 -19.884 0
      vertex 13.15 -19.9919 2.3
      vertex 13.3192 -19.884 2.3
    endloop
  endfacet
  facet normal -0.537681 0.843148 0
    outer loop
      vertex 13.15 -19.9919 2.3
      vertex 13.3192 -19.884 0
      vertex 13.15 -19.9919 0
    endloop
  endfacet
  facet normal 0.976296 -0.21644 0
    outer loop
      vertex 9.73494 -17.6006 2.3
      vertex 9.77837 -17.4047 0
      vertex 9.77837 -17.4047 2.3
    endloop
  endfacet
  facet normal 0.976296 -0.21644 0
    outer loop
      vertex 9.77837 -17.4047 0
      vertex 9.73494 -17.6006 2.3
      vertex 9.73494 -17.6006 0
    endloop
  endfacet
  facet normal 0.976296 0.21644 0
    outer loop
      vertex 9.77837 -18.5953 2.3
      vertex 9.73494 -18.3994 0
      vertex 9.73494 -18.3994 2.3
    endloop
  endfacet
  facet normal 0.976296 0.21644 0
    outer loop
      vertex 9.73494 -18.3994 0
      vertex 9.77837 -18.5953 2.3
      vertex 9.77837 -18.5953 0
    endloop
  endfacet
  facet normal 0 0 -1
    outer loop
      vertex 13.2 -18 2.3
      vertex 14.3 -18 2.3
      vertex 14.2912 -18.2005 2.3
    endloop
  endfacet
  facet normal 0 0 -1
    outer loop
      vertex 13.1954 -18.1046 2.3
      vertex 14.2912 -18.2005 2.3
      vertex 14.2651 -18.3994 2.3
    endloop
  endfacet
  facet normal 0 0 -1
    outer loop
      vertex 14.3 -18 2.3
      vertex 13.2 -18 2.3
      vertex 14.2912 -17.7995 2.3
    endloop
  endfacet
  facet normal 0 0 -1
    outer loop
      vertex 13.1818 -18.2084 2.3
      vertex 14.2651 -18.3994 2.3
      vertex 14.2216 -18.5953 2.3
    endloop
  endfacet
  facet normal 0 0 -1
    outer loop
      vertex 13.1954 -17.8954 2.3
      vertex 14.2912 -17.7995 2.3
      vertex 13.2 -18 2.3
    endloop
  endfacet
  facet normal 0 0 -1
    outer loop
      vertex 13.1591 -18.3106 2.3
      vertex 14.2216 -18.5953 2.3
      vertex 14.1613 -18.7866 2.3
    endloop
  endfacet
  facet normal -0 0 -1
    outer loop
      vertex 14.2912 -17.7995 2.3
      vertex 13.1954 -17.8954 2.3
      vertex 14.2651 -17.6006 2.3
    endloop
  endfacet
  facet normal 0 0 -1
    outer loop
      vertex 13.1276 -18.4104 2.3
      vertex 14.1613 -18.7866 2.3
      vertex 14.0845 -18.972 2.3
    endloop
  endfacet
  facet normal 0 0 -1
    outer loop
      vertex 13.1818 -17.7916 2.3
      vertex 14.2651 -17.6006 2.3
      vertex 13.1954 -17.8954 2.3
    endloop
  endfacet
  facet normal 0 0 -1
    outer loop
      vertex 13.0876 -18.5071 2.3
      vertex 14.0845 -18.972 2.3
      vertex 13.9919 -19.15 2.3
    endloop
  endfacet
  facet normal -0 0 -1
    outer loop
      vertex 14.2651 -17.6006 2.3
      vertex 13.1818 -17.7916 2.3
      vertex 14.2216 -17.4047 2.3
    endloop
  endfacet
  facet normal 0 0 -1
    outer loop
      vertex 13.0392 -18.6 2.3
      vertex 13.9919 -19.15 2.3
      vertex 13.884 -19.3192 2.3
    endloop
  endfacet
  facet normal 0 0 -1
    outer loop
      vertex 13.1591 -17.6894 2.3
      vertex 14.2216 -17.4047 2.3
      vertex 13.1818 -17.7916 2.3
    endloop
  endfacet
  facet normal 0 0 -1
    outer loop
      vertex 12.983 -18.6883 2.3
      vertex 13.884 -19.3192 2.3
      vertex 13.7619 -19.4784 2.3
    endloop
  endfacet
  facet normal -0 0 -1
    outer loop
      vertex 14.2216 -17.4047 2.3
      vertex 13.1591 -17.6894 2.3
      vertex 14.1613 -17.2134 2.3
    endloop
  endfacet
  facet normal 0 0 -1
    outer loop
      vertex 12.9193 -18.7713 2.3
      vertex 13.7619 -19.4784 2.3
      vertex 13.6263 -19.6263 2.3
    endloop
  endfacet
  facet normal 0 0 -1
    outer loop
      vertex 13.1276 -17.5896 2.3
      vertex 14.1613 -17.2134 2.3
      vertex 13.1591 -17.6894 2.3
    endloop
  endfacet
  facet normal 0 0 -1
    outer loop
      vertex 12.8485 -18.8485 2.3
      vertex 13.6263 -19.6263 2.3
      vertex 13.4784 -19.7619 2.3
    endloop
  endfacet
  facet normal -0 0 -1
    outer loop
      vertex 14.1613 -17.2134 2.3
      vertex 13.1276 -17.5896 2.3
      vertex 14.0845 -17.028 2.3
    endloop
  endfacet
  facet normal 0 0 -1
    outer loop
      vertex 12.7713 -18.9193 2.3
      vertex 13.4784 -19.7619 2.3
      vertex 13.3192 -19.884 2.3
    endloop
  endfacet
  facet normal 0 0 -1
    outer loop
      vertex 13.0876 -17.4929 2.3
      vertex 14.0845 -17.028 2.3
      vertex 13.1276 -17.5896 2.3
    endloop
  endfacet
  facet normal -0 0 -1
    outer loop
      vertex 14.0845 -17.028 2.3
      vertex 13.0876 -17.4929 2.3
      vertex 13.9919 -16.85 2.3
    endloop
  endfacet
  facet normal 0 0 -1
    outer loop
      vertex 14.2912 -18.2005 2.3
      vertex 13.1954 -18.1046 2.3
      vertex 13.2 -18 2.3
    endloop
  endfacet
  facet normal 0 0 -1
    outer loop
      vertex 14.2651 -18.3994 2.3
      vertex 13.1818 -18.2084 2.3
      vertex 13.1954 -18.1046 2.3
    endloop
  endfacet
  facet normal 0 0 -1
    outer loop
      vertex 14.2216 -18.5953 2.3
      vertex 13.1591 -18.3106 2.3
      vertex 13.1818 -18.2084 2.3
    endloop
  endfacet
  facet normal 0 0 -1
    outer loop
      vertex 12.6883 -18.983 2.3
      vertex 13.3192 -19.884 2.3
      vertex 13.15 -19.9919 2.3
    endloop
  endfacet
  facet normal 0 0 -1
    outer loop
      vertex 14.1613 -18.7866 2.3
      vertex 13.1276 -18.4104 2.3
      vertex 13.1591 -18.3106 2.3
    endloop
  endfacet
  facet normal 0 0 -1
    outer loop
      vertex 14.0845 -18.972 2.3
      vertex 13.0876 -18.5071 2.3
      vertex 13.1276 -18.4104 2.3
    endloop
  endfacet
  facet normal 0 0 -1
    outer loop
      vertex 13.9919 -19.15 2.3
      vertex 13.0392 -18.6 2.3
      vertex 13.0876 -18.5071 2.3
    endloop
  endfacet
  facet normal 0 0 -1
    outer loop
      vertex 13.884 -19.3192 2.3
      vertex 12.983 -18.6883 2.3
      vertex 13.0392 -18.6 2.3
    endloop
  endfacet
  facet normal 0 0 -1
    outer loop
      vertex 12.6 -19.0392 2.3
      vertex 13.15 -19.9919 2.3
      vertex 12.972 -20.0845 2.3
    endloop
  endfacet
  facet normal 0 0 -1
    outer loop
      vertex 13.7619 -19.4784 2.3
      vertex 12.9193 -18.7713 2.3
      vertex 12.983 -18.6883 2.3
    endloop
  endfacet
  facet normal 0 0 -1
    outer loop
      vertex 13.6263 -19.6263 2.3
      vertex 12.8485 -18.8485 2.3
      vertex 12.9193 -18.7713 2.3
    endloop
  endfacet
  facet normal 0 0 -1
    outer loop
      vertex 12.5071 -19.0876 2.3
      vertex 12.972 -20.0845 2.3
      vertex 12.7866 -20.1613 2.3
    endloop
  endfacet
  facet normal 0 0 -1
    outer loop
      vertex 13.4784 -19.7619 2.3
      vertex 12.7713 -18.9193 2.3
      vertex 12.8485 -18.8485 2.3
    endloop
  endfacet
  facet normal 0 0 -1
    outer loop
      vertex 13.3192 -19.884 2.3
      vertex 12.6883 -18.983 2.3
      vertex 12.7713 -18.9193 2.3
    endloop
  endfacet
  facet normal 0 0 -1
    outer loop
      vertex 13.15 -19.9919 2.3
      vertex 12.6 -19.0392 2.3
      vertex 12.6883 -18.983 2.3
    endloop
  endfacet
  facet normal 0 0 -1
    outer loop
      vertex 12.4104 -19.1276 2.3
      vertex 12.7866 -20.1613 2.3
      vertex 12.5953 -20.2216 2.3
    endloop
  endfacet
  facet normal 0 0 -1
    outer loop
      vertex 12.972 -20.0845 2.3
      vertex 12.5071 -19.0876 2.3
      vertex 12.6 -19.0392 2.3
    endloop
  endfacet
  facet normal 0 0 -1
    outer loop
      vertex 12.7866 -20.1613 2.3
      vertex 12.4104 -19.1276 2.3
      vertex 12.5071 -19.0876 2.3
    endloop
  endfacet
  facet normal 0 0 -1
    outer loop
      vertex 12.3106 -19.1591 2.3
      vertex 12.5953 -20.2216 2.3
      vertex 12.3994 -20.2651 2.3
    endloop
  endfacet
  facet normal 0 0 -1
    outer loop
      vertex 12.5953 -20.2216 2.3
      vertex 12.3106 -19.1591 2.3
      vertex 12.4104 -19.1276 2.3
    endloop
  endfacet
  facet normal 0 0 -1
    outer loop
      vertex 12.3994 -20.2651 2.3
      vertex 12.2084 -19.1818 2.3
      vertex 12.3106 -19.1591 2.3
    endloop
  endfacet
  facet normal 0 0 -1
    outer loop
      vertex 12.2005 -20.2912 2.3
      vertex 12.2084 -19.1818 2.3
      vertex 12.3994 -20.2651 2.3
    endloop
  endfacet
  facet normal 0 0 -1
    outer loop
      vertex 12.2005 -20.2912 2.3
      vertex 12.1046 -19.1954 2.3
      vertex 12.2084 -19.1818 2.3
    endloop
  endfacet
  facet normal 0 0 -1
    outer loop
      vertex 12 -20.3 2.3
      vertex 12.1046 -19.1954 2.3
      vertex 12.2005 -20.2912 2.3
    endloop
  endfacet
  facet normal 0 0 -1
    outer loop
      vertex 12 -20.3 2.3
      vertex 12 -19.2 2.3
      vertex 12.1046 -19.1954 2.3
    endloop
  endfacet
  facet normal 0 0 -1
    outer loop
      vertex 12 -20.3 2.3
      vertex 11.8954 -19.1954 2.3
      vertex 12 -19.2 2.3
    endloop
  endfacet
  facet normal 0 0 -1
    outer loop
      vertex 11.7995 -20.2912 2.3
      vertex 11.8954 -19.1954 2.3
      vertex 12 -20.3 2.3
    endloop
  endfacet
  facet normal 0 0 -1
    outer loop
      vertex 11.7995 -20.2912 2.3
      vertex 11.7916 -19.1818 2.3
      vertex 11.8954 -19.1954 2.3
    endloop
  endfacet
  facet normal 0 0 -1
    outer loop
      vertex 11.6006 -20.2651 2.3
      vertex 11.7916 -19.1818 2.3
      vertex 11.7995 -20.2912 2.3
    endloop
  endfacet
  facet normal -0 0 -1
    outer loop
      vertex 11.7916 -19.1818 2.3
      vertex 11.6006 -20.2651 2.3
      vertex 11.6894 -19.1591 2.3
    endloop
  endfacet
  facet normal 0 0 -1
    outer loop
      vertex 11.4047 -20.2216 2.3
      vertex 11.6894 -19.1591 2.3
      vertex 11.6006 -20.2651 2.3
    endloop
  endfacet
  facet normal -0 0 -1
    outer loop
      vertex 11.6894 -19.1591 2.3
      vertex 11.4047 -20.2216 2.3
      vertex 11.5896 -19.1276 2.3
    endloop
  endfacet
  facet normal 0 0 -1
    outer loop
      vertex 11.2134 -20.1613 2.3
      vertex 11.5896 -19.1276 2.3
      vertex 11.4047 -20.2216 2.3
    endloop
  endfacet
  facet normal -0 0 -1
    outer loop
      vertex 11.5896 -19.1276 2.3
      vertex 11.2134 -20.1613 2.3
      vertex 11.4929 -19.0876 2.3
    endloop
  endfacet
  facet normal 0 0 -1
    outer loop
      vertex 11.028 -20.0845 2.3
      vertex 11.4929 -19.0876 2.3
      vertex 11.2134 -20.1613 2.3
    endloop
  endfacet
  facet normal -0 0 -1
    outer loop
      vertex 11.4929 -19.0876 2.3
      vertex 11.028 -20.0845 2.3
      vertex 11.4 -19.0392 2.3
    endloop
  endfacet
  facet normal 0 0 -1
    outer loop
      vertex 10.85 -19.9919 2.3
      vertex 11.4 -19.0392 2.3
      vertex 11.028 -20.0845 2.3
    endloop
  endfacet
  facet normal -0 0 -1
    outer loop
      vertex 11.4 -19.0392 2.3
      vertex 10.85 -19.9919 2.3
      vertex 11.3117 -18.983 2.3
    endloop
  endfacet
  facet normal 0 0 -1
    outer loop
      vertex 10.6808 -19.884 2.3
      vertex 11.3117 -18.983 2.3
      vertex 10.85 -19.9919 2.3
    endloop
  endfacet
  facet normal -0 0 -1
    outer loop
      vertex 11.3117 -18.983 2.3
      vertex 10.6808 -19.884 2.3
      vertex 11.2287 -18.9193 2.3
    endloop
  endfacet
  facet normal 0 0 -1
    outer loop
      vertex 10.5216 -19.7619 2.3
      vertex 11.2287 -18.9193 2.3
      vertex 10.6808 -19.884 2.3
    endloop
  endfacet
  facet normal -0 0 -1
    outer loop
      vertex 11.2287 -18.9193 2.3
      vertex 10.5216 -19.7619 2.3
      vertex 11.1515 -18.8485 2.3
    endloop
  endfacet
  facet normal 0 0 -1
    outer loop
      vertex 10.3737 -19.6263 2.3
      vertex 11.1515 -18.8485 2.3
      vertex 10.5216 -19.7619 2.3
    endloop
  endfacet
  facet normal -0 0 -1
    outer loop
      vertex 11.1515 -18.8485 2.3
      vertex 10.3737 -19.6263 2.3
      vertex 11.0807 -18.7713 2.3
    endloop
  endfacet
  facet normal 0 0 -1
    outer loop
      vertex 10.2381 -19.4784 2.3
      vertex 11.0807 -18.7713 2.3
      vertex 10.3737 -19.6263 2.3
    endloop
  endfacet
  facet normal -0 0 -1
    outer loop
      vertex 11.0807 -18.7713 2.3
      vertex 10.2381 -19.4784 2.3
      vertex 11.017 -18.6883 2.3
    endloop
  endfacet
  facet normal 0 0 -1
    outer loop
      vertex 10.116 -19.3192 2.3
      vertex 11.017 -18.6883 2.3
      vertex 10.2381 -19.4784 2.3
    endloop
  endfacet
  facet normal -0 0 -1
    outer loop
      vertex 11.017 -18.6883 2.3
      vertex 10.116 -19.3192 2.3
      vertex 10.9608 -18.6 2.3
    endloop
  endfacet
  facet normal 0 0 -1
    outer loop
      vertex 10.0081 -19.15 2.3
      vertex 10.9608 -18.6 2.3
      vertex 10.116 -19.3192 2.3
    endloop
  endfacet
  facet normal -0 0 -1
    outer loop
      vertex 10.9608 -18.6 2.3
      vertex 10.0081 -19.15 2.3
      vertex 10.9124 -18.5071 2.3
    endloop
  endfacet
  facet normal 0 0 -1
    outer loop
      vertex 13.0392 -17.4 2.3
      vertex 13.9919 -16.85 2.3
      vertex 13.0876 -17.4929 2.3
    endloop
  endfacet
  facet normal -0 0 -1
    outer loop
      vertex 13.9919 -16.85 2.3
      vertex 13.0392 -17.4 2.3
      vertex 13.884 -16.6808 2.3
    endloop
  endfacet
  facet normal 0 0 -1
    outer loop
      vertex 12.983 -17.3117 2.3
      vertex 13.884 -16.6808 2.3
      vertex 13.0392 -17.4 2.3
    endloop
  endfacet
  facet normal -0 0 -1
    outer loop
      vertex 13.884 -16.6808 2.3
      vertex 12.983 -17.3117 2.3
      vertex 13.7619 -16.5216 2.3
    endloop
  endfacet
  facet normal 0 0 -1
    outer loop
      vertex 12.9193 -17.2287 2.3
      vertex 13.7619 -16.5216 2.3
      vertex 12.983 -17.3117 2.3
    endloop
  endfacet
  facet normal -0 0 -1
    outer loop
      vertex 13.7619 -16.5216 2.3
      vertex 12.9193 -17.2287 2.3
      vertex 13.6263 -16.3737 2.3
    endloop
  endfacet
  facet normal 0 0 -1
    outer loop
      vertex 12.8485 -17.1515 2.3
      vertex 13.6263 -16.3737 2.3
      vertex 12.9193 -17.2287 2.3
    endloop
  endfacet
  facet normal -0 0 -1
    outer loop
      vertex 13.6263 -16.3737 2.3
      vertex 12.8485 -17.1515 2.3
      vertex 13.4784 -16.2381 2.3
    endloop
  endfacet
  facet normal 0 0 -1
    outer loop
      vertex 12.7713 -17.0807 2.3
      vertex 13.4784 -16.2381 2.3
      vertex 12.8485 -17.1515 2.3
    endloop
  endfacet
  facet normal -0 0 -1
    outer loop
      vertex 13.4784 -16.2381 2.3
      vertex 12.7713 -17.0807 2.3
      vertex 13.3192 -16.116 2.3
    endloop
  endfacet
  facet normal 0 0 -1
    outer loop
      vertex 12.6883 -17.017 2.3
      vertex 13.3192 -16.116 2.3
      vertex 12.7713 -17.0807 2.3
    endloop
  endfacet
  facet normal -0 0 -1
    outer loop
      vertex 13.3192 -16.116 2.3
      vertex 12.6883 -17.017 2.3
      vertex 13.15 -16.0081 2.3
    endloop
  endfacet
  facet normal 0 0 -1
    outer loop
      vertex 12.6 -16.9608 2.3
      vertex 13.15 -16.0081 2.3
      vertex 12.6883 -17.017 2.3
    endloop
  endfacet
  facet normal -0 0 -1
    outer loop
      vertex 13.15 -16.0081 2.3
      vertex 12.6 -16.9608 2.3
      vertex 12.972 -15.9155 2.3
    endloop
  endfacet
  facet normal 0 0 -1
    outer loop
      vertex 12.5071 -16.9124 2.3
      vertex 12.972 -15.9155 2.3
      vertex 12.6 -16.9608 2.3
    endloop
  endfacet
  facet normal -0 0 -1
    outer loop
      vertex 12.972 -15.9155 2.3
      vertex 12.5071 -16.9124 2.3
      vertex 12.7866 -15.8387 2.3
    endloop
  endfacet
  facet normal 0 0 -1
    outer loop
      vertex 12.4104 -16.8724 2.3
      vertex 12.7866 -15.8387 2.3
      vertex 12.5071 -16.9124 2.3
    endloop
  endfacet
  facet normal -0 0 -1
    outer loop
      vertex 12.7866 -15.8387 2.3
      vertex 12.4104 -16.8724 2.3
      vertex 12.5953 -15.7784 2.3
    endloop
  endfacet
  facet normal 0 0 -1
    outer loop
      vertex 12.3106 -16.8409 2.3
      vertex 12.5953 -15.7784 2.3
      vertex 12.4104 -16.8724 2.3
    endloop
  endfacet
  facet normal -0 0 -1
    outer loop
      vertex 12.5953 -15.7784 2.3
      vertex 12.3106 -16.8409 2.3
      vertex 12.3994 -15.7349 2.3
    endloop
  endfacet
  facet normal 0 0 -1
    outer loop
      vertex 12.2084 -16.8182 2.3
      vertex 12.3994 -15.7349 2.3
      vertex 12.3106 -16.8409 2.3
    endloop
  endfacet
  facet normal 0 0 -1
    outer loop
      vertex 12.2084 -16.8182 2.3
      vertex 12.2005 -15.7088 2.3
      vertex 12.3994 -15.7349 2.3
    endloop
  endfacet
  facet normal 0 0 -1
    outer loop
      vertex 12.1046 -16.8046 2.3
      vertex 12.2005 -15.7088 2.3
      vertex 12.2084 -16.8182 2.3
    endloop
  endfacet
  facet normal 0 0 -1
    outer loop
      vertex 12 -16.8 2.3
      vertex 12.2005 -15.7088 2.3
      vertex 12.1046 -16.8046 2.3
    endloop
  endfacet
  facet normal 0 0 -1
    outer loop
      vertex 12 -16.8 2.3
      vertex 12 -15.7 2.3
      vertex 12.2005 -15.7088 2.3
    endloop
  endfacet
  facet normal 0 0 -1
    outer loop
      vertex 11.8954 -16.8046 2.3
      vertex 12 -15.7 2.3
      vertex 12 -16.8 2.3
    endloop
  endfacet
  facet normal 0 0 -1
    outer loop
      vertex 11.8954 -16.8046 2.3
      vertex 11.7995 -15.7088 2.3
      vertex 12 -15.7 2.3
    endloop
  endfacet
  facet normal 0 0 -1
    outer loop
      vertex 11.7916 -16.8182 2.3
      vertex 11.7995 -15.7088 2.3
      vertex 11.8954 -16.8046 2.3
    endloop
  endfacet
  facet normal 0 0 -1
    outer loop
      vertex 11.6006 -15.7349 2.3
      vertex 11.7916 -16.8182 2.3
      vertex 11.6894 -16.8409 2.3
    endloop
  endfacet
  facet normal 0 0 -1
    outer loop
      vertex 11.7916 -16.8182 2.3
      vertex 11.6006 -15.7349 2.3
      vertex 11.7995 -15.7088 2.3
    endloop
  endfacet
  facet normal 0 0 -1
    outer loop
      vertex 11.4047 -15.7784 2.3
      vertex 11.6894 -16.8409 2.3
      vertex 11.5896 -16.8724 2.3
    endloop
  endfacet
  facet normal 0 0 -1
    outer loop
      vertex 11.2134 -15.8387 2.3
      vertex 11.5896 -16.8724 2.3
      vertex 11.4929 -16.9124 2.3
    endloop
  endfacet
  facet normal 0 0 -1
    outer loop
      vertex 11.6894 -16.8409 2.3
      vertex 11.4047 -15.7784 2.3
      vertex 11.6006 -15.7349 2.3
    endloop
  endfacet
  facet normal 0 0 -1
    outer loop
      vertex 11.028 -15.9155 2.3
      vertex 11.4929 -16.9124 2.3
      vertex 11.4 -16.9608 2.3
    endloop
  endfacet
  facet normal 0 0 -1
    outer loop
      vertex 10.85 -16.0081 2.3
      vertex 11.4 -16.9608 2.3
      vertex 11.3117 -17.017 2.3
    endloop
  endfacet
  facet normal 0 0 -1
    outer loop
      vertex 10.6808 -16.116 2.3
      vertex 11.3117 -17.017 2.3
      vertex 11.2287 -17.0807 2.3
    endloop
  endfacet
  facet normal 0 0 -1
    outer loop
      vertex 11.5896 -16.8724 2.3
      vertex 11.2134 -15.8387 2.3
      vertex 11.4047 -15.7784 2.3
    endloop
  endfacet
  facet normal 0 0 -1
    outer loop
      vertex 10.5216 -16.2381 2.3
      vertex 11.2287 -17.0807 2.3
      vertex 11.1515 -17.1515 2.3
    endloop
  endfacet
  facet normal 0 0 -1
    outer loop
      vertex 10.3737 -16.3737 2.3
      vertex 11.1515 -17.1515 2.3
      vertex 11.0807 -17.2287 2.3
    endloop
  endfacet
  facet normal 0 0 -1
    outer loop
      vertex 11.4929 -16.9124 2.3
      vertex 11.028 -15.9155 2.3
      vertex 11.2134 -15.8387 2.3
    endloop
  endfacet
  facet normal 0 0 -1
    outer loop
      vertex 10.2381 -16.5216 2.3
      vertex 11.0807 -17.2287 2.3
      vertex 11.017 -17.3117 2.3
    endloop
  endfacet
  facet normal 0 0 -1
    outer loop
      vertex 10.116 -16.6808 2.3
      vertex 11.017 -17.3117 2.3
      vertex 10.9608 -17.4 2.3
    endloop
  endfacet
  facet normal 0 0 -1
    outer loop
      vertex 10.0081 -16.85 2.3
      vertex 10.9608 -17.4 2.3
      vertex 10.9124 -17.4929 2.3
    endloop
  endfacet
  facet normal 0 0 -1
    outer loop
      vertex 9.91549 -17.028 2.3
      vertex 10.9124 -17.4929 2.3
      vertex 10.8724 -17.5896 2.3
    endloop
  endfacet
  facet normal 0 0 -1
    outer loop
      vertex 11.4 -16.9608 2.3
      vertex 10.85 -16.0081 2.3
      vertex 11.028 -15.9155 2.3
    endloop
  endfacet
  facet normal 0 0 -1
    outer loop
      vertex 9.83871 -17.2134 2.3
      vertex 10.8724 -17.5896 2.3
      vertex 10.8409 -17.6894 2.3
    endloop
  endfacet
  facet normal 0 0 -1
    outer loop
      vertex 9.77837 -17.4047 2.3
      vertex 10.8409 -17.6894 2.3
      vertex 10.8182 -17.7916 2.3
    endloop
  endfacet
  facet normal 0 0 -1
    outer loop
      vertex 9.73494 -17.6006 2.3
      vertex 10.8182 -17.7916 2.3
      vertex 10.8046 -17.8954 2.3
    endloop
  endfacet
  facet normal 0 0 -1
    outer loop
      vertex 9.70875 -17.7995 2.3
      vertex 10.8046 -17.8954 2.3
      vertex 10.8 -18 2.3
    endloop
  endfacet
  facet normal 0 0 -1
    outer loop
      vertex 9.91549 -18.972 2.3
      vertex 10.9124 -18.5071 2.3
      vertex 10.0081 -19.15 2.3
    endloop
  endfacet
  facet normal 0 0 -1
    outer loop
      vertex 11.3117 -17.017 2.3
      vertex 10.6808 -16.116 2.3
      vertex 10.85 -16.0081 2.3
    endloop
  endfacet
  facet normal -0 0 -1
    outer loop
      vertex 10.9124 -18.5071 2.3
      vertex 9.91549 -18.972 2.3
      vertex 10.8724 -18.4104 2.3
    endloop
  endfacet
  facet normal 0 0 -1
    outer loop
      vertex 11.2287 -17.0807 2.3
      vertex 10.5216 -16.2381 2.3
      vertex 10.6808 -16.116 2.3
    endloop
  endfacet
  facet normal 0 0 -1
    outer loop
      vertex 9.83871 -18.7866 2.3
      vertex 10.8724 -18.4104 2.3
      vertex 9.91549 -18.972 2.3
    endloop
  endfacet
  facet normal 0 0 -1
    outer loop
      vertex 11.1515 -17.1515 2.3
      vertex 10.3737 -16.3737 2.3
      vertex 10.5216 -16.2381 2.3
    endloop
  endfacet
  facet normal -0 0 -1
    outer loop
      vertex 10.8724 -18.4104 2.3
      vertex 9.83871 -18.7866 2.3
      vertex 10.8409 -18.3106 2.3
    endloop
  endfacet
  facet normal 0 0 -1
    outer loop
      vertex 11.0807 -17.2287 2.3
      vertex 10.2381 -16.5216 2.3
      vertex 10.3737 -16.3737 2.3
    endloop
  endfacet
  facet normal 0 0 -1
    outer loop
      vertex 9.77837 -18.5953 2.3
      vertex 10.8409 -18.3106 2.3
      vertex 9.83871 -18.7866 2.3
    endloop
  endfacet
  facet normal 0 0 -1
    outer loop
      vertex 11.017 -17.3117 2.3
      vertex 10.116 -16.6808 2.3
      vertex 10.2381 -16.5216 2.3
    endloop
  endfacet
  facet normal -0 0 -1
    outer loop
      vertex 10.8409 -18.3106 2.3
      vertex 9.77837 -18.5953 2.3
      vertex 10.8182 -18.2084 2.3
    endloop
  endfacet
  facet normal 0 0 -1
    outer loop
      vertex 10.9608 -17.4 2.3
      vertex 10.0081 -16.85 2.3
      vertex 10.116 -16.6808 2.3
    endloop
  endfacet
  facet normal 0 0 -1
    outer loop
      vertex 9.73494 -18.3994 2.3
      vertex 10.8182 -18.2084 2.3
      vertex 9.77837 -18.5953 2.3
    endloop
  endfacet
  facet normal 0 0 -1
    outer loop
      vertex 10.9124 -17.4929 2.3
      vertex 9.91549 -17.028 2.3
      vertex 10.0081 -16.85 2.3
    endloop
  endfacet
  facet normal -0 0 -1
    outer loop
      vertex 10.8182 -18.2084 2.3
      vertex 9.73494 -18.3994 2.3
      vertex 10.8046 -18.1046 2.3
    endloop
  endfacet
  facet normal 0 0 -1
    outer loop
      vertex 10.8724 -17.5896 2.3
      vertex 9.83871 -17.2134 2.3
      vertex 9.91549 -17.028 2.3
    endloop
  endfacet
  facet normal 0 0 -1
    outer loop
      vertex 9.70875 -18.2005 2.3
      vertex 10.8046 -18.1046 2.3
      vertex 9.73494 -18.3994 2.3
    endloop
  endfacet
  facet normal 0 0 -1
    outer loop
      vertex 10.8409 -17.6894 2.3
      vertex 9.77837 -17.4047 2.3
      vertex 9.83871 -17.2134 2.3
    endloop
  endfacet
  facet normal -0 0 -1
    outer loop
      vertex 10.8046 -18.1046 2.3
      vertex 9.70875 -18.2005 2.3
      vertex 10.8 -18 2.3
    endloop
  endfacet
  facet normal 0 0 -1
    outer loop
      vertex 10.8182 -17.7916 2.3
      vertex 9.73494 -17.6006 2.3
      vertex 9.77837 -17.4047 2.3
    endloop
  endfacet
  facet normal 0 0 -1
    outer loop
      vertex 9.7 -18 2.3
      vertex 10.8 -18 2.3
      vertex 9.70875 -18.2005 2.3
    endloop
  endfacet
  facet normal 0 0 -1
    outer loop
      vertex 10.8046 -17.8954 2.3
      vertex 9.70875 -17.7995 2.3
      vertex 9.73494 -17.6006 2.3
    endloop
  endfacet
  facet normal 0 0 -1
    outer loop
      vertex 10.8 -18 2.3
      vertex 9.7 -18 2.3
      vertex 9.70875 -17.7995 2.3
    endloop
  endfacet
  facet normal -0.130106 -0.9915 0
    outer loop
      vertex 12.2005 -15.7088 0
      vertex 12.3994 -15.7349 2.3
      vertex 12.2005 -15.7088 2.3
    endloop
  endfacet
  facet normal -0.130106 -0.9915 -0
    outer loop
      vertex 12.3994 -15.7349 2.3
      vertex 12.2005 -15.7088 0
      vertex 12.3994 -15.7349 0
    endloop
  endfacet
  facet normal 0.843148 -0.537681 0
    outer loop
      vertex 10.0081 -16.85 2.3
      vertex 10.116 -16.6808 0
      vertex 10.116 -16.6808 2.3
    endloop
  endfacet
  facet normal 0.843148 -0.537681 0
    outer loop
      vertex 10.116 -16.6808 0
      vertex 10.0081 -16.85 2.3
      vertex 10.0081 -16.85 0
    endloop
  endfacet
  facet normal -0.953741 -0.30063 0
    outer loop
      vertex 14.2216 -17.4047 0
      vertex 14.1613 -17.2134 2.3
      vertex 14.1613 -17.2134 0
    endloop
  endfacet
  facet normal -0.953741 -0.30063 0
    outer loop
      vertex 14.1613 -17.2134 2.3
      vertex 14.2216 -17.4047 0
      vertex 14.2216 -17.4047 2.3
    endloop
  endfacet
  facet normal 0.675792 0.737092 -0
    outer loop
      vertex 10.5216 -19.7619 0
      vertex 10.3737 -19.6263 2.3
      vertex 10.5216 -19.7619 2.3
    endloop
  endfacet
  facet normal 0.675792 0.737092 0
    outer loop
      vertex 10.3737 -19.6263 2.3
      vertex 10.5216 -19.7619 0
      vertex 10.3737 -19.6263 0
    endloop
  endfacet
  facet normal -0.675792 0.737092 0
    outer loop
      vertex 13.6263 -19.6263 0
      vertex 13.4784 -19.7619 2.3
      vertex 13.6263 -19.6263 2.3
    endloop
  endfacet
  facet normal -0.675792 0.737092 0
    outer loop
      vertex 13.4784 -19.7619 2.3
      vertex 13.6263 -19.6263 0
      vertex 13.4784 -19.7619 0
    endloop
  endfacet
  facet normal 0.216772 0.976222 -0
    outer loop
      vertex 11.6006 -20.2651 0
      vertex 11.4047 -20.2216 2.3
      vertex 11.6006 -20.2651 2.3
    endloop
  endfacet
  facet normal 0.216772 0.976222 0
    outer loop
      vertex 11.4047 -20.2216 2.3
      vertex 11.6006 -20.2651 0
      vertex 11.4047 -20.2216 0
    endloop
  endfacet
  facet normal 0.991442 -0.130547 0
    outer loop
      vertex 9.70875 -17.7995 2.3
      vertex 9.73494 -17.6006 0
      vertex 9.73494 -17.6006 2.3
    endloop
  endfacet
  facet normal 0.991442 -0.130547 0
    outer loop
      vertex 9.73494 -17.6006 0
      vertex 9.70875 -17.7995 2.3
      vertex 9.70875 -17.7995 0
    endloop
  endfacet
  facet normal -0.737092 0.675792 0
    outer loop
      vertex 13.6263 -19.6263 0
      vertex 13.7619 -19.4784 2.3
      vertex 13.7619 -19.4784 0
    endloop
  endfacet
  facet normal -0.737092 0.675792 0
    outer loop
      vertex 13.7619 -19.4784 2.3
      vertex 13.6263 -19.6263 0
      vertex 13.6263 -19.6263 2.3
    endloop
  endfacet
  facet normal 0.46151 0.887135 -0
    outer loop
      vertex 11.028 -20.0845 0
      vertex 10.85 -19.9919 2.3
      vertex 11.028 -20.0845 2.3
    endloop
  endfacet
  facet normal 0.46151 0.887135 0
    outer loop
      vertex 10.85 -19.9919 2.3
      vertex 11.028 -20.0845 0
      vertex 10.85 -19.9919 0
    endloop
  endfacet
  facet normal 0.923906 -0.382619 0
    outer loop
      vertex 9.83871 -17.2134 2.3
      vertex 9.91549 -17.028 0
      vertex 9.91549 -17.028 2.3
    endloop
  endfacet
  facet normal 0.923906 -0.382619 0
    outer loop
      vertex 9.91549 -17.028 0
      vertex 9.83871 -17.2134 2.3
      vertex 9.83871 -17.2134 0
    endloop
  endfacet
  facet normal 0.843148 0.537681 0
    outer loop
      vertex 10.116 -19.3192 2.3
      vertex 10.0081 -19.15 0
      vertex 10.0081 -19.15 2.3
    endloop
  endfacet
  facet normal 0.843148 0.537681 0
    outer loop
      vertex 10.0081 -19.15 0
      vertex 10.116 -19.3192 2.3
      vertex 10.116 -19.3192 0
    endloop
  endfacet
  facet normal 0.382704 0.923871 -0
    outer loop
      vertex 11.2134 -20.1613 0
      vertex 11.028 -20.0845 2.3
      vertex 11.2134 -20.1613 2.3
    endloop
  endfacet
  facet normal 0.382704 0.923871 0
    outer loop
      vertex 11.028 -20.0845 2.3
      vertex 11.2134 -20.1613 0
      vertex 11.028 -20.0845 0
    endloop
  endfacet
  facet normal -0.30063 0.953741 0
    outer loop
      vertex 12.7866 -20.1613 0
      vertex 12.5953 -20.2216 2.3
      vertex 12.7866 -20.1613 2.3
    endloop
  endfacet
  facet normal -0.30063 0.953741 0
    outer loop
      vertex 12.5953 -20.2216 2.3
      vertex 12.7866 -20.1613 0
      vertex 12.5953 -20.2216 0
    endloop
  endfacet
  facet normal 0.923906 0.382619 0
    outer loop
      vertex 9.91549 -18.972 2.3
      vertex 9.83871 -18.7866 0
      vertex 9.83871 -18.7866 2.3
    endloop
  endfacet
  facet normal 0.923906 0.382619 0
    outer loop
      vertex 9.83871 -18.7866 0
      vertex 9.91549 -18.972 2.3
      vertex 9.91549 -18.972 0
    endloop
  endfacet
  facet normal 0.887115 0.461549 0
    outer loop
      vertex 10.0081 -19.15 2.3
      vertex 9.91549 -18.972 0
      vertex 9.91549 -18.972 2.3
    endloop
  endfacet
  facet normal 0.887115 0.461549 0
    outer loop
      vertex 9.91549 -18.972 0
      vertex 10.0081 -19.15 2.3
      vertex 10.0081 -19.15 0
    endloop
  endfacet
  facet normal -0.382239 -0.924063 0
    outer loop
      vertex 12.4104 19.1276 2.3
      vertex 12.5071 19.0876 13.2
      vertex 12.4104 19.1276 13.2
    endloop
  endfacet
  facet normal -0.382239 -0.924063 -0
    outer loop
      vertex 12.5071 19.0876 13.2
      vertex 12.4104 19.1276 2.3
      vertex 12.5071 19.0876 2.3
    endloop
  endfacet
  facet normal 0.793299 0.608833 0
    outer loop
      vertex 11.0807 17.2287 13.2
      vertex 11.017 17.3117 2.3
      vertex 11.017 17.3117 13.2
    endloop
  endfacet
  facet normal 0.793299 0.608833 0
    outer loop
      vertex 11.017 17.3117 2.3
      vertex 11.0807 17.2287 13.2
      vertex 11.0807 17.2287 2.3
    endloop
  endfacet
  facet normal -0.300994 0.953626 0
    outer loop
      vertex 12.4104 16.8724 2.3
      vertex 12.3106 16.8409 13.2
      vertex 12.4104 16.8724 13.2
    endloop
  endfacet
  facet normal -0.300994 0.953626 0
    outer loop
      vertex 12.3106 16.8409 13.2
      vertex 12.4104 16.8724 2.3
      vertex 12.3106 16.8409 2.3
    endloop
  endfacet
  facet normal 0.382239 0.924063 -0
    outer loop
      vertex 11.5896 16.8724 2.3
      vertex 11.4929 16.9124 13.2
      vertex 11.5896 16.8724 13.2
    endloop
  endfacet
  facet normal 0.382239 0.924063 0
    outer loop
      vertex 11.4929 16.9124 13.2
      vertex 11.5896 16.8724 2.3
      vertex 11.4929 16.9124 2.3
    endloop
  endfacet
  facet normal 0.0439346 -0.999034 0
    outer loop
      vertex 11.8954 19.1954 2.3
      vertex 12 19.2 13.2
      vertex 11.8954 19.1954 13.2
    endloop
  endfacet
  facet normal 0.0439346 -0.999034 0
    outer loop
      vertex 12 19.2 13.2
      vertex 11.8954 19.1954 2.3
      vertex 12 19.2 2.3
    endloop
  endfacet
  facet normal -0.793299 -0.608833 0
    outer loop
      vertex 12.983 18.6883 2.3
      vertex 12.9193 18.7713 13.2
      vertex 12.9193 18.7713 2.3
    endloop
  endfacet
  facet normal -0.793299 -0.608833 0
    outer loop
      vertex 12.9193 18.7713 13.2
      vertex 12.983 18.6883 2.3
      vertex 12.983 18.6883 13.2
    endloop
  endfacet
  facet normal -0.991526 -0.129911 0
    outer loop
      vertex 13.1954 18.1046 2.3
      vertex 13.1818 18.2084 13.2
      vertex 13.1818 18.2084 2.3
    endloop
  endfacet
  facet normal -0.991526 -0.129911 0
    outer loop
      vertex 13.1818 18.2084 13.2
      vertex 13.1954 18.1046 2.3
      vertex 13.1954 18.1046 13.2
    endloop
  endfacet
  facet normal -0.536937 0.843622 0
    outer loop
      vertex 12.6883 17.017 2.3
      vertex 12.6 16.9608 13.2
      vertex 12.6883 17.017 13.2
    endloop
  endfacet
  facet normal -0.536937 0.843622 0
    outer loop
      vertex 12.6 16.9608 13.2
      vertex 12.6883 17.017 2.3
      vertex 12.6 16.9608 2.3
    endloop
  endfacet
  facet normal 0.991526 0.129911 0
    outer loop
      vertex 10.8182 17.7916 13.2
      vertex 10.8046 17.8954 2.3
      vertex 10.8046 17.8954 13.2
    endloop
  endfacet
  facet normal 0.991526 0.129911 0
    outer loop
      vertex 10.8046 17.8954 2.3
      vertex 10.8182 17.7916 13.2
      vertex 10.8182 17.7916 2.3
    endloop
  endfacet
  facet normal -0.536937 -0.843622 0
    outer loop
      vertex 12.6 19.0392 2.3
      vertex 12.6883 18.983 13.2
      vertex 12.6 19.0392 13.2
    endloop
  endfacet
  facet normal -0.536937 -0.843622 -0
    outer loop
      vertex 12.6883 18.983 13.2
      vertex 12.6 19.0392 2.3
      vertex 12.6883 18.983 2.3
    endloop
  endfacet
  facet normal -0.129911 -0.991526 0
    outer loop
      vertex 12.1046 19.1954 2.3
      vertex 12.2084 19.1818 13.2
      vertex 12.1046 19.1954 13.2
    endloop
  endfacet
  facet normal -0.129911 -0.991526 -0
    outer loop
      vertex 12.2084 19.1818 13.2
      vertex 12.1046 19.1954 2.3
      vertex 12.2084 19.1818 2.3
    endloop
  endfacet
  facet normal 0.97621 -0.216829 0
    outer loop
      vertex 10.8182 18.2084 13.2
      vertex 10.8409 18.3106 2.3
      vertex 10.8409 18.3106 13.2
    endloop
  endfacet
  facet normal 0.97621 -0.216829 0
    outer loop
      vertex 10.8409 18.3106 2.3
      vertex 10.8182 18.2084 13.2
      vertex 10.8182 18.2084 2.3
    endloop
  endfacet
  facet normal -0.736996 0.675898 0
    outer loop
      vertex 12.8485 17.1515 2.3
      vertex 12.9193 17.2287 13.2
      vertex 12.9193 17.2287 2.3
    endloop
  endfacet
  facet normal -0.736996 0.675898 0
    outer loop
      vertex 12.9193 17.2287 13.2
      vertex 12.8485 17.1515 2.3
      vertex 12.8485 17.1515 13.2
    endloop
  endfacet
  facet normal 0.886857 -0.462044 0
    outer loop
      vertex 10.9124 18.5071 13.2
      vertex 10.9608 18.6 2.3
      vertex 10.9608 18.6 13.2
    endloop
  endfacet
  facet normal 0.886857 -0.462044 0
    outer loop
      vertex 10.9608 18.6 2.3
      vertex 10.9124 18.5071 13.2
      vertex 10.9124 18.5071 2.3
    endloop
  endfacet
  facet normal -0.886857 0.462044 0
    outer loop
      vertex 13.0392 17.4 2.3
      vertex 13.0876 17.4929 13.2
      vertex 13.0876 17.4929 2.3
    endloop
  endfacet
  facet normal -0.886857 0.462044 0
    outer loop
      vertex 13.0876 17.4929 13.2
      vertex 13.0392 17.4 2.3
      vertex 13.0392 17.4 13.2
    endloop
  endfacet
  facet normal 0.843622 0.536937 0
    outer loop
      vertex 11.017 17.3117 13.2
      vertex 10.9608 17.4 2.3
      vertex 10.9608 17.4 13.2
    endloop
  endfacet
  facet normal 0.843622 0.536937 0
    outer loop
      vertex 10.9608 17.4 2.3
      vertex 11.017 17.3117 13.2
      vertex 11.017 17.3117 2.3
    endloop
  endfacet
  facet normal -0.886857 -0.462044 0
    outer loop
      vertex 13.0876 18.5071 2.3
      vertex 13.0392 18.6 13.2
      vertex 13.0392 18.6 2.3
    endloop
  endfacet
  facet normal -0.886857 -0.462044 0
    outer loop
      vertex 13.0392 18.6 13.2
      vertex 13.0876 18.5071 2.3
      vertex 13.0876 18.5071 13.2
    endloop
  endfacet
  facet normal 0.97621 0.216829 0
    outer loop
      vertex 10.8409 17.6894 13.2
      vertex 10.8182 17.7916 2.3
      vertex 10.8182 17.7916 13.2
    endloop
  endfacet
  facet normal 0.97621 0.216829 0
    outer loop
      vertex 10.8182 17.7916 2.3
      vertex 10.8409 17.6894 13.2
      vertex 10.8409 17.6894 2.3
    endloop
  endfacet
  facet normal -0.999034 -0.0439346 0
    outer loop
      vertex 13.2 18 2.3
      vertex 13.1954 18.1046 13.2
      vertex 13.1954 18.1046 2.3
    endloop
  endfacet
  facet normal -0.999034 -0.0439346 0
    outer loop
      vertex 13.1954 18.1046 13.2
      vertex 13.2 18 2.3
      vertex 13.2 18 13.2
    endloop
  endfacet
  facet normal -0.97621 0.216829 0
    outer loop
      vertex 13.1591 17.6894 2.3
      vertex 13.1818 17.7916 13.2
      vertex 13.1818 17.7916 2.3
    endloop
  endfacet
  facet normal -0.97621 0.216829 0
    outer loop
      vertex 13.1818 17.7916 13.2
      vertex 13.1591 17.6894 2.3
      vertex 13.1591 17.6894 13.2
    endloop
  endfacet
  facet normal 0.216829 -0.97621 0
    outer loop
      vertex 11.6894 19.1591 2.3
      vertex 11.7916 19.1818 13.2
      vertex 11.6894 19.1591 13.2
    endloop
  endfacet
  facet normal 0.216829 -0.97621 0
    outer loop
      vertex 11.7916 19.1818 13.2
      vertex 11.6894 19.1591 2.3
      vertex 11.7916 19.1818 2.3
    endloop
  endfacet
  facet normal 0.924063 -0.382239 0
    outer loop
      vertex 10.8724 18.4104 13.2
      vertex 10.9124 18.5071 2.3
      vertex 10.9124 18.5071 13.2
    endloop
  endfacet
  facet normal 0.924063 -0.382239 0
    outer loop
      vertex 10.9124 18.5071 2.3
      vertex 10.8724 18.4104 13.2
      vertex 10.8724 18.4104 2.3
    endloop
  endfacet
  facet normal 0.300994 0.953626 -0
    outer loop
      vertex 11.6894 16.8409 2.3
      vertex 11.5896 16.8724 13.2
      vertex 11.6894 16.8409 13.2
    endloop
  endfacet
  facet normal 0.300994 0.953626 0
    outer loop
      vertex 11.5896 16.8724 13.2
      vertex 11.6894 16.8409 2.3
      vertex 11.5896 16.8724 2.3
    endloop
  endfacet
  facet normal -0.608833 0.793299 0
    outer loop
      vertex 12.7713 17.0807 2.3
      vertex 12.6883 17.017 13.2
      vertex 12.7713 17.0807 13.2
    endloop
  endfacet
  facet normal -0.608833 0.793299 0
    outer loop
      vertex 12.6883 17.017 13.2
      vertex 12.7713 17.0807 2.3
      vertex 12.6883 17.017 2.3
    endloop
  endfacet
  facet normal -0.999034 0.0439346 0
    outer loop
      vertex 13.1954 17.8954 2.3
      vertex 13.2 18 13.2
      vertex 13.2 18 2.3
    endloop
  endfacet
  facet normal -0.999034 0.0439346 0
    outer loop
      vertex 13.2 18 13.2
      vertex 13.1954 17.8954 2.3
      vertex 13.1954 17.8954 13.2
    endloop
  endfacet
  facet normal -0.97621 -0.216829 0
    outer loop
      vertex 13.1818 18.2084 2.3
      vertex 13.1591 18.3106 13.2
      vertex 13.1591 18.3106 2.3
    endloop
  endfacet
  facet normal -0.97621 -0.216829 0
    outer loop
      vertex 13.1591 18.3106 13.2
      vertex 13.1818 18.2084 2.3
      vertex 13.1818 18.2084 13.2
    endloop
  endfacet
  facet normal 0.129911 -0.991526 0
    outer loop
      vertex 11.7916 19.1818 2.3
      vertex 11.8954 19.1954 13.2
      vertex 11.7916 19.1818 13.2
    endloop
  endfacet
  facet normal 0.129911 -0.991526 0
    outer loop
      vertex 11.8954 19.1954 13.2
      vertex 11.7916 19.1818 2.3
      vertex 11.8954 19.1954 2.3
    endloop
  endfacet
  facet normal -0.953626 -0.300994 0
    outer loop
      vertex 13.1591 18.3106 2.3
      vertex 13.1276 18.4104 13.2
      vertex 13.1276 18.4104 2.3
    endloop
  endfacet
  facet normal -0.953626 -0.300994 0
    outer loop
      vertex 13.1276 18.4104 13.2
      vertex 13.1591 18.3106 2.3
      vertex 13.1591 18.3106 13.2
    endloop
  endfacet
  facet normal -0.300994 -0.953626 0
    outer loop
      vertex 12.3106 19.1591 2.3
      vertex 12.4104 19.1276 13.2
      vertex 12.3106 19.1591 13.2
    endloop
  endfacet
  facet normal -0.300994 -0.953626 -0
    outer loop
      vertex 12.4104 19.1276 13.2
      vertex 12.3106 19.1591 2.3
      vertex 12.4104 19.1276 2.3
    endloop
  endfacet
  facet normal 0.300994 -0.953626 0
    outer loop
      vertex 11.5896 19.1276 2.3
      vertex 11.6894 19.1591 13.2
      vertex 11.5896 19.1276 13.2
    endloop
  endfacet
  facet normal 0.300994 -0.953626 0
    outer loop
      vertex 11.6894 19.1591 13.2
      vertex 11.5896 19.1276 2.3
      vertex 11.6894 19.1591 2.3
    endloop
  endfacet
  facet normal 0.736996 0.675898 0
    outer loop
      vertex 11.1515 17.1515 13.2
      vertex 11.0807 17.2287 2.3
      vertex 11.0807 17.2287 13.2
    endloop
  endfacet
  facet normal 0.736996 0.675898 0
    outer loop
      vertex 11.0807 17.2287 2.3
      vertex 11.1515 17.1515 13.2
      vertex 11.1515 17.1515 2.3
    endloop
  endfacet
  facet normal 0.991526 -0.129911 0
    outer loop
      vertex 10.8046 18.1046 13.2
      vertex 10.8182 18.2084 2.3
      vertex 10.8182 18.2084 13.2
    endloop
  endfacet
  facet normal 0.991526 -0.129911 0
    outer loop
      vertex 10.8182 18.2084 2.3
      vertex 10.8046 18.1046 13.2
      vertex 10.8046 18.1046 2.3
    endloop
  endfacet
  facet normal -0.216829 0.97621 0
    outer loop
      vertex 12.3106 16.8409 2.3
      vertex 12.2084 16.8182 13.2
      vertex 12.3106 16.8409 13.2
    endloop
  endfacet
  facet normal -0.216829 0.97621 0
    outer loop
      vertex 12.2084 16.8182 13.2
      vertex 12.3106 16.8409 2.3
      vertex 12.2084 16.8182 2.3
    endloop
  endfacet
  facet normal 0.675898 -0.736996 0
    outer loop
      vertex 11.1515 18.8485 2.3
      vertex 11.2287 18.9193 13.2
      vertex 11.1515 18.8485 13.2
    endloop
  endfacet
  facet normal 0.675898 -0.736996 0
    outer loop
      vertex 11.2287 18.9193 13.2
      vertex 11.1515 18.8485 2.3
      vertex 11.2287 18.9193 2.3
    endloop
  endfacet
  facet normal 0.886857 0.462044 0
    outer loop
      vertex 10.9608 17.4 13.2
      vertex 10.9124 17.4929 2.3
      vertex 10.9124 17.4929 13.2
    endloop
  endfacet
  facet normal 0.886857 0.462044 0
    outer loop
      vertex 10.9124 17.4929 2.3
      vertex 10.9608 17.4 13.2
      vertex 10.9608 17.4 2.3
    endloop
  endfacet
  facet normal 0.216829 0.97621 -0
    outer loop
      vertex 11.7916 16.8182 2.3
      vertex 11.6894 16.8409 13.2
      vertex 11.7916 16.8182 13.2
    endloop
  endfacet
  facet normal 0.216829 0.97621 0
    outer loop
      vertex 11.6894 16.8409 13.2
      vertex 11.7916 16.8182 2.3
      vertex 11.6894 16.8409 2.3
    endloop
  endfacet
  facet normal -0.675898 0.736996 0
    outer loop
      vertex 12.8485 17.1515 2.3
      vertex 12.7713 17.0807 13.2
      vertex 12.8485 17.1515 13.2
    endloop
  endfacet
  facet normal -0.675898 0.736996 0
    outer loop
      vertex 12.7713 17.0807 13.2
      vertex 12.8485 17.1515 2.3
      vertex 12.7713 17.0807 2.3
    endloop
  endfacet
  facet normal 0.462044 -0.886857 0
    outer loop
      vertex 11.4 19.0392 2.3
      vertex 11.4929 19.0876 13.2
      vertex 11.4 19.0392 13.2
    endloop
  endfacet
  facet normal 0.462044 -0.886857 0
    outer loop
      vertex 11.4929 19.0876 13.2
      vertex 11.4 19.0392 2.3
      vertex 11.4929 19.0876 2.3
    endloop
  endfacet
  facet normal 0.536937 -0.843622 0
    outer loop
      vertex 11.3117 18.983 2.3
      vertex 11.4 19.0392 13.2
      vertex 11.3117 18.983 13.2
    endloop
  endfacet
  facet normal 0.536937 -0.843622 0
    outer loop
      vertex 11.4 19.0392 13.2
      vertex 11.3117 18.983 2.3
      vertex 11.4 19.0392 2.3
    endloop
  endfacet
  facet normal -0.608833 -0.793299 0
    outer loop
      vertex 12.6883 18.983 2.3
      vertex 12.7713 18.9193 13.2
      vertex 12.6883 18.983 13.2
    endloop
  endfacet
  facet normal -0.608833 -0.793299 -0
    outer loop
      vertex 12.7713 18.9193 13.2
      vertex 12.6883 18.983 2.3
      vertex 12.7713 18.9193 2.3
    endloop
  endfacet
  facet normal -0.462044 -0.886857 0
    outer loop
      vertex 12.5071 19.0876 2.3
      vertex 12.6 19.0392 13.2
      vertex 12.5071 19.0876 13.2
    endloop
  endfacet
  facet normal -0.462044 -0.886857 -0
    outer loop
      vertex 12.6 19.0392 13.2
      vertex 12.5071 19.0876 2.3
      vertex 12.6 19.0392 2.3
    endloop
  endfacet
  facet normal -0.736996 -0.675898 0
    outer loop
      vertex 12.9193 18.7713 2.3
      vertex 12.8485 18.8485 13.2
      vertex 12.8485 18.8485 2.3
    endloop
  endfacet
  facet normal -0.736996 -0.675898 0
    outer loop
      vertex 12.8485 18.8485 13.2
      vertex 12.9193 18.7713 2.3
      vertex 12.9193 18.7713 13.2
    endloop
  endfacet
  facet normal 0.999034 -0.0439346 0
    outer loop
      vertex 10.8 18 13.2
      vertex 10.8046 18.1046 2.3
      vertex 10.8046 18.1046 13.2
    endloop
  endfacet
  facet normal 0.999034 -0.0439346 0
    outer loop
      vertex 10.8046 18.1046 2.3
      vertex 10.8 18 13.2
      vertex 10.8 18 2.3
    endloop
  endfacet
  facet normal -0.991526 0.129911 0
    outer loop
      vertex 13.1818 17.7916 2.3
      vertex 13.1954 17.8954 13.2
      vertex 13.1954 17.8954 2.3
    endloop
  endfacet
  facet normal -0.991526 0.129911 0
    outer loop
      vertex 13.1954 17.8954 13.2
      vertex 13.1818 17.7916 2.3
      vertex 13.1818 17.7916 13.2
    endloop
  endfacet
  facet normal -0.843622 0.536937 0
    outer loop
      vertex 12.983 17.3117 2.3
      vertex 13.0392 17.4 13.2
      vertex 13.0392 17.4 2.3
    endloop
  endfacet
  facet normal -0.843622 0.536937 0
    outer loop
      vertex 13.0392 17.4 13.2
      vertex 12.983 17.3117 2.3
      vertex 12.983 17.3117 13.2
    endloop
  endfacet
  facet normal -0.924063 0.382239 0
    outer loop
      vertex 13.0876 17.4929 2.3
      vertex 13.1276 17.5896 13.2
      vertex 13.1276 17.5896 2.3
    endloop
  endfacet
  facet normal -0.924063 0.382239 0
    outer loop
      vertex 13.1276 17.5896 13.2
      vertex 13.0876 17.4929 2.3
      vertex 13.0876 17.4929 13.2
    endloop
  endfacet
  facet normal -0.793299 0.608833 0
    outer loop
      vertex 12.9193 17.2287 2.3
      vertex 12.983 17.3117 13.2
      vertex 12.983 17.3117 2.3
    endloop
  endfacet
  facet normal -0.793299 0.608833 0
    outer loop
      vertex 12.983 17.3117 13.2
      vertex 12.9193 17.2287 2.3
      vertex 12.9193 17.2287 13.2
    endloop
  endfacet
  facet normal -0.843622 -0.536937 0
    outer loop
      vertex 13.0392 18.6 2.3
      vertex 12.983 18.6883 13.2
      vertex 12.983 18.6883 2.3
    endloop
  endfacet
  facet normal -0.843622 -0.536937 0
    outer loop
      vertex 12.983 18.6883 13.2
      vertex 13.0392 18.6 2.3
      vertex 13.0392 18.6 13.2
    endloop
  endfacet
  facet normal 0.793299 -0.608833 0
    outer loop
      vertex 11.017 18.6883 13.2
      vertex 11.0807 18.7713 2.3
      vertex 11.0807 18.7713 13.2
    endloop
  endfacet
  facet normal 0.793299 -0.608833 0
    outer loop
      vertex 11.0807 18.7713 2.3
      vertex 11.017 18.6883 13.2
      vertex 11.017 18.6883 2.3
    endloop
  endfacet
  facet normal 0.129911 0.991526 -0
    outer loop
      vertex 11.8954 16.8046 2.3
      vertex 11.7916 16.8182 13.2
      vertex 11.8954 16.8046 13.2
    endloop
  endfacet
  facet normal 0.129911 0.991526 0
    outer loop
      vertex 11.7916 16.8182 13.2
      vertex 11.8954 16.8046 2.3
      vertex 11.7916 16.8182 2.3
    endloop
  endfacet
  facet normal -0.129911 0.991526 0
    outer loop
      vertex 12.2084 16.8182 2.3
      vertex 12.1046 16.8046 13.2
      vertex 12.2084 16.8182 13.2
    endloop
  endfacet
  facet normal -0.129911 0.991526 0
    outer loop
      vertex 12.1046 16.8046 13.2
      vertex 12.2084 16.8182 2.3
      vertex 12.1046 16.8046 2.3
    endloop
  endfacet
  facet normal -0.462044 0.886857 0
    outer loop
      vertex 12.6 16.9608 2.3
      vertex 12.5071 16.9124 13.2
      vertex 12.6 16.9608 13.2
    endloop
  endfacet
  facet normal -0.462044 0.886857 0
    outer loop
      vertex 12.5071 16.9124 13.2
      vertex 12.6 16.9608 2.3
      vertex 12.5071 16.9124 2.3
    endloop
  endfacet
  facet normal 0.0439346 0.999034 -0
    outer loop
      vertex 12 16.8 2.3
      vertex 11.8954 16.8046 13.2
      vertex 12 16.8 13.2
    endloop
  endfacet
  facet normal 0.0439346 0.999034 0
    outer loop
      vertex 11.8954 16.8046 13.2
      vertex 12 16.8 2.3
      vertex 11.8954 16.8046 2.3
    endloop
  endfacet
  facet normal 0.608833 -0.793299 0
    outer loop
      vertex 11.2287 18.9193 2.3
      vertex 11.3117 18.983 13.2
      vertex 11.2287 18.9193 13.2
    endloop
  endfacet
  facet normal 0.608833 -0.793299 0
    outer loop
      vertex 11.3117 18.983 13.2
      vertex 11.2287 18.9193 2.3
      vertex 11.3117 18.983 2.3
    endloop
  endfacet
  facet normal 0.953626 -0.300994 0
    outer loop
      vertex 10.8409 18.3106 13.2
      vertex 10.8724 18.4104 2.3
      vertex 10.8724 18.4104 13.2
    endloop
  endfacet
  facet normal 0.953626 -0.300994 0
    outer loop
      vertex 10.8724 18.4104 2.3
      vertex 10.8409 18.3106 13.2
      vertex 10.8409 18.3106 2.3
    endloop
  endfacet
  facet normal 0.999034 0.0439346 0
    outer loop
      vertex 10.8046 17.8954 13.2
      vertex 10.8 18 2.3
      vertex 10.8 18 13.2
    endloop
  endfacet
  facet normal 0.999034 0.0439346 0
    outer loop
      vertex 10.8 18 2.3
      vertex 10.8046 17.8954 13.2
      vertex 10.8046 17.8954 2.3
    endloop
  endfacet
  facet normal 0.462044 0.886857 -0
    outer loop
      vertex 11.4929 16.9124 2.3
      vertex 11.4 16.9608 13.2
      vertex 11.4929 16.9124 13.2
    endloop
  endfacet
  facet normal 0.462044 0.886857 0
    outer loop
      vertex 11.4 16.9608 13.2
      vertex 11.4929 16.9124 2.3
      vertex 11.4 16.9608 2.3
    endloop
  endfacet
  facet normal -0.675898 -0.736996 0
    outer loop
      vertex 12.7713 18.9193 2.3
      vertex 12.8485 18.8485 13.2
      vertex 12.7713 18.9193 13.2
    endloop
  endfacet
  facet normal -0.675898 -0.736996 -0
    outer loop
      vertex 12.8485 18.8485 13.2
      vertex 12.7713 18.9193 2.3
      vertex 12.8485 18.8485 2.3
    endloop
  endfacet
  facet normal -0.216829 -0.97621 0
    outer loop
      vertex 12.2084 19.1818 2.3
      vertex 12.3106 19.1591 13.2
      vertex 12.2084 19.1818 13.2
    endloop
  endfacet
  facet normal -0.216829 -0.97621 -0
    outer loop
      vertex 12.3106 19.1591 13.2
      vertex 12.2084 19.1818 2.3
      vertex 12.3106 19.1591 2.3
    endloop
  endfacet
  facet normal 0.382239 -0.924063 0
    outer loop
      vertex 11.4929 19.0876 2.3
      vertex 11.5896 19.1276 13.2
      vertex 11.4929 19.0876 13.2
    endloop
  endfacet
  facet normal 0.382239 -0.924063 0
    outer loop
      vertex 11.5896 19.1276 13.2
      vertex 11.4929 19.0876 2.3
      vertex 11.5896 19.1276 2.3
    endloop
  endfacet
  facet normal 0.924063 0.382239 0
    outer loop
      vertex 10.9124 17.4929 13.2
      vertex 10.8724 17.5896 2.3
      vertex 10.8724 17.5896 13.2
    endloop
  endfacet
  facet normal 0.924063 0.382239 0
    outer loop
      vertex 10.8724 17.5896 2.3
      vertex 10.9124 17.4929 13.2
      vertex 10.9124 17.4929 2.3
    endloop
  endfacet
  facet normal 0.953626 0.300994 0
    outer loop
      vertex 10.8724 17.5896 13.2
      vertex 10.8409 17.6894 2.3
      vertex 10.8409 17.6894 13.2
    endloop
  endfacet
  facet normal 0.953626 0.300994 0
    outer loop
      vertex 10.8409 17.6894 2.3
      vertex 10.8724 17.5896 13.2
      vertex 10.8724 17.5896 2.3
    endloop
  endfacet
  facet normal 0.843622 -0.536937 0
    outer loop
      vertex 10.9608 18.6 13.2
      vertex 11.017 18.6883 2.3
      vertex 11.017 18.6883 13.2
    endloop
  endfacet
  facet normal 0.843622 -0.536937 0
    outer loop
      vertex 11.017 18.6883 2.3
      vertex 10.9608 18.6 13.2
      vertex 10.9608 18.6 2.3
    endloop
  endfacet
  facet normal -0.953626 0.300994 0
    outer loop
      vertex 13.1276 17.5896 2.3
      vertex 13.1591 17.6894 13.2
      vertex 13.1591 17.6894 2.3
    endloop
  endfacet
  facet normal -0.953626 0.300994 0
    outer loop
      vertex 13.1591 17.6894 13.2
      vertex 13.1276 17.5896 2.3
      vertex 13.1276 17.5896 13.2
    endloop
  endfacet
  facet normal -0.0439346 0.999034 0
    outer loop
      vertex 12.1046 16.8046 2.3
      vertex 12 16.8 13.2
      vertex 12.1046 16.8046 13.2
    endloop
  endfacet
  facet normal -0.0439346 0.999034 0
    outer loop
      vertex 12 16.8 13.2
      vertex 12.1046 16.8046 2.3
      vertex 12 16.8 2.3
    endloop
  endfacet
  facet normal 0.608833 0.793299 -0
    outer loop
      vertex 11.3117 17.017 2.3
      vertex 11.2287 17.0807 13.2
      vertex 11.3117 17.017 13.2
    endloop
  endfacet
  facet normal 0.608833 0.793299 0
    outer loop
      vertex 11.2287 17.0807 13.2
      vertex 11.3117 17.017 2.3
      vertex 11.2287 17.0807 2.3
    endloop
  endfacet
  facet normal -0.924063 -0.382239 0
    outer loop
      vertex 13.1276 18.4104 2.3
      vertex 13.0876 18.5071 13.2
      vertex 13.0876 18.5071 2.3
    endloop
  endfacet
  facet normal -0.924063 -0.382239 0
    outer loop
      vertex 13.0876 18.5071 13.2
      vertex 13.1276 18.4104 2.3
      vertex 13.1276 18.4104 13.2
    endloop
  endfacet
  facet normal -0.0439346 -0.999034 0
    outer loop
      vertex 12 19.2 2.3
      vertex 12.1046 19.1954 13.2
      vertex 12 19.2 13.2
    endloop
  endfacet
  facet normal -0.0439346 -0.999034 -0
    outer loop
      vertex 12.1046 19.1954 13.2
      vertex 12 19.2 2.3
      vertex 12.1046 19.1954 2.3
    endloop
  endfacet
  facet normal 0.736996 -0.675898 0
    outer loop
      vertex 11.0807 18.7713 13.2
      vertex 11.1515 18.8485 2.3
      vertex 11.1515 18.8485 13.2
    endloop
  endfacet
  facet normal 0.736996 -0.675898 0
    outer loop
      vertex 11.1515 18.8485 2.3
      vertex 11.0807 18.7713 13.2
      vertex 11.0807 18.7713 2.3
    endloop
  endfacet
  facet normal 0.536937 0.843622 -0
    outer loop
      vertex 11.4 16.9608 2.3
      vertex 11.3117 17.017 13.2
      vertex 11.4 16.9608 13.2
    endloop
  endfacet
  facet normal 0.536937 0.843622 0
    outer loop
      vertex 11.3117 17.017 13.2
      vertex 11.4 16.9608 2.3
      vertex 11.3117 17.017 2.3
    endloop
  endfacet
  facet normal -0.382239 0.924063 0
    outer loop
      vertex 12.5071 16.9124 2.3
      vertex 12.4104 16.8724 13.2
      vertex 12.5071 16.9124 13.2
    endloop
  endfacet
  facet normal -0.382239 0.924063 0
    outer loop
      vertex 12.4104 16.8724 13.2
      vertex 12.5071 16.9124 2.3
      vertex 12.4104 16.8724 2.3
    endloop
  endfacet
  facet normal 0.675898 0.736996 -0
    outer loop
      vertex 11.2287 17.0807 2.3
      vertex 11.1515 17.1515 13.2
      vertex 11.2287 17.0807 13.2
    endloop
  endfacet
  facet normal 0.675898 0.736996 0
    outer loop
      vertex 11.1515 17.1515 13.2
      vertex 11.2287 17.0807 2.3
      vertex 11.1515 17.1515 2.3
    endloop
  endfacet
  facet normal 0.130106 -0.9915 0
    outer loop
      vertex 11.6006 20.2651 0
      vertex 11.7995 20.2912 2.3
      vertex 11.6006 20.2651 2.3
    endloop
  endfacet
  facet normal 0.130106 -0.9915 0
    outer loop
      vertex 11.7995 20.2912 2.3
      vertex 11.6006 20.2651 0
      vertex 11.7995 20.2912 0
    endloop
  endfacet
  facet normal -0.9915 -0.130106 0
    outer loop
      vertex 14.2912 18.2005 0
      vertex 14.2651 18.3994 2.3
      vertex 14.2651 18.3994 0
    endloop
  endfacet
  facet normal -0.9915 -0.130106 0
    outer loop
      vertex 14.2651 18.3994 2.3
      vertex 14.2912 18.2005 0
      vertex 14.2912 18.2005 2.3
    endloop
  endfacet
  facet normal -0.999038 -0.0438481 0
    outer loop
      vertex 14.3 18 0
      vertex 14.2912 18.2005 2.3
      vertex 14.2912 18.2005 0
    endloop
  endfacet
  facet normal -0.999038 -0.0438481 0
    outer loop
      vertex 14.2912 18.2005 2.3
      vertex 14.3 18 0
      vertex 14.3 18 2.3
    endloop
  endfacet
  facet normal -0.976222 -0.216772 0
    outer loop
      vertex 14.2651 18.3994 0
      vertex 14.2216 18.5953 2.3
      vertex 14.2216 18.5953 0
    endloop
  endfacet
  facet normal -0.976222 -0.216772 0
    outer loop
      vertex 14.2216 18.5953 2.3
      vertex 14.2651 18.3994 0
      vertex 14.2651 18.3994 2.3
    endloop
  endfacet
  facet normal -0.999038 0.0438481 0
    outer loop
      vertex 14.2912 17.7995 0
      vertex 14.3 18 2.3
      vertex 14.3 18 0
    endloop
  endfacet
  facet normal -0.999038 0.0438481 0
    outer loop
      vertex 14.3 18 2.3
      vertex 14.2912 17.7995 0
      vertex 14.2912 17.7995 2.3
    endloop
  endfacet
  facet normal 0.608578 0.793494 -0
    outer loop
      vertex 10.6808 16.116 0
      vertex 10.5216 16.2381 2.3
      vertex 10.6808 16.116 2.3
    endloop
  endfacet
  facet normal 0.608578 0.793494 0
    outer loop
      vertex 10.5216 16.2381 2.3
      vertex 10.6808 16.116 0
      vertex 10.5216 16.2381 0
    endloop
  endfacet
  facet normal 0.953684 -0.300812 0
    outer loop
      vertex 9.77837 18.5953 2.3
      vertex 9.83871 18.7866 0
      vertex 9.83871 18.7866 2.3
    endloop
  endfacet
  facet normal 0.953684 -0.300812 0
    outer loop
      vertex 9.83871 18.7866 0
      vertex 9.77837 18.5953 2.3
      vertex 9.77837 18.5953 0
    endloop
  endfacet
  facet normal -0.675792 -0.737092 0
    outer loop
      vertex 13.4784 19.7619 0
      vertex 13.6263 19.6263 2.3
      vertex 13.4784 19.7619 2.3
    endloop
  endfacet
  facet normal -0.675792 -0.737092 -0
    outer loop
      vertex 13.6263 19.6263 2.3
      vertex 13.4784 19.7619 0
      vertex 13.6263 19.6263 0
    endloop
  endfacet
  facet normal 0.953684 0.300812 0
    outer loop
      vertex 9.83871 17.2134 2.3
      vertex 9.77837 17.4047 0
      vertex 9.77837 17.4047 2.3
    endloop
  endfacet
  facet normal 0.953684 0.300812 0
    outer loop
      vertex 9.77837 17.4047 0
      vertex 9.83871 17.2134 2.3
      vertex 9.83871 17.2134 0
    endloop
  endfacet
  facet normal 0.793494 0.608578 0
    outer loop
      vertex 10.2381 16.5216 2.3
      vertex 10.116 16.6808 0
      vertex 10.116 16.6808 2.3
    endloop
  endfacet
  facet normal 0.793494 0.608578 0
    outer loop
      vertex 10.116 16.6808 0
      vertex 10.2381 16.5216 2.3
      vertex 10.2381 16.5216 0
    endloop
  endfacet
  facet normal -0.382704 -0.923871 0
    outer loop
      vertex 12.7866 20.1613 0
      vertex 12.972 20.0845 2.3
      vertex 12.7866 20.1613 2.3
    endloop
  endfacet
  facet normal -0.382704 -0.923871 -0
    outer loop
      vertex 12.972 20.0845 2.3
      vertex 12.7866 20.1613 0
      vertex 12.972 20.0845 0
    endloop
  endfacet
  facet normal -0.843148 0.537681 0
    outer loop
      vertex 13.884 16.6808 0
      vertex 13.9919 16.85 2.3
      vertex 13.9919 16.85 0
    endloop
  endfacet
  facet normal -0.843148 0.537681 0
    outer loop
      vertex 13.9919 16.85 2.3
      vertex 13.884 16.6808 0
      vertex 13.884 16.6808 2.3
    endloop
  endfacet
  facet normal -0.737092 -0.675792 0
    outer loop
      vertex 13.7619 19.4784 0
      vertex 13.6263 19.6263 2.3
      vertex 13.6263 19.6263 0
    endloop
  endfacet
  facet normal -0.737092 -0.675792 0
    outer loop
      vertex 13.6263 19.6263 2.3
      vertex 13.7619 19.4784 0
      vertex 13.7619 19.4784 2.3
    endloop
  endfacet
  facet normal -0.793494 -0.608578 0
    outer loop
      vertex 13.884 19.3192 0
      vertex 13.7619 19.4784 2.3
      vertex 13.7619 19.4784 0
    endloop
  endfacet
  facet normal -0.793494 -0.608578 0
    outer loop
      vertex 13.7619 19.4784 2.3
      vertex 13.884 19.3192 0
      vertex 13.884 19.3192 2.3
    endloop
  endfacet
  facet normal -0.537681 -0.843148 0
    outer loop
      vertex 13.15 19.9919 0
      vertex 13.3192 19.884 2.3
      vertex 13.15 19.9919 2.3
    endloop
  endfacet
  facet normal -0.537681 -0.843148 -0
    outer loop
      vertex 13.3192 19.884 2.3
      vertex 13.15 19.9919 0
      vertex 13.3192 19.884 0
    endloop
  endfacet
  facet normal -0.216772 -0.976222 0
    outer loop
      vertex 12.3994 20.2651 0
      vertex 12.5953 20.2216 2.3
      vertex 12.3994 20.2651 2.3
    endloop
  endfacet
  facet normal -0.216772 -0.976222 -0
    outer loop
      vertex 12.5953 20.2216 2.3
      vertex 12.3994 20.2651 0
      vertex 12.5953 20.2216 0
    endloop
  endfacet
  facet normal 0.0438481 0.999038 -0
    outer loop
      vertex 12 15.7 0
      vertex 11.7995 15.7088 2.3
      vertex 12 15.7 2.3
    endloop
  endfacet
  facet normal 0.0438481 0.999038 0
    outer loop
      vertex 11.7995 15.7088 2.3
      vertex 12 15.7 0
      vertex 11.7995 15.7088 0
    endloop
  endfacet
  facet normal 0.216772 -0.976222 0
    outer loop
      vertex 11.4047 20.2216 0
      vertex 11.6006 20.2651 2.3
      vertex 11.4047 20.2216 2.3
    endloop
  endfacet
  facet normal 0.216772 -0.976222 0
    outer loop
      vertex 11.6006 20.2651 2.3
      vertex 11.4047 20.2216 0
      vertex 11.6006 20.2651 0
    endloop
  endfacet
  facet normal 0.793494 -0.608578 0
    outer loop
      vertex 10.116 19.3192 2.3
      vertex 10.2381 19.4784 0
      vertex 10.2381 19.4784 2.3
    endloop
  endfacet
  facet normal 0.793494 -0.608578 0
    outer loop
      vertex 10.2381 19.4784 0
      vertex 10.116 19.3192 2.3
      vertex 10.116 19.3192 0
    endloop
  endfacet
  facet normal 0.991442 0.130547 0
    outer loop
      vertex 9.73494 17.6006 2.3
      vertex 9.70875 17.7995 0
      vertex 9.70875 17.7995 2.3
    endloop
  endfacet
  facet normal 0.991442 0.130547 0
    outer loop
      vertex 9.70875 17.7995 0
      vertex 9.73494 17.6006 2.3
      vertex 9.73494 17.6006 0
    endloop
  endfacet
  facet normal 0.46151 -0.887135 0
    outer loop
      vertex 10.85 19.9919 0
      vertex 11.028 20.0845 2.3
      vertex 10.85 19.9919 2.3
    endloop
  endfacet
  facet normal 0.46151 -0.887135 0
    outer loop
      vertex 11.028 20.0845 2.3
      vertex 10.85 19.9919 0
      vertex 11.028 20.0845 0
    endloop
  endfacet
  facet normal -0.46151 0.887135 0
    outer loop
      vertex 13.15 16.0081 0
      vertex 12.972 15.9155 2.3
      vertex 13.15 16.0081 2.3
    endloop
  endfacet
  facet normal -0.46151 0.887135 0
    outer loop
      vertex 12.972 15.9155 2.3
      vertex 13.15 16.0081 0
      vertex 12.972 15.9155 0
    endloop
  endfacet
  facet normal -0.608578 -0.793494 0
    outer loop
      vertex 13.3192 19.884 0
      vertex 13.4784 19.7619 2.3
      vertex 13.3192 19.884 2.3
    endloop
  endfacet
  facet normal -0.608578 -0.793494 -0
    outer loop
      vertex 13.4784 19.7619 2.3
      vertex 13.3192 19.884 0
      vertex 13.4784 19.7619 0
    endloop
  endfacet
  facet normal -0.9915 0.130106 0
    outer loop
      vertex 14.2651 17.6006 0
      vertex 14.2912 17.7995 2.3
      vertex 14.2912 17.7995 0
    endloop
  endfacet
  facet normal -0.9915 0.130106 0
    outer loop
      vertex 14.2912 17.7995 2.3
      vertex 14.2651 17.6006 0
      vertex 14.2651 17.6006 2.3
    endloop
  endfacet
  facet normal -0.923871 0.382704 0
    outer loop
      vertex 14.0845 17.028 0
      vertex 14.1613 17.2134 2.3
      vertex 14.1613 17.2134 0
    endloop
  endfacet
  facet normal -0.923871 0.382704 0
    outer loop
      vertex 14.1613 17.2134 2.3
      vertex 14.0845 17.028 0
      vertex 14.0845 17.028 2.3
    endloop
  endfacet
  facet normal -0.30063 -0.953741 0
    outer loop
      vertex 12.5953 20.2216 0
      vertex 12.7866 20.1613 2.3
      vertex 12.5953 20.2216 2.3
    endloop
  endfacet
  facet normal -0.30063 -0.953741 -0
    outer loop
      vertex 12.7866 20.1613 2.3
      vertex 12.5953 20.2216 0
      vertex 12.7866 20.1613 0
    endloop
  endfacet
  facet normal 0.0438481 -0.999038 0
    outer loop
      vertex 11.7995 20.2912 0
      vertex 12 20.3 2.3
      vertex 11.7995 20.2912 2.3
    endloop
  endfacet
  facet normal 0.0438481 -0.999038 0
    outer loop
      vertex 12 20.3 2.3
      vertex 11.7995 20.2912 0
      vertex 12 20.3 0
    endloop
  endfacet
  facet normal 0.737092 0.675792 0
    outer loop
      vertex 10.3737 16.3737 2.3
      vertex 10.2381 16.5216 0
      vertex 10.2381 16.5216 2.3
    endloop
  endfacet
  facet normal 0.737092 0.675792 0
    outer loop
      vertex 10.2381 16.5216 0
      vertex 10.3737 16.3737 2.3
      vertex 10.3737 16.3737 0
    endloop
  endfacet
  facet normal 0.887115 -0.461549 0
    outer loop
      vertex 9.91549 18.972 2.3
      vertex 10.0081 19.15 0
      vertex 10.0081 19.15 2.3
    endloop
  endfacet
  facet normal 0.887115 -0.461549 0
    outer loop
      vertex 10.0081 19.15 0
      vertex 9.91549 18.972 2.3
      vertex 9.91549 18.972 0
    endloop
  endfacet
  facet normal -0.216772 0.976222 0
    outer loop
      vertex 12.5953 15.7784 0
      vertex 12.3994 15.7349 2.3
      vertex 12.5953 15.7784 2.3
    endloop
  endfacet
  facet normal -0.216772 0.976222 0
    outer loop
      vertex 12.3994 15.7349 2.3
      vertex 12.5953 15.7784 0
      vertex 12.3994 15.7349 0
    endloop
  endfacet
  facet normal -0.130106 0.9915 0
    outer loop
      vertex 12.3994 15.7349 0
      vertex 12.2005 15.7088 2.3
      vertex 12.3994 15.7349 2.3
    endloop
  endfacet
  facet normal -0.130106 0.9915 0
    outer loop
      vertex 12.2005 15.7088 2.3
      vertex 12.3994 15.7349 0
      vertex 12.2005 15.7088 0
    endloop
  endfacet
  facet normal -0.46151 -0.887135 0
    outer loop
      vertex 12.972 20.0845 0
      vertex 13.15 19.9919 2.3
      vertex 12.972 20.0845 2.3
    endloop
  endfacet
  facet normal -0.46151 -0.887135 -0
    outer loop
      vertex 13.15 19.9919 2.3
      vertex 12.972 20.0845 0
      vertex 13.15 19.9919 0
    endloop
  endfacet
  facet normal -0.0438481 -0.999038 0
    outer loop
      vertex 12 20.3 0
      vertex 12.2005 20.2912 2.3
      vertex 12 20.3 2.3
    endloop
  endfacet
  facet normal -0.0438481 -0.999038 -0
    outer loop
      vertex 12.2005 20.2912 2.3
      vertex 12 20.3 0
      vertex 12.2005 20.2912 0
    endloop
  endfacet
  facet normal 0.30063 0.953741 -0
    outer loop
      vertex 11.4047 15.7784 0
      vertex 11.2134 15.8387 2.3
      vertex 11.4047 15.7784 2.3
    endloop
  endfacet
  facet normal 0.30063 0.953741 0
    outer loop
      vertex 11.2134 15.8387 2.3
      vertex 11.4047 15.7784 0
      vertex 11.2134 15.8387 0
    endloop
  endfacet
  facet normal -0.608578 0.793494 0
    outer loop
      vertex 13.4784 16.2381 0
      vertex 13.3192 16.116 2.3
      vertex 13.4784 16.2381 2.3
    endloop
  endfacet
  facet normal -0.608578 0.793494 0
    outer loop
      vertex 13.3192 16.116 2.3
      vertex 13.4784 16.2381 0
      vertex 13.3192 16.116 0
    endloop
  endfacet
  facet normal 0.537681 0.843148 -0
    outer loop
      vertex 10.85 16.0081 0
      vertex 10.6808 16.116 2.3
      vertex 10.85 16.0081 2.3
    endloop
  endfacet
  facet normal 0.537681 0.843148 0
    outer loop
      vertex 10.6808 16.116 2.3
      vertex 10.85 16.0081 0
      vertex 10.6808 16.116 0
    endloop
  endfacet
  facet normal -0.793494 0.608578 0
    outer loop
      vertex 13.7619 16.5216 0
      vertex 13.884 16.6808 2.3
      vertex 13.884 16.6808 0
    endloop
  endfacet
  facet normal -0.793494 0.608578 0
    outer loop
      vertex 13.884 16.6808 2.3
      vertex 13.7619 16.5216 0
      vertex 13.7619 16.5216 2.3
    endloop
  endfacet
  facet normal -0.976222 0.216772 0
    outer loop
      vertex 14.2216 17.4047 0
      vertex 14.2651 17.6006 2.3
      vertex 14.2651 17.6006 0
    endloop
  endfacet
  facet normal -0.976222 0.216772 0
    outer loop
      vertex 14.2651 17.6006 2.3
      vertex 14.2216 17.4047 0
      vertex 14.2216 17.4047 2.3
    endloop
  endfacet
  facet normal 0.675792 -0.737092 0
    outer loop
      vertex 10.3737 19.6263 0
      vertex 10.5216 19.7619 2.3
      vertex 10.3737 19.6263 2.3
    endloop
  endfacet
  facet normal 0.675792 -0.737092 0
    outer loop
      vertex 10.5216 19.7619 2.3
      vertex 10.3737 19.6263 0
      vertex 10.5216 19.7619 0
    endloop
  endfacet
  facet normal 0.608578 -0.793494 0
    outer loop
      vertex 10.5216 19.7619 0
      vertex 10.6808 19.884 2.3
      vertex 10.5216 19.7619 2.3
    endloop
  endfacet
  facet normal 0.608578 -0.793494 0
    outer loop
      vertex 10.6808 19.884 2.3
      vertex 10.5216 19.7619 0
      vertex 10.6808 19.884 0
    endloop
  endfacet
  facet normal -0.887135 -0.46151 0
    outer loop
      vertex 14.0845 18.972 0
      vertex 13.9919 19.15 2.3
      vertex 13.9919 19.15 0
    endloop
  endfacet
  facet normal -0.887135 -0.46151 0
    outer loop
      vertex 13.9919 19.15 2.3
      vertex 14.0845 18.972 0
      vertex 14.0845 18.972 2.3
    endloop
  endfacet
  facet normal -0.843148 -0.537681 0
    outer loop
      vertex 13.9919 19.15 0
      vertex 13.884 19.3192 2.3
      vertex 13.884 19.3192 0
    endloop
  endfacet
  facet normal -0.843148 -0.537681 0
    outer loop
      vertex 13.884 19.3192 2.3
      vertex 13.9919 19.15 0
      vertex 13.9919 19.15 2.3
    endloop
  endfacet
  facet normal -0.953741 0.30063 0
    outer loop
      vertex 14.1613 17.2134 0
      vertex 14.2216 17.4047 2.3
      vertex 14.2216 17.4047 0
    endloop
  endfacet
  facet normal -0.953741 0.30063 0
    outer loop
      vertex 14.2216 17.4047 2.3
      vertex 14.1613 17.2134 0
      vertex 14.1613 17.2134 2.3
    endloop
  endfacet
  facet normal 0.537681 -0.843148 0
    outer loop
      vertex 10.6808 19.884 0
      vertex 10.85 19.9919 2.3
      vertex 10.6808 19.884 2.3
    endloop
  endfacet
  facet normal 0.537681 -0.843148 0
    outer loop
      vertex 10.85 19.9919 2.3
      vertex 10.6808 19.884 0
      vertex 10.85 19.9919 0
    endloop
  endfacet
  facet normal 0.130106 0.9915 -0
    outer loop
      vertex 11.7995 15.7088 0
      vertex 11.6006 15.7349 2.3
      vertex 11.7995 15.7088 2.3
    endloop
  endfacet
  facet normal 0.130106 0.9915 0
    outer loop
      vertex 11.6006 15.7349 2.3
      vertex 11.7995 15.7088 0
      vertex 11.6006 15.7349 0
    endloop
  endfacet
  facet normal 0.30063 -0.953741 0
    outer loop
      vertex 11.2134 20.1613 0
      vertex 11.4047 20.2216 2.3
      vertex 11.2134 20.1613 2.3
    endloop
  endfacet
  facet normal 0.30063 -0.953741 0
    outer loop
      vertex 11.4047 20.2216 2.3
      vertex 11.2134 20.1613 0
      vertex 11.4047 20.2216 0
    endloop
  endfacet
  facet normal -0.382704 0.923871 0
    outer loop
      vertex 12.972 15.9155 0
      vertex 12.7866 15.8387 2.3
      vertex 12.972 15.9155 2.3
    endloop
  endfacet
  facet normal -0.382704 0.923871 0
    outer loop
      vertex 12.7866 15.8387 2.3
      vertex 12.972 15.9155 0
      vertex 12.7866 15.8387 0
    endloop
  endfacet
  facet normal -0.923871 -0.382704 0
    outer loop
      vertex 14.1613 18.7866 0
      vertex 14.0845 18.972 2.3
      vertex 14.0845 18.972 0
    endloop
  endfacet
  facet normal -0.923871 -0.382704 0
    outer loop
      vertex 14.0845 18.972 2.3
      vertex 14.1613 18.7866 0
      vertex 14.1613 18.7866 2.3
    endloop
  endfacet
  facet normal -0.0438481 0.999038 0
    outer loop
      vertex 12.2005 15.7088 0
      vertex 12 15.7 2.3
      vertex 12.2005 15.7088 2.3
    endloop
  endfacet
  facet normal -0.0438481 0.999038 0
    outer loop
      vertex 12 15.7 2.3
      vertex 12.2005 15.7088 0
      vertex 12 15.7 0
    endloop
  endfacet
  facet normal 0.999049 0.0435994 0
    outer loop
      vertex 9.70875 17.7995 2.3
      vertex 9.7 18 0
      vertex 9.7 18 2.3
    endloop
  endfacet
  facet normal 0.999049 0.0435994 0
    outer loop
      vertex 9.7 18 0
      vertex 9.70875 17.7995 2.3
      vertex 9.70875 17.7995 0
    endloop
  endfacet
  facet normal 0.999049 -0.0435994 0
    outer loop
      vertex 9.7 18 2.3
      vertex 9.70875 18.2005 0
      vertex 9.70875 18.2005 2.3
    endloop
  endfacet
  facet normal 0.999049 -0.0435994 0
    outer loop
      vertex 9.70875 18.2005 0
      vertex 9.7 18 2.3
      vertex 9.7 18 0
    endloop
  endfacet
  facet normal -0.887135 0.46151 0
    outer loop
      vertex 13.9919 16.85 0
      vertex 14.0845 17.028 2.3
      vertex 14.0845 17.028 0
    endloop
  endfacet
  facet normal -0.887135 0.46151 0
    outer loop
      vertex 14.0845 17.028 2.3
      vertex 13.9919 16.85 0
      vertex 13.9919 16.85 2.3
    endloop
  endfacet
  facet normal 0.737092 -0.675792 0
    outer loop
      vertex 10.2381 19.4784 2.3
      vertex 10.3737 19.6263 0
      vertex 10.3737 19.6263 2.3
    endloop
  endfacet
  facet normal 0.737092 -0.675792 0
    outer loop
      vertex 10.3737 19.6263 0
      vertex 10.2381 19.4784 2.3
      vertex 10.2381 19.4784 0
    endloop
  endfacet
  facet normal 0.382704 -0.923871 0
    outer loop
      vertex 11.028 20.0845 0
      vertex 11.2134 20.1613 2.3
      vertex 11.028 20.0845 2.3
    endloop
  endfacet
  facet normal 0.382704 -0.923871 0
    outer loop
      vertex 11.2134 20.1613 2.3
      vertex 11.028 20.0845 0
      vertex 11.2134 20.1613 0
    endloop
  endfacet
  facet normal -0.537681 0.843148 0
    outer loop
      vertex 13.3192 16.116 0
      vertex 13.15 16.0081 2.3
      vertex 13.3192 16.116 2.3
    endloop
  endfacet
  facet normal -0.537681 0.843148 0
    outer loop
      vertex 13.15 16.0081 2.3
      vertex 13.3192 16.116 0
      vertex 13.15 16.0081 0
    endloop
  endfacet
  facet normal 0.976296 -0.21644 0
    outer loop
      vertex 9.73494 18.3994 2.3
      vertex 9.77837 18.5953 0
      vertex 9.77837 18.5953 2.3
    endloop
  endfacet
  facet normal 0.976296 -0.21644 0
    outer loop
      vertex 9.77837 18.5953 0
      vertex 9.73494 18.3994 2.3
      vertex 9.73494 18.3994 0
    endloop
  endfacet
  facet normal 0.976296 0.21644 0
    outer loop
      vertex 9.77837 17.4047 2.3
      vertex 9.73494 17.6006 0
      vertex 9.73494 17.6006 2.3
    endloop
  endfacet
  facet normal 0.976296 0.21644 0
    outer loop
      vertex 9.73494 17.6006 0
      vertex 9.77837 17.4047 2.3
      vertex 9.77837 17.4047 0
    endloop
  endfacet
  facet normal 0 0 -1
    outer loop
      vertex 13.2 18 2.3
      vertex 14.3 18 2.3
      vertex 14.2912 17.7995 2.3
    endloop
  endfacet
  facet normal 0 0 -1
    outer loop
      vertex 13.1954 17.8954 2.3
      vertex 14.2912 17.7995 2.3
      vertex 14.2651 17.6006 2.3
    endloop
  endfacet
  facet normal 0 0 -1
    outer loop
      vertex 14.3 18 2.3
      vertex 13.2 18 2.3
      vertex 14.2912 18.2005 2.3
    endloop
  endfacet
  facet normal 0 0 -1
    outer loop
      vertex 13.1818 17.7916 2.3
      vertex 14.2651 17.6006 2.3
      vertex 14.2216 17.4047 2.3
    endloop
  endfacet
  facet normal 0 0 -1
    outer loop
      vertex 13.1954 18.1046 2.3
      vertex 14.2912 18.2005 2.3
      vertex 13.2 18 2.3
    endloop
  endfacet
  facet normal 0 0 -1
    outer loop
      vertex 13.1591 17.6894 2.3
      vertex 14.2216 17.4047 2.3
      vertex 14.1613 17.2134 2.3
    endloop
  endfacet
  facet normal -0 0 -1
    outer loop
      vertex 14.2912 18.2005 2.3
      vertex 13.1954 18.1046 2.3
      vertex 14.2651 18.3994 2.3
    endloop
  endfacet
  facet normal 0 0 -1
    outer loop
      vertex 13.1276 17.5896 2.3
      vertex 14.1613 17.2134 2.3
      vertex 14.0845 17.028 2.3
    endloop
  endfacet
  facet normal 0 0 -1
    outer loop
      vertex 13.1818 18.2084 2.3
      vertex 14.2651 18.3994 2.3
      vertex 13.1954 18.1046 2.3
    endloop
  endfacet
  facet normal 0 0 -1
    outer loop
      vertex 13.0876 17.4929 2.3
      vertex 14.0845 17.028 2.3
      vertex 13.9919 16.85 2.3
    endloop
  endfacet
  facet normal -0 0 -1
    outer loop
      vertex 14.2651 18.3994 2.3
      vertex 13.1818 18.2084 2.3
      vertex 14.2216 18.5953 2.3
    endloop
  endfacet
  facet normal 0 0 -1
    outer loop
      vertex 13.0392 17.4 2.3
      vertex 13.9919 16.85 2.3
      vertex 13.884 16.6808 2.3
    endloop
  endfacet
  facet normal 0 0 -1
    outer loop
      vertex 13.1591 18.3106 2.3
      vertex 14.2216 18.5953 2.3
      vertex 13.1818 18.2084 2.3
    endloop
  endfacet
  facet normal 0 0 -1
    outer loop
      vertex 12.983 17.3117 2.3
      vertex 13.884 16.6808 2.3
      vertex 13.7619 16.5216 2.3
    endloop
  endfacet
  facet normal -0 0 -1
    outer loop
      vertex 14.2216 18.5953 2.3
      vertex 13.1591 18.3106 2.3
      vertex 14.1613 18.7866 2.3
    endloop
  endfacet
  facet normal 0 0 -1
    outer loop
      vertex 12.9193 17.2287 2.3
      vertex 13.7619 16.5216 2.3
      vertex 13.6263 16.3737 2.3
    endloop
  endfacet
  facet normal 0 0 -1
    outer loop
      vertex 13.1276 18.4104 2.3
      vertex 14.1613 18.7866 2.3
      vertex 13.1591 18.3106 2.3
    endloop
  endfacet
  facet normal 0 0 -1
    outer loop
      vertex 12.8485 17.1515 2.3
      vertex 13.6263 16.3737 2.3
      vertex 13.4784 16.2381 2.3
    endloop
  endfacet
  facet normal -0 0 -1
    outer loop
      vertex 14.1613 18.7866 2.3
      vertex 13.1276 18.4104 2.3
      vertex 14.0845 18.972 2.3
    endloop
  endfacet
  facet normal 0 0 -1
    outer loop
      vertex 12.7713 17.0807 2.3
      vertex 13.4784 16.2381 2.3
      vertex 13.3192 16.116 2.3
    endloop
  endfacet
  facet normal 0 0 -1
    outer loop
      vertex 13.0876 18.5071 2.3
      vertex 14.0845 18.972 2.3
      vertex 13.1276 18.4104 2.3
    endloop
  endfacet
  facet normal -0 0 -1
    outer loop
      vertex 14.0845 18.972 2.3
      vertex 13.0876 18.5071 2.3
      vertex 13.9919 19.15 2.3
    endloop
  endfacet
  facet normal 0 0 -1
    outer loop
      vertex 14.2912 17.7995 2.3
      vertex 13.1954 17.8954 2.3
      vertex 13.2 18 2.3
    endloop
  endfacet
  facet normal 0 0 -1
    outer loop
      vertex 14.2651 17.6006 2.3
      vertex 13.1818 17.7916 2.3
      vertex 13.1954 17.8954 2.3
    endloop
  endfacet
  facet normal 0 0 -1
    outer loop
      vertex 14.2216 17.4047 2.3
      vertex 13.1591 17.6894 2.3
      vertex 13.1818 17.7916 2.3
    endloop
  endfacet
  facet normal 0 0 -1
    outer loop
      vertex 12.6883 17.017 2.3
      vertex 13.3192 16.116 2.3
      vertex 13.15 16.0081 2.3
    endloop
  endfacet
  facet normal 0 0 -1
    outer loop
      vertex 14.1613 17.2134 2.3
      vertex 13.1276 17.5896 2.3
      vertex 13.1591 17.6894 2.3
    endloop
  endfacet
  facet normal 0 0 -1
    outer loop
      vertex 14.0845 17.028 2.3
      vertex 13.0876 17.4929 2.3
      vertex 13.1276 17.5896 2.3
    endloop
  endfacet
  facet normal 0 0 -1
    outer loop
      vertex 13.9919 16.85 2.3
      vertex 13.0392 17.4 2.3
      vertex 13.0876 17.4929 2.3
    endloop
  endfacet
  facet normal 0 0 -1
    outer loop
      vertex 13.884 16.6808 2.3
      vertex 12.983 17.3117 2.3
      vertex 13.0392 17.4 2.3
    endloop
  endfacet
  facet normal 0 0 -1
    outer loop
      vertex 12.6 16.9608 2.3
      vertex 13.15 16.0081 2.3
      vertex 12.972 15.9155 2.3
    endloop
  endfacet
  facet normal 0 0 -1
    outer loop
      vertex 13.7619 16.5216 2.3
      vertex 12.9193 17.2287 2.3
      vertex 12.983 17.3117 2.3
    endloop
  endfacet
  facet normal 0 0 -1
    outer loop
      vertex 13.6263 16.3737 2.3
      vertex 12.8485 17.1515 2.3
      vertex 12.9193 17.2287 2.3
    endloop
  endfacet
  facet normal 0 0 -1
    outer loop
      vertex 12.5071 16.9124 2.3
      vertex 12.972 15.9155 2.3
      vertex 12.7866 15.8387 2.3
    endloop
  endfacet
  facet normal 0 0 -1
    outer loop
      vertex 13.4784 16.2381 2.3
      vertex 12.7713 17.0807 2.3
      vertex 12.8485 17.1515 2.3
    endloop
  endfacet
  facet normal 0 0 -1
    outer loop
      vertex 13.3192 16.116 2.3
      vertex 12.6883 17.017 2.3
      vertex 12.7713 17.0807 2.3
    endloop
  endfacet
  facet normal 0 0 -1
    outer loop
      vertex 13.15 16.0081 2.3
      vertex 12.6 16.9608 2.3
      vertex 12.6883 17.017 2.3
    endloop
  endfacet
  facet normal 0 0 -1
    outer loop
      vertex 12.4104 16.8724 2.3
      vertex 12.7866 15.8387 2.3
      vertex 12.5953 15.7784 2.3
    endloop
  endfacet
  facet normal 0 0 -1
    outer loop
      vertex 12.972 15.9155 2.3
      vertex 12.5071 16.9124 2.3
      vertex 12.6 16.9608 2.3
    endloop
  endfacet
  facet normal 0 0 -1
    outer loop
      vertex 12.7866 15.8387 2.3
      vertex 12.4104 16.8724 2.3
      vertex 12.5071 16.9124 2.3
    endloop
  endfacet
  facet normal 0 0 -1
    outer loop
      vertex 12.3106 16.8409 2.3
      vertex 12.5953 15.7784 2.3
      vertex 12.3994 15.7349 2.3
    endloop
  endfacet
  facet normal 0 0 -1
    outer loop
      vertex 12.5953 15.7784 2.3
      vertex 12.3106 16.8409 2.3
      vertex 12.4104 16.8724 2.3
    endloop
  endfacet
  facet normal 0 0 -1
    outer loop
      vertex 12.3994 15.7349 2.3
      vertex 12.2084 16.8182 2.3
      vertex 12.3106 16.8409 2.3
    endloop
  endfacet
  facet normal 0 0 -1
    outer loop
      vertex 12.2005 15.7088 2.3
      vertex 12.2084 16.8182 2.3
      vertex 12.3994 15.7349 2.3
    endloop
  endfacet
  facet normal 0 0 -1
    outer loop
      vertex 12.2005 15.7088 2.3
      vertex 12.1046 16.8046 2.3
      vertex 12.2084 16.8182 2.3
    endloop
  endfacet
  facet normal 0 0 -1
    outer loop
      vertex 12 15.7 2.3
      vertex 12.1046 16.8046 2.3
      vertex 12.2005 15.7088 2.3
    endloop
  endfacet
  facet normal 0 0 -1
    outer loop
      vertex 12 15.7 2.3
      vertex 12 16.8 2.3
      vertex 12.1046 16.8046 2.3
    endloop
  endfacet
  facet normal 0 0 -1
    outer loop
      vertex 12 15.7 2.3
      vertex 11.8954 16.8046 2.3
      vertex 12 16.8 2.3
    endloop
  endfacet
  facet normal 0 0 -1
    outer loop
      vertex 11.7995 15.7088 2.3
      vertex 11.8954 16.8046 2.3
      vertex 12 15.7 2.3
    endloop
  endfacet
  facet normal 0 0 -1
    outer loop
      vertex 11.7995 15.7088 2.3
      vertex 11.7916 16.8182 2.3
      vertex 11.8954 16.8046 2.3
    endloop
  endfacet
  facet normal 0 0 -1
    outer loop
      vertex 11.6006 15.7349 2.3
      vertex 11.7916 16.8182 2.3
      vertex 11.7995 15.7088 2.3
    endloop
  endfacet
  facet normal -0 0 -1
    outer loop
      vertex 11.7916 16.8182 2.3
      vertex 11.6006 15.7349 2.3
      vertex 11.6894 16.8409 2.3
    endloop
  endfacet
  facet normal 0 0 -1
    outer loop
      vertex 11.4047 15.7784 2.3
      vertex 11.6894 16.8409 2.3
      vertex 11.6006 15.7349 2.3
    endloop
  endfacet
  facet normal -0 0 -1
    outer loop
      vertex 11.6894 16.8409 2.3
      vertex 11.4047 15.7784 2.3
      vertex 11.5896 16.8724 2.3
    endloop
  endfacet
  facet normal 0 0 -1
    outer loop
      vertex 11.2134 15.8387 2.3
      vertex 11.5896 16.8724 2.3
      vertex 11.4047 15.7784 2.3
    endloop
  endfacet
  facet normal -0 0 -1
    outer loop
      vertex 11.5896 16.8724 2.3
      vertex 11.2134 15.8387 2.3
      vertex 11.4929 16.9124 2.3
    endloop
  endfacet
  facet normal 0 0 -1
    outer loop
      vertex 11.028 15.9155 2.3
      vertex 11.4929 16.9124 2.3
      vertex 11.2134 15.8387 2.3
    endloop
  endfacet
  facet normal -0 0 -1
    outer loop
      vertex 11.4929 16.9124 2.3
      vertex 11.028 15.9155 2.3
      vertex 11.4 16.9608 2.3
    endloop
  endfacet
  facet normal 0 0 -1
    outer loop
      vertex 10.85 16.0081 2.3
      vertex 11.4 16.9608 2.3
      vertex 11.028 15.9155 2.3
    endloop
  endfacet
  facet normal -0 0 -1
    outer loop
      vertex 11.4 16.9608 2.3
      vertex 10.85 16.0081 2.3
      vertex 11.3117 17.017 2.3
    endloop
  endfacet
  facet normal 0 0 -1
    outer loop
      vertex 10.6808 16.116 2.3
      vertex 11.3117 17.017 2.3
      vertex 10.85 16.0081 2.3
    endloop
  endfacet
  facet normal -0 0 -1
    outer loop
      vertex 11.3117 17.017 2.3
      vertex 10.6808 16.116 2.3
      vertex 11.2287 17.0807 2.3
    endloop
  endfacet
  facet normal 0 0 -1
    outer loop
      vertex 10.5216 16.2381 2.3
      vertex 11.2287 17.0807 2.3
      vertex 10.6808 16.116 2.3
    endloop
  endfacet
  facet normal -0 0 -1
    outer loop
      vertex 11.2287 17.0807 2.3
      vertex 10.5216 16.2381 2.3
      vertex 11.1515 17.1515 2.3
    endloop
  endfacet
  facet normal 0 0 -1
    outer loop
      vertex 10.3737 16.3737 2.3
      vertex 11.1515 17.1515 2.3
      vertex 10.5216 16.2381 2.3
    endloop
  endfacet
  facet normal -0 0 -1
    outer loop
      vertex 11.1515 17.1515 2.3
      vertex 10.3737 16.3737 2.3
      vertex 11.0807 17.2287 2.3
    endloop
  endfacet
  facet normal 0 0 -1
    outer loop
      vertex 10.2381 16.5216 2.3
      vertex 11.0807 17.2287 2.3
      vertex 10.3737 16.3737 2.3
    endloop
  endfacet
  facet normal -0 0 -1
    outer loop
      vertex 11.0807 17.2287 2.3
      vertex 10.2381 16.5216 2.3
      vertex 11.017 17.3117 2.3
    endloop
  endfacet
  facet normal 0 0 -1
    outer loop
      vertex 10.116 16.6808 2.3
      vertex 11.017 17.3117 2.3
      vertex 10.2381 16.5216 2.3
    endloop
  endfacet
  facet normal -0 0 -1
    outer loop
      vertex 11.017 17.3117 2.3
      vertex 10.116 16.6808 2.3
      vertex 10.9608 17.4 2.3
    endloop
  endfacet
  facet normal 0 0 -1
    outer loop
      vertex 10.0081 16.85 2.3
      vertex 10.9608 17.4 2.3
      vertex 10.116 16.6808 2.3
    endloop
  endfacet
  facet normal -0 0 -1
    outer loop
      vertex 10.9608 17.4 2.3
      vertex 10.0081 16.85 2.3
      vertex 10.9124 17.4929 2.3
    endloop
  endfacet
  facet normal 0 0 -1
    outer loop
      vertex 13.0392 18.6 2.3
      vertex 13.9919 19.15 2.3
      vertex 13.0876 18.5071 2.3
    endloop
  endfacet
  facet normal -0 0 -1
    outer loop
      vertex 13.9919 19.15 2.3
      vertex 13.0392 18.6 2.3
      vertex 13.884 19.3192 2.3
    endloop
  endfacet
  facet normal 0 0 -1
    outer loop
      vertex 12.983 18.6883 2.3
      vertex 13.884 19.3192 2.3
      vertex 13.0392 18.6 2.3
    endloop
  endfacet
  facet normal -0 0 -1
    outer loop
      vertex 13.884 19.3192 2.3
      vertex 12.983 18.6883 2.3
      vertex 13.7619 19.4784 2.3
    endloop
  endfacet
  facet normal 0 0 -1
    outer loop
      vertex 12.9193 18.7713 2.3
      vertex 13.7619 19.4784 2.3
      vertex 12.983 18.6883 2.3
    endloop
  endfacet
  facet normal -0 0 -1
    outer loop
      vertex 13.7619 19.4784 2.3
      vertex 12.9193 18.7713 2.3
      vertex 13.6263 19.6263 2.3
    endloop
  endfacet
  facet normal 0 0 -1
    outer loop
      vertex 12.8485 18.8485 2.3
      vertex 13.6263 19.6263 2.3
      vertex 12.9193 18.7713 2.3
    endloop
  endfacet
  facet normal -0 0 -1
    outer loop
      vertex 13.6263 19.6263 2.3
      vertex 12.8485 18.8485 2.3
      vertex 13.4784 19.7619 2.3
    endloop
  endfacet
  facet normal 0 0 -1
    outer loop
      vertex 12.7713 18.9193 2.3
      vertex 13.4784 19.7619 2.3
      vertex 12.8485 18.8485 2.3
    endloop
  endfacet
  facet normal -0 0 -1
    outer loop
      vertex 13.4784 19.7619 2.3
      vertex 12.7713 18.9193 2.3
      vertex 13.3192 19.884 2.3
    endloop
  endfacet
  facet normal 0 0 -1
    outer loop
      vertex 12.6883 18.983 2.3
      vertex 13.3192 19.884 2.3
      vertex 12.7713 18.9193 2.3
    endloop
  endfacet
  facet normal -0 0 -1
    outer loop
      vertex 13.3192 19.884 2.3
      vertex 12.6883 18.983 2.3
      vertex 13.15 19.9919 2.3
    endloop
  endfacet
  facet normal 0 0 -1
    outer loop
      vertex 12.6 19.0392 2.3
      vertex 13.15 19.9919 2.3
      vertex 12.6883 18.983 2.3
    endloop
  endfacet
  facet normal -0 0 -1
    outer loop
      vertex 13.15 19.9919 2.3
      vertex 12.6 19.0392 2.3
      vertex 12.972 20.0845 2.3
    endloop
  endfacet
  facet normal 0 0 -1
    outer loop
      vertex 12.5071 19.0876 2.3
      vertex 12.972 20.0845 2.3
      vertex 12.6 19.0392 2.3
    endloop
  endfacet
  facet normal -0 0 -1
    outer loop
      vertex 12.972 20.0845 2.3
      vertex 12.5071 19.0876 2.3
      vertex 12.7866 20.1613 2.3
    endloop
  endfacet
  facet normal 0 0 -1
    outer loop
      vertex 12.4104 19.1276 2.3
      vertex 12.7866 20.1613 2.3
      vertex 12.5071 19.0876 2.3
    endloop
  endfacet
  facet normal -0 0 -1
    outer loop
      vertex 12.7866 20.1613 2.3
      vertex 12.4104 19.1276 2.3
      vertex 12.5953 20.2216 2.3
    endloop
  endfacet
  facet normal 0 0 -1
    outer loop
      vertex 12.3106 19.1591 2.3
      vertex 12.5953 20.2216 2.3
      vertex 12.4104 19.1276 2.3
    endloop
  endfacet
  facet normal -0 0 -1
    outer loop
      vertex 12.5953 20.2216 2.3
      vertex 12.3106 19.1591 2.3
      vertex 12.3994 20.2651 2.3
    endloop
  endfacet
  facet normal 0 0 -1
    outer loop
      vertex 12.2084 19.1818 2.3
      vertex 12.3994 20.2651 2.3
      vertex 12.3106 19.1591 2.3
    endloop
  endfacet
  facet normal 0 0 -1
    outer loop
      vertex 12.2084 19.1818 2.3
      vertex 12.2005 20.2912 2.3
      vertex 12.3994 20.2651 2.3
    endloop
  endfacet
  facet normal 0 0 -1
    outer loop
      vertex 12.1046 19.1954 2.3
      vertex 12.2005 20.2912 2.3
      vertex 12.2084 19.1818 2.3
    endloop
  endfacet
  facet normal 0 0 -1
    outer loop
      vertex 12 19.2 2.3
      vertex 12.2005 20.2912 2.3
      vertex 12.1046 19.1954 2.3
    endloop
  endfacet
  facet normal 0 0 -1
    outer loop
      vertex 12 19.2 2.3
      vertex 12 20.3 2.3
      vertex 12.2005 20.2912 2.3
    endloop
  endfacet
  facet normal 0 0 -1
    outer loop
      vertex 11.8954 19.1954 2.3
      vertex 12 20.3 2.3
      vertex 12 19.2 2.3
    endloop
  endfacet
  facet normal 0 0 -1
    outer loop
      vertex 11.8954 19.1954 2.3
      vertex 11.7995 20.2912 2.3
      vertex 12 20.3 2.3
    endloop
  endfacet
  facet normal 0 0 -1
    outer loop
      vertex 11.7916 19.1818 2.3
      vertex 11.7995 20.2912 2.3
      vertex 11.8954 19.1954 2.3
    endloop
  endfacet
  facet normal 0 0 -1
    outer loop
      vertex 11.6006 20.2651 2.3
      vertex 11.7916 19.1818 2.3
      vertex 11.6894 19.1591 2.3
    endloop
  endfacet
  facet normal 0 0 -1
    outer loop
      vertex 11.7916 19.1818 2.3
      vertex 11.6006 20.2651 2.3
      vertex 11.7995 20.2912 2.3
    endloop
  endfacet
  facet normal 0 0 -1
    outer loop
      vertex 11.4047 20.2216 2.3
      vertex 11.6894 19.1591 2.3
      vertex 11.5896 19.1276 2.3
    endloop
  endfacet
  facet normal 0 0 -1
    outer loop
      vertex 11.2134 20.1613 2.3
      vertex 11.5896 19.1276 2.3
      vertex 11.4929 19.0876 2.3
    endloop
  endfacet
  facet normal 0 0 -1
    outer loop
      vertex 11.6894 19.1591 2.3
      vertex 11.4047 20.2216 2.3
      vertex 11.6006 20.2651 2.3
    endloop
  endfacet
  facet normal 0 0 -1
    outer loop
      vertex 11.028 20.0845 2.3
      vertex 11.4929 19.0876 2.3
      vertex 11.4 19.0392 2.3
    endloop
  endfacet
  facet normal 0 0 -1
    outer loop
      vertex 10.85 19.9919 2.3
      vertex 11.4 19.0392 2.3
      vertex 11.3117 18.983 2.3
    endloop
  endfacet
  facet normal 0 0 -1
    outer loop
      vertex 10.6808 19.884 2.3
      vertex 11.3117 18.983 2.3
      vertex 11.2287 18.9193 2.3
    endloop
  endfacet
  facet normal 0 0 -1
    outer loop
      vertex 11.5896 19.1276 2.3
      vertex 11.2134 20.1613 2.3
      vertex 11.4047 20.2216 2.3
    endloop
  endfacet
  facet normal 0 0 -1
    outer loop
      vertex 10.5216 19.7619 2.3
      vertex 11.2287 18.9193 2.3
      vertex 11.1515 18.8485 2.3
    endloop
  endfacet
  facet normal 0 0 -1
    outer loop
      vertex 10.3737 19.6263 2.3
      vertex 11.1515 18.8485 2.3
      vertex 11.0807 18.7713 2.3
    endloop
  endfacet
  facet normal 0 0 -1
    outer loop
      vertex 11.4929 19.0876 2.3
      vertex 11.028 20.0845 2.3
      vertex 11.2134 20.1613 2.3
    endloop
  endfacet
  facet normal 0 0 -1
    outer loop
      vertex 10.2381 19.4784 2.3
      vertex 11.0807 18.7713 2.3
      vertex 11.017 18.6883 2.3
    endloop
  endfacet
  facet normal 0 0 -1
    outer loop
      vertex 10.116 19.3192 2.3
      vertex 11.017 18.6883 2.3
      vertex 10.9608 18.6 2.3
    endloop
  endfacet
  facet normal 0 0 -1
    outer loop
      vertex 10.0081 19.15 2.3
      vertex 10.9608 18.6 2.3
      vertex 10.9124 18.5071 2.3
    endloop
  endfacet
  facet normal 0 0 -1
    outer loop
      vertex 9.91549 18.972 2.3
      vertex 10.9124 18.5071 2.3
      vertex 10.8724 18.4104 2.3
    endloop
  endfacet
  facet normal 0 0 -1
    outer loop
      vertex 11.4 19.0392 2.3
      vertex 10.85 19.9919 2.3
      vertex 11.028 20.0845 2.3
    endloop
  endfacet
  facet normal 0 0 -1
    outer loop
      vertex 9.83871 18.7866 2.3
      vertex 10.8724 18.4104 2.3
      vertex 10.8409 18.3106 2.3
    endloop
  endfacet
  facet normal 0 0 -1
    outer loop
      vertex 9.77837 18.5953 2.3
      vertex 10.8409 18.3106 2.3
      vertex 10.8182 18.2084 2.3
    endloop
  endfacet
  facet normal 0 0 -1
    outer loop
      vertex 9.73494 18.3994 2.3
      vertex 10.8182 18.2084 2.3
      vertex 10.8046 18.1046 2.3
    endloop
  endfacet
  facet normal 0 0 -1
    outer loop
      vertex 9.70875 18.2005 2.3
      vertex 10.8046 18.1046 2.3
      vertex 10.8 18 2.3
    endloop
  endfacet
  facet normal 0 0 -1
    outer loop
      vertex 9.91549 17.028 2.3
      vertex 10.9124 17.4929 2.3
      vertex 10.0081 16.85 2.3
    endloop
  endfacet
  facet normal 0 0 -1
    outer loop
      vertex 11.3117 18.983 2.3
      vertex 10.6808 19.884 2.3
      vertex 10.85 19.9919 2.3
    endloop
  endfacet
  facet normal -0 0 -1
    outer loop
      vertex 10.9124 17.4929 2.3
      vertex 9.91549 17.028 2.3
      vertex 10.8724 17.5896 2.3
    endloop
  endfacet
  facet normal 0 0 -1
    outer loop
      vertex 11.2287 18.9193 2.3
      vertex 10.5216 19.7619 2.3
      vertex 10.6808 19.884 2.3
    endloop
  endfacet
  facet normal 0 0 -1
    outer loop
      vertex 9.83871 17.2134 2.3
      vertex 10.8724 17.5896 2.3
      vertex 9.91549 17.028 2.3
    endloop
  endfacet
  facet normal 0 0 -1
    outer loop
      vertex 11.1515 18.8485 2.3
      vertex 10.3737 19.6263 2.3
      vertex 10.5216 19.7619 2.3
    endloop
  endfacet
  facet normal -0 0 -1
    outer loop
      vertex 10.8724 17.5896 2.3
      vertex 9.83871 17.2134 2.3
      vertex 10.8409 17.6894 2.3
    endloop
  endfacet
  facet normal 0 0 -1
    outer loop
      vertex 11.0807 18.7713 2.3
      vertex 10.2381 19.4784 2.3
      vertex 10.3737 19.6263 2.3
    endloop
  endfacet
  facet normal 0 0 -1
    outer loop
      vertex 9.77837 17.4047 2.3
      vertex 10.8409 17.6894 2.3
      vertex 9.83871 17.2134 2.3
    endloop
  endfacet
  facet normal 0 0 -1
    outer loop
      vertex 11.017 18.6883 2.3
      vertex 10.116 19.3192 2.3
      vertex 10.2381 19.4784 2.3
    endloop
  endfacet
  facet normal -0 0 -1
    outer loop
      vertex 10.8409 17.6894 2.3
      vertex 9.77837 17.4047 2.3
      vertex 10.8182 17.7916 2.3
    endloop
  endfacet
  facet normal 0 0 -1
    outer loop
      vertex 10.9608 18.6 2.3
      vertex 10.0081 19.15 2.3
      vertex 10.116 19.3192 2.3
    endloop
  endfacet
  facet normal 0 0 -1
    outer loop
      vertex 9.73494 17.6006 2.3
      vertex 10.8182 17.7916 2.3
      vertex 9.77837 17.4047 2.3
    endloop
  endfacet
  facet normal 0 0 -1
    outer loop
      vertex 10.9124 18.5071 2.3
      vertex 9.91549 18.972 2.3
      vertex 10.0081 19.15 2.3
    endloop
  endfacet
  facet normal -0 0 -1
    outer loop
      vertex 10.8182 17.7916 2.3
      vertex 9.73494 17.6006 2.3
      vertex 10.8046 17.8954 2.3
    endloop
  endfacet
  facet normal 0 0 -1
    outer loop
      vertex 10.8724 18.4104 2.3
      vertex 9.83871 18.7866 2.3
      vertex 9.91549 18.972 2.3
    endloop
  endfacet
  facet normal 0 0 -1
    outer loop
      vertex 9.70875 17.7995 2.3
      vertex 10.8046 17.8954 2.3
      vertex 9.73494 17.6006 2.3
    endloop
  endfacet
  facet normal 0 0 -1
    outer loop
      vertex 10.8409 18.3106 2.3
      vertex 9.77837 18.5953 2.3
      vertex 9.83871 18.7866 2.3
    endloop
  endfacet
  facet normal -0 0 -1
    outer loop
      vertex 10.8046 17.8954 2.3
      vertex 9.70875 17.7995 2.3
      vertex 10.8 18 2.3
    endloop
  endfacet
  facet normal 0 0 -1
    outer loop
      vertex 10.8182 18.2084 2.3
      vertex 9.73494 18.3994 2.3
      vertex 9.77837 18.5953 2.3
    endloop
  endfacet
  facet normal 0 0 -1
    outer loop
      vertex 9.7 18 2.3
      vertex 10.8 18 2.3
      vertex 9.70875 17.7995 2.3
    endloop
  endfacet
  facet normal 0 0 -1
    outer loop
      vertex 10.8046 18.1046 2.3
      vertex 9.70875 18.2005 2.3
      vertex 9.73494 18.3994 2.3
    endloop
  endfacet
  facet normal 0 0 -1
    outer loop
      vertex 10.8 18 2.3
      vertex 9.7 18 2.3
      vertex 9.70875 18.2005 2.3
    endloop
  endfacet
  facet normal -0.130106 -0.9915 0
    outer loop
      vertex 12.2005 20.2912 0
      vertex 12.3994 20.2651 2.3
      vertex 12.2005 20.2912 2.3
    endloop
  endfacet
  facet normal -0.130106 -0.9915 -0
    outer loop
      vertex 12.3994 20.2651 2.3
      vertex 12.2005 20.2912 0
      vertex 12.3994 20.2651 0
    endloop
  endfacet
  facet normal 0.843148 -0.537681 0
    outer loop
      vertex 10.0081 19.15 2.3
      vertex 10.116 19.3192 0
      vertex 10.116 19.3192 2.3
    endloop
  endfacet
  facet normal 0.843148 -0.537681 0
    outer loop
      vertex 10.116 19.3192 0
      vertex 10.0081 19.15 2.3
      vertex 10.0081 19.15 0
    endloop
  endfacet
  facet normal -0.953741 -0.30063 0
    outer loop
      vertex 14.2216 18.5953 0
      vertex 14.1613 18.7866 2.3
      vertex 14.1613 18.7866 0
    endloop
  endfacet
  facet normal -0.953741 -0.30063 0
    outer loop
      vertex 14.1613 18.7866 2.3
      vertex 14.2216 18.5953 0
      vertex 14.2216 18.5953 2.3
    endloop
  endfacet
  facet normal 0.675792 0.737092 -0
    outer loop
      vertex 10.5216 16.2381 0
      vertex 10.3737 16.3737 2.3
      vertex 10.5216 16.2381 2.3
    endloop
  endfacet
  facet normal 0.675792 0.737092 0
    outer loop
      vertex 10.3737 16.3737 2.3
      vertex 10.5216 16.2381 0
      vertex 10.3737 16.3737 0
    endloop
  endfacet
  facet normal -0.675792 0.737092 0
    outer loop
      vertex 13.6263 16.3737 0
      vertex 13.4784 16.2381 2.3
      vertex 13.6263 16.3737 2.3
    endloop
  endfacet
  facet normal -0.675792 0.737092 0
    outer loop
      vertex 13.4784 16.2381 2.3
      vertex 13.6263 16.3737 0
      vertex 13.4784 16.2381 0
    endloop
  endfacet
  facet normal 0.216772 0.976222 -0
    outer loop
      vertex 11.6006 15.7349 0
      vertex 11.4047 15.7784 2.3
      vertex 11.6006 15.7349 2.3
    endloop
  endfacet
  facet normal 0.216772 0.976222 0
    outer loop
      vertex 11.4047 15.7784 2.3
      vertex 11.6006 15.7349 0
      vertex 11.4047 15.7784 0
    endloop
  endfacet
  facet normal 0.991442 -0.130547 0
    outer loop
      vertex 9.70875 18.2005 2.3
      vertex 9.73494 18.3994 0
      vertex 9.73494 18.3994 2.3
    endloop
  endfacet
  facet normal 0.991442 -0.130547 0
    outer loop
      vertex 9.73494 18.3994 0
      vertex 9.70875 18.2005 2.3
      vertex 9.70875 18.2005 0
    endloop
  endfacet
  facet normal -0.737092 0.675792 0
    outer loop
      vertex 13.6263 16.3737 0
      vertex 13.7619 16.5216 2.3
      vertex 13.7619 16.5216 0
    endloop
  endfacet
  facet normal -0.737092 0.675792 0
    outer loop
      vertex 13.7619 16.5216 2.3
      vertex 13.6263 16.3737 0
      vertex 13.6263 16.3737 2.3
    endloop
  endfacet
  facet normal 0.46151 0.887135 -0
    outer loop
      vertex 11.028 15.9155 0
      vertex 10.85 16.0081 2.3
      vertex 11.028 15.9155 2.3
    endloop
  endfacet
  facet normal 0.46151 0.887135 0
    outer loop
      vertex 10.85 16.0081 2.3
      vertex 11.028 15.9155 0
      vertex 10.85 16.0081 0
    endloop
  endfacet
  facet normal 0.923906 -0.382619 0
    outer loop
      vertex 9.83871 18.7866 2.3
      vertex 9.91549 18.972 0
      vertex 9.91549 18.972 2.3
    endloop
  endfacet
  facet normal 0.923906 -0.382619 0
    outer loop
      vertex 9.91549 18.972 0
      vertex 9.83871 18.7866 2.3
      vertex 9.83871 18.7866 0
    endloop
  endfacet
  facet normal 0.843148 0.537681 0
    outer loop
      vertex 10.116 16.6808 2.3
      vertex 10.0081 16.85 0
      vertex 10.0081 16.85 2.3
    endloop
  endfacet
  facet normal 0.843148 0.537681 0
    outer loop
      vertex 10.0081 16.85 0
      vertex 10.116 16.6808 2.3
      vertex 10.116 16.6808 0
    endloop
  endfacet
  facet normal 0.382704 0.923871 -0
    outer loop
      vertex 11.2134 15.8387 0
      vertex 11.028 15.9155 2.3
      vertex 11.2134 15.8387 2.3
    endloop
  endfacet
  facet normal 0.382704 0.923871 0
    outer loop
      vertex 11.028 15.9155 2.3
      vertex 11.2134 15.8387 0
      vertex 11.028 15.9155 0
    endloop
  endfacet
  facet normal -0.30063 0.953741 0
    outer loop
      vertex 12.7866 15.8387 0
      vertex 12.5953 15.7784 2.3
      vertex 12.7866 15.8387 2.3
    endloop
  endfacet
  facet normal -0.30063 0.953741 0
    outer loop
      vertex 12.5953 15.7784 2.3
      vertex 12.7866 15.8387 0
      vertex 12.5953 15.7784 0
    endloop
  endfacet
  facet normal 0.923906 0.382619 0
    outer loop
      vertex 9.91549 17.028 2.3
      vertex 9.83871 17.2134 0
      vertex 9.83871 17.2134 2.3
    endloop
  endfacet
  facet normal 0.923906 0.382619 0
    outer loop
      vertex 9.83871 17.2134 0
      vertex 9.91549 17.028 2.3
      vertex 9.91549 17.028 0
    endloop
  endfacet
  facet normal 0.887115 0.461549 0
    outer loop
      vertex 10.0081 16.85 2.3
      vertex 9.91549 17.028 0
      vertex 9.91549 17.028 2.3
    endloop
  endfacet
  facet normal 0.887115 0.461549 0
    outer loop
      vertex 9.91549 17.028 0
      vertex 10.0081 16.85 2.3
      vertex 10.0081 16.85 0
    endloop
  endfacet
  facet normal -0.793476 0.608602 0
    outer loop
      vertex 13.33 -12.8868 1.6
      vertex 13.4574 -12.7207 11.2
      vertex 13.4574 -12.7207 1.6
    endloop
  endfacet
  facet normal -0.793476 0.608602 0
    outer loop
      vertex 13.4574 -12.7207 11.2
      vertex 13.33 -12.8868 1.6
      vertex 13.33 -12.8868 11.2
    endloop
  endfacet
  facet normal -0.537617 -0.843189 0
    outer loop
      vertex 12.5441 13.57 1.6
      vertex 12.7207 13.4574 11.2
      vertex 12.5441 13.57 11.2
    endloop
  endfacet
  facet normal -0.537617 -0.843189 -0
    outer loop
      vertex 12.7207 13.4574 11.2
      vertex 12.5441 13.57 1.6
      vertex 12.7207 13.4574 1.6
    endloop
  endfacet
  facet normal -0.737253 -0.675616 0
    outer loop
      vertex 13.2981 12.9284 1.6
      vertex 13.1567 13.0827 11.2
      vertex 13.1567 13.0827 1.6
    endloop
  endfacet
  facet normal -0.737253 -0.675616 0
    outer loop
      vertex 13.1567 13.0827 11.2
      vertex 13.2981 12.9284 1.6
      vertex 13.2981 12.9284 11.2
    endloop
  endfacet
  facet normal 0.793545 -0.608512 0
    outer loop
      vertex -13.33 12.8868 11.2
      vertex -13.2981 12.9284 1.6
      vertex -13.2981 12.9284 11.2
    endloop
  endfacet
  facet normal 0.793545 -0.608512 0
    outer loop
      vertex -13.2981 12.9284 1.6
      vertex -13.33 12.8868 11.2
      vertex -13.33 12.8868 1.6
    endloop
  endfacet
  facet normal -0.0434579 -0.999055 0
    outer loop
      vertex 11.0523 13.9977 1.6
      vertex 11.2615 13.9886 11.2
      vertex 11.0523 13.9977 11.2
    endloop
  endfacet
  facet normal -0.0434579 -0.999055 -0
    outer loop
      vertex 11.2615 13.9886 11.2
      vertex 11.0523 13.9977 1.6
      vertex 11.2615 13.9886 1.6
    endloop
  endfacet
  facet normal -0.130712 -0.99142 0
    outer loop
      vertex 11.2615 13.9886 1.6
      vertex 11.5209 13.9544 11.2
      vertex 11.2615 13.9886 11.2
    endloop
  endfacet
  facet normal -0.130712 -0.99142 -0
    outer loop
      vertex 11.5209 13.9544 11.2
      vertex 11.2615 13.9886 1.6
      vertex 11.5209 13.9544 1.6
    endloop
  endfacet
  facet normal 1 -0 0
    outer loop
      vertex -14 -11 11.2
      vertex -14 11 1.6
      vertex -14 11 11.2
    endloop
  endfacet
  facet normal 1 0 0
    outer loop
      vertex -14 11 1.6
      vertex -14 -11 11.2
      vertex -14 -11 1.6
    endloop
  endfacet
  facet normal -0.793545 -0.608512 0
    outer loop
      vertex 13.33 12.8868 1.6
      vertex 13.2981 12.9284 11.2
      vertex 13.2981 12.9284 1.6
    endloop
  endfacet
  facet normal -0.793545 -0.608512 0
    outer loop
      vertex 13.2981 12.9284 11.2
      vertex 13.33 12.8868 1.6
      vertex 13.33 12.8868 11.2
    endloop
  endfacet
  facet normal -0.793476 -0.608602 0
    outer loop
      vertex 13.4574 12.7207 1.6
      vertex 13.33 12.8868 11.2
      vertex 13.33 12.8868 1.6
    endloop
  endfacet
  facet normal -0.793476 -0.608602 0
    outer loop
      vertex 13.33 12.8868 11.2
      vertex 13.4574 12.7207 1.6
      vertex 13.4574 12.7207 11.2
    endloop
  endfacet
  facet normal -0.382824 0.923821 0
    outer loop
      vertex 12.2679 -13.7189 1.6
      vertex 12.0261 -13.8191 11.2
      vertex 12.2679 -13.7189 11.2
    endloop
  endfacet
  facet normal -0.382824 0.923821 0
    outer loop
      vertex 12.0261 -13.8191 11.2
      vertex 12.2679 -13.7189 1.6
      vertex 12.0261 -13.8191 1.6
    endloop
  endfacet
  facet normal -0.675898 -0.736996 0
    outer loop
      vertex 13.0827 13.1567 1.6
      vertex 13.1213 13.1213 11.2
      vertex 13.0827 13.1567 11.2
    endloop
  endfacet
  facet normal -0.675898 -0.736996 -0
    outer loop
      vertex 13.1213 13.1213 11.2
      vertex 13.0827 13.1567 1.6
      vertex 13.1213 13.1213 1.6
    endloop
  endfacet
  facet normal 0.999055 0.0434579 0
    outer loop
      vertex -13.9886 -11.2615 11.2
      vertex -13.9977 -11.0523 1.6
      vertex -13.9977 -11.0523 11.2
    endloop
  endfacet
  facet normal 0.999055 0.0434579 0
    outer loop
      vertex -13.9977 -11.0523 1.6
      vertex -13.9886 -11.2615 11.2
      vertex -13.9886 -11.2615 1.6
    endloop
  endfacet
  facet normal 0.675898 -0.736996 0
    outer loop
      vertex -13.1213 13.1213 1.6
      vertex -13.0827 13.1567 11.2
      vertex -13.1213 13.1213 11.2
    endloop
  endfacet
  facet normal 0.675898 -0.736996 0
    outer loop
      vertex -13.0827 13.1567 11.2
      vertex -13.1213 13.1213 1.6
      vertex -13.0827 13.1567 1.6
    endloop
  endfacet
  facet normal -0.0439346 -0.999034 0
    outer loop
      vertex 11 14 1.6
      vertex 11.0523 13.9977 11.2
      vertex 11 14 11.2
    endloop
  endfacet
  facet normal -0.0439346 -0.999034 -0
    outer loop
      vertex 11.0523 13.9977 11.2
      vertex 11 14 1.6
      vertex 11.0523 13.9977 1.6
    endloop
  endfacet
  facet normal -0.608602 -0.793476 0
    outer loop
      vertex 12.7207 13.4574 1.6
      vertex 12.8868 13.33 11.2
      vertex 12.7207 13.4574 11.2
    endloop
  endfacet
  facet normal -0.608602 -0.793476 -0
    outer loop
      vertex 12.8868 13.33 11.2
      vertex 12.7207 13.4574 1.6
      vertex 12.8868 13.33 1.6
    endloop
  endfacet
  facet normal -0.461864 0.886951 0
    outer loop
      vertex 12.4536 -13.6222 1.6
      vertex 12.2679 -13.7189 11.2
      vertex 12.4536 -13.6222 11.2
    endloop
  endfacet
  facet normal -0.461864 0.886951 0
    outer loop
      vertex 12.2679 -13.7189 11.2
      vertex 12.4536 -13.6222 1.6
      vertex 12.2679 -13.7189 1.6
    endloop
  endfacet
  facet normal -0.953669 0.300857 0
    outer loop
      vertex 13.8348 -11.9761 1.6
      vertex 13.8978 -11.7764 11.2
      vertex 13.8978 -11.7764 1.6
    endloop
  endfacet
  facet normal -0.953669 0.300857 0
    outer loop
      vertex 13.8978 -11.7764 11.2
      vertex 13.8348 -11.9761 1.6
      vertex 13.8348 -11.9761 11.2
    endloop
  endfacet
  facet normal 0.736996 0.675898 0
    outer loop
      vertex -13.1213 -13.1213 11.2
      vertex -13.1567 -13.0827 1.6
      vertex -13.1567 -13.0827 11.2
    endloop
  endfacet
  facet normal 0.736996 0.675898 0
    outer loop
      vertex -13.1567 -13.0827 1.6
      vertex -13.1213 -13.1213 11.2
      vertex -13.1213 -13.1213 1.6
    endloop
  endfacet
  facet normal 0.216374 0.976311 -0
    outer loop
      vertex -11.572 -13.9431 1.6
      vertex -11.7764 -13.8978 11.2
      vertex -11.572 -13.9431 11.2
    endloop
  endfacet
  facet normal 0.216374 0.976311 0
    outer loop
      vertex -11.7764 -13.8978 11.2
      vertex -11.572 -13.9431 1.6
      vertex -11.7764 -13.8978 1.6
    endloop
  endfacet
  facet normal -0.886951 0.461864 0
    outer loop
      vertex 13.6222 -12.4536 1.6
      vertex 13.7189 -12.2679 11.2
      vertex 13.7189 -12.2679 1.6
    endloop
  endfacet
  facet normal -0.886951 0.461864 0
    outer loop
      vertex 13.7189 -12.2679 11.2
      vertex 13.6222 -12.4536 1.6
      vertex 13.6222 -12.4536 11.2
    endloop
  endfacet
  facet normal -0.976411 0.215919 0
    outer loop
      vertex 13.9431 -11.572 1.6
      vertex 13.9544 -11.5209 11.2
      vertex 13.9544 -11.5209 1.6
    endloop
  endfacet
  facet normal -0.976411 0.215919 0
    outer loop
      vertex 13.9544 -11.5209 11.2
      vertex 13.9431 -11.572 1.6
      vertex 13.9431 -11.572 11.2
    endloop
  endfacet
  facet normal 0 1 -0
    outer loop
      vertex 11 -14 1.6
      vertex -11 -14 11.2
      vertex 11 -14 11.2
    endloop
  endfacet
  facet normal 0 1 0
    outer loop
      vertex -11 -14 11.2
      vertex 11 -14 1.6
      vertex -11 -14 1.6
    endloop
  endfacet
  facet normal 0.300857 0.953669 -0
    outer loop
      vertex -11.7764 -13.8978 1.6
      vertex -11.9761 -13.8348 11.2
      vertex -11.7764 -13.8978 11.2
    endloop
  endfacet
  facet normal 0.300857 0.953669 0
    outer loop
      vertex -11.9761 -13.8348 11.2
      vertex -11.7764 -13.8978 1.6
      vertex -11.9761 -13.8348 1.6
    endloop
  endfacet
  facet normal 0 -1 0
    outer loop
      vertex -11 14 1.6
      vertex 11 14 11.2
      vertex -11 14 11.2
    endloop
  endfacet
  facet normal 0 -1 -0
    outer loop
      vertex 11 14 11.2
      vertex -11 14 1.6
      vertex 11 14 1.6
    endloop
  endfacet
  facet normal -0.299578 -0.954072 0
    outer loop
      vertex 11.9761 13.8348 1.6
      vertex 12.0261 13.8191 11.2
      vertex 11.9761 13.8348 11.2
    endloop
  endfacet
  facet normal -0.299578 -0.954072 -0
    outer loop
      vertex 12.0261 13.8191 11.2
      vertex 11.9761 13.8348 1.6
      vertex 12.0261 13.8191 1.6
    endloop
  endfacet
  facet normal -0.608512 -0.793545 0
    outer loop
      vertex 12.8868 13.33 1.6
      vertex 12.9284 13.2981 11.2
      vertex 12.8868 13.33 11.2
    endloop
  endfacet
  facet normal -0.608512 -0.793545 -0
    outer loop
      vertex 12.9284 13.2981 11.2
      vertex 12.8868 13.33 1.6
      vertex 12.9284 13.2981 1.6
    endloop
  endfacet
  facet normal -1 0 0
    outer loop
      vertex 14 -11 1.6
      vertex 14 11 11.2
      vertex 14 11 1.6
    endloop
  endfacet
  facet normal -1 -0 0
    outer loop
      vertex 14 11 11.2
      vertex 14 -11 1.6
      vertex 14 -11 11.2
    endloop
  endfacet
  facet normal -0.215919 -0.976411 0
    outer loop
      vertex 11.5209 13.9544 1.6
      vertex 11.572 13.9431 11.2
      vertex 11.5209 13.9544 11.2
    endloop
  endfacet
  facet normal -0.215919 -0.976411 -0
    outer loop
      vertex 11.572 13.9431 11.2
      vertex 11.5209 13.9544 1.6
      vertex 11.572 13.9431 1.6
    endloop
  endfacet
  facet normal -0.53737 -0.843346 0
    outer loop
      vertex 12.5 13.5981 1.6
      vertex 12.5441 13.57 11.2
      vertex 12.5 13.5981 11.2
    endloop
  endfacet
  facet normal -0.53737 -0.843346 -0
    outer loop
      vertex 12.5441 13.57 11.2
      vertex 12.5 13.5981 1.6
      vertex 12.5441 13.57 1.6
    endloop
  endfacet
  facet normal -0.99142 -0.130712 0
    outer loop
      vertex 13.9886 11.2615 1.6
      vertex 13.9544 11.5209 11.2
      vertex 13.9544 11.5209 1.6
    endloop
  endfacet
  facet normal -0.99142 -0.130712 0
    outer loop
      vertex 13.9544 11.5209 11.2
      vertex 13.9886 11.2615 1.6
      vertex 13.9886 11.2615 11.2
    endloop
  endfacet
  facet normal -0.843189 -0.537617 0
    outer loop
      vertex 13.57 12.5441 1.6
      vertex 13.4574 12.7207 11.2
      vertex 13.4574 12.7207 1.6
    endloop
  endfacet
  facet normal -0.843189 -0.537617 0
    outer loop
      vertex 13.4574 12.7207 11.2
      vertex 13.57 12.5441 1.6
      vertex 13.57 12.5441 11.2
    endloop
  endfacet
  facet normal 0.999034 0.0439346 0
    outer loop
      vertex -13.9977 -11.0523 11.2
      vertex -14 -11 1.6
      vertex -14 -11 11.2
    endloop
  endfacet
  facet normal 0.999034 0.0439346 0
    outer loop
      vertex -14 -11 1.6
      vertex -13.9977 -11.0523 11.2
      vertex -13.9977 -11.0523 1.6
    endloop
  endfacet
  facet normal -0.887436 -0.460931 0
    outer loop
      vertex 13.6222 12.4536 1.6
      vertex 13.5981 12.5 11.2
      vertex 13.5981 12.5 1.6
    endloop
  endfacet
  facet normal -0.887436 -0.460931 0
    outer loop
      vertex 13.5981 12.5 11.2
      vertex 13.6222 12.4536 1.6
      vertex 13.6222 12.4536 11.2
    endloop
  endfacet
  facet normal -0.675616 -0.737253 0
    outer loop
      vertex 12.9284 13.2981 1.6
      vertex 13.0827 13.1567 11.2
      vertex 12.9284 13.2981 11.2
    endloop
  endfacet
  facet normal -0.675616 -0.737253 -0
    outer loop
      vertex 13.0827 13.1567 11.2
      vertex 12.9284 13.2981 1.6
      vertex 13.0827 13.1567 1.6
    endloop
  endfacet
  facet normal 0.461864 -0.886951 0
    outer loop
      vertex -12.4536 13.6222 1.6
      vertex -12.2679 13.7189 11.2
      vertex -12.4536 13.6222 11.2
    endloop
  endfacet
  facet normal 0.461864 -0.886951 0
    outer loop
      vertex -12.2679 13.7189 11.2
      vertex -12.4536 13.6222 1.6
      vertex -12.2679 13.7189 1.6
    endloop
  endfacet
  facet normal 0.0439346 -0.999034 0
    outer loop
      vertex -11.0523 13.9977 1.6
      vertex -11 14 11.2
      vertex -11.0523 13.9977 11.2
    endloop
  endfacet
  facet normal 0.0439346 -0.999034 0
    outer loop
      vertex -11 14 11.2
      vertex -11.0523 13.9977 1.6
      vertex -11 14 1.6
    endloop
  endfacet
  facet normal -0.843346 -0.53737 0
    outer loop
      vertex 13.5981 12.5 1.6
      vertex 13.57 12.5441 11.2
      vertex 13.57 12.5441 1.6
    endloop
  endfacet
  facet normal -0.843346 -0.53737 0
    outer loop
      vertex 13.57 12.5441 11.2
      vertex 13.5981 12.5 1.6
      vertex 13.5981 12.5 11.2
    endloop
  endfacet
  facet normal -0.953669 -0.300857 0
    outer loop
      vertex 13.8978 11.7764 1.6
      vertex 13.8348 11.9761 11.2
      vertex 13.8348 11.9761 1.6
    endloop
  endfacet
  facet normal -0.953669 -0.300857 0
    outer loop
      vertex 13.8348 11.9761 11.2
      vertex 13.8978 11.7764 1.6
      vertex 13.8978 11.7764 11.2
    endloop
  endfacet
  facet normal -0.999034 -0.0439346 0
    outer loop
      vertex 14 11 1.6
      vertex 13.9977 11.0523 11.2
      vertex 13.9977 11.0523 1.6
    endloop
  endfacet
  facet normal -0.999034 -0.0439346 0
    outer loop
      vertex 13.9977 11.0523 11.2
      vertex 14 11 1.6
      vertex 14 11 11.2
    endloop
  endfacet
  facet normal 0.215919 0.976411 -0
    outer loop
      vertex -11.5209 -13.9544 1.6
      vertex -11.572 -13.9431 11.2
      vertex -11.5209 -13.9544 11.2
    endloop
  endfacet
  facet normal 0.215919 0.976411 0
    outer loop
      vertex -11.572 -13.9431 11.2
      vertex -11.5209 -13.9544 1.6
      vertex -11.572 -13.9431 1.6
    endloop
  endfacet
  facet normal 0.53737 -0.843346 0
    outer loop
      vertex -12.5441 13.57 1.6
      vertex -12.5 13.5981 11.2
      vertex -12.5441 13.57 11.2
    endloop
  endfacet
  facet normal 0.53737 -0.843346 0
    outer loop
      vertex -12.5 13.5981 11.2
      vertex -12.5441 13.57 1.6
      vertex -12.5 13.5981 1.6
    endloop
  endfacet
  facet normal -0.923821 -0.382824 0
    outer loop
      vertex 13.8191 12.0261 1.6
      vertex 13.7189 12.2679 11.2
      vertex 13.7189 12.2679 1.6
    endloop
  endfacet
  facet normal -0.923821 -0.382824 0
    outer loop
      vertex 13.7189 12.2679 11.2
      vertex 13.8191 12.0261 1.6
      vertex 13.8191 12.0261 11.2
    endloop
  endfacet
  facet normal -0.382824 -0.923821 0
    outer loop
      vertex 12.0261 13.8191 1.6
      vertex 12.2679 13.7189 11.2
      vertex 12.0261 13.8191 11.2
    endloop
  endfacet
  facet normal -0.382824 -0.923821 -0
    outer loop
      vertex 12.2679 13.7189 11.2
      vertex 12.0261 13.8191 1.6
      vertex 12.2679 13.7189 1.6
    endloop
  endfacet
  facet normal 0.793476 0.608602 0
    outer loop
      vertex -13.33 -12.8868 11.2
      vertex -13.4574 -12.7207 1.6
      vertex -13.4574 -12.7207 11.2
    endloop
  endfacet
  facet normal 0.793476 0.608602 0
    outer loop
      vertex -13.4574 -12.7207 1.6
      vertex -13.33 -12.8868 11.2
      vertex -13.33 -12.8868 1.6
    endloop
  endfacet
  facet normal -0.460931 -0.887436 0
    outer loop
      vertex 12.4536 13.6222 1.6
      vertex 12.5 13.5981 11.2
      vertex 12.4536 13.6222 11.2
    endloop
  endfacet
  facet normal -0.460931 -0.887436 -0
    outer loop
      vertex 12.5 13.5981 11.2
      vertex 12.4536 13.6222 1.6
      vertex 12.5 13.5981 1.6
    endloop
  endfacet
  facet normal -0.999055 -0.0434579 0
    outer loop
      vertex 13.9977 11.0523 1.6
      vertex 13.9886 11.2615 11.2
      vertex 13.9886 11.2615 1.6
    endloop
  endfacet
  facet normal -0.999055 -0.0434579 0
    outer loop
      vertex 13.9886 11.2615 11.2
      vertex 13.9977 11.0523 1.6
      vertex 13.9977 11.0523 11.2
    endloop
  endfacet
  facet normal 0.843346 0.53737 0
    outer loop
      vertex -13.57 -12.5441 11.2
      vertex -13.5981 -12.5 1.6
      vertex -13.5981 -12.5 11.2
    endloop
  endfacet
  facet normal 0.843346 0.53737 0
    outer loop
      vertex -13.5981 -12.5 1.6
      vertex -13.57 -12.5441 11.2
      vertex -13.57 -12.5441 1.6
    endloop
  endfacet
  facet normal 0.608512 -0.793545 0
    outer loop
      vertex -12.9284 13.2981 1.6
      vertex -12.8868 13.33 11.2
      vertex -12.9284 13.2981 11.2
    endloop
  endfacet
  facet normal 0.608512 -0.793545 0
    outer loop
      vertex -12.8868 13.33 11.2
      vertex -12.9284 13.2981 1.6
      vertex -12.8868 13.33 1.6
    endloop
  endfacet
  facet normal 0.793545 0.608512 0
    outer loop
      vertex -13.2981 -12.9284 11.2
      vertex -13.33 -12.8868 1.6
      vertex -13.33 -12.8868 11.2
    endloop
  endfacet
  facet normal 0.793545 0.608512 0
    outer loop
      vertex -13.33 -12.8868 1.6
      vertex -13.2981 -12.9284 11.2
      vertex -13.2981 -12.9284 1.6
    endloop
  endfacet
  facet normal 0.675898 0.736996 -0
    outer loop
      vertex -13.0827 -13.1567 1.6
      vertex -13.1213 -13.1213 11.2
      vertex -13.0827 -13.1567 11.2
    endloop
  endfacet
  facet normal 0.675898 0.736996 0
    outer loop
      vertex -13.1213 -13.1213 11.2
      vertex -13.0827 -13.1567 1.6
      vertex -13.1213 -13.1213 1.6
    endloop
  endfacet
  facet normal -0.999034 0.0439346 0
    outer loop
      vertex 13.9977 -11.0523 1.6
      vertex 14 -11 11.2
      vertex 14 -11 1.6
    endloop
  endfacet
  facet normal -0.999034 0.0439346 0
    outer loop
      vertex 14 -11 11.2
      vertex 13.9977 -11.0523 1.6
      vertex 13.9977 -11.0523 11.2
    endloop
  endfacet
  facet normal 0.999034 -0.0439346 0
    outer loop
      vertex -14 11 11.2
      vertex -13.9977 11.0523 1.6
      vertex -13.9977 11.0523 11.2
    endloop
  endfacet
  facet normal 0.999034 -0.0439346 0
    outer loop
      vertex -13.9977 11.0523 1.6
      vertex -14 11 11.2
      vertex -14 11 1.6
    endloop
  endfacet
  facet normal -0.976411 -0.215919 0
    outer loop
      vertex 13.9544 11.5209 1.6
      vertex 13.9431 11.572 11.2
      vertex 13.9431 11.572 1.6
    endloop
  endfacet
  facet normal -0.976411 -0.215919 0
    outer loop
      vertex 13.9431 11.572 11.2
      vertex 13.9544 11.5209 1.6
      vertex 13.9544 11.5209 11.2
    endloop
  endfacet
  facet normal 0.608512 0.793545 -0
    outer loop
      vertex -12.8868 -13.33 1.6
      vertex -12.9284 -13.2981 11.2
      vertex -12.8868 -13.33 11.2
    endloop
  endfacet
  facet normal 0.608512 0.793545 0
    outer loop
      vertex -12.9284 -13.2981 11.2
      vertex -12.8868 -13.33 1.6
      vertex -12.9284 -13.2981 1.6
    endloop
  endfacet
  facet normal -0.299578 0.954072 0
    outer loop
      vertex 12.0261 -13.8191 1.6
      vertex 11.9761 -13.8348 11.2
      vertex 12.0261 -13.8191 11.2
    endloop
  endfacet
  facet normal -0.299578 0.954072 0
    outer loop
      vertex 11.9761 -13.8348 11.2
      vertex 12.0261 -13.8191 1.6
      vertex 11.9761 -13.8348 1.6
    endloop
  endfacet
  facet normal 0.215919 -0.976411 0
    outer loop
      vertex -11.572 13.9431 1.6
      vertex -11.5209 13.9544 11.2
      vertex -11.572 13.9431 11.2
    endloop
  endfacet
  facet normal 0.215919 -0.976411 0
    outer loop
      vertex -11.5209 13.9544 11.2
      vertex -11.572 13.9431 1.6
      vertex -11.5209 13.9544 1.6
    endloop
  endfacet
  facet normal -0.954072 -0.299578 0
    outer loop
      vertex 13.8348 11.9761 1.6
      vertex 13.8191 12.0261 11.2
      vertex 13.8191 12.0261 1.6
    endloop
  endfacet
  facet normal -0.954072 -0.299578 0
    outer loop
      vertex 13.8191 12.0261 11.2
      vertex 13.8348 11.9761 1.6
      vertex 13.8348 11.9761 11.2
    endloop
  endfacet
  facet normal -0.736996 -0.675898 0
    outer loop
      vertex 13.1567 13.0827 1.6
      vertex 13.1213 13.1213 11.2
      vertex 13.1213 13.1213 1.6
    endloop
  endfacet
  facet normal -0.736996 -0.675898 0
    outer loop
      vertex 13.1213 13.1213 11.2
      vertex 13.1567 13.0827 1.6
      vertex 13.1567 13.0827 11.2
    endloop
  endfacet
  facet normal 0.675616 0.737253 -0
    outer loop
      vertex -12.9284 -13.2981 1.6
      vertex -13.0827 -13.1567 11.2
      vertex -12.9284 -13.2981 11.2
    endloop
  endfacet
  facet normal 0.675616 0.737253 0
    outer loop
      vertex -13.0827 -13.1567 11.2
      vertex -12.9284 -13.2981 1.6
      vertex -13.0827 -13.1567 1.6
    endloop
  endfacet
  facet normal -0.461864 -0.886951 0
    outer loop
      vertex 12.2679 13.7189 1.6
      vertex 12.4536 13.6222 11.2
      vertex 12.2679 13.7189 11.2
    endloop
  endfacet
  facet normal -0.461864 -0.886951 -0
    outer loop
      vertex 12.4536 13.6222 11.2
      vertex 12.2679 13.7189 1.6
      vertex 12.4536 13.6222 1.6
    endloop
  endfacet
  facet normal 0.53737 0.843346 -0
    outer loop
      vertex -12.5 -13.5981 1.6
      vertex -12.5441 -13.57 11.2
      vertex -12.5 -13.5981 11.2
    endloop
  endfacet
  facet normal 0.53737 0.843346 0
    outer loop
      vertex -12.5441 -13.57 11.2
      vertex -12.5 -13.5981 1.6
      vertex -12.5441 -13.57 1.6
    endloop
  endfacet
  facet normal -0.675616 0.737253 0
    outer loop
      vertex 13.0827 -13.1567 1.6
      vertex 12.9284 -13.2981 11.2
      vertex 13.0827 -13.1567 11.2
    endloop
  endfacet
  facet normal -0.675616 0.737253 0
    outer loop
      vertex 12.9284 -13.2981 11.2
      vertex 13.0827 -13.1567 1.6
      vertex 12.9284 -13.2981 1.6
    endloop
  endfacet
  facet normal 0.382824 -0.923821 0
    outer loop
      vertex -12.2679 13.7189 1.6
      vertex -12.0261 13.8191 11.2
      vertex -12.2679 13.7189 11.2
    endloop
  endfacet
  facet normal 0.382824 -0.923821 0
    outer loop
      vertex -12.0261 13.8191 11.2
      vertex -12.2679 13.7189 1.6
      vertex -12.0261 13.8191 1.6
    endloop
  endfacet
  facet normal -0.886951 -0.461864 0
    outer loop
      vertex 13.7189 12.2679 1.6
      vertex 13.6222 12.4536 11.2
      vertex 13.6222 12.4536 1.6
    endloop
  endfacet
  facet normal -0.886951 -0.461864 0
    outer loop
      vertex 13.6222 12.4536 11.2
      vertex 13.7189 12.2679 1.6
      vertex 13.7189 12.2679 11.2
    endloop
  endfacet
  facet normal 0.954072 -0.299578 0
    outer loop
      vertex -13.8348 11.9761 11.2
      vertex -13.8191 12.0261 1.6
      vertex -13.8191 12.0261 11.2
    endloop
  endfacet
  facet normal 0.954072 -0.299578 0
    outer loop
      vertex -13.8191 12.0261 1.6
      vertex -13.8348 11.9761 11.2
      vertex -13.8348 11.9761 1.6
    endloop
  endfacet
  facet normal 0.843346 -0.53737 0
    outer loop
      vertex -13.5981 12.5 11.2
      vertex -13.57 12.5441 1.6
      vertex -13.57 12.5441 11.2
    endloop
  endfacet
  facet normal 0.843346 -0.53737 0
    outer loop
      vertex -13.57 12.5441 1.6
      vertex -13.5981 12.5 11.2
      vertex -13.5981 12.5 1.6
    endloop
  endfacet
  facet normal 0.460931 -0.887436 0
    outer loop
      vertex -12.5 13.5981 1.6
      vertex -12.4536 13.6222 11.2
      vertex -12.5 13.5981 11.2
    endloop
  endfacet
  facet normal 0.460931 -0.887436 0
    outer loop
      vertex -12.4536 13.6222 11.2
      vertex -12.5 13.5981 1.6
      vertex -12.4536 13.6222 1.6
    endloop
  endfacet
  facet normal 0.887436 0.460931 0
    outer loop
      vertex -13.5981 -12.5 11.2
      vertex -13.6222 -12.4536 1.6
      vertex -13.6222 -12.4536 11.2
    endloop
  endfacet
  facet normal 0.887436 0.460931 0
    outer loop
      vertex -13.6222 -12.4536 1.6
      vertex -13.5981 -12.5 11.2
      vertex -13.5981 -12.5 1.6
    endloop
  endfacet
  facet normal -0.300857 -0.953669 0
    outer loop
      vertex 11.7764 13.8978 1.6
      vertex 11.9761 13.8348 11.2
      vertex 11.7764 13.8978 11.2
    endloop
  endfacet
  facet normal -0.300857 -0.953669 -0
    outer loop
      vertex 11.9761 13.8348 11.2
      vertex 11.7764 13.8978 1.6
      vertex 11.9761 13.8348 1.6
    endloop
  endfacet
  facet normal -0.954072 0.299578 0
    outer loop
      vertex 13.8191 -12.0261 1.6
      vertex 13.8348 -11.9761 11.2
      vertex 13.8348 -11.9761 1.6
    endloop
  endfacet
  facet normal -0.954072 0.299578 0
    outer loop
      vertex 13.8348 -11.9761 11.2
      vertex 13.8191 -12.0261 1.6
      vertex 13.8191 -12.0261 11.2
    endloop
  endfacet
  facet normal 0.130712 -0.99142 0
    outer loop
      vertex -11.5209 13.9544 1.6
      vertex -11.2615 13.9886 11.2
      vertex -11.5209 13.9544 11.2
    endloop
  endfacet
  facet normal 0.130712 -0.99142 0
    outer loop
      vertex -11.2615 13.9886 11.2
      vertex -11.5209 13.9544 1.6
      vertex -11.2615 13.9886 1.6
    endloop
  endfacet
  facet normal 0.954072 0.299578 0
    outer loop
      vertex -13.8191 -12.0261 11.2
      vertex -13.8348 -11.9761 1.6
      vertex -13.8348 -11.9761 11.2
    endloop
  endfacet
  facet normal 0.954072 0.299578 0
    outer loop
      vertex -13.8348 -11.9761 1.6
      vertex -13.8191 -12.0261 11.2
      vertex -13.8191 -12.0261 1.6
    endloop
  endfacet
  facet normal 0.737253 0.675616 0
    outer loop
      vertex -13.1567 -13.0827 11.2
      vertex -13.2981 -12.9284 1.6
      vertex -13.2981 -12.9284 11.2
    endloop
  endfacet
  facet normal 0.737253 0.675616 0
    outer loop
      vertex -13.2981 -12.9284 1.6
      vertex -13.1567 -13.0827 11.2
      vertex -13.1567 -13.0827 1.6
    endloop
  endfacet
  facet normal 0 0 1
    outer loop
      vertex 11 14 1.6
      vertex 14 11 1.6
      vertex 13.9977 11.0523 1.6
    endloop
  endfacet
  facet normal 0 0 1
    outer loop
      vertex 14 11 1.6
      vertex 11 14 1.6
      vertex 14 -11 1.6
    endloop
  endfacet
  facet normal 0 0 1
    outer loop
      vertex 13.9431 11.572 1.6
      vertex 13.9977 11.0523 1.6
      vertex 13.9886 11.2615 1.6
    endloop
  endfacet
  facet normal 0 0 1
    outer loop
      vertex 11 -14 1.6
      vertex 14 -11 1.6
      vertex 11 14 1.6
    endloop
  endfacet
  facet normal 0 0 1
    outer loop
      vertex 13.9431 11.572 1.6
      vertex 13.9886 11.2615 1.6
      vertex 13.9544 11.5209 1.6
    endloop
  endfacet
  facet normal 0 0 1
    outer loop
      vertex 14 -11 1.6
      vertex 11 -14 1.6
      vertex 13.9977 -11.0523 1.6
    endloop
  endfacet
  facet normal 0 0 1
    outer loop
      vertex 13.9977 11.0523 1.6
      vertex 13.9431 11.572 1.6
      vertex 11.0523 13.9977 1.6
    endloop
  endfacet
  facet normal 0 -0 1
    outer loop
      vertex 11.0523 -13.9977 1.6
      vertex 13.9977 -11.0523 1.6
      vertex 11 -14 1.6
    endloop
  endfacet
  facet normal 0 0 1
    outer loop
      vertex 13.8348 11.9761 1.6
      vertex 13.9431 11.572 1.6
      vertex 13.8978 11.7764 1.6
    endloop
  endfacet
  facet normal 0 -0 1
    outer loop
      vertex 13.9431 -11.572 1.6
      vertex 13.9977 -11.0523 1.6
      vertex 11.0523 -13.9977 1.6
    endloop
  endfacet
  facet normal 0 0 1
    outer loop
      vertex 13.9431 11.572 1.6
      vertex 13.8348 11.9761 1.6
      vertex 11.0523 13.9977 1.6
    endloop
  endfacet
  facet normal 0 0 1
    outer loop
      vertex 13.9886 -11.2615 1.6
      vertex 13.9431 -11.572 1.6
      vertex 13.9544 -11.5209 1.6
    endloop
  endfacet
  facet normal 0 0 1
    outer loop
      vertex 13.7189 12.2679 1.6
      vertex 13.8348 11.9761 1.6
      vertex 13.8191 12.0261 1.6
    endloop
  endfacet
  facet normal 0 0 1
    outer loop
      vertex 13.9977 -11.0523 1.6
      vertex 13.9431 -11.572 1.6
      vertex 13.9886 -11.2615 1.6
    endloop
  endfacet
  facet normal 0 0 1
    outer loop
      vertex 13.6222 12.4536 1.6
      vertex 13.8348 11.9761 1.6
      vertex 13.7189 12.2679 1.6
    endloop
  endfacet
  facet normal 0 -0 1
    outer loop
      vertex 13.8348 -11.9761 1.6
      vertex 13.9431 -11.572 1.6
      vertex 11.0523 -13.9977 1.6
    endloop
  endfacet
  facet normal 0 0 1
    outer loop
      vertex 13.8348 11.9761 1.6
      vertex 13.6222 12.4536 1.6
      vertex 11.0523 13.9977 1.6
    endloop
  endfacet
  facet normal 0 0 1
    outer loop
      vertex 13.9431 -11.572 1.6
      vertex 13.8348 -11.9761 1.6
      vertex 13.8978 -11.7764 1.6
    endloop
  endfacet
  facet normal 0 0 1
    outer loop
      vertex 13.57 12.5441 1.6
      vertex 13.6222 12.4536 1.6
      vertex 13.5981 12.5 1.6
    endloop
  endfacet
  facet normal 0 -0 1
    outer loop
      vertex 13.6222 -12.4536 1.6
      vertex 13.8348 -11.9761 1.6
      vertex 11.0523 -13.9977 1.6
    endloop
  endfacet
  facet normal 0 0 1
    outer loop
      vertex 11.0523 13.9977 1.6
      vertex 13.6222 12.4536 1.6
      vertex 13.57 12.5441 1.6
    endloop
  endfacet
  facet normal 0 0 1
    outer loop
      vertex 13.8348 -11.9761 1.6
      vertex 13.7189 -12.2679 1.6
      vertex 13.8191 -12.0261 1.6
    endloop
  endfacet
  facet normal 0 0 1
    outer loop
      vertex 13.33 12.8868 1.6
      vertex 13.57 12.5441 1.6
      vertex 13.4574 12.7207 1.6
    endloop
  endfacet
  facet normal 0 0 1
    outer loop
      vertex 13.8348 -11.9761 1.6
      vertex 13.6222 -12.4536 1.6
      vertex 13.7189 -12.2679 1.6
    endloop
  endfacet
  facet normal 0 0 1
    outer loop
      vertex 13.57 12.5441 1.6
      vertex 13.33 12.8868 1.6
      vertex 11.0523 13.9977 1.6
    endloop
  endfacet
  facet normal 0 0 1
    outer loop
      vertex 13.6222 -12.4536 1.6
      vertex 13.57 -12.5441 1.6
      vertex 13.5981 -12.5 1.6
    endloop
  endfacet
  facet normal 0 0 1
    outer loop
      vertex 13.1567 13.0827 1.6
      vertex 13.33 12.8868 1.6
      vertex 13.2981 12.9284 1.6
    endloop
  endfacet
  facet normal 0 0 1
    outer loop
      vertex 13.6222 -12.4536 1.6
      vertex 11.0523 -13.9977 1.6
      vertex 13.57 -12.5441 1.6
    endloop
  endfacet
  facet normal 0 0 1
    outer loop
      vertex 13.33 12.8868 1.6
      vertex 13.1567 13.0827 1.6
      vertex 11.0523 13.9977 1.6
    endloop
  endfacet
  facet normal 0 -0 1
    outer loop
      vertex 13.33 -12.8868 1.6
      vertex 13.57 -12.5441 1.6
      vertex 11.0523 -13.9977 1.6
    endloop
  endfacet
  facet normal 0 0 1
    outer loop
      vertex 13.0827 13.1567 1.6
      vertex 13.1567 13.0827 1.6
      vertex 13.1213 13.1213 1.6
    endloop
  endfacet
  facet normal 0 0 1
    outer loop
      vertex 13.57 -12.5441 1.6
      vertex 13.33 -12.8868 1.6
      vertex 13.4574 -12.7207 1.6
    endloop
  endfacet
  facet normal 0 0 1
    outer loop
      vertex 11.0523 13.9977 1.6
      vertex 13.1567 13.0827 1.6
      vertex 13.0827 13.1567 1.6
    endloop
  endfacet
  facet normal 0 -0 1
    outer loop
      vertex 13.1567 -13.0827 1.6
      vertex 13.33 -12.8868 1.6
      vertex 11.0523 -13.9977 1.6
    endloop
  endfacet
  facet normal 0 0 1
    outer loop
      vertex 12.8868 13.33 1.6
      vertex 13.0827 13.1567 1.6
      vertex 12.9284 13.2981 1.6
    endloop
  endfacet
  facet normal 0 0 1
    outer loop
      vertex 13.33 -12.8868 1.6
      vertex 13.1567 -13.0827 1.6
      vertex 13.2981 -12.9284 1.6
    endloop
  endfacet
  facet normal 0 0 1
    outer loop
      vertex 11.0523 13.9977 1.6
      vertex 13.0827 13.1567 1.6
      vertex 12.8868 13.33 1.6
    endloop
  endfacet
  facet normal 0 0 1
    outer loop
      vertex 13.1567 -13.0827 1.6
      vertex 13.0827 -13.1567 1.6
      vertex 13.1213 -13.1213 1.6
    endloop
  endfacet
  facet normal 0 0 1
    outer loop
      vertex 12.5441 13.57 1.6
      vertex 12.8868 13.33 1.6
      vertex 12.7207 13.4574 1.6
    endloop
  endfacet
  facet normal 0 0 1
    outer loop
      vertex 13.1567 -13.0827 1.6
      vertex 11.0523 -13.9977 1.6
      vertex 13.0827 -13.1567 1.6
    endloop
  endfacet
  facet normal 0 0 1
    outer loop
      vertex 12.8868 13.33 1.6
      vertex 12.5441 13.57 1.6
      vertex 11.0523 13.9977 1.6
    endloop
  endfacet
  facet normal 0 0 1
    outer loop
      vertex 13.0827 -13.1567 1.6
      vertex 12.8868 -13.33 1.6
      vertex 12.9284 -13.2981 1.6
    endloop
  endfacet
  facet normal 0 0 1
    outer loop
      vertex 12.4536 13.6222 1.6
      vertex 12.5441 13.57 1.6
      vertex 12.5 13.5981 1.6
    endloop
  endfacet
  facet normal 0 0 1
    outer loop
      vertex 13.0827 -13.1567 1.6
      vertex 11.0523 -13.9977 1.6
      vertex 12.8868 -13.33 1.6
    endloop
  endfacet
  facet normal 0 0 1
    outer loop
      vertex 11.0523 13.9977 1.6
      vertex 12.5441 13.57 1.6
      vertex 12.4536 13.6222 1.6
    endloop
  endfacet
  facet normal 0 -0 1
    outer loop
      vertex 12.5441 -13.57 1.6
      vertex 12.8868 -13.33 1.6
      vertex 11.0523 -13.9977 1.6
    endloop
  endfacet
  facet normal 0 0 1
    outer loop
      vertex 11.9761 13.8348 1.6
      vertex 12.4536 13.6222 1.6
      vertex 12.2679 13.7189 1.6
    endloop
  endfacet
  facet normal 0 0 1
    outer loop
      vertex 12.8868 -13.33 1.6
      vertex 12.5441 -13.57 1.6
      vertex 12.7207 -13.4574 1.6
    endloop
  endfacet
  facet normal 0 0 1
    outer loop
      vertex 11.9761 13.8348 1.6
      vertex 12.2679 13.7189 1.6
      vertex 12.0261 13.8191 1.6
    endloop
  endfacet
  facet normal 0 0 1
    outer loop
      vertex 12.5441 -13.57 1.6
      vertex 12.4536 -13.6222 1.6
      vertex 12.5 -13.5981 1.6
    endloop
  endfacet
  facet normal 0 0 1
    outer loop
      vertex 12.4536 13.6222 1.6
      vertex 11.9761 13.8348 1.6
      vertex 11.0523 13.9977 1.6
    endloop
  endfacet
  facet normal 0 0 1
    outer loop
      vertex 12.5441 -13.57 1.6
      vertex 11.0523 -13.9977 1.6
      vertex 12.4536 -13.6222 1.6
    endloop
  endfacet
  facet normal 0 0 1
    outer loop
      vertex 11.572 13.9431 1.6
      vertex 11.9761 13.8348 1.6
      vertex 11.7764 13.8978 1.6
    endloop
  endfacet
  facet normal 0 -0 1
    outer loop
      vertex 11.9761 -13.8348 1.6
      vertex 12.4536 -13.6222 1.6
      vertex 11.0523 -13.9977 1.6
    endloop
  endfacet
  facet normal 0 0 1
    outer loop
      vertex 11.9761 13.8348 1.6
      vertex 11.572 13.9431 1.6
      vertex 11.0523 13.9977 1.6
    endloop
  endfacet
  facet normal 0 0 1
    outer loop
      vertex 12.2679 -13.7189 1.6
      vertex 11.9761 -13.8348 1.6
      vertex 12.0261 -13.8191 1.6
    endloop
  endfacet
  facet normal 0 0 1
    outer loop
      vertex 11.2615 13.9886 1.6
      vertex 11.572 13.9431 1.6
      vertex 11.5209 13.9544 1.6
    endloop
  endfacet
  facet normal 0 0 1
    outer loop
      vertex 12.4536 -13.6222 1.6
      vertex 11.9761 -13.8348 1.6
      vertex 12.2679 -13.7189 1.6
    endloop
  endfacet
  facet normal 0 0 1
    outer loop
      vertex 11.572 13.9431 1.6
      vertex 11.2615 13.9886 1.6
      vertex 11.0523 13.9977 1.6
    endloop
  endfacet
  facet normal 0 0 1
    outer loop
      vertex 13.9977 11.0523 1.6
      vertex 11.0523 13.9977 1.6
      vertex 11 14 1.6
    endloop
  endfacet
  facet normal 0 -0 1
    outer loop
      vertex 11.572 -13.9431 1.6
      vertex 11.9761 -13.8348 1.6
      vertex 11.0523 -13.9977 1.6
    endloop
  endfacet
  facet normal 0 0 1
    outer loop
      vertex 11.572 -13.9431 1.6
      vertex 11.2615 -13.9886 1.6
      vertex 11.5209 -13.9544 1.6
    endloop
  endfacet
  facet normal 0 0 1
    outer loop
      vertex 11.9761 -13.8348 1.6
      vertex 11.572 -13.9431 1.6
      vertex 11.7764 -13.8978 1.6
    endloop
  endfacet
  facet normal 0 -0 1
    outer loop
      vertex 11.2615 -13.9886 1.6
      vertex 11.572 -13.9431 1.6
      vertex 11.0523 -13.9977 1.6
    endloop
  endfacet
  facet normal -0 0 1
    outer loop
      vertex -11 14 1.6
      vertex 11 -14 1.6
      vertex 11 14 1.6
    endloop
  endfacet
  facet normal 0 0 1
    outer loop
      vertex -11 14 1.6
      vertex -11 -14 1.6
      vertex 11 -14 1.6
    endloop
  endfacet
  facet normal 0 0 1
    outer loop
      vertex -14 11 1.6
      vertex -11 14 1.6
      vertex -11.0523 13.9977 1.6
    endloop
  endfacet
  facet normal 0 0 1
    outer loop
      vertex -11 14 1.6
      vertex -14 11 1.6
      vertex -11 -14 1.6
    endloop
  endfacet
  facet normal 0 0 1
    outer loop
      vertex -11.572 13.9431 1.6
      vertex -11.0523 13.9977 1.6
      vertex -11.2615 13.9886 1.6
    endloop
  endfacet
  facet normal -0 0 1
    outer loop
      vertex -14 -11 1.6
      vertex -11 -14 1.6
      vertex -14 11 1.6
    endloop
  endfacet
  facet normal 0 0 1
    outer loop
      vertex -11.572 13.9431 1.6
      vertex -11.2615 13.9886 1.6
      vertex -11.5209 13.9544 1.6
    endloop
  endfacet
  facet normal 0 0 1
    outer loop
      vertex -11 -14 1.6
      vertex -14 -11 1.6
      vertex -11.0523 -13.9977 1.6
    endloop
  endfacet
  facet normal 0 0 1
    outer loop
      vertex -11.0523 13.9977 1.6
      vertex -11.572 13.9431 1.6
      vertex -13.9977 11.0523 1.6
    endloop
  endfacet
  facet normal -0 -0 1
    outer loop
      vertex -13.9977 -11.0523 1.6
      vertex -11.0523 -13.9977 1.6
      vertex -14 -11 1.6
    endloop
  endfacet
  facet normal 0 0 1
    outer loop
      vertex -11.9761 13.8348 1.6
      vertex -11.572 13.9431 1.6
      vertex -11.7764 13.8978 1.6
    endloop
  endfacet
  facet normal -0 -0 1
    outer loop
      vertex -11.572 -13.9431 1.6
      vertex -11.0523 -13.9977 1.6
      vertex -13.9977 -11.0523 1.6
    endloop
  endfacet
  facet normal 0 0 1
    outer loop
      vertex -11.572 13.9431 1.6
      vertex -11.9761 13.8348 1.6
      vertex -13.9977 11.0523 1.6
    endloop
  endfacet
  facet normal 0 0 1
    outer loop
      vertex -11.2615 -13.9886 1.6
      vertex -11.572 -13.9431 1.6
      vertex -11.5209 -13.9544 1.6
    endloop
  endfacet
  facet normal 0 0 1
    outer loop
      vertex -12.2679 13.7189 1.6
      vertex -11.9761 13.8348 1.6
      vertex -12.0261 13.8191 1.6
    endloop
  endfacet
  facet normal 0 0 1
    outer loop
      vertex -11.0523 -13.9977 1.6
      vertex -11.572 -13.9431 1.6
      vertex -11.2615 -13.9886 1.6
    endloop
  endfacet
  facet normal 0 0 1
    outer loop
      vertex -12.4536 13.6222 1.6
      vertex -11.9761 13.8348 1.6
      vertex -12.2679 13.7189 1.6
    endloop
  endfacet
  facet normal -0 -0 1
    outer loop
      vertex -11.9761 -13.8348 1.6
      vertex -11.572 -13.9431 1.6
      vertex -13.9977 -11.0523 1.6
    endloop
  endfacet
  facet normal 0 0 1
    outer loop
      vertex -11.9761 13.8348 1.6
      vertex -12.4536 13.6222 1.6
      vertex -13.9977 11.0523 1.6
    endloop
  endfacet
  facet normal 0 0 1
    outer loop
      vertex -11.572 -13.9431 1.6
      vertex -11.9761 -13.8348 1.6
      vertex -11.7764 -13.8978 1.6
    endloop
  endfacet
  facet normal 0 0 1
    outer loop
      vertex -12.5441 13.57 1.6
      vertex -12.4536 13.6222 1.6
      vertex -12.5 13.5981 1.6
    endloop
  endfacet
  facet normal -0 -0 1
    outer loop
      vertex -12.4536 -13.6222 1.6
      vertex -11.9761 -13.8348 1.6
      vertex -13.9977 -11.0523 1.6
    endloop
  endfacet
  facet normal 0 0 1
    outer loop
      vertex -13.9977 11.0523 1.6
      vertex -12.4536 13.6222 1.6
      vertex -12.5441 13.57 1.6
    endloop
  endfacet
  facet normal 0 0 1
    outer loop
      vertex -11.9761 -13.8348 1.6
      vertex -12.2679 -13.7189 1.6
      vertex -12.0261 -13.8191 1.6
    endloop
  endfacet
  facet normal 0 0 1
    outer loop
      vertex -12.8868 13.33 1.6
      vertex -12.5441 13.57 1.6
      vertex -12.7207 13.4574 1.6
    endloop
  endfacet
  facet normal 0 0 1
    outer loop
      vertex -11.9761 -13.8348 1.6
      vertex -12.4536 -13.6222 1.6
      vertex -12.2679 -13.7189 1.6
    endloop
  endfacet
  facet normal 0 0 1
    outer loop
      vertex -12.5441 13.57 1.6
      vertex -12.8868 13.33 1.6
      vertex -13.9977 11.0523 1.6
    endloop
  endfacet
  facet normal 0 0 1
    outer loop
      vertex -12.4536 -13.6222 1.6
      vertex -12.5441 -13.57 1.6
      vertex -12.5 -13.5981 1.6
    endloop
  endfacet
  facet normal 0 0 1
    outer loop
      vertex -13.0827 13.1567 1.6
      vertex -12.8868 13.33 1.6
      vertex -12.9284 13.2981 1.6
    endloop
  endfacet
  facet normal 0 0 1
    outer loop
      vertex -12.4536 -13.6222 1.6
      vertex -13.9977 -11.0523 1.6
      vertex -12.5441 -13.57 1.6
    endloop
  endfacet
  facet normal 0 0 1
    outer loop
      vertex -12.8868 13.33 1.6
      vertex -13.0827 13.1567 1.6
      vertex -13.9977 11.0523 1.6
    endloop
  endfacet
  facet normal -0 -0 1
    outer loop
      vertex -12.8868 -13.33 1.6
      vertex -12.5441 -13.57 1.6
      vertex -13.9977 -11.0523 1.6
    endloop
  endfacet
  facet normal 0 0 1
    outer loop
      vertex -13.1567 13.0827 1.6
      vertex -13.0827 13.1567 1.6
      vertex -13.1213 13.1213 1.6
    endloop
  endfacet
  facet normal 0 0 1
    outer loop
      vertex -12.5441 -13.57 1.6
      vertex -12.8868 -13.33 1.6
      vertex -12.7207 -13.4574 1.6
    endloop
  endfacet
  facet normal 0 0 1
    outer loop
      vertex -13.9977 11.0523 1.6
      vertex -13.0827 13.1567 1.6
      vertex -13.1567 13.0827 1.6
    endloop
  endfacet
  facet normal -0 -0 1
    outer loop
      vertex -13.0827 -13.1567 1.6
      vertex -12.8868 -13.33 1.6
      vertex -13.9977 -11.0523 1.6
    endloop
  endfacet
  facet normal 0 0 1
    outer loop
      vertex -13.33 12.8868 1.6
      vertex -13.1567 13.0827 1.6
      vertex -13.2981 12.9284 1.6
    endloop
  endfacet
  facet normal 0 0 1
    outer loop
      vertex -12.8868 -13.33 1.6
      vertex -13.0827 -13.1567 1.6
      vertex -12.9284 -13.2981 1.6
    endloop
  endfacet
  facet normal 0 0 1
    outer loop
      vertex -13.9977 11.0523 1.6
      vertex -13.1567 13.0827 1.6
      vertex -13.33 12.8868 1.6
    endloop
  endfacet
  facet normal 0 0 1
    outer loop
      vertex -13.0827 -13.1567 1.6
      vertex -13.1567 -13.0827 1.6
      vertex -13.1213 -13.1213 1.6
    endloop
  endfacet
  facet normal 0 0 1
    outer loop
      vertex -13.57 12.5441 1.6
      vertex -13.33 12.8868 1.6
      vertex -13.4574 12.7207 1.6
    endloop
  endfacet
  facet normal 0 0 1
    outer loop
      vertex -13.0827 -13.1567 1.6
      vertex -13.9977 -11.0523 1.6
      vertex -13.1567 -13.0827 1.6
    endloop
  endfacet
  facet normal 0 0 1
    outer loop
      vertex -13.33 12.8868 1.6
      vertex -13.57 12.5441 1.6
      vertex -13.9977 11.0523 1.6
    endloop
  endfacet
  facet normal 0 0 1
    outer loop
      vertex -13.1567 -13.0827 1.6
      vertex -13.33 -12.8868 1.6
      vertex -13.2981 -12.9284 1.6
    endloop
  endfacet
  facet normal 0 0 1
    outer loop
      vertex -13.6222 12.4536 1.6
      vertex -13.57 12.5441 1.6
      vertex -13.5981 12.5 1.6
    endloop
  endfacet
  facet normal 0 0 1
    outer loop
      vertex -13.1567 -13.0827 1.6
      vertex -13.9977 -11.0523 1.6
      vertex -13.33 -12.8868 1.6
    endloop
  endfacet
  facet normal 0 0 1
    outer loop
      vertex -13.9977 11.0523 1.6
      vertex -13.57 12.5441 1.6
      vertex -13.6222 12.4536 1.6
    endloop
  endfacet
  facet normal -0 -0 1
    outer loop
      vertex -13.57 -12.5441 1.6
      vertex -13.33 -12.8868 1.6
      vertex -13.9977 -11.0523 1.6
    endloop
  endfacet
  facet normal 0 0 1
    outer loop
      vertex -13.8348 11.9761 1.6
      vertex -13.6222 12.4536 1.6
      vertex -13.7189 12.2679 1.6
    endloop
  endfacet
  facet normal 0 0 1
    outer loop
      vertex -13.33 -12.8868 1.6
      vertex -13.57 -12.5441 1.6
      vertex -13.4574 -12.7207 1.6
    endloop
  endfacet
  facet normal 0 0 1
    outer loop
      vertex -13.8348 11.9761 1.6
      vertex -13.7189 12.2679 1.6
      vertex -13.8191 12.0261 1.6
    endloop
  endfacet
  facet normal 0 0 1
    outer loop
      vertex -13.57 -12.5441 1.6
      vertex -13.6222 -12.4536 1.6
      vertex -13.5981 -12.5 1.6
    endloop
  endfacet
  facet normal 0 0 1
    outer loop
      vertex -13.6222 12.4536 1.6
      vertex -13.8348 11.9761 1.6
      vertex -13.9977 11.0523 1.6
    endloop
  endfacet
  facet normal 0 0 1
    outer loop
      vertex -13.57 -12.5441 1.6
      vertex -13.9977 -11.0523 1.6
      vertex -13.6222 -12.4536 1.6
    endloop
  endfacet
  facet normal 0 0 1
    outer loop
      vertex -13.9431 11.572 1.6
      vertex -13.8348 11.9761 1.6
      vertex -13.8978 11.7764 1.6
    endloop
  endfacet
  facet normal -0 -0 1
    outer loop
      vertex -13.8348 -11.9761 1.6
      vertex -13.6222 -12.4536 1.6
      vertex -13.9977 -11.0523 1.6
    endloop
  endfacet
  facet normal 0 0 1
    outer loop
      vertex -13.8348 11.9761 1.6
      vertex -13.9431 11.572 1.6
      vertex -13.9977 11.0523 1.6
    endloop
  endfacet
  facet normal 0 0 1
    outer loop
      vertex -13.7189 -12.2679 1.6
      vertex -13.8348 -11.9761 1.6
      vertex -13.8191 -12.0261 1.6
    endloop
  endfacet
  facet normal 0 0 1
    outer loop
      vertex -13.9886 11.2615 1.6
      vertex -13.9431 11.572 1.6
      vertex -13.9544 11.5209 1.6
    endloop
  endfacet
  facet normal 0 0 1
    outer loop
      vertex -13.6222 -12.4536 1.6
      vertex -13.8348 -11.9761 1.6
      vertex -13.7189 -12.2679 1.6
    endloop
  endfacet
  facet normal 0 0 1
    outer loop
      vertex -13.9431 11.572 1.6
      vertex -13.9886 11.2615 1.6
      vertex -13.9977 11.0523 1.6
    endloop
  endfacet
  facet normal 0 0 1
    outer loop
      vertex -11.0523 13.9977 1.6
      vertex -13.9977 11.0523 1.6
      vertex -14 11 1.6
    endloop
  endfacet
  facet normal -0 -0 1
    outer loop
      vertex -13.9431 -11.572 1.6
      vertex -13.8348 -11.9761 1.6
      vertex -13.9977 -11.0523 1.6
    endloop
  endfacet
  facet normal 0 0 1
    outer loop
      vertex -13.9431 -11.572 1.6
      vertex -13.9886 -11.2615 1.6
      vertex -13.9544 -11.5209 1.6
    endloop
  endfacet
  facet normal 0 0 1
    outer loop
      vertex -13.8348 -11.9761 1.6
      vertex -13.9431 -11.572 1.6
      vertex -13.8978 -11.7764 1.6
    endloop
  endfacet
  facet normal -0 -0 1
    outer loop
      vertex -13.9886 -11.2615 1.6
      vertex -13.9431 -11.572 1.6
      vertex -13.9977 -11.0523 1.6
    endloop
  endfacet
  facet normal 0.99142 0.130712 0
    outer loop
      vertex -13.9544 -11.5209 11.2
      vertex -13.9886 -11.2615 1.6
      vertex -13.9886 -11.2615 11.2
    endloop
  endfacet
  facet normal 0.99142 0.130712 0
    outer loop
      vertex -13.9886 -11.2615 1.6
      vertex -13.9544 -11.5209 11.2
      vertex -13.9544 -11.5209 1.6
    endloop
  endfacet
  facet normal -0.999055 0.0434579 0
    outer loop
      vertex 13.9886 -11.2615 1.6
      vertex 13.9977 -11.0523 11.2
      vertex 13.9977 -11.0523 1.6
    endloop
  endfacet
  facet normal -0.999055 0.0434579 0
    outer loop
      vertex 13.9977 -11.0523 11.2
      vertex 13.9886 -11.2615 1.6
      vertex 13.9886 -11.2615 11.2
    endloop
  endfacet
  facet normal 0.793476 -0.608602 0
    outer loop
      vertex -13.4574 12.7207 11.2
      vertex -13.33 12.8868 1.6
      vertex -13.33 12.8868 11.2
    endloop
  endfacet
  facet normal 0.793476 -0.608602 0
    outer loop
      vertex -13.33 12.8868 1.6
      vertex -13.4574 12.7207 11.2
      vertex -13.4574 12.7207 1.6
    endloop
  endfacet
  facet normal 0.537617 0.843189 -0
    outer loop
      vertex -12.5441 -13.57 1.6
      vertex -12.7207 -13.4574 11.2
      vertex -12.5441 -13.57 11.2
    endloop
  endfacet
  facet normal 0.537617 0.843189 0
    outer loop
      vertex -12.7207 -13.4574 11.2
      vertex -12.5441 -13.57 1.6
      vertex -12.7207 -13.4574 1.6
    endloop
  endfacet
  facet normal 0.0434579 -0.999055 0
    outer loop
      vertex -11.2615 13.9886 1.6
      vertex -11.0523 13.9977 11.2
      vertex -11.2615 13.9886 11.2
    endloop
  endfacet
  facet normal 0.0434579 -0.999055 0
    outer loop
      vertex -11.0523 13.9977 11.2
      vertex -11.2615 13.9886 1.6
      vertex -11.0523 13.9977 1.6
    endloop
  endfacet
  facet normal -0.976311 -0.216374 0
    outer loop
      vertex 13.9431 11.572 1.6
      vertex 13.8978 11.7764 11.2
      vertex 13.8978 11.7764 1.6
    endloop
  endfacet
  facet normal -0.976311 -0.216374 0
    outer loop
      vertex 13.8978 11.7764 11.2
      vertex 13.9431 11.572 1.6
      vertex 13.9431 11.572 11.2
    endloop
  endfacet
  facet normal -0.300857 0.953669 0
    outer loop
      vertex 11.9761 -13.8348 1.6
      vertex 11.7764 -13.8978 11.2
      vertex 11.9761 -13.8348 11.2
    endloop
  endfacet
  facet normal -0.300857 0.953669 0
    outer loop
      vertex 11.7764 -13.8978 11.2
      vertex 11.9761 -13.8348 1.6
      vertex 11.7764 -13.8978 1.6
    endloop
  endfacet
  facet normal 0.675616 -0.737253 0
    outer loop
      vertex -13.0827 13.1567 1.6
      vertex -12.9284 13.2981 11.2
      vertex -13.0827 13.1567 11.2
    endloop
  endfacet
  facet normal 0.675616 -0.737253 0
    outer loop
      vertex -12.9284 13.2981 11.2
      vertex -13.0827 13.1567 1.6
      vertex -12.9284 13.2981 1.6
    endloop
  endfacet
  facet normal 0.608602 0.793476 -0
    outer loop
      vertex -12.7207 -13.4574 1.6
      vertex -12.8868 -13.33 11.2
      vertex -12.7207 -13.4574 11.2
    endloop
  endfacet
  facet normal 0.608602 0.793476 0
    outer loop
      vertex -12.8868 -13.33 11.2
      vertex -12.7207 -13.4574 1.6
      vertex -12.8868 -13.33 1.6
    endloop
  endfacet
  facet normal -0.675898 0.736996 0
    outer loop
      vertex 13.1213 -13.1213 1.6
      vertex 13.0827 -13.1567 11.2
      vertex 13.1213 -13.1213 11.2
    endloop
  endfacet
  facet normal -0.675898 0.736996 0
    outer loop
      vertex 13.0827 -13.1567 11.2
      vertex 13.1213 -13.1213 1.6
      vertex 13.0827 -13.1567 1.6
    endloop
  endfacet
  facet normal 0.99142 -0.130712 0
    outer loop
      vertex -13.9886 11.2615 11.2
      vertex -13.9544 11.5209 1.6
      vertex -13.9544 11.5209 11.2
    endloop
  endfacet
  facet normal 0.99142 -0.130712 0
    outer loop
      vertex -13.9544 11.5209 1.6
      vertex -13.9886 11.2615 11.2
      vertex -13.9886 11.2615 1.6
    endloop
  endfacet
  facet normal -0.793545 0.608512 0
    outer loop
      vertex 13.2981 -12.9284 1.6
      vertex 13.33 -12.8868 11.2
      vertex 13.33 -12.8868 1.6
    endloop
  endfacet
  facet normal -0.793545 0.608512 0
    outer loop
      vertex 13.33 -12.8868 11.2
      vertex 13.2981 -12.9284 1.6
      vertex 13.2981 -12.9284 11.2
    endloop
  endfacet
  facet normal 0.299578 0.954072 -0
    outer loop
      vertex -11.9761 -13.8348 1.6
      vertex -12.0261 -13.8191 11.2
      vertex -11.9761 -13.8348 11.2
    endloop
  endfacet
  facet normal 0.299578 0.954072 0
    outer loop
      vertex -12.0261 -13.8191 11.2
      vertex -11.9761 -13.8348 1.6
      vertex -12.0261 -13.8191 1.6
    endloop
  endfacet
  facet normal -0.216374 -0.976311 0
    outer loop
      vertex 11.572 13.9431 1.6
      vertex 11.7764 13.8978 11.2
      vertex 11.572 13.9431 11.2
    endloop
  endfacet
  facet normal -0.216374 -0.976311 -0
    outer loop
      vertex 11.7764 13.8978 11.2
      vertex 11.572 13.9431 1.6
      vertex 11.7764 13.8978 1.6
    endloop
  endfacet
  facet normal 0.999055 -0.0434579 0
    outer loop
      vertex -13.9977 11.0523 11.2
      vertex -13.9886 11.2615 1.6
      vertex -13.9886 11.2615 11.2
    endloop
  endfacet
  facet normal 0.999055 -0.0434579 0
    outer loop
      vertex -13.9886 11.2615 1.6
      vertex -13.9977 11.0523 11.2
      vertex -13.9977 11.0523 1.6
    endloop
  endfacet
  facet normal 0.923821 0.382824 0
    outer loop
      vertex -13.7189 -12.2679 11.2
      vertex -13.8191 -12.0261 1.6
      vertex -13.8191 -12.0261 11.2
    endloop
  endfacet
  facet normal 0.923821 0.382824 0
    outer loop
      vertex -13.8191 -12.0261 1.6
      vertex -13.7189 -12.2679 11.2
      vertex -13.7189 -12.2679 1.6
    endloop
  endfacet
  facet normal 0.886951 -0.461864 0
    outer loop
      vertex -13.7189 12.2679 11.2
      vertex -13.6222 12.4536 1.6
      vertex -13.6222 12.4536 11.2
    endloop
  endfacet
  facet normal 0.886951 -0.461864 0
    outer loop
      vertex -13.6222 12.4536 1.6
      vertex -13.7189 12.2679 11.2
      vertex -13.7189 12.2679 1.6
    endloop
  endfacet
  facet normal 0.737253 -0.675616 0
    outer loop
      vertex -13.2981 12.9284 11.2
      vertex -13.1567 13.0827 1.6
      vertex -13.1567 13.0827 11.2
    endloop
  endfacet
  facet normal 0.737253 -0.675616 0
    outer loop
      vertex -13.1567 13.0827 1.6
      vertex -13.2981 12.9284 11.2
      vertex -13.2981 12.9284 1.6
    endloop
  endfacet
  facet normal 0.953669 -0.300857 0
    outer loop
      vertex -13.8978 11.7764 11.2
      vertex -13.8348 11.9761 1.6
      vertex -13.8348 11.9761 11.2
    endloop
  endfacet
  facet normal 0.953669 -0.300857 0
    outer loop
      vertex -13.8348 11.9761 1.6
      vertex -13.8978 11.7764 11.2
      vertex -13.8978 11.7764 1.6
    endloop
  endfacet
  facet normal 0.0439346 0.999034 -0
    outer loop
      vertex -11 -14 1.6
      vertex -11.0523 -13.9977 11.2
      vertex -11 -14 11.2
    endloop
  endfacet
  facet normal 0.0439346 0.999034 0
    outer loop
      vertex -11.0523 -13.9977 11.2
      vertex -11 -14 1.6
      vertex -11.0523 -13.9977 1.6
    endloop
  endfacet
  facet normal 0.843189 -0.537617 0
    outer loop
      vertex -13.57 12.5441 11.2
      vertex -13.4574 12.7207 1.6
      vertex -13.4574 12.7207 11.2
    endloop
  endfacet
  facet normal 0.843189 -0.537617 0
    outer loop
      vertex -13.4574 12.7207 1.6
      vertex -13.57 12.5441 11.2
      vertex -13.57 12.5441 1.6
    endloop
  endfacet
  facet normal -0.99142 0.130712 0
    outer loop
      vertex 13.9544 -11.5209 1.6
      vertex 13.9886 -11.2615 11.2
      vertex 13.9886 -11.2615 1.6
    endloop
  endfacet
  facet normal -0.99142 0.130712 0
    outer loop
      vertex 13.9886 -11.2615 11.2
      vertex 13.9544 -11.5209 1.6
      vertex 13.9544 -11.5209 11.2
    endloop
  endfacet
  facet normal 0.0434579 0.999055 -0
    outer loop
      vertex -11.0523 -13.9977 1.6
      vertex -11.2615 -13.9886 11.2
      vertex -11.0523 -13.9977 11.2
    endloop
  endfacet
  facet normal 0.0434579 0.999055 0
    outer loop
      vertex -11.2615 -13.9886 11.2
      vertex -11.0523 -13.9977 1.6
      vertex -11.2615 -13.9886 1.6
    endloop
  endfacet
  facet normal 0.382824 0.923821 -0
    outer loop
      vertex -12.0261 -13.8191 1.6
      vertex -12.2679 -13.7189 11.2
      vertex -12.0261 -13.8191 11.2
    endloop
  endfacet
  facet normal 0.382824 0.923821 0
    outer loop
      vertex -12.2679 -13.7189 11.2
      vertex -12.0261 -13.8191 1.6
      vertex -12.2679 -13.7189 1.6
    endloop
  endfacet
  facet normal 0.130712 0.99142 -0
    outer loop
      vertex -11.2615 -13.9886 1.6
      vertex -11.5209 -13.9544 11.2
      vertex -11.2615 -13.9886 11.2
    endloop
  endfacet
  facet normal 0.130712 0.99142 0
    outer loop
      vertex -11.5209 -13.9544 11.2
      vertex -11.2615 -13.9886 1.6
      vertex -11.5209 -13.9544 1.6
    endloop
  endfacet
  facet normal 0.976311 0.216374 0
    outer loop
      vertex -13.8978 -11.7764 11.2
      vertex -13.9431 -11.572 1.6
      vertex -13.9431 -11.572 11.2
    endloop
  endfacet
  facet normal 0.976311 0.216374 0
    outer loop
      vertex -13.9431 -11.572 1.6
      vertex -13.8978 -11.7764 11.2
      vertex -13.8978 -11.7764 1.6
    endloop
  endfacet
  facet normal 0.216374 -0.976311 0
    outer loop
      vertex -11.7764 13.8978 1.6
      vertex -11.572 13.9431 11.2
      vertex -11.7764 13.8978 11.2
    endloop
  endfacet
  facet normal 0.216374 -0.976311 0
    outer loop
      vertex -11.572 13.9431 11.2
      vertex -11.7764 13.8978 1.6
      vertex -11.572 13.9431 1.6
    endloop
  endfacet
  facet normal -0.923821 0.382824 0
    outer loop
      vertex 13.7189 -12.2679 1.6
      vertex 13.8191 -12.0261 11.2
      vertex 13.8191 -12.0261 1.6
    endloop
  endfacet
  facet normal -0.923821 0.382824 0
    outer loop
      vertex 13.8191 -12.0261 11.2
      vertex 13.7189 -12.2679 1.6
      vertex 13.7189 -12.2679 11.2
    endloop
  endfacet
  facet normal 0.923821 -0.382824 0
    outer loop
      vertex -13.8191 12.0261 11.2
      vertex -13.7189 12.2679 1.6
      vertex -13.7189 12.2679 11.2
    endloop
  endfacet
  facet normal 0.923821 -0.382824 0
    outer loop
      vertex -13.7189 12.2679 1.6
      vertex -13.8191 12.0261 11.2
      vertex -13.8191 12.0261 1.6
    endloop
  endfacet
  facet normal 0.461864 0.886951 -0
    outer loop
      vertex -12.2679 -13.7189 1.6
      vertex -12.4536 -13.6222 11.2
      vertex -12.2679 -13.7189 11.2
    endloop
  endfacet
  facet normal 0.461864 0.886951 0
    outer loop
      vertex -12.4536 -13.6222 11.2
      vertex -12.2679 -13.7189 1.6
      vertex -12.4536 -13.6222 1.6
    endloop
  endfacet
  facet normal -0.216374 0.976311 0
    outer loop
      vertex 11.7764 -13.8978 1.6
      vertex 11.572 -13.9431 11.2
      vertex 11.7764 -13.8978 11.2
    endloop
  endfacet
  facet normal -0.216374 0.976311 0
    outer loop
      vertex 11.572 -13.9431 11.2
      vertex 11.7764 -13.8978 1.6
      vertex 11.572 -13.9431 1.6
    endloop
  endfacet
  facet normal 0.608602 -0.793476 0
    outer loop
      vertex -12.8868 13.33 1.6
      vertex -12.7207 13.4574 11.2
      vertex -12.8868 13.33 11.2
    endloop
  endfacet
  facet normal 0.608602 -0.793476 0
    outer loop
      vertex -12.7207 13.4574 11.2
      vertex -12.8868 13.33 1.6
      vertex -12.7207 13.4574 1.6
    endloop
  endfacet
  facet normal 0.736996 -0.675898 0
    outer loop
      vertex -13.1567 13.0827 11.2
      vertex -13.1213 13.1213 1.6
      vertex -13.1213 13.1213 11.2
    endloop
  endfacet
  facet normal 0.736996 -0.675898 0
    outer loop
      vertex -13.1213 13.1213 1.6
      vertex -13.1567 13.0827 11.2
      vertex -13.1567 13.0827 1.6
    endloop
  endfacet
  facet normal 0.976411 -0.215919 0
    outer loop
      vertex -13.9544 11.5209 11.2
      vertex -13.9431 11.572 1.6
      vertex -13.9431 11.572 11.2
    endloop
  endfacet
  facet normal 0.976411 -0.215919 0
    outer loop
      vertex -13.9431 11.572 1.6
      vertex -13.9544 11.5209 11.2
      vertex -13.9544 11.5209 1.6
    endloop
  endfacet
  facet normal 0.843189 0.537617 0
    outer loop
      vertex -13.4574 -12.7207 11.2
      vertex -13.57 -12.5441 1.6
      vertex -13.57 -12.5441 11.2
    endloop
  endfacet
  facet normal 0.843189 0.537617 0
    outer loop
      vertex -13.57 -12.5441 1.6
      vertex -13.4574 -12.7207 11.2
      vertex -13.4574 -12.7207 1.6
    endloop
  endfacet
  facet normal 0.953669 0.300857 0
    outer loop
      vertex -13.8348 -11.9761 11.2
      vertex -13.8978 -11.7764 1.6
      vertex -13.8978 -11.7764 11.2
    endloop
  endfacet
  facet normal 0.953669 0.300857 0
    outer loop
      vertex -13.8978 -11.7764 1.6
      vertex -13.8348 -11.9761 11.2
      vertex -13.8348 -11.9761 1.6
    endloop
  endfacet
  facet normal 0.460931 0.887436 -0
    outer loop
      vertex -12.4536 -13.6222 1.6
      vertex -12.5 -13.5981 11.2
      vertex -12.4536 -13.6222 11.2
    endloop
  endfacet
  facet normal 0.460931 0.887436 0
    outer loop
      vertex -12.5 -13.5981 11.2
      vertex -12.4536 -13.6222 1.6
      vertex -12.5 -13.5981 1.6
    endloop
  endfacet
  facet normal -0.737253 0.675616 0
    outer loop
      vertex 13.1567 -13.0827 1.6
      vertex 13.2981 -12.9284 11.2
      vertex 13.2981 -12.9284 1.6
    endloop
  endfacet
  facet normal -0.737253 0.675616 0
    outer loop
      vertex 13.2981 -12.9284 11.2
      vertex 13.1567 -13.0827 1.6
      vertex 13.1567 -13.0827 11.2
    endloop
  endfacet
  facet normal -0.460931 0.887436 0
    outer loop
      vertex 12.5 -13.5981 1.6
      vertex 12.4536 -13.6222 11.2
      vertex 12.5 -13.5981 11.2
    endloop
  endfacet
  facet normal -0.460931 0.887436 0
    outer loop
      vertex 12.4536 -13.6222 11.2
      vertex 12.5 -13.5981 1.6
      vertex 12.4536 -13.6222 1.6
    endloop
  endfacet
  facet normal -0.130712 0.99142 0
    outer loop
      vertex 11.5209 -13.9544 1.6
      vertex 11.2615 -13.9886 11.2
      vertex 11.5209 -13.9544 11.2
    endloop
  endfacet
  facet normal -0.130712 0.99142 0
    outer loop
      vertex 11.2615 -13.9886 11.2
      vertex 11.5209 -13.9544 1.6
      vertex 11.2615 -13.9886 1.6
    endloop
  endfacet
  facet normal -0.608512 0.793545 0
    outer loop
      vertex 12.9284 -13.2981 1.6
      vertex 12.8868 -13.33 11.2
      vertex 12.9284 -13.2981 11.2
    endloop
  endfacet
  facet normal -0.608512 0.793545 0
    outer loop
      vertex 12.8868 -13.33 11.2
      vertex 12.9284 -13.2981 1.6
      vertex 12.8868 -13.33 1.6
    endloop
  endfacet
  facet normal 0.300857 -0.953669 0
    outer loop
      vertex -11.9761 13.8348 1.6
      vertex -11.7764 13.8978 11.2
      vertex -11.9761 13.8348 11.2
    endloop
  endfacet
  facet normal 0.300857 -0.953669 0
    outer loop
      vertex -11.7764 13.8978 11.2
      vertex -11.9761 13.8348 1.6
      vertex -11.7764 13.8978 1.6
    endloop
  endfacet
  facet normal 0.299578 -0.954072 0
    outer loop
      vertex -12.0261 13.8191 1.6
      vertex -11.9761 13.8348 11.2
      vertex -12.0261 13.8191 11.2
    endloop
  endfacet
  facet normal 0.299578 -0.954072 0
    outer loop
      vertex -11.9761 13.8348 11.2
      vertex -12.0261 13.8191 1.6
      vertex -11.9761 13.8348 1.6
    endloop
  endfacet
  facet normal 0.976311 -0.216374 0
    outer loop
      vertex -13.9431 11.572 11.2
      vertex -13.8978 11.7764 1.6
      vertex -13.8978 11.7764 11.2
    endloop
  endfacet
  facet normal 0.976311 -0.216374 0
    outer loop
      vertex -13.8978 11.7764 1.6
      vertex -13.9431 11.572 11.2
      vertex -13.9431 11.572 1.6
    endloop
  endfacet
  facet normal 0.537617 -0.843189 0
    outer loop
      vertex -12.7207 13.4574 1.6
      vertex -12.5441 13.57 11.2
      vertex -12.7207 13.4574 11.2
    endloop
  endfacet
  facet normal 0.537617 -0.843189 0
    outer loop
      vertex -12.5441 13.57 11.2
      vertex -12.7207 13.4574 1.6
      vertex -12.5441 13.57 1.6
    endloop
  endfacet
  facet normal -0.537617 0.843189 0
    outer loop
      vertex 12.7207 -13.4574 1.6
      vertex 12.5441 -13.57 11.2
      vertex 12.7207 -13.4574 11.2
    endloop
  endfacet
  facet normal -0.537617 0.843189 0
    outer loop
      vertex 12.5441 -13.57 11.2
      vertex 12.7207 -13.4574 1.6
      vertex 12.5441 -13.57 1.6
    endloop
  endfacet
  facet normal 0.887436 -0.460931 0
    outer loop
      vertex -13.6222 12.4536 11.2
      vertex -13.5981 12.5 1.6
      vertex -13.5981 12.5 11.2
    endloop
  endfacet
  facet normal 0.887436 -0.460931 0
    outer loop
      vertex -13.5981 12.5 1.6
      vertex -13.6222 12.4536 11.2
      vertex -13.6222 12.4536 1.6
    endloop
  endfacet
  facet normal -0.215919 0.976411 0
    outer loop
      vertex 11.572 -13.9431 1.6
      vertex 11.5209 -13.9544 11.2
      vertex 11.572 -13.9431 11.2
    endloop
  endfacet
  facet normal -0.215919 0.976411 0
    outer loop
      vertex 11.5209 -13.9544 11.2
      vertex 11.572 -13.9431 1.6
      vertex 11.5209 -13.9544 1.6
    endloop
  endfacet
  facet normal 0.886951 0.461864 0
    outer loop
      vertex -13.6222 -12.4536 11.2
      vertex -13.7189 -12.2679 1.6
      vertex -13.7189 -12.2679 11.2
    endloop
  endfacet
  facet normal 0.886951 0.461864 0
    outer loop
      vertex -13.7189 -12.2679 1.6
      vertex -13.6222 -12.4536 11.2
      vertex -13.6222 -12.4536 1.6
    endloop
  endfacet
  facet normal -0.843189 0.537617 0
    outer loop
      vertex 13.4574 -12.7207 1.6
      vertex 13.57 -12.5441 11.2
      vertex 13.57 -12.5441 1.6
    endloop
  endfacet
  facet normal -0.843189 0.537617 0
    outer loop
      vertex 13.57 -12.5441 11.2
      vertex 13.4574 -12.7207 1.6
      vertex 13.4574 -12.7207 11.2
    endloop
  endfacet
  facet normal -0.843346 0.53737 0
    outer loop
      vertex 13.57 -12.5441 1.6
      vertex 13.5981 -12.5 11.2
      vertex 13.5981 -12.5 1.6
    endloop
  endfacet
  facet normal -0.843346 0.53737 0
    outer loop
      vertex 13.5981 -12.5 11.2
      vertex 13.57 -12.5441 1.6
      vertex 13.57 -12.5441 11.2
    endloop
  endfacet
  facet normal -0.608602 0.793476 0
    outer loop
      vertex 12.8868 -13.33 1.6
      vertex 12.7207 -13.4574 11.2
      vertex 12.8868 -13.33 11.2
    endloop
  endfacet
  facet normal -0.608602 0.793476 0
    outer loop
      vertex 12.7207 -13.4574 11.2
      vertex 12.8868 -13.33 1.6
      vertex 12.7207 -13.4574 1.6
    endloop
  endfacet
  facet normal -0.976311 0.216374 0
    outer loop
      vertex 13.8978 -11.7764 1.6
      vertex 13.9431 -11.572 11.2
      vertex 13.9431 -11.572 1.6
    endloop
  endfacet
  facet normal -0.976311 0.216374 0
    outer loop
      vertex 13.9431 -11.572 11.2
      vertex 13.8978 -11.7764 1.6
      vertex 13.8978 -11.7764 11.2
    endloop
  endfacet
  facet normal -0.736996 0.675898 0
    outer loop
      vertex 13.1213 -13.1213 1.6
      vertex 13.1567 -13.0827 11.2
      vertex 13.1567 -13.0827 1.6
    endloop
  endfacet
  facet normal -0.736996 0.675898 0
    outer loop
      vertex 13.1567 -13.0827 11.2
      vertex 13.1213 -13.1213 1.6
      vertex 13.1213 -13.1213 11.2
    endloop
  endfacet
  facet normal 0.976411 0.215919 0
    outer loop
      vertex -13.9431 -11.572 11.2
      vertex -13.9544 -11.5209 1.6
      vertex -13.9544 -11.5209 11.2
    endloop
  endfacet
  facet normal 0.976411 0.215919 0
    outer loop
      vertex -13.9544 -11.5209 1.6
      vertex -13.9431 -11.572 11.2
      vertex -13.9431 -11.572 1.6
    endloop
  endfacet
  facet normal -0.0439346 0.999034 0
    outer loop
      vertex 11.0523 -13.9977 1.6
      vertex 11 -14 11.2
      vertex 11.0523 -13.9977 11.2
    endloop
  endfacet
  facet normal -0.0439346 0.999034 0
    outer loop
      vertex 11 -14 11.2
      vertex 11.0523 -13.9977 1.6
      vertex 11 -14 1.6
    endloop
  endfacet
  facet normal -0.0434579 0.999055 0
    outer loop
      vertex 11.2615 -13.9886 1.6
      vertex 11.0523 -13.9977 11.2
      vertex 11.2615 -13.9886 11.2
    endloop
  endfacet
  facet normal -0.0434579 0.999055 0
    outer loop
      vertex 11.0523 -13.9977 11.2
      vertex 11.2615 -13.9886 1.6
      vertex 11.0523 -13.9977 1.6
    endloop
  endfacet
  facet normal -0.53737 0.843346 0
    outer loop
      vertex 12.5441 -13.57 1.6
      vertex 12.5 -13.5981 11.2
      vertex 12.5441 -13.57 11.2
    endloop
  endfacet
  facet normal -0.53737 0.843346 0
    outer loop
      vertex 12.5 -13.5981 11.2
      vertex 12.5441 -13.57 1.6
      vertex 12.5 -13.5981 1.6
    endloop
  endfacet
  facet normal -0.887436 0.460931 0
    outer loop
      vertex 13.5981 -12.5 1.6
      vertex 13.6222 -12.4536 11.2
      vertex 13.6222 -12.4536 1.6
    endloop
  endfacet
  facet normal -0.887436 0.460931 0
    outer loop
      vertex 13.6222 -12.4536 11.2
      vertex 13.5981 -12.5 1.6
      vertex 13.5981 -12.5 11.2
    endloop
  endfacet
endsolid OpenSCAD_Model
